Id_processo,processo_25,pagina_extraida,chunk_inserida,timestamp,status
0,N/A,10,0,2026-01-05T15:55:09.536483,ignorado
0,N/A,10,0,2026-01-05T15:55:09.536523,ignorado
0,N/A,10,0,2026-01-05T15:55:09.536537,ignorado
0,N/A,10,0,2026-01-05T15:55:09.536547,ignorado
0,N/A,10,0,2026-01-05T15:55:09.536568,ignorado
0,N/A,10,0,2026-01-05T15:55:09.536573,ignorado
0,N/A,7,0,2026-01-05T15:55:09.905760,ignorado
0,N/A,7,0,2026-01-05T15:55:09.905766,ignorado
0,N/A,7,0,2026-01-05T15:55:09.905772,ignorado
0,N/A,7,0,2026-01-05T15:55:09.905778,ignorado
0,N/A,7,0,2026-01-05T15:55:09.905787,ignorado
0,N/A,7,0,2026-01-05T15:55:09.905892,ignorado
0,N/A,7,0,2026-01-05T15:55:09.905901,ignorado
0,N/A,1,0,2026-01-05T15:55:10.023303,ignorado
0,N/A,1,0,2026-01-05T15:55:10.023337,ignorado
0,1487774-6,1,0,2026-01-05T15:55:10.023357,ignorado
0,N/A,1,0,2026-01-05T15:55:10.023380,ignorado
0,N/A,1,0,2026-01-05T15:55:10.023390,ignorado
0,N/A,1,0,2026-01-05T15:55:10.023396,ignorado
0,N/A,1,0,2026-01-05T15:55:10.023402,ignorado
0,N/A,1,0,2026-01-05T15:55:10.023408,ignorado
0,N/A,1,0,2026-01-05T15:55:10.023415,ignorado
0,N/A,1,0,2026-01-05T15:55:10.023421,ignorado
0,N/A,1,0,2026-01-05T15:55:10.023427,ignorado
0,N/A,1,0,2026-01-05T15:55:10.023433,ignorado
0,N/A,1,0,2026-01-05T15:55:10.023439,ignorado
0,N/A,1,0,2026-01-05T15:55:10.023445,ignorado
0,N/A,1,0,2026-01-05T15:55:10.023451,ignorado
0,N/A,1,0,2026-01-05T15:55:10.023466,ignorado
0,N/A,5,0,2026-01-05T15:55:10.645908,ignorado
0,517334-2,5,0,2026-01-05T15:55:10.645957,ignorado
0,1416659-9,5,0,2026-01-05T15:55:10.645970,ignorado
0,N/A,2,0,2026-01-05T15:55:11.329826,ignorado
0,N/A,2,0,2026-01-05T15:55:11.329859,ignorado
0,N/A,2,0,2026-01-05T15:55:11.350627,ignorado
0,1479781-6,2,0,2026-01-05T15:55:11.350646,ignorado
0,N/A,3,0,2026-01-05T15:55:11.358194,ignorado
0,N/A,3,0,2026-01-05T15:55:11.358232,ignorado
0,N/A,3,0,2026-01-05T15:55:11.358243,ignorado
0,N/A,3,0,2026-01-05T15:55:11.358297,ignorado
0,N/A,8,0,2026-01-05T15:55:11.480913,ignorado
0,N/A,8,0,2026-01-05T15:55:11.480953,ignorado
0,N/A,4,0,2026-01-05T15:55:11.791315,ignorado
0,1409645-4,4,0,2026-01-05T15:55:11.791391,ignorado
0,N/A,6,0,2026-01-05T15:55:26.855387,ignorado
0,N/A,6,0,2026-01-05T15:55:26.855449,ignorado
0,N/A,6,0,2026-01-05T15:55:26.855453,ignorado
0,N/A,6,0,2026-01-05T15:55:26.855466,ignorado
0,N/A,6,0,2026-01-05T15:55:26.855470,ignorado
0,N/A,6,0,2026-01-05T15:55:26.855485,ignorado
0,N/A,6,0,2026-01-05T15:55:26.855510,ignorado
0,N/A,13,0,2026-01-05T15:55:42.580890,ignorado
0,N/A,13,0,2026-01-05T15:55:42.580924,ignorado
0,N/A,13,0,2026-01-05T15:55:42.580931,ignorado
0,N/A,13,0,2026-01-05T15:55:42.580936,ignorado
0,N/A,13,0,2026-01-05T15:55:42.580941,ignorado
0,N/A,13,0,2026-01-05T15:55:42.580945,ignorado
0,N/A,13,0,2026-01-05T15:55:42.580949,ignorado
0,N/A,13,0,2026-01-05T15:55:42.580953,ignorado
0,N/A,13,0,2026-01-05T15:55:42.580957,ignorado
0,N/A,13,0,2026-01-05T15:55:42.580961,ignorado
0,N/A,13,0,2026-01-05T15:55:42.580965,ignorado
0,N/A,13,0,2026-01-05T15:55:42.580969,ignorado
0,N/A,13,0,2026-01-05T15:55:42.580973,ignorado
0,N/A,13,0,2026-01-05T15:55:42.580982,ignorado
0,N/A,13,0,2026-01-05T15:55:42.580986,ignorado
0,N/A,13,0,2026-01-05T15:55:42.580991,ignorado
0,N/A,13,0,2026-01-05T15:55:42.580995,ignorado
0,N/A,13,0,2026-01-05T15:55:42.580999,ignorado
0,N/A,13,0,2026-01-05T15:55:42.581003,ignorado
0,N/A,13,0,2026-01-05T15:55:42.581006,ignorado
0,N/A,13,0,2026-01-05T15:55:42.581010,ignorado
0,N/A,13,0,2026-01-05T15:55:42.581014,ignorado
0,N/A,13,0,2026-01-05T15:55:42.581018,ignorado
0,N/A,13,0,2026-01-05T15:55:42.581021,ignorado
0,N/A,13,0,2026-01-05T15:55:42.581025,ignorado
0,N/A,13,0,2026-01-05T15:55:42.581029,ignorado
0,N/A,13,0,2026-01-05T15:55:42.581032,ignorado
0,N/A,13,0,2026-01-05T15:55:42.581036,ignorado
0,N/A,13,0,2026-01-05T15:55:42.581040,ignorado
0,N/A,13,0,2026-01-05T15:55:42.581043,ignorado
0,N/A,13,0,2026-01-05T15:55:42.581047,ignorado
0,N/A,13,0,2026-01-05T15:55:42.581051,ignorado
0,N/A,13,0,2026-01-05T15:55:42.581055,ignorado
0,N/A,13,0,2026-01-05T15:55:42.581059,ignorado
0,N/A,13,0,2026-01-05T15:55:42.581062,ignorado
0,N/A,13,0,2026-01-05T15:55:42.581066,ignorado
0,N/A,13,0,2026-01-05T15:55:42.581070,ignorado
0,N/A,13,0,2026-01-05T15:55:42.581073,ignorado
0,N/A,13,0,2026-01-05T15:55:42.581077,ignorado
0,N/A,13,0,2026-01-05T15:55:42.581081,ignorado
0,N/A,13,0,2026-01-05T15:55:42.581084,ignorado
0,N/A,13,0,2026-01-05T15:55:42.581088,ignorado
0,N/A,13,0,2026-01-05T15:55:42.581092,ignorado
0,N/A,13,0,2026-01-05T15:55:42.581096,ignorado
0,N/A,13,0,2026-01-05T15:55:42.581099,ignorado
0,N/A,13,0,2026-01-05T15:55:42.581103,ignorado
0,N/A,13,0,2026-01-05T15:55:42.581107,ignorado
0,N/A,13,0,2026-01-05T15:55:42.581111,ignorado
0,N/A,13,0,2026-01-05T15:55:42.581114,ignorado
0,N/A,11,0,2026-01-05T15:55:43.301121,ignorado
0,N/A,11,0,2026-01-05T15:55:43.301126,ignorado
0,N/A,11,0,2026-01-05T15:55:43.301131,ignorado
0,N/A,11,0,2026-01-05T15:55:43.301135,ignorado
0,N/A,11,0,2026-01-05T15:55:43.301139,ignorado
0,N/A,11,0,2026-01-05T15:55:43.301144,ignorado
0,N/A,11,0,2026-01-05T15:55:43.301148,ignorado
0,N/A,11,0,2026-01-05T15:55:43.301152,ignorado
0,N/A,11,0,2026-01-05T15:55:43.301156,ignorado
0,N/A,11,0,2026-01-05T15:55:43.301160,ignorado
0,N/A,11,0,2026-01-05T15:55:43.301164,ignorado
0,N/A,11,0,2026-01-05T15:55:43.301169,ignorado
0,N/A,11,0,2026-01-05T15:55:43.301173,ignorado
0,N/A,11,0,2026-01-05T15:55:43.301574,ignorado
0,N/A,11,0,2026-01-05T15:55:43.301584,ignorado
0,N/A,11,0,2026-01-05T15:55:43.301589,ignorado
0,N/A,11,0,2026-01-05T15:55:43.301594,ignorado
0,N/A,11,0,2026-01-05T15:55:43.301599,ignorado
0,N/A,11,0,2026-01-05T15:55:43.301603,ignorado
0,N/A,11,0,2026-01-05T15:55:43.301608,ignorado
0,N/A,15,0,2026-01-05T15:55:57.836315,ignorado
0,N/A,15,0,2026-01-05T15:55:57.836355,ignorado
0,N/A,15,0,2026-01-05T15:55:57.836362,ignorado
0,N/A,15,0,2026-01-05T15:55:57.836496,ignorado
0,1477002-2,16,0,2026-01-05T15:55:58.975828,ignorado
0,N/A,16,0,2026-01-05T15:55:58.975892,ignorado
0,N/A,16,0,2026-01-05T15:55:58.976121,ignorado
0,N/A,16,0,2026-01-05T15:55:58.976140,ignorado
0,N/A,16,0,2026-01-05T15:55:58.976145,ignorado
0,N/A,20,0,2026-01-05T15:56:00.871653,ignorado
0,N/A,20,0,2026-01-05T15:56:00.871690,ignorado
0,N/A,20,0,2026-01-05T15:56:00.871699,ignorado
0,N/A,20,0,2026-01-05T15:56:00.871706,ignorado
0,N/A,20,0,2026-01-05T15:56:00.871713,ignorado
0,N/A,20,0,2026-01-05T15:56:00.871719,ignorado
0,N/A,20,0,2026-01-05T15:56:00.871725,ignorado
0,N/A,20,0,2026-01-05T15:56:00.871731,ignorado
0,N/A,20,0,2026-01-05T15:56:00.871738,ignorado
0,N/A,20,0,2026-01-05T15:56:00.871744,ignorado
0,N/A,20,0,2026-01-05T15:56:00.871750,ignorado
0,N/A,20,0,2026-01-05T15:56:00.871756,ignorado
0,N/A,20,0,2026-01-05T15:56:00.871762,ignorado
0,N/A,20,0,2026-01-05T15:56:00.871768,ignorado
0,N/A,20,0,2026-01-05T15:56:00.871774,ignorado
0,N/A,20,0,2026-01-05T15:56:00.871780,ignorado
0,N/A,20,0,2026-01-05T15:56:00.871786,ignorado
0,N/A,20,0,2026-01-05T15:56:00.871792,ignorado
0,N/A,20,0,2026-01-05T15:56:00.871798,ignorado
0,N/A,20,0,2026-01-05T15:56:00.871803,ignorado
0,N/A,20,0,2026-01-05T15:56:00.871809,ignorado
0,N/A,20,0,2026-01-05T15:56:00.871815,ignorado
0,N/A,20,0,2026-01-05T15:56:00.871821,ignorado
0,N/A,20,0,2026-01-05T15:56:00.871826,ignorado
0,N/A,20,0,2026-01-05T15:56:00.871832,ignorado
0,N/A,20,0,2026-01-05T15:56:00.871838,ignorado
0,N/A,20,0,2026-01-05T15:56:00.871844,ignorado
0,N/A,20,0,2026-01-05T15:56:00.871850,ignorado
0,N/A,20,0,2026-01-05T15:56:00.871860,ignorado
0,N/A,20,0,2026-01-05T15:56:00.871866,ignorado
0,N/A,20,0,2026-01-05T15:56:00.871871,ignorado
0,N/A,19,0,2026-01-05T15:56:13.022838,ignorado
0,N/A,19,0,2026-01-05T15:56:13.022846,ignorado
0,N/A,19,0,2026-01-05T15:56:13.022853,ignorado
0,N/A,19,0,2026-01-05T15:56:13.022859,ignorado
0,N/A,19,0,2026-01-05T15:56:13.022863,ignorado
0,N/A,19,0,2026-01-05T15:56:13.022869,ignorado
0,N/A,23,0,2026-01-05T15:56:27.726222,ignorado
0,N/A,23,0,2026-01-05T15:56:27.726265,ignorado
0,N/A,23,0,2026-01-05T15:56:27.726294,ignorado
0,N/A,25,0,2026-01-05T15:56:40.628297,ignorado
208001,1082554-6,10,1,2026-01-05T15:56:56.318152,ok
208002,1485574-8,10,1,2026-01-05T15:56:56.318152,ok
208003,1483444-7,10,1,2026-01-05T15:56:56.318152,ok
208004,1480716-6,10,1,2026-01-05T15:56:56.318152,ok
208005,1478536-7,10,1,2026-01-05T15:56:56.318152,ok
208006,1480806-5,10,1,2026-01-05T15:56:56.318152,ok
208007,1458210-2,10,1,2026-01-05T15:56:56.318152,ok
208008,1474496-2,10,1,2026-01-05T15:56:56.318152,ok
208009,1477619-7,10,1,2026-01-05T15:56:56.318152,ok
208010,1443131-3,10,1,2026-01-05T15:56:56.318152,ok
208011,1478723-0,10,1,2026-01-05T15:56:56.318152,ok
208012,1304552-2,10,1,2026-01-05T15:56:56.318152,ok
208013,1427301-5,10,1,2026-01-05T15:56:56.318152,ok
208014,1473976-1,10,1,2026-01-05T15:56:56.318152,ok
208015,1479691-7,10,1,2026-01-05T15:56:56.318152,ok
208016,1439872-0,10,1,2026-01-05T15:56:56.318152,ok
208017,1481138-6,10,1,2026-01-05T15:56:56.318152,ok
208018,1484933-3,10,1,2026-01-05T15:56:56.318152,ok
208019,1480840-7,10,1,2026-01-05T15:56:56.318152,ok
208020,1484983-3,10,1,2026-01-05T15:56:56.318152,ok
208021,1475448-0,10,1,2026-01-05T15:56:56.318152,ok
208022,1483436-5,10,1,2026-01-05T15:56:56.318152,ok
208023,1403738-0,10,1,2026-01-05T15:56:56.318152,ok
208024,1484217-4,10,1,2026-01-05T15:56:56.318152,ok
208025,1483395-9,10,1,2026-01-05T15:56:56.318152,ok
208026,1484277-0,10,1,2026-01-05T15:56:56.318152,ok
208027,1474684-2,10,1,2026-01-05T15:56:56.318152,ok
208028,1474712-1,10,1,2026-01-05T15:56:56.318152,ok
208029,1476158-5,10,1,2026-01-05T15:56:56.318152,ok
208030,1485398-8,10,1,2026-01-05T15:56:56.318152,ok
208031,1485063-0,10,1,2026-01-05T15:56:56.318152,ok
208032,1484412-9,10,1,2026-01-05T15:56:56.318152,ok
208033,1342871-6,10,1,2026-01-05T15:56:56.318152,ok
208034,1469884-9,10,1,2026-01-05T15:56:56.318152,ok
208035,1470472-6,10,1,2026-01-05T15:56:56.318152,ok
208036,1335600-6,10,1,2026-01-05T15:56:56.318152,ok
208037,1455370-1,10,1,2026-01-05T15:56:56.318152,ok
208038,1402889-8,10,1,2026-01-05T15:56:56.318152,ok
208039,1206563-1,10,1,2026-01-05T15:56:56.318152,ok
208040,1441153-1,10,1,2026-01-05T15:56:56.318152,ok
208041,1433238-4,10,1,2026-01-05T15:56:56.318152,ok
208042,1483440-9,10,1,2026-01-05T15:56:56.318152,ok
208043,1479535-4,10,1,2026-01-05T15:56:56.318152,ok
208044,1484929-9,10,1,2026-01-05T15:56:56.318152,ok
208045,1442277-0,7,1,2026-01-05T15:56:56.318152,ok
208046,1483993-5,7,1,2026-01-05T15:56:56.318152,ok
208047,1484001-6,7,1,2026-01-05T15:56:56.318152,ok
208048,1446667-0,7,1,2026-01-05T15:56:56.318152,ok
208049,1425025-2,7,1,2026-01-05T15:56:56.318152,ok
208050,1483877-6,7,1,2026-01-05T15:56:56.318152,ok
208051,896709-5,7,1,2026-01-05T15:56:56.318152,ok
208052,1484872-5,7,1,2026-01-05T15:56:56.318152,ok
208053,1481190-6,7,1,2026-01-05T15:56:56.318152,ok
208054,1360422-1,7,1,2026-01-05T15:56:56.318152,ok
208055,1461469-0,7,1,2026-01-05T15:56:56.318152,ok
208056,1475580-3,7,1,2026-01-05T15:56:56.318152,ok
208057,1485430-1,7,1,2026-01-05T15:56:56.318152,ok
208058,1485715-9,7,1,2026-01-05T15:56:56.318152,ok
208059,1174963-2,7,1,2026-01-05T15:56:56.318152,ok
208060,1412404-8,7,1,2026-01-05T15:56:56.318152,ok
208061,1121265-4,7,1,2026-01-05T15:56:56.318152,ok
208062,1484538-8,7,1,2026-01-05T15:56:56.318152,ok
208063,1483948-0,7,1,2026-01-05T15:56:56.318152,ok
208064,1446046-1,7,1,2026-01-05T15:56:56.318152,ok
208065,1467751-7,7,1,2026-01-05T15:56:56.318152,ok
208066,1482175-3,7,1,2026-01-05T15:56:56.318152,ok
208067,1426328-2,7,1,2026-01-05T15:56:56.318152,ok
208068,1451453-9,7,1,2026-01-05T15:56:56.318152,ok
208069,1438767-0,7,1,2026-01-05T15:56:56.318152,ok
208070,1485591-9,7,1,2026-01-05T15:56:56.318152,ok
208071,1481963-9,7,1,2026-01-05T15:56:56.318152,ok
208072,1485732-0,7,1,2026-01-05T15:56:56.318152,ok
208073,1484165-5,7,1,2026-01-05T15:56:56.318152,ok
208074,1484347-7,7,1,2026-01-05T15:56:56.318152,ok
208075,1467080-3,7,1,2026-01-05T15:56:56.318152,ok
208076,1467055-0,7,1,2026-01-05T15:56:56.318152,ok
208077,1474170-3,7,1,2026-01-05T15:56:56.318152,ok
208078,1463727-5,7,1,2026-01-05T15:56:56.318152,ok
208079,1485866-1,7,1,2026-01-05T15:56:56.318152,ok
208080,1473081-7,7,1,2026-01-05T15:56:56.318152,ok
208081,1483425-2,7,1,2026-01-05T15:56:56.318152,ok
208082,1466869-0,7,1,2026-01-05T15:56:56.318152,ok
208083,1484126-8,7,1,2026-01-05T15:56:56.318152,ok
208084,1478981-2,7,1,2026-01-05T15:56:56.318152,ok
208085,1484431-4,7,1,2026-01-05T15:56:56.318152,ok
208086,1480560-4,7,1,2026-01-05T15:56:56.318152,ok
208087,1444494-9,7,1,2026-01-05T15:56:56.318152,ok
208088,0001994-86.2015.8.16.9000,1,1,2026-01-05T15:56:56.318152,ok
208089,0001424-46.2014.8.16.0170,1,1,2026-01-05T15:56:56.318152,ok
208090,0009767-29.2005.8.16.0014,1,1,2026-01-05T15:56:56.318152,ok
208091,0012584-66.2005.8.16.0014,1,1,2026-01-05T15:56:56.318152,ok
208092,0001264-75.2015.8.16.9000,1,1,2026-01-05T15:56:56.318152,ok
208093,1487896-7,1,1,2026-01-05T15:56:56.318152,ok
208094,1487658-7,1,1,2026-01-05T15:56:56.318152,ok
208095,1487511-9,1,1,2026-01-05T15:56:56.318152,ok
208096,1487911-9,1,1,2026-01-05T15:56:56.318152,ok
208097,1487914-0,1,1,2026-01-05T15:56:56.318152,ok
208098,1487895-0,1,1,2026-01-05T15:56:56.318152,ok
208099,1487779-1,1,1,2026-01-05T15:56:56.318152,ok
208100,1487687-8,1,1,2026-01-05T15:56:56.318152,ok
208101,1487684-7,1,1,2026-01-05T15:56:56.318152,ok
208102,1487777-7,1,1,2026-01-05T15:56:56.318152,ok
208103,1487688-5,1,1,2026-01-05T15:56:56.318152,ok
208104,1487678-9,1,1,2026-01-05T15:56:56.318152,ok
208105,1487028-9,1,1,2026-01-05T15:56:56.318152,ok
208106,1487653-2,1,1,2026-01-05T15:56:56.318152,ok
208107,1486870-9,1,1,2026-01-05T15:56:56.318152,ok
208108,1487677-2,1,1,2026-01-05T15:56:56.318152,ok
208109,0003369-73.2013.8.16.0018,1,1,2026-01-05T15:56:56.318152,ok
208110,0005453-42.2013.8.16.0052,1,1,2026-01-05T15:56:56.318152,ok
208111,0001517-79.2015.8.16.0103,1,1,2026-01-05T15:56:56.318152,ok
208112,1487406-3,1,1,2026-01-05T15:56:56.318152,ok
208113,1487296-7,1,1,2026-01-05T15:56:56.318152,ok
208114,1487616-9,1,1,2026-01-05T15:56:56.318152,ok
208115,1487125-3,1,1,2026-01-05T15:56:56.318152,ok
208116,1487542-4,1,1,2026-01-05T15:56:56.318152,ok
208117,1487377-7,1,1,2026-01-05T15:56:56.318152,ok
208118,1487444-3,1,1,2026-01-05T15:56:56.318152,ok
208119,1486905-7,1,1,2026-01-05T15:56:56.318152,ok
208120,1487056-3,1,1,2026-01-05T15:56:56.318152,ok
208121,1487234-7,1,1,2026-01-05T15:56:56.318152,ok
208122,1400632-1,5,1,2026-01-05T15:56:56.318152,ok
208123,1484894-1,5,1,2026-01-05T15:56:56.318152,ok
208124,1483468-7,5,1,2026-01-05T15:56:56.318152,ok
208125,1467634-1,5,1,2026-01-05T15:56:56.318152,ok
208126,1481789-3,5,1,2026-01-05T15:56:56.318152,ok
208127,1479307-0,5,1,2026-01-05T15:56:56.318152,ok
208128,1469212-3,5,1,2026-01-05T15:56:56.318152,ok
208129,1476455-9,5,1,2026-01-05T15:56:56.318152,ok
208130,1475390-9,5,1,2026-01-05T15:56:56.318152,ok
208131,1485615-4,5,1,2026-01-05T15:56:56.318152,ok
208132,1478777-8,5,1,2026-01-05T15:56:56.318152,ok
208133,1420353-1,5,1,2026-01-05T15:56:56.318152,ok
208134,1254992-9,5,1,2026-01-05T15:56:56.318152,ok
208135,1483020-7,5,1,2026-01-05T15:56:56.318152,ok
208136,1415876-6,5,1,2026-01-05T15:56:56.318152,ok
208137,1484107-3,5,1,2026-01-05T15:56:56.318152,ok
208138,1483720-2,5,1,2026-01-05T15:56:56.318152,ok
208139,1485342-6,5,1,2026-01-05T15:56:56.318152,ok
208140,1484179-9,5,1,2026-01-05T15:56:56.318152,ok
208141,1475720-7,5,1,2026-01-05T15:56:56.318152,ok
208142,1484281-4,5,1,2026-01-05T15:56:56.318152,ok
208143,1485034-9,5,1,2026-01-05T15:56:56.318152,ok
208144,1482433-0,5,1,2026-01-05T15:56:56.318152,ok
208145,1481387-9,5,1,2026-01-05T15:56:56.318152,ok
208146,1484316-2,5,1,2026-01-05T15:56:56.318152,ok
208147,1484168-6,5,1,2026-01-05T15:56:56.318152,ok
208148,1483570-2,5,1,2026-01-05T15:56:56.318152,ok
208149,1434307-8,5,1,2026-01-05T15:56:56.318152,ok
208150,1482755-1,5,1,2026-01-05T15:56:56.318152,ok
208151,1468616-7,5,1,2026-01-05T15:56:56.318152,ok
208152,1462030-3,5,1,2026-01-05T15:56:56.318152,ok
208153,1440393-1,5,1,2026-01-05T15:56:56.318152,ok
208154,1482020-3,5,1,2026-01-05T15:56:56.318152,ok
208155,1482020-3,5,1,2026-01-05T15:56:56.318152,ok
208156,1452936-7,5,1,2026-01-05T15:56:56.318152,ok
208157,1424578-4,5,1,2026-01-05T15:56:56.318152,ok
208158,1396953-4,5,1,2026-01-05T15:56:56.318152,ok
208159,1484968-6,5,1,2026-01-05T15:56:56.318152,ok
208160,1257650-8,5,1,2026-01-05T15:56:56.318152,ok
208161,1378692-8,5,1,2026-01-05T15:56:56.318152,ok
208162,1392092-0,5,1,2026-01-05T15:56:56.318152,ok
208163,1446106-2,5,1,2026-01-05T15:56:56.318152,ok
208164,1470794-7,5,1,2026-01-05T15:56:56.318152,ok
208165,1469912-8,5,1,2026-01-05T15:56:56.318152,ok
208166,1479080-4,5,1,2026-01-05T15:56:56.318152,ok
208167,1480843-8,5,1,2026-01-05T15:56:56.318152,ok
208168,1466846-7,5,1,2026-01-05T15:56:56.318152,ok
208169,1487383-5,2,1,2026-01-05T15:56:56.318152,ok
208170,1487431-6,2,1,2026-01-05T15:56:56.318152,ok
208171,1487382-8,2,1,2026-01-05T15:56:56.318152,ok
208172,1487476-5,2,1,2026-01-05T15:56:56.318152,ok
208173,1487459-4,2,1,2026-01-05T15:56:56.318152,ok
208174,1487568-8,2,1,2026-01-05T15:56:56.318152,ok
208175,1487461-4,2,1,2026-01-05T15:56:56.318152,ok
208176,1487467-6,2,1,2026-01-05T15:56:56.318152,ok
208177,1487317-1,2,1,2026-01-05T15:56:56.318152,ok
208178,1487100-6,2,1,2026-01-05T15:56:56.318152,ok
208179,1487482-3,2,1,2026-01-05T15:56:56.318152,ok
208180,1487488-5,2,1,2026-01-05T15:56:56.318152,ok
208181,1487484-7,2,1,2026-01-05T15:56:56.318152,ok
208182,1487417-6,2,1,2026-01-05T15:56:56.318152,ok
208183,1487343-1,2,1,2026-01-05T15:56:56.318152,ok
208184,1487284-7,2,1,2026-01-05T15:56:56.318152,ok
208185,1487284-7,2,1,2026-01-05T15:56:56.318152,ok
208186,1481645-6,2,1,2026-01-05T15:56:56.318152,ok
208187,1482167-1,2,1,2026-01-05T15:56:56.318152,ok
208188,1487297-4,2,1,2026-01-05T15:56:56.318152,ok
208189,1487315-7,2,1,2026-01-05T15:56:56.318152,ok
208190,1487237-8,2,1,2026-01-05T15:56:56.318152,ok
208191,1487283-0,2,1,2026-01-05T15:56:56.318152,ok
208192,1487194-8,2,1,2026-01-05T15:56:56.318152,ok
208193,1487277-2,2,1,2026-01-05T15:56:56.318152,ok
208194,1435413-5,2,1,2026-01-05T15:56:56.318152,ok
208195,1476179-4,2,1,2026-01-05T15:56:56.318152,ok
208196,1474225-3,2,1,2026-01-05T15:56:56.318152,ok
208197,1485758-4,2,1,2026-01-05T15:56:56.318152,ok
208198,1483442-3,2,1,2026-01-05T15:56:56.318152,ok
208199,1484083-8,2,1,2026-01-05T15:56:56.318152,ok
208200,1461316-4,2,1,2026-01-05T15:56:56.318152,ok
208201,1487164-0,2,1,2026-01-05T15:56:56.318152,ok
208202,1484877-0,2,1,2026-01-05T15:56:56.318152,ok
208203,1487124-6,2,1,2026-01-05T15:56:56.318152,ok
208204,1487150-6,2,1,2026-01-05T15:56:56.318152,ok
208205,1444201-4,2,1,2026-01-05T15:56:56.318152,ok
208206,1428343-7,2,1,2026-01-05T15:56:56.318152,ok
208207,1451187-0,2,1,2026-01-05T15:56:56.318152,ok
208208,1445867-6,2,1,2026-01-05T15:56:56.318152,ok
208209,1442718-6,2,1,2026-01-05T15:56:56.318152,ok
208210,1461283-0,2,1,2026-01-05T15:56:56.318152,ok
208211,1448133-7,2,1,2026-01-05T15:56:56.318152,ok
208212,0011900-73.2015.8.16.0182,2,1,2026-01-05T15:56:56.318152,ok
208213,0000795-08.2015.8.16.0180,2,1,2026-01-05T15:56:56.318152,ok
208214,0006750-55.2014.8.16.0018,2,1,2026-01-05T15:56:56.318152,ok
208215,1485049-0,3,1,2026-01-05T15:56:56.318152,ok
208216,1477377-4,3,1,2026-01-05T15:56:56.318152,ok
208217,1456274-8,3,1,2026-01-05T15:56:56.318152,ok
208218,1462453-6,3,1,2026-01-05T15:56:56.318152,ok
208219,1455883-3,3,1,2026-01-05T15:56:56.318152,ok
208220,1455862-4,3,1,2026-01-05T15:56:56.318152,ok
208221,1400942-2,3,1,2026-01-05T15:56:56.318152,ok
208222,1437063-3,3,1,2026-01-05T15:56:56.318152,ok
208223,1477688-2,3,1,2026-01-05T15:56:56.318152,ok
208224,1481876-1,3,1,2026-01-05T15:56:56.318152,ok
208225,1478953-8,3,1,2026-01-05T15:56:56.318152,ok
208226,1473167-2,3,1,2026-01-05T15:56:56.318152,ok
208227,1484978-2,3,1,2026-01-05T15:56:56.318152,ok
208228,1486830-5,3,1,2026-01-05T15:56:56.318152,ok
208229,1480944-0,3,1,2026-01-05T15:56:56.318152,ok
208230,1457749-4,3,1,2026-01-05T15:56:56.318152,ok
208231,1434301-6,3,1,2026-01-05T15:56:56.318152,ok
208232,1431519-6,3,1,2026-01-05T15:56:56.318152,ok
208233,1470130-3,3,1,2026-01-05T15:56:56.318152,ok
208234,1482593-1,3,1,2026-01-05T15:56:56.318152,ok
208235,1468362-4,3,1,2026-01-05T15:56:56.318152,ok
208236,1418047-7,3,1,2026-01-05T15:56:56.318152,ok
208237,1454186-5,3,1,2026-01-05T15:56:56.318152,ok
208238,1481881-2,3,1,2026-01-05T15:56:56.318152,ok
208239,1467646-1,3,1,2026-01-05T15:56:56.318152,ok
208240,1482658-7,3,1,2026-01-05T15:56:56.318152,ok
208241,1479819-5,3,1,2026-01-05T15:56:56.318152,ok
208242,1441724-0,3,1,2026-01-05T15:56:56.318152,ok
208243,1346954-6,3,1,2026-01-05T15:56:56.318152,ok
208244,1450299-1,3,1,2026-01-05T15:56:56.318152,ok
208245,1427323-1,3,1,2026-01-05T15:56:56.318152,ok
208246,1422435-6,3,1,2026-01-05T15:56:56.318152,ok
208247,1486929-7,3,1,2026-01-05T15:56:56.318152,ok
208248,1449737-9,3,1,2026-01-05T15:56:56.318152,ok
208249,1456703-4,3,1,2026-01-05T15:56:56.318152,ok
208250,1471850-4,3,1,2026-01-05T15:56:56.318152,ok
208251,1449520-4,3,1,2026-01-05T15:56:56.318152,ok
208252,1440857-0,3,1,2026-01-05T15:56:56.318152,ok
208253,1485870-5,3,1,2026-01-05T15:56:56.318152,ok
208254,1474960-7,3,1,2026-01-05T15:56:56.318152,ok
208255,1481331-7,3,1,2026-01-05T15:56:56.318152,ok
208256,1484000-9,3,1,2026-01-05T15:56:56.318152,ok
208257,1480403-4,3,1,2026-01-05T15:56:56.318152,ok
208258,1483413-2,3,1,2026-01-05T15:56:56.318152,ok
208259,1482674-1,3,1,2026-01-05T15:56:56.318152,ok
208260,1479290-0,3,1,2026-01-05T15:56:56.318152,ok
208261,1482664-5,8,1,2026-01-05T15:56:56.318152,ok
208262,728858-8,8,1,2026-01-05T15:56:56.318152,ok
208263,1484082-1,8,1,2026-01-05T15:56:56.318152,ok
208264,1485014-7,8,1,2026-01-05T15:56:56.318152,ok
208265,1486696-3,8,1,2026-01-05T15:56:56.318152,ok
208266,1484965-5,8,1,2026-01-05T15:56:56.318152,ok
208267,1482090-5,8,1,2026-01-05T15:56:56.318152,ok
208268,1482514-0,8,1,2026-01-05T15:56:56.318152,ok
208269,1441223-8,8,1,2026-01-05T15:56:56.318152,ok
208270,1486392-0,8,1,2026-01-05T15:56:56.318152,ok
208271,1486367-7,8,1,2026-01-05T15:56:56.318152,ok
208272,1485812-3,8,1,2026-01-05T15:56:56.318152,ok
208273,1484908-0,8,1,2026-01-05T15:56:56.318152,ok
208274,1483432-7,8,1,2026-01-05T15:56:56.318152,ok
208275,1442251-6,8,1,2026-01-05T15:56:56.318152,ok
208276,1484981-9,8,1,2026-01-05T15:56:56.318152,ok
208277,1484883-8,8,1,2026-01-05T15:56:56.318152,ok
208278,1471199-6,8,1,2026-01-05T15:56:56.318152,ok
208279,1485796-4,8,1,2026-01-05T15:56:56.318152,ok
208280,1484383-3,8,1,2026-01-05T15:56:56.318152,ok
208281,1484256-1,8,1,2026-01-05T15:56:56.318152,ok
208282,1484218-1,8,1,2026-01-05T15:56:56.318152,ok
208283,1481800-7,8,1,2026-01-05T15:56:56.318152,ok
208284,1483348-0,8,1,2026-01-05T15:56:56.318152,ok
208285,1451287-5,8,1,2026-01-05T15:56:56.318152,ok
208286,1450640-8,8,1,2026-01-05T15:56:56.318152,ok
208287,1479834-2,8,1,2026-01-05T15:56:56.318152,ok
208288,1485769-7,8,1,2026-01-05T15:56:56.318152,ok
208289,1482609-4,8,1,2026-01-05T15:56:56.318152,ok
208290,1481842-5,8,1,2026-01-05T15:56:56.318152,ok
208291,1481417-2,8,1,2026-01-05T15:56:56.318152,ok
208292,1462429-0,8,1,2026-01-05T15:56:56.318152,ok
208293,1485241-4,8,1,2026-01-05T15:56:56.318152,ok
208294,1481805-2,8,1,2026-01-05T15:56:56.318152,ok
208295,1259496-2,8,1,2026-01-05T15:56:56.318152,ok
208296,1483682-7,8,1,2026-01-05T15:56:56.318152,ok
208297,1479764-5,8,1,2026-01-05T15:56:56.318152,ok
208298,1473528-5,8,1,2026-01-05T15:56:56.318152,ok
208299,1478697-5,8,1,2026-01-05T15:56:56.318152,ok
208300,1484967-9,8,1,2026-01-05T15:56:56.318152,ok
208301,1470706-7,8,1,2026-01-05T15:56:56.318152,ok
208302,1464263-0,8,1,2026-01-05T15:56:56.318152,ok
208303,1484993-9,8,1,2026-01-05T15:56:56.318152,ok
208304,1482989-7,8,1,2026-01-05T15:56:56.318152,ok
208305,1474282-8,8,1,2026-01-05T15:56:56.318152,ok
208306,1466470-3,8,1,2026-01-05T15:56:56.318152,ok
208307,1483391-1,8,1,2026-01-05T15:56:56.318152,ok
208308,1464687-0,8,1,2026-01-05T15:56:56.318152,ok
208309,1482616-9,4,1,2026-01-05T15:56:56.318152,ok
208310,1400579-9,4,1,2026-01-05T15:56:56.318152,ok
208311,1484501-1,4,1,2026-01-05T15:56:56.318152,ok
208312,1485013-0,4,1,2026-01-05T15:56:56.318152,ok
208313,1474965-2,4,1,2026-01-05T15:56:56.318152,ok
208314,1485754-6,4,1,2026-01-05T15:56:56.318152,ok
208315,1471788-3,4,1,2026-01-05T15:56:56.318152,ok
208316,1475596-1,4,1,2026-01-05T15:56:56.318152,ok
208317,1470971-4,4,1,2026-01-05T15:56:56.318152,ok
208318,1435457-7,4,1,2026-01-05T15:56:56.318152,ok
208319,1484366-2,4,1,2026-01-05T15:56:56.318152,ok
208320,1484603-0,4,1,2026-01-05T15:56:56.318152,ok
208321,1475061-3,4,1,2026-01-05T15:56:56.318152,ok
208322,1470161-8,4,1,2026-01-05T15:56:56.318152,ok
208323,1399590-9,4,1,2026-01-05T15:56:56.318152,ok
208324,1475031-5,4,1,2026-01-05T15:56:56.318152,ok
208325,1475320-7,4,1,2026-01-05T15:56:56.318152,ok
208326,1463147-7,4,1,2026-01-05T15:56:56.318152,ok
208327,1466914-0,4,1,2026-01-05T15:56:56.318152,ok
208328,1149862-1,4,1,2026-01-05T15:56:56.318152,ok
208329,1149862-1,4,1,2026-01-05T15:56:56.318152,ok
208330,1475015-1,4,1,2026-01-05T15:56:56.318152,ok
208331,1476000-4,4,1,2026-01-05T15:56:56.318152,ok
208332,1486921-1,4,1,2026-01-05T15:56:56.318152,ok
208333,1484396-0,4,1,2026-01-05T15:56:56.318152,ok
208334,1458578-9,4,1,2026-01-05T15:56:56.318152,ok
208335,1462687-2,4,1,2026-01-05T15:56:56.318152,ok
208336,1484921-3,4,1,2026-01-05T15:56:56.318152,ok
208337,1483371-9,4,1,2026-01-05T15:56:56.318152,ok
208338,1484245-8,4,1,2026-01-05T15:56:56.318152,ok
208339,1483884-1,4,1,2026-01-05T15:56:56.318152,ok
208340,1483393-5,4,1,2026-01-05T15:56:56.318152,ok
208341,1480081-8,4,1,2026-01-05T15:56:56.318152,ok
208342,1484491-0,4,1,2026-01-05T15:56:56.318152,ok
208343,1484237-6,4,1,2026-01-05T15:56:56.318152,ok
208344,1474338-5,4,1,2026-01-05T15:56:56.318152,ok
208345,1486288-1,4,1,2026-01-05T15:56:56.318152,ok
208346,1398213-3,4,1,2026-01-05T15:56:56.318152,ok
208347,1481115-3,4,1,2026-01-05T15:56:56.318152,ok
208348,1485083-2,4,1,2026-01-05T15:56:56.318152,ok
208349,1474513-8,4,1,2026-01-05T15:56:56.318152,ok
208350,1475405-5,4,1,2026-01-05T15:56:56.318152,ok
208351,1483930-8,4,1,2026-01-05T15:56:56.318152,ok
208352,1483540-4,4,1,2026-01-05T15:56:56.318152,ok
208353,1483507-9,4,1,2026-01-05T15:56:56.318152,ok
208354,1484622-5,4,1,2026-01-05T15:56:56.318152,ok
208355,1481792-0,4,1,2026-01-05T15:56:56.318152,ok
208356,1484257-8,4,1,2026-01-05T15:56:56.318152,ok
208357,1446568-2,9,1,2026-01-05T15:56:56.318152,ok
208358,1485731-3,9,1,2026-01-05T15:56:56.318152,ok
208359,1463475-6,9,1,2026-01-05T15:56:56.318152,ok
208360,1464679-8,9,1,2026-01-05T15:56:56.318152,ok
208361,1485665-4,9,1,2026-01-05T15:56:56.318152,ok
208362,1476842-2,9,1,2026-01-05T15:56:56.318152,ok
208363,1450446-0,9,1,2026-01-05T15:56:56.318152,ok
208364,1468057-8,9,1,2026-01-05T15:56:56.318152,ok
208365,1449902-6,9,1,2026-01-05T15:56:56.318152,ok
208366,1480528-6,9,1,2026-01-05T15:56:56.318152,ok
208367,1456322-9,9,1,2026-01-05T15:56:56.318152,ok
208368,1456549-0,9,1,2026-01-05T15:56:56.318152,ok
208369,1478281-7,9,1,2026-01-05T15:56:56.318152,ok
208370,1485951-5,9,1,2026-01-05T15:56:56.318152,ok
208371,1481715-3,9,1,2026-01-05T15:56:56.318152,ok
208372,1483510-6,9,1,2026-01-05T15:56:56.318152,ok
208373,1474494-8,9,1,2026-01-05T15:56:56.318152,ok
208374,1450452-8,9,1,2026-01-05T15:56:56.318152,ok
208375,1457798-7,9,1,2026-01-05T15:56:56.318152,ok
208376,1438312-5,9,1,2026-01-05T15:56:56.318152,ok
208377,1383421-2,9,1,2026-01-05T15:56:56.318152,ok
208378,1485672-9,9,1,2026-01-05T15:56:56.318152,ok
208379,1485894-5,9,1,2026-01-05T15:56:56.318152,ok
208380,1423337-9,9,1,2026-01-05T15:56:56.318152,ok
208381,1460984-8,9,1,2026-01-05T15:56:56.318152,ok
208382,1457263-9,9,1,2026-01-05T15:56:56.318152,ok
208383,1484924-4,9,1,2026-01-05T15:56:56.318152,ok
208384,1446291-6,9,1,2026-01-05T15:56:56.318152,ok
208385,1455933-8,9,1,2026-01-05T15:56:56.318152,ok
208386,1382799-1,9,1,2026-01-05T15:56:56.318152,ok
208387,1422407-2,9,1,2026-01-05T15:56:56.318152,ok
208388,1484423-2,9,1,2026-01-05T15:56:56.318152,ok
208389,1485776-2,9,1,2026-01-05T15:56:56.318152,ok
208390,1433964-9,9,1,2026-01-05T15:56:56.318152,ok
208391,1219833-3,9,1,2026-01-05T15:56:56.318152,ok
208392,1461037-8,9,1,2026-01-05T15:56:56.318152,ok
208393,1477691-9,9,1,2026-01-05T15:56:56.318152,ok
208394,1485688-7,9,1,2026-01-05T15:56:56.318152,ok
208395,1485296-9,9,1,2026-01-05T15:56:56.318152,ok
208396,1352162-5,9,1,2026-01-05T15:56:56.318152,ok
208397,1484162-4,9,1,2026-01-05T15:56:56.318152,ok
208398,1451589-4,9,1,2026-01-05T15:56:56.318152,ok
208399,1484445-8,9,1,2026-01-05T15:56:56.318152,ok
208400,1455926-3,9,1,2026-01-05T15:56:56.318152,ok
208401,1485670-5,9,1,2026-01-05T15:56:56.318152,ok
208402,1483036-5,9,1,2026-01-05T15:56:56.318152,ok
208403,1455546-5,9,1,2026-01-05T15:56:56.318152,ok
208404,1410745-6,9,1,2026-01-05T15:56:56.318152,ok
208405,1481300-2,9,1,2026-01-05T15:56:56.318152,ok
208406,1368836-7,9,1,2026-01-05T15:56:56.318152,ok
208407,1441965-1,6,1,2026-01-05T15:56:56.318152,ok
208408,1446526-4,6,1,2026-01-05T15:56:56.318152,ok
208409,1470223-3,6,1,2026-01-05T15:56:56.318152,ok
208410,1483518-2,6,1,2026-01-05T15:56:56.318152,ok
208411,1475881-5,6,1,2026-01-05T15:56:56.318152,ok
208412,1483523-3,6,1,2026-01-05T15:56:56.318152,ok
208413,1485851-0,6,1,2026-01-05T15:56:56.318152,ok
208414,1478048-2,6,1,2026-01-05T15:56:56.318152,ok
208415,1441367-5,6,1,2026-01-05T15:56:56.318152,ok
208416,1440607-0,6,1,2026-01-05T15:56:56.318152,ok
208417,1425870-7,6,1,2026-01-05T15:56:56.318152,ok
208418,1447336-4,6,1,2026-01-05T15:56:56.318152,ok
208419,1476380-7,6,1,2026-01-05T15:56:56.318152,ok
208420,1482762-6,6,1,2026-01-05T15:56:56.318152,ok
208421,1445965-7,6,1,2026-01-05T15:56:56.318152,ok
208422,1484896-5,6,1,2026-01-05T15:56:56.318152,ok
208423,1467345-9,6,1,2026-01-05T15:56:56.318152,ok
208424,1452004-0,6,1,2026-01-05T15:56:56.318152,ok
208425,1485871-2,6,1,2026-01-05T15:56:56.318152,ok
208426,1482945-5,6,1,2026-01-05T15:56:56.318152,ok
208427,1484920-6,6,1,2026-01-05T15:56:56.318152,ok
208428,1484187-1,6,1,2026-01-05T15:56:56.318152,ok
208429,1479012-6,6,1,2026-01-05T15:56:56.318152,ok
208430,1485713-5,6,1,2026-01-05T15:56:56.318152,ok
208431,1449974-2,6,1,2026-01-05T15:56:56.318152,ok
208432,1481857-6,6,1,2026-01-05T15:56:56.318152,ok
208433,1481952-6,6,1,2026-01-05T15:56:56.318152,ok
208434,1441978-8,6,1,2026-01-05T15:56:56.318152,ok
208435,1484747-7,6,1,2026-01-05T15:56:56.318152,ok
208436,1484103-5,6,1,2026-01-05T15:56:56.318152,ok
208437,1481214-1,6,1,2026-01-05T15:56:56.318152,ok
208438,1422962-8,6,1,2026-01-05T15:56:56.318152,ok
208439,1484209-2,6,1,2026-01-05T15:56:56.318152,ok
208440,1471751-6,6,1,2026-01-05T15:56:56.318152,ok
208441,1481188-6,6,1,2026-01-05T15:56:56.318152,ok
208442,1348791-7,6,1,2026-01-05T15:56:56.318152,ok
208443,1484182-6,6,1,2026-01-05T15:56:56.318152,ok
208444,1474271-5,6,1,2026-01-05T15:56:56.318152,ok
208445,1446618-7,6,1,2026-01-05T15:56:56.318152,ok
208446,1482162-6,6,1,2026-01-05T15:56:56.318152,ok
208447,1424538-0,6,1,2026-01-05T15:56:56.318152,ok
208448,1484135-7,6,1,2026-01-05T15:56:56.318152,ok
208449,1438523-8,6,1,2026-01-05T15:56:56.318152,ok
208450,1469919-7,13,1,2026-01-05T15:56:56.318152,ok
208451,1485537-5,11,1,2026-01-05T15:56:56.318152,ok
208452,1472227-9,11,1,2026-01-05T15:56:56.318152,ok
208453,1469277-4,11,1,2026-01-05T15:56:56.318152,ok
208454,1481846-3,11,1,2026-01-05T15:56:56.318152,ok
208455,1480225-0,11,1,2026-01-05T15:56:56.318152,ok
208456,1474273-9,11,1,2026-01-05T15:56:56.318152,ok
208457,1482813-8,11,1,2026-01-05T15:56:56.318152,ok
208458,1468537-1,11,1,2026-01-05T15:56:56.318152,ok
208459,1478378-5,11,1,2026-01-05T15:56:56.318152,ok
208460,1478330-5,11,1,2026-01-05T15:56:56.318152,ok
208461,1475999-2,11,1,2026-01-05T15:56:56.318152,ok
208462,1475290-4,11,1,2026-01-05T15:56:56.318152,ok
208463,1474525-8,11,1,2026-01-05T15:56:56.318152,ok
208464,1474495-5,11,1,2026-01-05T15:56:56.318152,ok
208465,1218156-7,11,1,2026-01-05T15:56:56.318152,ok
208466,1480933-7,11,1,2026-01-05T15:56:56.318152,ok
208467,1473075-9,11,1,2026-01-05T15:56:56.318152,ok
208468,1464240-7,11,1,2026-01-05T15:56:56.318152,ok
208469,1481669-6,11,1,2026-01-05T15:56:56.318152,ok
208470,1484918-6,11,1,2026-01-05T15:56:56.318152,ok
208471,1483667-0,11,1,2026-01-05T15:56:56.318152,ok
208472,1441470-7,11,1,2026-01-05T15:56:56.318152,ok
208473,1437697-9,11,1,2026-01-05T15:56:56.318152,ok
208474,1427453-4,11,1,2026-01-05T15:56:56.318152,ok
208475,1303576-8,11,1,2026-01-05T15:56:56.318152,ok
208476,1449822-3,11,1,2026-01-05T15:56:56.318152,ok
208477,1485693-8,11,1,2026-01-05T15:56:56.318152,ok
208478,1484358-0,11,1,2026-01-05T15:56:56.318152,ok
208479,1466915-7,11,1,2026-01-05T15:56:56.318152,ok
208480,1453804-4,11,1,2026-01-05T15:56:56.318152,ok
208481,1463662-9,15,1,2026-01-05T15:56:56.318152,ok
208482,1449173-5,15,1,2026-01-05T15:56:56.318152,ok
208483,1455063-1,15,1,2026-01-05T15:56:56.318152,ok
208484,1458854-4,15,1,2026-01-05T15:56:56.318152,ok
208485,1465250-7,15,1,2026-01-05T15:56:56.318152,ok
208486,1475522-1,15,1,2026-01-05T15:56:56.318152,ok
208487,1474964-5,15,1,2026-01-05T15:56:56.318152,ok
208488,1481136-2,15,1,2026-01-05T15:56:56.318152,ok
208489,1463232-1,15,1,2026-01-05T15:56:56.318152,ok
208490,1412199-2,15,1,2026-01-05T15:56:56.318152,ok
208491,1469968-0,15,1,2026-01-05T15:56:56.318152,ok
208492,1458636-6,15,1,2026-01-05T15:56:56.318152,ok
208493,1458967-6,15,1,2026-01-05T15:56:56.318152,ok
208494,1404071-4,15,1,2026-01-05T15:56:56.318152,ok
208495,1338645-7,15,1,2026-01-05T15:56:56.318152,ok
208496,1480816-1,15,1,2026-01-05T15:56:56.318152,ok
208497,1462298-5,15,1,2026-01-05T15:56:56.318152,ok
208498,1437049-3,15,1,2026-01-05T15:56:56.318152,ok
208499,1454719-4,15,1,2026-01-05T15:56:56.318152,ok
208500,1403987-3,15,1,2026-01-05T15:56:56.318152,ok
208501,1448254-1,15,1,2026-01-05T15:56:56.318152,ok
208502,1342306-4,15,1,2026-01-05T15:56:56.318152,ok
208503,1484727-5,15,1,2026-01-05T15:56:56.318152,ok
208504,1484974-4,15,1,2026-01-05T15:56:56.318152,ok
208505,1464117-3,15,1,2026-01-05T15:56:56.318152,ok
208506,1368249-4,15,1,2026-01-05T15:56:56.318152,ok
208507,1449116-0,15,1,2026-01-05T15:56:56.318152,ok
208508,1434839-5,15,1,2026-01-05T15:56:56.318152,ok
208509,1471566-7,15,1,2026-01-05T15:56:56.318152,ok
208510,1444937-9,15,1,2026-01-05T15:56:56.318152,ok
208511,1474247-9,15,1,2026-01-05T15:56:56.318152,ok
208512,1403120-8,15,1,2026-01-05T15:56:56.318152,ok
208513,1372908-7,15,1,2026-01-05T15:56:56.318152,ok
208514,1485678-1,15,1,2026-01-05T15:56:56.318152,ok
208515,1483521-9,15,1,2026-01-05T15:56:56.318152,ok
208516,1382502-8,15,1,2026-01-05T15:56:56.318152,ok
208517,1474108-7,15,1,2026-01-05T15:56:56.318152,ok
208518,1484740-8,15,1,2026-01-05T15:56:56.318152,ok
208519,1482506-8,15,1,2026-01-05T15:56:56.318152,ok
208520,1482795-5,15,1,2026-01-05T15:56:56.318152,ok
208521,1155942-1,15,1,2026-01-05T15:56:56.318152,ok
208522,1447826-3,15,1,2026-01-05T15:56:56.318152,ok
208523,1446308-6,15,1,2026-01-05T15:56:56.318152,ok
208524,1447046-5,15,1,2026-01-05T15:56:56.318152,ok
208525,1474904-9,15,1,2026-01-05T15:56:56.318152,ok
208526,1444488-1,15,1,2026-01-05T15:56:56.318152,ok
208527,1446172-6,16,1,2026-01-05T15:56:56.318152,ok
208528,1444927-3,16,1,2026-01-05T15:56:56.318152,ok
208529,1446023-8,16,1,2026-01-05T15:56:56.318152,ok
208530,1484515-5,16,1,2026-01-05T15:56:56.318152,ok
208531,1456548-3,16,1,2026-01-05T15:56:56.318152,ok
208532,1474993-6,16,1,2026-01-05T15:56:56.318152,ok
208533,1467973-3,16,1,2026-01-05T15:56:56.318152,ok
208534,1459819-9,16,1,2026-01-05T15:56:56.318152,ok
208535,1479133-0,16,1,2026-01-05T15:56:56.318152,ok
208536,1395733-8,16,1,2026-01-05T15:56:56.318152,ok
208537,1476231-9,16,1,2026-01-05T15:56:56.318152,ok
208538,1429602-5,16,1,2026-01-05T15:56:56.318152,ok
208539,1425424-5,16,1,2026-01-05T15:56:56.318152,ok
208540,1388738-2,16,1,2026-01-05T15:56:56.318152,ok
208541,1431193-2,16,1,2026-01-05T15:56:56.318152,ok
208542,1427354-6,16,1,2026-01-05T15:56:56.318152,ok
208543,1431767-2,16,1,2026-01-05T15:56:56.318152,ok
208544,1471979-4,16,1,2026-01-05T15:56:56.318152,ok
208545,1475589-6,16,1,2026-01-05T15:56:56.318152,ok
208546,1478265-3,16,1,2026-01-05T15:56:56.318152,ok
208547,1433606-2,16,1,2026-01-05T15:56:56.318152,ok
208548,1484456-1,16,1,2026-01-05T15:56:56.318152,ok
208549,1472027-9,16,1,2026-01-05T15:56:56.318152,ok
208550,1480921-7,16,1,2026-01-05T15:56:56.318152,ok
208551,1443411-6,16,1,2026-01-05T15:56:56.318152,ok
208552,1483467-0,16,1,2026-01-05T15:56:56.318152,ok
208553,1354713-0,16,1,2026-01-05T15:56:56.318152,ok
208554,1463422-5,16,1,2026-01-05T15:56:56.318152,ok
208555,1352476-4,16,1,2026-01-05T15:56:56.318152,ok
208556,1455944-1,16,1,2026-01-05T15:56:56.318152,ok
208557,1484522-0,16,1,2026-01-05T15:56:56.318152,ok
208558,1474406-8,16,1,2026-01-05T15:56:56.318152,ok
208559,1479973-4,16,1,2026-01-05T15:56:56.318152,ok
208560,1475295-9,16,1,2026-01-05T15:56:56.318152,ok
208561,1480756-0,16,1,2026-01-05T15:56:56.318152,ok
208562,1474039-7,16,1,2026-01-05T15:56:56.318152,ok
208563,1473151-4,16,1,2026-01-05T15:56:56.318152,ok
208564,1471785-2,16,1,2026-01-05T15:56:56.318152,ok
208565,1484904-2,16,1,2026-01-05T15:56:56.318152,ok
208566,1482949-3,16,1,2026-01-05T15:56:56.318152,ok
208567,1357617-5,16,1,2026-01-05T15:56:56.318152,ok
208568,1483378-8,16,1,2026-01-05T15:56:56.318152,ok
208569,1481500-2,16,1,2026-01-05T15:56:56.318152,ok
208570,1378252-4,16,1,2026-01-05T15:56:56.318152,ok
208571,1454778-3,16,1,2026-01-05T15:56:56.318152,ok
208572,1444644-9,17,1,2026-01-05T15:56:56.318152,ok
208573,1439195-8,17,1,2026-01-05T15:56:56.318152,ok
208574,1415379-2,17,1,2026-01-05T15:56:56.318152,ok
208575,1425347-3,17,1,2026-01-05T15:56:56.318152,ok
208576,1339919-6,17,1,2026-01-05T15:56:56.318152,ok
208577,1455990-3,17,1,2026-01-05T15:56:56.318152,ok
208578,1424718-8,17,1,2026-01-05T15:56:56.318152,ok
208579,1452583-6,17,1,2026-01-05T15:56:56.318152,ok
208580,1421362-4,17,1,2026-01-05T15:56:56.318152,ok
208581,1459535-8,17,1,2026-01-05T15:56:56.318152,ok
208582,1460337-9,17,1,2026-01-05T15:56:56.318152,ok
208583,1329078-7,17,1,2026-01-05T15:56:56.318152,ok
208584,1461391-7,17,1,2026-01-05T15:56:56.318152,ok
208585,1449430-5,17,1,2026-01-05T15:56:56.318152,ok
208586,1450144-1,17,1,2026-01-05T15:56:56.318152,ok
208587,1445744-8,17,1,2026-01-05T15:56:56.318152,ok
208588,1444007-6,17,1,2026-01-05T15:56:56.318152,ok
208589,1443871-2,17,1,2026-01-05T15:56:56.318152,ok
208590,1437698-6,17,1,2026-01-05T15:56:56.318152,ok
208591,1429848-1,17,1,2026-01-05T15:56:56.318152,ok
208592,1445971-5,17,1,2026-01-05T15:56:56.318152,ok
208593,1450221-3,17,1,2026-01-05T15:56:56.318152,ok
208594,1447814-3,17,1,2026-01-05T15:56:56.318152,ok
208595,1441379-5,17,1,2026-01-05T15:56:56.318152,ok
208596,1444599-9,17,1,2026-01-05T15:56:56.318152,ok
208597,1446576-4,17,1,2026-01-05T15:56:56.318152,ok
208598,1450520-1,17,1,2026-01-05T15:56:56.318152,ok
208599,0010011-82.2015.8.16.0021,17,1,2026-01-05T15:56:56.318152,ok
208600,0013835-13.2015.8.16.0130,17,1,2026-01-05T15:56:56.318152,ok
208601,0001101-75.2015.8.16.0115,17,1,2026-01-05T15:56:56.318152,ok
208602,0001191-29.2015.8.16.0036,17,1,2026-01-05T15:56:56.318152,ok
208603,0015472-78.2014.8.16.0018,17,1,2026-01-05T15:56:56.318152,ok
208604,0013350-51.2015.8.16.0182,17,1,2026-01-05T15:56:56.318152,ok
208605,0003518-22.2014.8.16.0184,17,1,2026-01-05T15:56:56.318152,ok
208606,0004321-04.2015.8.16.0173,17,1,2026-01-05T15:56:56.318152,ok
208607,0011273-92.2015.8.16.0045,17,1,2026-01-05T15:56:56.318152,ok
208608,0014944-62.2015.8.16.0130,17,1,2026-01-05T15:56:56.318152,ok
208609,0004608-11.2014.8.16.0105,17,1,2026-01-05T15:56:56.318152,ok
208610,0004492-54.2015.8.16.0045,17,1,2026-01-05T15:56:56.318152,ok
208611,0000196-89.2015.8.16.0044,17,1,2026-01-05T15:56:56.318152,ok
208612,0040167-74.2015.8.16.0014,17,1,2026-01-05T15:56:56.318152,ok
208613,0003918-74.2015.8.16.0160,17,1,2026-01-05T15:56:56.318152,ok
208614,0005163-08.2015.8.16.0165,17,1,2026-01-05T15:56:56.318152,ok
208615,0002172-35.2015.8.16.9000,17,1,2026-01-05T15:56:56.318152,ok
208616,0004994-89.2014.8.16.0089,17,1,2026-01-05T15:56:56.318152,ok
208617,0003379-46.2015.8.16.0116,17,1,2026-01-05T15:56:56.318152,ok
208618,0002165-43.2015.8.16.9000,17,1,2026-01-05T15:56:56.318152,ok
208619,0002171-50.2015.8.16.9000,17,1,2026-01-05T15:56:56.318152,ok
208620,0001044-38.2015.8.16.0089,17,1,2026-01-05T15:56:56.318152,ok
208621,0035102-25.2011.8.16.0019,17,1,2026-01-05T15:56:56.318152,ok
208622,0005991-11.2015.8.16.0098,20,1,2026-01-05T15:56:56.318152,ok
208623,1422693-8,20,1,2026-01-05T15:56:56.318152,ok
208624,1402025-4,20,1,2026-01-05T15:56:56.318152,ok
208625,1403662-1,20,1,2026-01-05T15:56:56.318152,ok
208626,1437955-6,20,1,2026-01-05T15:56:56.318152,ok
208627,1389161-5,20,1,2026-01-05T15:56:56.318152,ok
208628,1395288-8,20,1,2026-01-05T15:56:56.318152,ok
208629,1457630-0,20,1,2026-01-05T15:56:56.318152,ok
208630,1377882-8,20,1,2026-01-05T15:56:56.318152,ok
208631,1401572-4,20,1,2026-01-05T15:56:56.318152,ok
208632,1467350-0,20,1,2026-01-05T15:56:56.318152,ok
208633,1328347-3,20,1,2026-01-05T15:56:56.318152,ok
208634,1434739-0,20,1,2026-01-05T15:56:56.318152,ok
208635,1424566-4,20,1,2026-01-05T15:56:56.318152,ok
208636,1446634-1,20,1,2026-01-05T15:56:56.318152,ok
208637,1460483-6,20,1,2026-01-05T15:56:56.318152,ok
208638,1460706-4,20,1,2026-01-05T15:56:56.318152,ok
208639,1457187-4,20,1,2026-01-05T15:56:56.318152,ok
208640,1399048-0,20,1,2026-01-05T15:56:56.318152,ok
208641,0001383-16.2015.8.16.0018,19,1,2026-01-05T15:56:56.318152,ok
208642,0009019-62.2015.8.16.0170,19,1,2026-01-05T15:56:56.318152,ok
208643,0001008-95.2013.8.16.0111,19,1,2026-01-05T15:56:56.318152,ok
208644,0001787-60.2015.8.16.0182,19,1,2026-01-05T15:56:56.318152,ok
208645,0001542-61.2015.8.16.0178,19,1,2026-01-05T15:56:56.318152,ok
208646,0007051-26.2015.8.16.0031,19,1,2026-01-05T15:56:56.318152,ok
208647,0005530-97.2015.8.16.0014,19,1,2026-01-05T15:56:56.318152,ok
208648,0000622-58.2014.8.16.0102,19,1,2026-01-05T15:56:56.318152,ok
208649,0014393-83.2014.8.16.0044,19,1,2026-01-05T15:56:56.318152,ok
208650,0002389-59.2014.8.16.0029,19,1,2026-01-05T15:56:56.318152,ok
208651,0003446-33.2015.8.16.0044,19,1,2026-01-05T15:56:56.318152,ok
208652,0079191-46.2014.8.16.0014,19,1,2026-01-05T15:56:56.318152,ok
208653,0008707-06.2015.8.16.0035,19,1,2026-01-05T15:56:56.318152,ok
208654,0009217-86.2015.8.16.0045,19,1,2026-01-05T15:56:56.318152,ok
208655,0032792-22.2015.8.16.0014,19,1,2026-01-05T15:56:56.318152,ok
208656,0004397-60.2015.8.16.0130,19,1,2026-01-05T15:56:56.318152,ok
208657,0003630-39.2013.8.16.0050,19,1,2026-01-05T15:56:56.318152,ok
208658,0014235-88.2015.8.16.0045,19,1,2026-01-05T15:56:56.318152,ok
208659,0003337-95.2015.8.16.0148,19,1,2026-01-05T15:56:56.318152,ok
208660,0002086-67.2015.8.16.0075,19,1,2026-01-05T15:56:56.318152,ok
208661,0000310-28.2015.8.16.0044,19,1,2026-01-05T15:56:56.318152,ok
208662,0014100-15.2015.8.16.0130,19,1,2026-01-05T15:56:56.318152,ok
208663,0014593-37.2015.8.16.0018,19,1,2026-01-05T15:56:56.318152,ok
208664,0000163-22.2015.8.16.0102,19,1,2026-01-05T15:56:56.318152,ok
208665,0002589-28.2015.8.16.0095,19,1,2026-01-05T15:56:56.318152,ok
208666,0007333-47.2015.8.16.0069,19,1,2026-01-05T15:56:56.318152,ok
208667,0001150-84.2014.8.16.0137,19,1,2026-01-05T15:56:56.318152,ok
208668,0004662-98.2015.8.16.0021,19,1,2026-01-05T15:56:56.318152,ok
208669,0006759-71.2015.8.16.0021,19,1,2026-01-05T15:56:56.318152,ok
208670,0001010-69.2015.8.16.0087,19,1,2026-01-05T15:56:56.318152,ok
208671,0081741-14.2014.8.16.0014,19,1,2026-01-05T15:56:56.318152,ok
208672,0006936-96.2015.8.16.0130,19,1,2026-01-05T15:56:56.318152,ok
208673,0004552-11.2015.8.16.0018,19,1,2026-01-05T15:56:56.318152,ok
208674,0016463-17.2015.8.16.0019,19,1,2026-01-05T15:56:56.318152,ok
208675,0012511-33.2015.8.16.0018,19,1,2026-01-05T15:56:56.318152,ok
208676,0012738-81.2015.8.16.0031,19,1,2026-01-05T15:56:56.318152,ok
208677,0011545-61.2015.8.16.0021,19,1,2026-01-05T15:56:56.318152,ok
208678,0010054-21.2015.8.16.0182,19,1,2026-01-05T15:56:56.318152,ok
208679,0035831-51.2011.8.16.0019,19,1,2026-01-05T15:56:56.318152,ok
208680,0003680-61.2012.8.16.0095,19,1,2026-01-05T15:56:56.318152,ok
208681,0001813-85.2015.8.16.9000,19,1,2026-01-05T15:56:56.318152,ok
208682,0001546-16.2015.8.16.9000,19,1,2026-01-05T15:56:56.318152,ok
208683,0002168-95.2015.8.16.9000,19,1,2026-01-05T15:56:56.318152,ok
208684,0002516-95.2014.8.16.0158,19,1,2026-01-05T15:56:56.318152,ok
208685,1314805-1,21,1,2026-01-05T15:56:56.318152,ok
208686,1464979-3,21,1,2026-01-05T15:56:56.318152,ok
208687,1460599-9,21,1,2026-01-05T15:56:56.318152,ok
208688,1469061-6,21,1,2026-01-05T15:56:56.318152,ok
208689,1408462-1,21,1,2026-01-05T15:56:56.318152,ok
208690,1469251-0,21,1,2026-01-05T15:56:56.318152,ok
208691,1451803-9,21,1,2026-01-05T15:56:56.318152,ok
208692,1449935-5,21,1,2026-01-05T15:56:56.318152,ok
208693,1446399-7,21,1,2026-01-05T15:56:56.318152,ok
208694,1448065-4,21,1,2026-01-05T15:56:56.318152,ok
208695,1443838-7,21,1,2026-01-05T15:56:56.318152,ok
208696,1452537-4,21,1,2026-01-05T15:56:56.318152,ok
208697,1328018-7,21,1,2026-01-05T15:56:56.318152,ok
208698,1464181-3,21,1,2026-01-05T15:56:56.318152,ok
208699,1461459-4,21,1,2026-01-05T15:56:56.318152,ok
208700,1438509-8,21,1,2026-01-05T15:56:56.318152,ok
208701,1423895-6,21,1,2026-01-05T15:56:56.318152,ok
208702,1318603-3,21,1,2026-01-05T15:56:56.318152,ok
208703,1450248-4,21,1,2026-01-05T15:56:56.318152,ok
208704,1462859-8,21,1,2026-01-05T15:56:56.318152,ok
208705,1470508-1,21,1,2026-01-05T15:56:56.318152,ok
208706,1475345-4,21,1,2026-01-05T15:56:56.318152,ok
208707,1456906-5,21,1,2026-01-05T15:56:56.318152,ok
208708,1443859-6,21,1,2026-01-05T15:56:56.318152,ok
208709,1460659-0,21,1,2026-01-05T15:56:56.318152,ok
208710,1450046-0,21,1,2026-01-05T15:56:56.318152,ok
208711,1468826-3,21,1,2026-01-05T15:56:56.318152,ok
208712,1466906-8,21,1,2026-01-05T15:56:56.318152,ok
208713,1448165-9,21,1,2026-01-05T15:56:56.318152,ok
208714,1422621-2,21,1,2026-01-05T15:56:56.318152,ok
208715,1417867-5,21,1,2026-01-05T15:56:56.318152,ok
208716,1416050-6,21,1,2026-01-05T15:56:56.318152,ok
208717,1415657-1,21,1,2026-01-05T15:56:56.318152,ok
208718,143837-3,21,1,2026-01-05T15:56:56.318152,ok
208719,1431877-3,21,1,2026-01-05T15:56:56.318152,ok
208720,1394528-3,21,1,2026-01-05T15:56:56.318152,ok
208721,1441784-6,21,1,2026-01-05T15:56:56.318152,ok
208722,1417698-0,21,1,2026-01-05T15:56:56.318152,ok
208723,1389970-4,21,1,2026-01-05T15:56:56.318152,ok
208724,1456748-3,21,1,2026-01-05T15:56:56.318152,ok
208725,1454730-3,21,1,2026-01-05T15:56:56.318152,ok
208726,1312600-8,21,1,2026-01-05T15:56:56.318152,ok
208727,1466664-5,21,1,2026-01-05T15:56:56.318152,ok
208728,1458765-2,21,1,2026-01-05T15:56:56.318152,ok
208729,1459461-3,21,1,2026-01-05T15:56:56.318152,ok
208730,1410498-2,21,1,2026-01-05T15:56:56.318152,ok
208731,1418720-1,21,1,2026-01-05T15:56:56.318152,ok
208732,1427590-2,21,1,2026-01-05T15:56:56.318152,ok
208733,1430130-1,21,1,2026-01-05T15:56:56.318152,ok
208734,1454808-6,21,1,2026-01-05T15:56:56.318152,ok
208735,1394106-7,23,1,2026-01-05T15:56:56.318152,ok
208736,1217434-2,23,1,2026-01-05T15:56:56.318152,ok
208737,1219583-8,23,1,2026-01-05T15:56:56.318152,ok
208738,859449-4,23,1,2026-01-05T15:56:56.318152,ok
208739,1462965-1,23,1,2026-01-05T15:56:56.318152,ok
208740,1465641-8,23,1,2026-01-05T15:56:56.318152,ok
208741,1452703-8,23,1,2026-01-05T15:56:56.318152,ok
208742,1264107-3,23,1,2026-01-05T15:56:56.318152,ok
208743,1453344-3,23,1,2026-01-05T15:56:56.318152,ok
208744,1202007-2,23,1,2026-01-05T15:56:56.318152,ok
208745,1431240-6,23,1,2026-01-05T15:56:56.318152,ok
208746,1198309-0,23,1,2026-01-05T15:56:56.318152,ok
208747,1473461-5,23,1,2026-01-05T15:56:56.318152,ok
208748,1467580-8,23,1,2026-01-05T15:56:56.318152,ok
208749,1374069-3,23,1,2026-01-05T15:56:56.318152,ok
208750,1443913-5,23,1,2026-01-05T15:56:56.318152,ok
208751,1267934-2,23,1,2026-01-05T15:56:56.318152,ok
208752,1319115-2,23,1,2026-01-05T15:56:56.318152,ok
208753,1453083-5,23,1,2026-01-05T15:56:56.318152,ok
208754,1409316-8,23,1,2026-01-05T15:56:56.318152,ok
208755,1314412-6,23,1,2026-01-05T15:56:56.318152,ok
208756,1456682-0,23,1,2026-01-05T15:56:56.318152,ok
208757,1446440-9,23,1,2026-01-05T15:56:56.318152,ok
208758,1450270-6,23,1,2026-01-05T15:56:56.318152,ok
208759,1215957-2,23,1,2026-01-05T15:56:56.318152,ok
208760,1448222-9,23,1,2026-01-05T15:56:56.318152,ok
208761,1451711-6,23,1,2026-01-05T15:56:56.318152,ok
208762,1405027-0,23,1,2026-01-05T15:56:56.318152,ok
208763,1460886-7,23,1,2026-01-05T15:56:56.318152,ok
208764,1431828-0,23,1,2026-01-05T15:56:56.318152,ok
208765,1425535-3,23,1,2026-01-05T15:56:56.318152,ok
208766,1405639-0,23,1,2026-01-05T15:56:56.318152,ok
208767,1465199-9,23,1,2026-01-05T15:56:56.318152,ok
208768,1464390-2,23,1,2026-01-05T15:56:56.318152,ok
208769,1452544-9,23,1,2026-01-05T15:56:56.318152,ok
208770,1454136-5,23,1,2026-01-05T15:56:56.318152,ok
208771,1461816-9,23,1,2026-01-05T15:56:56.318152,ok
208772,1462899-2,23,1,2026-01-05T15:56:56.318152,ok
208773,1462805-0,23,1,2026-01-05T15:56:56.318152,ok
208774,1449387-9,23,1,2026-01-05T15:56:56.318152,ok
208775,1459897-3,23,1,2026-01-05T15:56:56.318152,ok
208776,1460394-4,23,1,2026-01-05T15:56:56.318152,ok
208777,1424003-2,23,1,2026-01-05T15:56:56.318152,ok
208778,1457019-1,23,1,2026-01-05T15:56:56.318152,ok
208779,1457722-3,23,1,2026-01-05T15:56:56.318152,ok
208780,1456124-3,23,1,2026-01-05T15:56:56.318152,ok
208781,1455827-5,23,1,2026-01-05T15:56:56.318152,ok
208782,1452525-4,22,1,2026-01-05T15:56:56.318152,ok
208783,1461337-3,22,1,2026-01-05T15:56:56.318152,ok
208784,1453560-7,22,1,2026-01-05T15:56:56.318152,ok
208785,1433221-9,22,1,2026-01-05T15:56:56.318152,ok
208786,1405950-4,22,1,2026-01-05T15:56:56.318152,ok
208787,1430006-0,22,1,2026-01-05T15:56:56.318152,ok
208788,1426412-9,22,1,2026-01-05T15:56:56.318152,ok
208789,1401994-0,22,1,2026-01-05T15:56:56.318152,ok
208790,1234906-7,22,1,2026-01-05T15:56:56.318152,ok
208791,1461347-9,22,1,2026-01-05T15:56:56.318152,ok
208792,1290358-3,22,1,2026-01-05T15:56:56.318152,ok
208793,1460514-6,22,1,2026-01-05T15:56:56.318152,ok
208794,1466465-2,22,1,2026-01-05T15:56:56.318152,ok
208795,1446617-0,22,1,2026-01-05T15:56:56.318152,ok
208796,1423452-1,22,1,2026-01-05T15:56:56.318152,ok
208797,1446503-1,22,1,2026-01-05T15:56:56.318152,ok
208798,1450506-1,22,1,2026-01-05T15:56:56.318152,ok
208799,978829-6,22,1,2026-01-05T15:56:56.318152,ok
208800,1462592-8,22,1,2026-01-05T15:56:56.318152,ok
208801,1400457-8,22,1,2026-01-05T15:56:56.318152,ok
208802,1445725-3,22,1,2026-01-05T15:56:56.318152,ok
208803,1450432-6,22,1,2026-01-05T15:56:56.318152,ok
208804,1446743-5,22,1,2026-01-05T15:56:56.318152,ok
208805,1454379-0,22,1,2026-01-05T15:56:56.318152,ok
208806,1188736-4,22,1,2026-01-05T15:56:56.318152,ok
208807,1324247-2,22,1,2026-01-05T15:56:56.318152,ok
208808,1339173-0,22,1,2026-01-05T15:56:56.318152,ok
208809,1433681-5,22,1,2026-01-05T15:56:56.318152,ok
208810,1459270-2,22,1,2026-01-05T15:56:56.318152,ok
208811,1428587-9,22,1,2026-01-05T15:56:56.318152,ok
208812,1455388-3,22,1,2026-01-05T15:56:56.318152,ok
208813,1389152-6,22,1,2026-01-05T15:56:56.318152,ok
208814,1468287-6,22,1,2026-01-05T15:56:56.318152,ok
208815,1441655-0,22,1,2026-01-05T15:56:56.318152,ok
208816,1431832-4,22,1,2026-01-05T15:56:56.318152,ok
208817,1461413-8,22,1,2026-01-05T15:56:56.318152,ok
208818,1425550-0,22,1,2026-01-05T15:56:56.318152,ok
208819,1453550-1,22,1,2026-01-05T15:56:56.318152,ok
208820,1246536-6,22,1,2026-01-05T15:56:56.318152,ok
208821,1418846-0,22,1,2026-01-05T15:56:56.318152,ok
208822,1458319-0,22,1,2026-01-05T15:56:56.318152,ok
208823,1461399-3,22,1,2026-01-05T15:56:56.318152,ok
208824,1431504-5,22,1,2026-01-05T15:56:56.318152,ok
208825,1460027-8,22,1,2026-01-05T15:56:56.318152,ok
208826,1432690-0,22,1,2026-01-05T15:56:56.318152,ok
208827,1449811-0,22,1,2026-01-05T15:56:56.318152,ok
208828,1451560-9,22,1,2026-01-05T15:56:56.318152,ok
208829,1453803-7,22,1,2026-01-05T15:56:56.318152,ok
208830,1454162-5,22,1,2026-01-05T15:56:56.318152,ok
208831,1428474-7,22,1,2026-01-05T15:56:56.318152,ok
208832,1383788-2,24,1,2026-01-05T15:56:56.318152,ok
208833,1454627-1,24,1,2026-01-05T15:56:56.318152,ok
208834,1454931-0,24,1,2026-01-05T15:56:56.318152,ok
208835,1407601-4,24,1,2026-01-05T15:56:56.318152,ok
208836,1465499-4,24,1,2026-01-05T15:56:56.318152,ok
208837,1454416-8,24,1,2026-01-05T15:56:56.318152,ok
208838,1471949-6,24,1,2026-01-05T15:56:56.318152,ok
208839,1454109-8,24,1,2026-01-05T15:56:56.318152,ok
208840,1453400-6,24,1,2026-01-05T15:56:56.318152,ok
208841,1389913-9,24,1,2026-01-05T15:56:56.318152,ok
208842,1469303-9,24,1,2026-01-05T15:56:56.318152,ok
208843,1453339-2,24,1,2026-01-05T15:56:56.318152,ok
208844,1453374-1,24,1,2026-01-05T15:56:56.318152,ok
208845,1445498-1,24,1,2026-01-05T15:56:56.318152,ok
208846,1453267-1,24,1,2026-01-05T15:56:56.318152,ok
208847,1441283-4,24,1,2026-01-05T15:56:56.318152,ok
208848,1473419-1,24,1,2026-01-05T15:56:56.318152,ok
208849,1452283-1,24,1,2026-01-05T15:56:56.318152,ok
208850,1449899-4,24,1,2026-01-05T15:56:56.318152,ok
208851,1418334-5,24,1,2026-01-05T15:56:56.318152,ok
208852,1453157-0,24,1,2026-01-05T15:56:56.318152,ok
208853,1452578-5,24,1,2026-01-05T15:56:56.318152,ok
208854,1414298-8,24,1,2026-01-05T15:56:56.318152,ok
208855,1445053-2,24,1,2026-01-05T15:56:56.318152,ok
208856,1445575-3,24,1,2026-01-05T15:56:56.318152,ok
208857,1449329-7,24,1,2026-01-05T15:56:56.318152,ok
208858,1444116-0,24,1,2026-01-05T15:56:56.318152,ok
208859,1407640-1,24,1,2026-01-05T15:56:56.318152,ok
208860,1443433-2,24,1,2026-01-05T15:56:56.318152,ok
208861,1444056-9,24,1,2026-01-05T15:56:56.318152,ok
208862,1442732-6,24,1,2026-01-05T15:56:56.318152,ok
208863,1442527-5,24,1,2026-01-05T15:56:56.318152,ok
208864,1407606-9,24,1,2026-01-05T15:56:56.318152,ok
208865,1442761-7,24,1,2026-01-05T15:56:56.318152,ok
208866,1439129-4,24,1,2026-01-05T15:56:56.318152,ok
208867,1440815-2,24,1,2026-01-05T15:56:56.318152,ok
208868,1440342-4,24,1,2026-01-05T15:56:56.318152,ok
208869,1439785-2,24,1,2026-01-05T15:56:56.318152,ok
208870,1438913-2,24,1,2026-01-05T15:56:56.318152,ok
208871,1439146-5,24,1,2026-01-05T15:56:56.318152,ok
208872,1436745-6,24,1,2026-01-05T15:56:56.318152,ok
208873,1435986-3,24,1,2026-01-05T15:56:56.318152,ok
208874,1435366-1,24,1,2026-01-05T15:56:56.318152,ok
208875,1435087-5,24,1,2026-01-05T15:56:56.318152,ok
208876,1433201-7,24,1,2026-01-05T15:56:56.318152,ok
208877,1432055-1,24,1,2026-01-05T15:56:56.318152,ok
208878,1431582-9,24,1,2026-01-05T15:56:56.318152,ok
208879,1433615-1,24,1,2026-01-05T15:56:56.318152,ok
208880,1430879-3,24,1,2026-01-05T15:56:56.318152,ok
208881,1430698-8,24,1,2026-01-05T15:56:56.318152,ok
208882,1477163-0,25,1,2026-01-05T15:56:56.318152,ok
208883,1429478-9,25,1,2026-01-05T15:56:56.318152,ok
208884,1429502-0,25,1,2026-01-05T15:56:56.318152,ok
208885,1429491-2,25,1,2026-01-05T15:56:56.318152,ok
208886,1428955-7,25,1,2026-01-05T15:56:56.318152,ok
208887,1458391-2,25,1,2026-01-05T15:56:56.318152,ok
208888,1428132-4,25,1,2026-01-05T15:56:56.318152,ok
208889,1482615-2,25,1,2026-01-05T15:56:56.318152,ok
208890,1427849-0,25,1,2026-01-05T15:56:56.318152,ok
208891,1427091-4,25,1,2026-01-05T15:56:56.318152,ok
208892,1425605-0,25,1,2026-01-05T15:56:56.318152,ok
208893,1425489-6,25,1,2026-01-05T15:56:56.318152,ok
208894,1424027-2,25,1,2026-01-05T15:56:56.318152,ok
208895,1424206-3,25,1,2026-01-05T15:56:56.318152,ok
208896,1423862-7,25,1,2026-01-05T15:56:56.318152,ok
208897,1421542-2,25,1,2026-01-05T15:56:56.318152,ok
208898,1421015-0,25,1,2026-01-05T15:56:56.318152,ok
208899,1421336-4,25,1,2026-01-05T15:56:56.318152,ok
208900,1420460-1,25,1,2026-01-05T15:56:56.318152,ok
208901,1417266-8,25,1,2026-01-05T15:56:56.318152,ok
208902,1418642-2,25,1,2026-01-05T15:56:56.318152,ok
208903,1417202-4,25,1,2026-01-05T15:56:56.318152,ok
208904,1415620-4,25,1,2026-01-05T15:56:56.318152,ok
208905,1416600-6,25,1,2026-01-05T15:56:56.318152,ok
208906,1416547-4,25,1,2026-01-05T15:56:56.318152,ok
208907,1415602-6,25,1,2026-01-05T15:56:56.318152,ok
208908,1415520-9,25,1,2026-01-05T15:56:56.318152,ok
208909,1415239-3,25,1,2026-01-05T15:56:56.318152,ok
208910,1414645-7,25,1,2026-01-05T15:56:56.318152,ok
208911,1414565-4,25,1,2026-01-05T15:56:56.318152,ok
208912,1414111-6,25,1,2026-01-05T15:56:56.318152,ok
208913,1412897-3,25,1,2026-01-05T15:56:56.318152,ok
208914,1413458-0,25,1,2026-01-05T15:56:56.318152,ok
208915,1412889-1,25,1,2026-01-05T15:56:56.318152,ok
208916,1412759-8,25,1,2026-01-05T15:56:56.318152,ok
208917,1411630-4,25,1,2026-01-05T15:56:56.318152,ok
208918,1410806-4,25,1,2026-01-05T15:56:56.318152,ok
208919,1410746-3,25,1,2026-01-05T15:56:56.318152,ok
208920,1411046-2,25,1,2026-01-05T15:56:56.318152,ok
208921,1410227-3,25,1,2026-01-05T15:56:56.318152,ok
208922,1410364-1,25,1,2026-01-05T15:56:56.318152,ok
208923,1409557-9,25,1,2026-01-05T15:56:56.318152,ok
208924,1408268-3,25,1,2026-01-05T15:56:56.318152,ok
208925,1409424-5,25,1,2026-01-05T15:56:56.318152,ok
208926,1405350-4,25,1,2026-01-05T15:56:56.318152,ok
208927,1404777-1,25,1,2026-01-05T15:56:56.318152,ok
208928,1408107-5,25,1,2026-01-05T15:56:56.318152,ok
208929,1406423-6,25,1,2026-01-05T15:56:56.318152,ok
208930,1482608-7,25,1,2026-01-05T15:56:56.318152,ok
208931,1451277-9,26,1,2026-01-05T15:56:56.318152,ok
208932,1403632-3,26,1,2026-01-05T15:56:56.318152,ok
208933,1442923-7,26,1,2026-01-05T15:56:56.318152,ok
208934,1404457-4,26,1,2026-01-05T15:56:56.318152,ok
208935,1403990-0,26,1,2026-01-05T15:56:56.318152,ok
208936,1400532-6,26,1,2026-01-05T15:56:56.318152,ok
208937,1397927-8,26,1,2026-01-05T15:56:56.318152,ok
208938,1443090-7,26,1,2026-01-05T15:56:56.318152,ok
208939,1402710-8,26,1,2026-01-05T15:56:56.318152,ok
208940,1403273-4,26,1,2026-01-05T15:56:56.318152,ok
208941,1387121-3,26,1,2026-01-05T15:56:56.318152,ok
208942,1393235-9,26,1,2026-01-05T15:56:56.318152,ok
208943,1387638-3,26,1,2026-01-05T15:56:56.318152,ok
208944,1387141-5,26,1,2026-01-05T15:56:56.318152,ok
208945,1393002-0,26,1,2026-01-05T15:56:56.318152,ok
208946,1386364-4,26,1,2026-01-05T15:56:56.318152,ok
208947,1381623-8,26,1,2026-01-05T15:56:56.318152,ok
208948,1383984-4,26,1,2026-01-05T15:56:56.318152,ok
208949,1461284-7,26,1,2026-01-05T15:56:56.318152,ok
208950,1380985-9,26,1,2026-01-05T15:56:56.318152,ok
208951,1380124-6,26,1,2026-01-05T15:56:56.318152,ok
208952,1483111-3,26,1,2026-01-05T15:56:56.318152,ok
208953,1453260-2,26,1,2026-01-05T15:56:56.318152,ok
208954,1380555-1,26,1,2026-01-05T15:56:56.318152,ok
208955,1379325-6,26,1,2026-01-05T15:56:56.318152,ok
208956,1377677-7,26,1,2026-01-05T15:56:56.318152,ok
208957,1462227-6,26,1,2026-01-05T15:56:56.318152,ok
208958,1448401-0,26,1,2026-01-05T15:56:56.318152,ok
208959,1455617-9,26,1,2026-01-05T15:56:56.318152,ok
208960,1353564-3,26,1,2026-01-05T15:56:56.318152,ok
208961,1352983-4,26,1,2026-01-05T15:56:56.318152,ok
208962,1353218-6,26,1,2026-01-05T15:56:56.318152,ok
208963,1350721-6,26,1,2026-01-05T15:56:56.318152,ok
208964,1352758-1,26,1,2026-01-05T15:56:56.318152,ok
208965,1346134-4,26,1,2026-01-05T15:56:56.318152,ok
208966,1345272-5,26,1,2026-01-05T15:56:56.318152,ok
208967,1452109-0,26,1,2026-01-05T15:56:56.318152,ok
208968,1350279-7,26,1,2026-01-05T15:56:56.318152,ok
208969,1348531-1,26,1,2026-01-05T15:56:56.318152,ok
208970,1343788-0,26,1,2026-01-05T15:56:56.318152,ok
208971,1344952-4,26,1,2026-01-05T15:56:56.318152,ok
208972,1343819-0,26,1,2026-01-05T15:56:56.318152,ok
208973,1344939-1,26,1,2026-01-05T15:56:56.318152,ok
208974,1345077-0,26,1,2026-01-05T15:56:56.318152,ok
208975,1341529-3,26,1,2026-01-05T15:56:56.318152,ok
208976,1446271-4,26,1,2026-01-05T15:56:56.318152,ok
208977,1341741-9,26,1,2026-01-05T15:56:56.318152,ok
208978,1311173-2,26,1,2026-01-05T15:56:56.318152,ok
208979,1328540-4,26,1,2026-01-05T15:56:56.318152,ok
208980,1455637-1,26,1,2026-01-05T15:56:56.318152,ok
208981,1243972-0,27,1,2026-01-05T15:56:56.318152,ok
208982,1401329-3,27,1,2026-01-05T15:56:56.318152,ok
208983,1422003-4,27,1,2026-01-05T15:56:56.318152,ok
208984,1181097-4,27,1,2026-01-05T15:56:56.318152,ok
208985,1204398-6,27,1,2026-01-05T15:56:56.318152,ok
208986,1271323-8,27,1,2026-01-05T15:56:56.318152,ok
208987,1342578-0,27,1,2026-01-05T15:56:56.318152,ok
208988,1339103-8,27,1,2026-01-05T15:56:56.318152,ok
208989,1415610-8,27,1,2026-01-05T15:56:56.318152,ok
208990,1304985-1,27,1,2026-01-05T15:56:56.318152,ok
208991,1143813-4,27,1,2026-01-05T15:56:56.318152,ok
208992,1337566-7,27,1,2026-01-05T15:56:56.318152,ok
208993,1461674-1,27,1,2026-01-05T15:56:56.318152,ok
208994,1428744-4,27,1,2026-01-05T15:56:56.318152,ok
208995,1457322-3,27,1,2026-01-05T15:56:56.318152,ok
208996,1438539-6,27,1,2026-01-05T15:56:56.318152,ok
208997,1460334-8,27,1,2026-01-05T15:56:56.318152,ok
208998,1443353-9,27,1,2026-01-05T15:56:56.318152,ok
208999,1450202-8,27,1,2026-01-05T15:56:56.318152,ok
209000,1457060-8,27,1,2026-01-05T15:56:56.318152,ok
0,N/A,56,0,2026-01-05T16:02:27.961928,ignorado
0,N/A,56,0,2026-01-05T16:02:27.961935,ignorado
0,N/A,56,0,2026-01-05T16:02:27.961943,ignorado
0,N/A,56,0,2026-01-05T16:02:27.961949,ignorado
0,N/A,56,0,2026-01-05T16:02:27.961955,ignorado
0,N/A,56,0,2026-01-05T16:02:27.961961,ignorado
0,N/A,56,0,2026-01-05T16:02:27.961966,ignorado
0,N/A,56,0,2026-01-05T16:02:27.961972,ignorado
0,N/A,56,0,2026-01-05T16:02:27.961978,ignorado
0,N/A,56,0,2026-01-05T16:02:27.961984,ignorado
0,N/A,56,0,2026-01-05T16:02:27.961989,ignorado
0,N/A,56,0,2026-01-05T16:02:27.961995,ignorado
0,N/A,56,0,2026-01-05T16:02:27.962001,ignorado
0,N/A,56,0,2026-01-05T16:02:27.962006,ignorado
0,N/A,56,0,2026-01-05T16:02:27.962011,ignorado
0,N/A,56,0,2026-01-05T16:02:27.962017,ignorado
0,N/A,56,0,2026-01-05T16:02:27.962023,ignorado
0,N/A,56,0,2026-01-05T16:02:27.962028,ignorado
0,N/A,56,0,2026-01-05T16:02:27.962034,ignorado
0,N/A,56,0,2026-01-05T16:02:27.962039,ignorado
0,N/A,48,0,2026-01-05T16:02:28.405703,ignorado
0,N/A,48,0,2026-01-05T16:02:28.405714,ignorado
0,N/A,48,0,2026-01-05T16:02:28.405723,ignorado
0,N/A,47,0,2026-01-05T16:02:29.828598,ignorado
0,N/A,47,0,2026-01-05T16:02:29.828646,ignorado
0,N/A,57,0,2026-01-05T16:02:29.897076,ignorado
0,N/A,57,0,2026-01-05T16:02:29.897125,ignorado
0,N/A,57,0,2026-01-05T16:02:29.897136,ignorado
0,N/A,57,0,2026-01-05T16:02:29.897145,ignorado
0,N/A,57,0,2026-01-05T16:02:29.897153,ignorado
0,N/A,57,0,2026-01-05T16:02:29.897160,ignorado
0,N/A,57,0,2026-01-05T16:02:29.897168,ignorado
0,N/A,57,0,2026-01-05T16:02:29.897174,ignorado
0,N/A,57,0,2026-01-05T16:02:29.897181,ignorado
0,N/A,57,0,2026-01-05T16:02:29.897188,ignorado
0,N/A,57,0,2026-01-05T16:02:29.897195,ignorado
0,N/A,57,0,2026-01-05T16:02:29.897202,ignorado
0,N/A,57,0,2026-01-05T16:02:29.897208,ignorado
0,N/A,57,0,2026-01-05T16:02:29.897214,ignorado
0,N/A,57,0,2026-01-05T16:02:29.897221,ignorado
0,N/A,57,0,2026-01-05T16:02:29.897246,ignorado
0,N/A,57,0,2026-01-05T16:02:29.897280,ignorado
0,N/A,57,0,2026-01-05T16:02:29.897296,ignorado
0,N/A,57,0,2026-01-05T16:02:29.897311,ignorado
0,N/A,57,0,2026-01-05T16:02:29.897330,ignorado
0,N/A,57,0,2026-01-05T16:02:29.897346,ignorado
0,N/A,57,0,2026-01-05T16:02:29.897361,ignorado
0,N/A,52,0,2026-01-05T16:02:31.303713,ignorado
0,N/A,52,0,2026-01-05T16:02:31.303783,ignorado
0,N/A,52,0,2026-01-05T16:02:31.303791,ignorado
0,N/A,52,0,2026-01-05T16:02:31.303798,ignorado
0,N/A,52,0,2026-01-05T16:02:31.303806,ignorado
0,N/A,52,0,2026-01-05T16:02:31.303812,ignorado
0,1460961-5,52,0,2026-01-05T16:02:31.303848,ignorado
0,1474254-4,52,0,2026-01-05T16:02:31.303853,ignorado
0,1471381-4,52,0,2026-01-05T16:02:31.303859,ignorado
0,N/A,52,0,2026-01-05T16:02:31.303864,ignorado
0,N/A,52,0,2026-01-05T16:02:31.303893,ignorado
0,1426085-2,52,0,2026-01-05T16:02:31.303920,ignorado
0,N/A,53,0,2026-01-05T16:02:31.481441,ignorado
0,N/A,53,0,2026-01-05T16:02:31.481512,ignorado
0,N/A,53,0,2026-01-05T16:02:31.481584,ignorado
0,N/A,51,0,2026-01-05T16:02:32.629593,ignorado
0,N/A,51,0,2026-01-05T16:02:32.629599,ignorado
0,N/A,51,0,2026-01-05T16:02:32.629722,ignorado
0,N/A,51,0,2026-01-05T16:02:32.629742,ignorado
0,N/A,59,0,2026-01-05T16:02:32.657027,ignorado
0,N/A,59,0,2026-01-05T16:02:32.657041,ignorado
0,N/A,59,0,2026-01-05T16:02:32.657053,ignorado
0,N/A,59,0,2026-01-05T16:02:32.657074,ignorado
0,N/A,59,0,2026-01-05T16:02:32.657089,ignorado
0,N/A,59,0,2026-01-05T16:02:32.657111,ignorado
0,N/A,59,0,2026-01-05T16:02:32.657121,ignorado
0,N/A,64,0,2026-01-05T16:02:33.270110,ignorado
0,N/A,64,0,2026-01-05T16:02:33.270217,ignorado
0,1336459-3,64,0,2026-01-05T16:02:33.270223,ignorado
0,N/A,61,0,2026-01-05T16:02:33.631990,ignorado
0,N/A,61,0,2026-01-05T16:02:33.632048,ignorado
0,N/A,61,0,2026-01-05T16:02:33.632054,ignorado
0,N/A,61,0,2026-01-05T16:02:33.632072,ignorado
0,N/A,61,0,2026-01-05T16:02:33.632077,ignorado
0,N/A,61,0,2026-01-05T16:02:33.632132,ignorado
0,N/A,61,0,2026-01-05T16:02:33.632137,ignorado
0,N/A,61,0,2026-01-05T16:02:33.632173,ignorado
0,N/A,61,0,2026-01-05T16:02:33.632177,ignorado
0,N/A,61,0,2026-01-05T16:02:33.632181,ignorado
0,N/A,61,0,2026-01-05T16:02:33.632186,ignorado
0,N/A,61,0,2026-01-05T16:02:33.632190,ignorado
0,N/A,61,0,2026-01-05T16:02:33.632195,ignorado
0,N/A,61,0,2026-01-05T16:02:33.632199,ignorado
0,N/A,61,0,2026-01-05T16:02:33.632203,ignorado
0,N/A,61,0,2026-01-05T16:02:33.632207,ignorado
0,N/A,61,0,2026-01-05T16:02:33.632211,ignorado
0,N/A,61,0,2026-01-05T16:02:33.632215,ignorado
0,N/A,61,0,2026-01-05T16:02:33.632219,ignorado
0,N/A,61,0,2026-01-05T16:02:33.632227,ignorado
0,N/A,61,0,2026-01-05T16:02:33.632231,ignorado
0,N/A,61,0,2026-01-05T16:02:33.632235,ignorado
0,N/A,61,0,2026-01-05T16:02:33.632238,ignorado
0,N/A,61,0,2026-01-05T16:02:33.632242,ignorado
0,N/A,62,0,2026-01-05T16:02:34.531633,ignorado
0,N/A,62,0,2026-01-05T16:02:34.531674,ignorado
0,N/A,62,0,2026-01-05T16:02:34.531683,ignorado
0,N/A,62,0,2026-01-05T16:02:34.531688,ignorado
0,N/A,62,0,2026-01-05T16:02:34.531700,ignorado
0,N/A,62,0,2026-01-05T16:02:34.531728,ignorado
0,1458396-7,62,0,2026-01-05T16:02:34.531741,ignorado
0,N/A,62,0,2026-01-05T16:02:34.531841,ignorado
0,N/A,62,0,2026-01-05T16:02:34.531846,ignorado
0,N/A,62,0,2026-01-05T16:02:34.531851,ignorado
0,N/A,62,0,2026-01-05T16:02:34.531861,ignorado
0,N/A,60,0,2026-01-05T16:02:34.746090,ignorado
0,N/A,60,0,2026-01-05T16:02:34.746146,ignorado
0,N/A,60,0,2026-01-05T16:02:34.746160,ignorado
0,N/A,60,0,2026-01-05T16:02:34.746165,ignorado
0,N/A,60,0,2026-01-05T16:02:34.746169,ignorado
0,N/A,60,0,2026-01-05T16:02:34.746173,ignorado
0,N/A,60,0,2026-01-05T16:02:34.746182,ignorado
0,N/A,60,0,2026-01-05T16:02:34.746186,ignorado
0,N/A,60,0,2026-01-05T16:02:34.746225,ignorado
0,N/A,60,0,2026-01-05T16:02:34.746252,ignorado
0,N/A,60,0,2026-01-05T16:02:34.746266,ignorado
0,N/A,60,0,2026-01-05T16:02:34.746270,ignorado
0,N/A,60,0,2026-01-05T16:02:34.746274,ignorado
0,N/A,60,0,2026-01-05T16:02:34.746295,ignorado
0,N/A,60,0,2026-01-05T16:02:34.746302,ignorado
0,N/A,60,0,2026-01-05T16:02:34.746315,ignorado
0,N/A,66,0,2026-01-05T16:02:36.514881,ignorado
0,N/A,63,0,2026-01-05T16:02:36.559339,ignorado
0,N/A,63,0,2026-01-05T16:02:36.559362,ignorado
0,N/A,63,0,2026-01-05T16:02:36.559368,ignorado
0,N/A,63,0,2026-01-05T16:02:36.559374,ignorado
0,N/A,63,0,2026-01-05T16:02:36.559384,ignorado
0,N/A,63,0,2026-01-05T16:02:36.559688,ignorado
0,1485238-7,63,0,2026-01-05T16:02:36.559717,ignorado
0,N/A,63,0,2026-01-05T16:02:36.559731,ignorado
0,N/A,67,0,2026-01-05T16:02:37.313581,ignorado
0,N/A,67,0,2026-01-05T16:02:37.313586,ignorado
0,N/A,67,0,2026-01-05T16:02:37.313596,ignorado
0,N/A,67,0,2026-01-05T16:02:37.313608,ignorado
0,N/A,67,0,2026-01-05T16:02:37.313612,ignorado
0,N/A,67,0,2026-01-05T16:02:37.313648,ignorado
0,N/A,67,0,2026-01-05T16:02:37.313661,ignorado
0,N/A,67,0,2026-01-05T16:02:37.313665,ignorado
0,N/A,67,0,2026-01-05T16:02:37.313670,ignorado
0,N/A,67,0,2026-01-05T16:02:37.313695,ignorado
0,N/A,67,0,2026-01-05T16:02:37.313699,ignorado
0,N/A,67,0,2026-01-05T16:02:37.313703,ignorado
0,N/A,67,0,2026-01-05T16:02:37.313708,ignorado
0,N/A,67,0,2026-01-05T16:02:37.313712,ignorado
0,N/A,67,0,2026-01-05T16:02:37.313716,ignorado
0,N/A,67,0,2026-01-05T16:02:37.313720,ignorado
0,N/A,67,0,2026-01-05T16:02:37.313724,ignorado
0,N/A,67,0,2026-01-05T16:02:37.313728,ignorado
0,N/A,68,0,2026-01-05T16:02:37.952517,ignorado
0,N/A,68,0,2026-01-05T16:02:37.952562,ignorado
0,N/A,68,0,2026-01-05T16:02:37.952572,ignorado
0,N/A,68,0,2026-01-05T16:02:37.952579,ignorado
0,N/A,68,0,2026-01-05T16:02:37.952586,ignorado
0,N/A,68,0,2026-01-05T16:02:37.952593,ignorado
0,N/A,68,0,2026-01-05T16:02:37.952599,ignorado
0,N/A,68,0,2026-01-05T16:02:37.952605,ignorado
0,N/A,68,0,2026-01-05T16:02:37.952619,ignorado
0,N/A,68,0,2026-01-05T16:02:37.952626,ignorado
0,N/A,68,0,2026-01-05T16:02:37.952632,ignorado
0,N/A,68,0,2026-01-05T16:02:37.952638,ignorado
0,N/A,68,0,2026-01-05T16:02:37.952643,ignorado
0,N/A,68,0,2026-01-05T16:02:37.952649,ignorado
0,N/A,68,0,2026-01-05T16:02:37.952654,ignorado
0,N/A,68,0,2026-01-05T16:02:37.952660,ignorado
0,N/A,68,0,2026-01-05T16:02:37.952665,ignorado
0,N/A,68,0,2026-01-05T16:02:37.952671,ignorado
0,N/A,68,0,2026-01-05T16:02:37.952678,ignorado
0,N/A,68,0,2026-01-05T16:02:37.952684,ignorado
0,N/A,68,0,2026-01-05T16:02:37.952689,ignorado
0,N/A,68,0,2026-01-05T16:02:37.952694,ignorado
0,N/A,68,0,2026-01-05T16:02:37.952699,ignorado
0,N/A,68,0,2026-01-05T16:02:37.952705,ignorado
0,N/A,68,0,2026-01-05T16:02:37.952710,ignorado
0,N/A,68,0,2026-01-05T16:02:37.952716,ignorado
0,N/A,68,0,2026-01-05T16:02:37.952721,ignorado
0,N/A,68,0,2026-01-05T16:02:37.952730,ignorado
0,N/A,68,0,2026-01-05T16:02:37.952736,ignorado
0,N/A,68,0,2026-01-05T16:02:37.952741,ignorado
0,N/A,68,0,2026-01-05T16:02:37.952746,ignorado
0,N/A,68,0,2026-01-05T16:02:37.952751,ignorado
0,N/A,68,0,2026-01-05T16:02:37.952756,ignorado
0,N/A,68,0,2026-01-05T16:02:37.952762,ignorado
0,N/A,68,0,2026-01-05T16:02:37.952793,ignorado
0,1374403-5,68,0,2026-01-05T16:02:37.952799,ignorado
0,N/A,70,0,2026-01-05T16:02:38.519189,ignorado
0,N/A,70,0,2026-01-05T16:02:38.519238,ignorado
0,N/A,70,0,2026-01-05T16:02:38.519262,ignorado
0,N/A,70,0,2026-01-05T16:02:38.519267,ignorado
0,N/A,70,0,2026-01-05T16:02:38.519281,ignorado
0,N/A,70,0,2026-01-05T16:02:38.519286,ignorado
0,N/A,70,0,2026-01-05T16:02:38.519290,ignorado
0,N/A,70,0,2026-01-05T16:02:38.519295,ignorado
0,N/A,70,0,2026-01-05T16:02:38.519299,ignorado
0,N/A,70,0,2026-01-05T16:02:38.519303,ignorado
0,N/A,70,0,2026-01-05T16:02:38.519313,ignorado
0,N/A,70,0,2026-01-05T16:02:38.519318,ignorado
0,N/A,70,0,2026-01-05T16:02:38.519322,ignorado
0,N/A,70,0,2026-01-05T16:02:38.519327,ignorado
0,N/A,70,0,2026-01-05T16:02:38.519331,ignorado
0,N/A,70,0,2026-01-05T16:02:38.519335,ignorado
0,N/A,70,0,2026-01-05T16:02:38.519339,ignorado
0,N/A,70,0,2026-01-05T16:02:38.519344,ignorado
0,N/A,70,0,2026-01-05T16:02:38.519348,ignorado
0,N/A,70,0,2026-01-05T16:02:38.519353,ignorado
0,N/A,70,0,2026-01-05T16:02:38.519357,ignorado
0,N/A,70,0,2026-01-05T16:02:38.519412,ignorado
0,N/A,70,0,2026-01-05T16:02:38.519420,ignorado
0,N/A,70,0,2026-01-05T16:02:38.519431,ignorado
0,N/A,70,0,2026-01-05T16:02:38.519435,ignorado
0,N/A,71,0,2026-01-05T16:02:39.237457,ignorado
0,N/A,71,0,2026-01-05T16:02:39.237510,ignorado
0,N/A,71,0,2026-01-05T16:02:39.237521,ignorado
0,N/A,71,0,2026-01-05T16:02:39.237539,ignorado
0,N/A,71,0,2026-01-05T16:02:39.237547,ignorado
0,N/A,71,0,2026-01-05T16:02:39.237555,ignorado
0,N/A,71,0,2026-01-05T16:02:39.237565,ignorado
0,N/A,71,0,2026-01-05T16:02:39.237573,ignorado
0,N/A,71,0,2026-01-05T16:02:39.237582,ignorado
0,N/A,71,0,2026-01-05T16:02:39.237670,ignorado
0,N/A,71,0,2026-01-05T16:02:39.237709,ignorado
0,N/A,71,0,2026-01-05T16:02:39.237714,ignorado
0,N/A,71,0,2026-01-05T16:02:39.237731,ignorado
0,N/A,77,0,2026-01-05T16:02:40.115424,ignorado
0,N/A,77,0,2026-01-05T16:02:40.115429,ignorado
0,N/A,77,0,2026-01-05T16:02:40.115535,ignorado
0,N/A,77,0,2026-01-05T16:02:40.115539,ignorado
0,N/A,69,0,2026-01-05T16:02:40.597251,ignorado
0,N/A,69,0,2026-01-05T16:02:40.597257,ignorado
0,N/A,69,0,2026-01-05T16:02:40.597290,ignorado
0,N/A,69,0,2026-01-05T16:02:40.597295,ignorado
0,N/A,69,0,2026-01-05T16:02:40.597303,ignorado
0,N/A,69,0,2026-01-05T16:02:40.597307,ignorado
0,N/A,69,0,2026-01-05T16:02:40.597319,ignorado
0,N/A,69,0,2026-01-05T16:02:40.597324,ignorado
0,N/A,69,0,2026-01-05T16:02:40.597335,ignorado
0,N/A,69,0,2026-01-05T16:02:40.597339,ignorado
0,N/A,69,0,2026-01-05T16:02:40.597350,ignorado
0,N/A,69,0,2026-01-05T16:02:40.597382,ignorado
0,N/A,69,0,2026-01-05T16:02:40.597389,ignorado
0,N/A,69,0,2026-01-05T16:02:40.597396,ignorado
0,N/A,69,0,2026-01-05T16:02:40.597411,ignorado
0,N/A,69,0,2026-01-05T16:02:40.597415,ignorado
0,N/A,69,0,2026-01-05T16:02:40.597423,ignorado
0,N/A,72,0,2026-01-05T16:02:42.695940,ignorado
0,N/A,72,0,2026-01-05T16:02:42.695965,ignorado
0,N/A,72,0,2026-01-05T16:02:42.695970,ignorado
0,N/A,72,0,2026-01-05T16:02:42.695990,ignorado
0,N/A,72,0,2026-01-05T16:02:42.696002,ignorado
0,N/A,72,0,2026-01-05T16:02:42.696051,ignorado
0,N/A,78,0,2026-01-05T16:02:42.846468,ignorado
0,N/A,78,0,2026-01-05T16:02:42.846474,ignorado
0,N/A,78,0,2026-01-05T16:02:42.846488,ignorado
0,N/A,78,0,2026-01-05T16:02:42.846492,ignorado
0,N/A,78,0,2026-01-05T16:02:42.846513,ignorado
0,N/A,73,0,2026-01-05T16:02:42.880834,ignorado
0,N/A,73,0,2026-01-05T16:02:42.880848,ignorado
0,N/A,73,0,2026-01-05T16:02:42.880901,ignorado
0,N/A,73,0,2026-01-05T16:02:42.880975,ignorado
0,N/A,73,0,2026-01-05T16:02:42.880994,ignorado
0,N/A,73,0,2026-01-05T16:02:42.881002,ignorado
0,N/A,76,0,2026-01-05T16:02:43.136646,ignorado
0,N/A,76,0,2026-01-05T16:02:43.136685,ignorado
0,N/A,76,0,2026-01-05T16:02:43.136693,ignorado
0,N/A,76,0,2026-01-05T16:02:43.136715,ignorado
0,N/A,76,0,2026-01-05T16:02:43.136720,ignorado
0,N/A,76,0,2026-01-05T16:02:43.136725,ignorado
0,N/A,76,0,2026-01-05T16:02:43.136734,ignorado
0,N/A,76,0,2026-01-05T16:02:43.136739,ignorado
0,N/A,76,0,2026-01-05T16:02:43.136743,ignorado
0,N/A,76,0,2026-01-05T16:02:43.136748,ignorado
0,N/A,76,0,2026-01-05T16:02:43.136753,ignorado
0,N/A,76,0,2026-01-05T16:02:43.136758,ignorado
0,N/A,76,0,2026-01-05T16:02:43.136767,ignorado
0,N/A,76,0,2026-01-05T16:02:43.136772,ignorado
0,N/A,76,0,2026-01-05T16:02:43.136776,ignorado
0,N/A,76,0,2026-01-05T16:02:43.136786,ignorado
0,N/A,76,0,2026-01-05T16:02:43.136802,ignorado
0,N/A,76,0,2026-01-05T16:02:43.136806,ignorado
0,N/A,76,0,2026-01-05T16:02:43.136815,ignorado
0,N/A,76,0,2026-01-05T16:02:43.136819,ignorado
0,N/A,76,0,2026-01-05T16:02:43.136824,ignorado
0,N/A,76,0,2026-01-05T16:02:43.136837,ignorado
0,N/A,76,0,2026-01-05T16:02:43.136842,ignorado
0,N/A,76,0,2026-01-05T16:02:43.136847,ignorado
0,N/A,76,0,2026-01-05T16:02:43.136851,ignorado
0,1445748-6,76,0,2026-01-05T16:02:43.136870,ignorado
0,N/A,76,0,2026-01-05T16:02:43.136885,ignorado
0,N/A,76,0,2026-01-05T16:02:43.136889,ignorado
0,N/A,76,0,2026-01-05T16:02:43.136896,ignorado
0,N/A,76,0,2026-01-05T16:02:43.136900,ignorado
0,N/A,75,0,2026-01-05T16:02:43.224822,ignorado
0,N/A,75,0,2026-01-05T16:02:43.224837,ignorado
0,N/A,75,0,2026-01-05T16:02:43.224842,ignorado
0,N/A,75,0,2026-01-05T16:02:43.224862,ignorado
0,N/A,75,0,2026-01-05T16:02:43.224866,ignorado
0,N/A,75,0,2026-01-05T16:02:43.224871,ignorado
0,N/A,75,0,2026-01-05T16:02:43.224875,ignorado
0,N/A,75,0,2026-01-05T16:02:43.224880,ignorado
0,N/A,75,0,2026-01-05T16:02:43.224884,ignorado
0,N/A,75,0,2026-01-05T16:02:43.224911,ignorado
0,N/A,75,0,2026-01-05T16:02:43.224916,ignorado
0,N/A,75,0,2026-01-05T16:02:43.224920,ignorado
0,N/A,75,0,2026-01-05T16:02:43.224925,ignorado
0,N/A,75,0,2026-01-05T16:02:43.224929,ignorado
0,N/A,75,0,2026-01-05T16:02:43.224938,ignorado
0,N/A,74,0,2026-01-05T16:02:43.642945,ignorado
0,N/A,74,0,2026-01-05T16:02:43.642952,ignorado
0,N/A,74,0,2026-01-05T16:02:43.643049,ignorado
0,N/A,74,0,2026-01-05T16:02:43.643061,ignorado
0,N/A,74,0,2026-01-05T16:02:43.643079,ignorado
0,N/A,74,0,2026-01-05T16:02:43.643091,ignorado
0,N/A,74,0,2026-01-05T16:02:43.643095,ignorado
0,N/A,74,0,2026-01-05T16:02:43.643099,ignorado
0,N/A,74,0,2026-01-05T16:02:43.643128,ignorado
0,N/A,81,0,2026-01-05T16:02:45.133512,ignorado
209001,0006714-40.2015.8.16.0030,56,2,2026-01-05T16:02:45.178649,ok
209002,0055517-05.2015.8.16.0014,56,2,2026-01-05T16:02:45.178649,ok
209003,0014010-43.2015.8.16.0021,56,2,2026-01-05T16:02:45.178649,ok
209004,0004770-98.2015.8.16.0160,56,2,2026-01-05T16:02:45.178649,ok
209005,0001550-19.2014.8.16.0131,56,2,2026-01-05T16:02:45.178649,ok
209006,0015751-64.2014.8.16.0018,56,2,2026-01-05T16:02:45.178649,ok
209007,0002098-38.2012.8.16.0188,56,2,2026-01-05T16:02:45.178649,ok
209008,0004886-91.2014.8.16.0014,56,2,2026-01-05T16:02:45.178649,ok
209009,0000002-00.9000.3.18.2504,56,2,2026-01-05T16:02:45.178649,ok
209010,0000002-01.2000.2.08.0905,56,2,2026-01-05T16:02:45.178649,ok
209011,0000002-01.2000.3.99.7103,56,2,2026-01-05T16:02:45.178649,ok
209012,0000002-01.3000.1.48.8002,56,2,2026-01-05T16:02:45.178649,ok
209013,0000002-01.0000.5.63.2402,56,2,2026-01-05T16:02:45.178649,ok
209014,0000002-00.9001.1.43.3201,56,2,2026-01-05T16:02:45.178649,ok
209015,0008949-69.2014.8.16.0044,56,2,2026-01-05T16:02:45.178649,ok
209016,0001521-38.2015.8.16.0129,56,2,2026-01-05T16:02:45.178649,ok
209017,0004467-18.2015.8.16.0182,56,2,2026-01-05T16:02:45.178649,ok
209018,0001391-13.2015.8.16.9000,56,2,2026-01-05T16:02:45.178649,ok
209019,0001226-63.2015.8.16.9000,56,2,2026-01-05T16:02:45.178649,ok
209020,0001000-58.2015.8.16.9000,56,2,2026-01-05T16:02:45.178649,ok
209021,0001173-82.2015.8.16.9000,56,2,2026-01-05T16:02:45.178649,ok
209022,0001182-44.2015.8.16.9000,56,2,2026-01-05T16:02:45.178649,ok
209023,0001198-95.2015.8.16.9000,56,2,2026-01-05T16:02:45.178649,ok
209024,0001205-87.2015.8.16.9000,56,2,2026-01-05T16:02:45.178649,ok
209025,0001222-26.2015.8.16.9000,56,2,2026-01-05T16:02:45.178649,ok
209026,0001186-81.2015.8.16.9000,56,2,2026-01-05T16:02:45.178649,ok
209027,0005298-85.2015.8.16.0014,56,2,2026-01-05T16:02:45.178649,ok
209028,0013243-51.2014.8.16.0017,56,2,2026-01-05T16:02:45.178649,ok
209029,0076771-68.2014.8.16.0014,56,2,2026-01-05T16:02:45.178649,ok
209030,0013603-58.2015.8.16.0014,56,2,2026-01-05T16:02:45.178649,ok
209031,1437575-8,48,2,2026-01-05T16:02:45.178649,ok
209032,1427469-2,48,2,2026-01-05T16:02:45.178649,ok
209033,1365603-6,48,2,2026-01-05T16:02:45.178649,ok
209034,1463118-6,48,2,2026-01-05T16:02:45.178649,ok
209035,1482308-2,48,2,2026-01-05T16:02:45.178649,ok
209036,829297-1,48,2,2026-01-05T16:02:45.178649,ok
209037,1476901-6,48,2,2026-01-05T16:02:45.178649,ok
209038,1422400-3,48,2,2026-01-05T16:02:45.178649,ok
209039,1481905-7,48,2,2026-01-05T16:02:45.178649,ok
209040,1478584-3,48,2,2026-01-05T16:02:45.178649,ok
209041,1481933-1,48,2,2026-01-05T16:02:45.178649,ok
209042,1478203-3,48,2,2026-01-05T16:02:45.178649,ok
209043,1481276-1,48,2,2026-01-05T16:02:45.178649,ok
209044,1476344-1,48,2,2026-01-05T16:02:45.178649,ok
209045,1479730-9,48,2,2026-01-05T16:02:45.178649,ok
209046,1362763-5,48,2,2026-01-05T16:02:45.178649,ok
209047,1424939-7,48,2,2026-01-05T16:02:45.178649,ok
209048,1434450-4,48,2,2026-01-05T16:02:45.178649,ok
209049,1393608-2,48,2,2026-01-05T16:02:45.178649,ok
209050,1361775-1,48,2,2026-01-05T16:02:45.178649,ok
209051,1449269-6,48,2,2026-01-05T16:02:45.178649,ok
209052,1388758-4,48,2,2026-01-05T16:02:45.178649,ok
209053,1396264-2,48,2,2026-01-05T16:02:45.178649,ok
209054,1464345-7,48,2,2026-01-05T16:02:45.178649,ok
209055,1471092-2,48,2,2026-01-05T16:02:45.178649,ok
209056,1454758-1,48,2,2026-01-05T16:02:45.178649,ok
209057,1469952-2,48,2,2026-01-05T16:02:45.178649,ok
209058,1386431-0,48,2,2026-01-05T16:02:45.178649,ok
209059,1415329-2,48,2,2026-01-05T16:02:45.178649,ok
209060,1414412-8,48,2,2026-01-05T16:02:45.178649,ok
209061,1464175-5,47,2,2026-01-05T16:02:45.178649,ok
209062,1461268-3,47,2,2026-01-05T16:02:45.178649,ok
209063,1471076-8,47,2,2026-01-05T16:02:45.178649,ok
209064,1430086-8,47,2,2026-01-05T16:02:45.178649,ok
209065,1465476-1,47,2,2026-01-05T16:02:45.178649,ok
209066,1478073-5,47,2,2026-01-05T16:02:45.178649,ok
209067,1434864-8,47,2,2026-01-05T16:02:45.178649,ok
209068,1470594-7,47,2,2026-01-05T16:02:45.178649,ok
209069,1463980-2,47,2,2026-01-05T16:02:45.178649,ok
209070,1463068-1,47,2,2026-01-05T16:02:45.178649,ok
209071,1451394-5,47,2,2026-01-05T16:02:45.178649,ok
209072,1481806-9,47,2,2026-01-05T16:02:45.178649,ok
209073,1481912-2,47,2,2026-01-05T16:02:45.178649,ok
209074,1452286-2,47,2,2026-01-05T16:02:45.178649,ok
209075,1469104-6,47,2,2026-01-05T16:02:45.178649,ok
209076,1472308-9,47,2,2026-01-05T16:02:45.178649,ok
209077,1468555-9,47,2,2026-01-05T16:02:45.178649,ok
209078,1471447-7,47,2,2026-01-05T16:02:45.178649,ok
209079,1467193-5,47,2,2026-01-05T16:02:45.178649,ok
209080,1459251-7,47,2,2026-01-05T16:02:45.178649,ok
209081,1466352-0,47,2,2026-01-05T16:02:45.178649,ok
209082,1464787-5,47,2,2026-01-05T16:02:45.178649,ok
209083,1468546-0,47,2,2026-01-05T16:02:45.178649,ok
209084,1466323-9,47,2,2026-01-05T16:02:45.178649,ok
209085,1467175-7,47,2,2026-01-05T16:02:45.178649,ok
209086,1283849-8,47,2,2026-01-05T16:02:45.178649,ok
209087,1464961-1,47,2,2026-01-05T16:02:45.178649,ok
209088,1462605-0,47,2,2026-01-05T16:02:45.178649,ok
209089,1470963-2,47,2,2026-01-05T16:02:45.178649,ok
209090,1464359-1,47,2,2026-01-05T16:02:45.178649,ok
209091,1466434-7,47,2,2026-01-05T16:02:45.178649,ok
209092,1459069-9,47,2,2026-01-05T16:02:45.178649,ok
209093,1444685-0,47,2,2026-01-05T16:02:45.178649,ok
209094,655436-7,47,2,2026-01-05T16:02:45.178649,ok
209095,1452371-6,47,2,2026-01-05T16:02:45.178649,ok
209096,1452119-6,47,2,2026-01-05T16:02:45.178649,ok
209097,1451434-4,47,2,2026-01-05T16:02:45.178649,ok
209098,1452186-7,47,2,2026-01-05T16:02:45.178649,ok
209099,1464372-4,47,2,2026-01-05T16:02:45.178649,ok
209100,1479738-5,47,2,2026-01-05T16:02:45.178649,ok
209101,1476433-3,47,2,2026-01-05T16:02:45.178649,ok
209102,1482535-9,47,2,2026-01-05T16:02:45.178649,ok
209103,1480608-9,47,2,2026-01-05T16:02:45.178649,ok
209104,1452429-7,47,2,2026-01-05T16:02:45.178649,ok
209105,1450068-6,47,2,2026-01-05T16:02:45.178649,ok
209106,1481709-5,47,2,2026-01-05T16:02:45.178649,ok
209107,1413147-2,47,2,2026-01-05T16:02:45.178649,ok
209108,1424505-1,47,2,2026-01-05T16:02:45.178649,ok
209109,0002050-22.2015.8.16.9000,57,2,2026-01-05T16:02:45.178649,ok
209110,0004468-54.2015.8.16.0165,57,2,2026-01-05T16:02:45.178649,ok
209111,0002767-02.2013.8.16.0077,57,2,2026-01-05T16:02:45.178649,ok
209112,0006285-24.2015.8.16.0014,57,2,2026-01-05T16:02:45.178649,ok
209113,0002152-44.2015.8.16.9000,57,2,2026-01-05T16:02:45.178649,ok
209114,1426194-6,57,2,2026-01-05T16:02:45.178649,ok
209115,1423317-7,57,2,2026-01-05T16:02:45.178649,ok
209116,1428468-9,57,2,2026-01-05T16:02:45.178649,ok
209117,1412595-4,57,2,2026-01-05T16:02:45.178649,ok
209118,1132891-1,57,2,2026-01-05T16:02:45.178649,ok
209119,1085736-0,57,2,2026-01-05T16:02:45.178649,ok
209120,1360795-9,57,2,2026-01-05T16:02:45.178649,ok
209121,1357679-5,57,2,2026-01-05T16:02:45.178649,ok
209122,1400506-6,57,2,2026-01-05T16:02:45.178649,ok
209123,1414667-3,57,2,2026-01-05T16:02:45.178649,ok
209124,1284928-8,57,2,2026-01-05T16:02:45.178649,ok
209125,1417786-5,57,2,2026-01-05T16:02:45.178649,ok
209126,1428915-3,57,2,2026-01-05T16:02:45.178649,ok
209127,1433709-8,57,2,2026-01-05T16:02:45.178649,ok
209128,1419016-6,57,2,2026-01-05T16:02:45.178649,ok
209129,1365178-8,57,2,2026-01-05T16:02:45.178649,ok
209130,1436905-2,57,2,2026-01-05T16:02:45.178649,ok
209131,1354445-7,57,2,2026-01-05T16:02:45.178649,ok
209132,1437469-5,57,2,2026-01-05T16:02:45.178649,ok
209133,1348457-0,57,2,2026-01-05T16:02:45.178649,ok
209134,1344424-5,57,2,2026-01-05T16:02:45.178649,ok
209135,1437743-6,57,2,2026-01-05T16:02:45.178649,ok
209136,1335774-1,57,2,2026-01-05T16:02:45.178649,ok
209137,0005861-29.2015.8.16.0160,54,2,2026-01-05T16:02:45.178649,ok
209138,0012548-15.2015.8.16.0130,54,2,2026-01-05T16:02:45.178649,ok
209139,0035232-15.2011.8.16.0019,54,2,2026-01-05T16:02:45.178649,ok
209140,0000568-37.2015.8.16.0109,54,2,2026-01-05T16:02:45.178649,ok
209141,0010185-61.2015.8.16.0031,54,2,2026-01-05T16:02:45.178649,ok
209142,0001416-13.2015.8.16.0048,54,2,2026-01-05T16:02:45.178649,ok
209143,0010536-34.2015.8.16.0031,54,2,2026-01-05T16:02:45.178649,ok
209144,0022154-06.2015.8.16.0021,54,2,2026-01-05T16:02:45.178649,ok
209145,0005218-29.2014.8.16.0153,54,2,2026-01-05T16:02:45.178649,ok
209146,0047124-91.2015.8.16.0014,54,2,2026-01-05T16:02:45.178649,ok
209147,0011863-53.2015.8.16.0018,54,2,2026-01-05T16:02:45.178649,ok
209148,0032196-38.2015.8.16.0014,54,2,2026-01-05T16:02:45.178649,ok
209149,0014207-59.2015.8.16.0130,54,2,2026-01-05T16:02:45.178649,ok
209150,0016689-77.2015.8.16.0130,54,2,2026-01-05T16:02:45.178649,ok
209151,0007090-23.2015.8.16.0031,54,2,2026-01-05T16:02:45.178649,ok
209152,0011633-02.2015.8.16.0021,54,2,2026-01-05T16:02:45.178649,ok
209153,0005950-34.2015.8.16.0069,54,2,2026-01-05T16:02:45.178649,ok
209154,0009978-20.2015.8.16.0045,54,2,2026-01-05T16:02:45.178649,ok
209155,0011284-08.2015.8.16.0018,54,2,2026-01-05T16:02:45.178649,ok
209156,0010334-89.2015.8.16.0182,54,2,2026-01-05T16:02:45.178649,ok
209157,0006493-51.2015.8.16.0129,54,2,2026-01-05T16:02:45.178649,ok
209158,0006318-18.2015.8.16.0045,54,2,2026-01-05T16:02:45.178649,ok
209159,0000860-14.2012.8.16.0081,54,2,2026-01-05T16:02:45.178649,ok
209160,0004699-62.2013.8.16.0097,54,2,2026-01-05T16:02:45.178649,ok
209161,0011075-55.2015.8.16.0045,54,2,2026-01-05T16:02:45.178649,ok
209162,0012759-57.2015.8.16.0031,54,2,2026-01-05T16:02:45.178649,ok
209163,0002735-50.2014.8.16.0048,54,2,2026-01-05T16:02:45.178649,ok
209164,0002260-51.2015.8.16.0148,54,2,2026-01-05T16:02:45.178649,ok
209165,0002777-59.2014.8.16.0029,54,2,2026-01-05T16:02:45.178649,ok
209166,0005065-40.2015.8.16.0030,54,2,2026-01-05T16:02:45.178649,ok
209167,0001304-80.2015.8.16.0036,54,2,2026-01-05T16:02:45.178649,ok
209168,0002336-25.2014.8.16.0079,54,2,2026-01-05T16:02:45.178649,ok
209169,0001707-58.2015.8.16.0130,54,2,2026-01-05T16:02:45.178649,ok
209170,0016363-20.2015.8.16.0130,54,2,2026-01-05T16:02:45.178649,ok
209171,0011474-29.2015.8.16.0031,54,2,2026-01-05T16:02:45.178649,ok
209172,0002218-78.2015.8.16.0058,54,2,2026-01-05T16:02:45.178649,ok
209173,0019644-20.2015.8.16.0021,54,2,2026-01-05T16:02:45.178649,ok
209174,0002197-31.2015.8.16.0114,54,2,2026-01-05T16:02:45.178649,ok
209175,0006859-51.2015.8.16.0045,54,2,2026-01-05T16:02:45.178649,ok
209176,0032216-10.2015.8.16.0182,54,2,2026-01-05T16:02:45.178649,ok
209177,0000693-28.2015.8.16.0166,54,2,2026-01-05T16:02:45.178649,ok
209178,0010516-14.2015.8.16.0170,54,2,2026-01-05T16:02:45.178649,ok
209179,0012986-86.2015.8.16.0018,54,2,2026-01-05T16:02:45.178649,ok
209180,0011486-73.2015.8.16.0021,54,2,2026-01-05T16:02:45.178649,ok
209181,0003344-84.2015.8.16.0052,54,2,2026-01-05T16:02:45.178649,ok
209182,0004207-42.2015.8.16.0019,54,2,2026-01-05T16:02:45.178649,ok
209183,0004622-63.2014.8.16.0050,54,2,2026-01-05T16:02:45.178649,ok
209184,0003330-96.2015.8.16.0021,54,2,2026-01-05T16:02:45.178649,ok
209185,0002600-57.2014.8.16.0074,54,2,2026-01-05T16:02:45.178649,ok
209186,0002051-07.2015.8.16.9000,54,2,2026-01-05T16:02:45.178649,ok
209187,0003732-87.2015.8.16.0148,55,2,2026-01-05T16:02:45.178649,ok
209188,0011405-57.2012.8.16.0045,55,2,2026-01-05T16:02:45.178649,ok
209189,0001802-95.2015.8.16.0160,55,2,2026-01-05T16:02:45.178649,ok
209190,0000615-61.2008.8.16.0107,55,2,2026-01-05T16:02:45.178649,ok
209191,0031501-11.2011.8.16.0019,55,2,2026-01-05T16:02:45.178649,ok
209192,0009336-42.2014.8.16.0058,55,2,2026-01-05T16:02:45.178649,ok
209193,0007981-51.2013.8.16.0019,55,2,2026-01-05T16:02:45.178649,ok
209194,0010458-34.2015.8.16.0130,55,2,2026-01-05T16:02:45.178649,ok
209195,0001899-82.2015.8.16.0132,55,2,2026-01-05T16:02:45.178649,ok
209196,0000771-69.2015.8.16.0021,55,2,2026-01-05T16:02:45.178649,ok
209197,0031584-81.2015.8.16.0182,55,2,2026-01-05T16:02:45.178649,ok
209198,0017268-61.2015.8.16.0021,55,2,2026-01-05T16:02:45.178649,ok
209199,0010364-50.2015.8.16.0045,55,2,2026-01-05T16:02:45.178649,ok
209200,0033460-90.2015.8.16.0014,55,2,2026-01-05T16:02:45.178649,ok
209201,0001576-14.2015.8.16.0056,55,2,2026-01-05T16:02:45.178649,ok
209202,0034429-21.2014.8.16.0021,55,2,2026-01-05T16:02:45.178649,ok
209203,0011399-75.2015.8.16.0035,55,2,2026-01-05T16:02:45.178649,ok
209204,0007567-78.2015.8.16.0182,55,2,2026-01-05T16:02:45.178649,ok
209205,0022152-36.2015.8.16.0021,55,2,2026-01-05T16:02:45.178649,ok
209206,0015600-55.2015.8.16.0021,55,2,2026-01-05T16:02:45.178649,ok
209207,0000844-03.2015.8.16.0066,55,2,2026-01-05T16:02:45.178649,ok
209208,0022029-44.2015.8.16.0019,55,2,2026-01-05T16:02:45.178649,ok
209209,0007338-44.2015.8.16.0045,55,2,2026-01-05T16:02:45.178649,ok
209210,0005026-26.2015.8.16.0165,55,2,2026-01-05T16:02:45.178649,ok
209211,0002162-88.2015.8.16.9000,55,2,2026-01-05T16:02:45.178649,ok
209212,0002363-61.2014.8.16.0029,55,2,2026-01-05T16:02:45.178649,ok
209213,0001187-04.2014.8.16.0108,55,2,2026-01-05T16:02:45.178649,ok
209214,0001176-61.2015.8.16.0068,55,2,2026-01-05T16:02:45.178649,ok
209215,0001570-67.2015.8.16.0036,55,2,2026-01-05T16:02:45.178649,ok
209216,0000262-69.2015.8.16.0044,55,2,2026-01-05T16:02:45.178649,ok
209217,0021296-93.2015.8.16.0014,55,2,2026-01-05T16:02:45.178649,ok
209218,0008004-29.2015.8.16.0018,55,2,2026-01-05T16:02:45.178649,ok
209219,0001582-36.2015.8.16.0148,55,2,2026-01-05T16:02:45.178649,ok
209220,0001320-79.2015.8.16.0021,55,2,2026-01-05T16:02:45.178649,ok
209221,0006123-37.2015.8.16.0173,55,2,2026-01-05T16:02:45.178649,ok
209222,0002270-17.2015.8.16.0174,55,2,2026-01-05T16:02:45.178649,ok
209223,0002345-30.2015.8.16.0021,55,2,2026-01-05T16:02:45.178649,ok
209224,0006755-34.2015.8.16.0021,55,2,2026-01-05T16:02:45.178649,ok
209225,0004716-73.2015.8.16.0018,55,2,2026-01-05T16:02:45.178649,ok
209226,0024716-87.2015.8.16.0182,55,2,2026-01-05T16:02:45.178649,ok
209227,0010858-25.2015.8.16.0170,55,2,2026-01-05T16:02:45.178649,ok
209228,0008003-44.2015.8.16.0018,55,2,2026-01-05T16:02:45.178649,ok
209229,0012230-38.2015.8.16.0031,55,2,2026-01-05T16:02:45.178649,ok
209230,0001059-32.2013.8.16.0168,55,2,2026-01-05T16:02:45.178649,ok
209231,0008406-13.2015.8.16.0018,55,2,2026-01-05T16:02:45.178649,ok
209232,0006484-34.2015.8.16.0018,55,2,2026-01-05T16:02:45.178649,ok
209233,0027653-41.2013.8.16.0182,55,2,2026-01-05T16:02:45.178649,ok
209234,0003359-55.2015.8.16.0019,55,2,2026-01-05T16:02:45.178649,ok
209235,0002801-16.2012.8.16.0043,55,2,2026-01-05T16:02:45.178649,ok
209236,0000451-92.2015.8.16.0029,55,2,2026-01-05T16:02:45.178649,ok
209237,1472527-4,52,2,2026-01-05T16:02:45.178649,ok
209238,1475072-6,52,2,2026-01-05T16:02:45.178649,ok
209239,1445816-9,52,2,2026-01-05T16:02:45.178649,ok
209240,1449257-6,52,2,2026-01-05T16:02:45.178649,ok
209241,1469745-7,52,2,2026-01-05T16:02:45.178649,ok
209242,1216563-4,52,2,2026-01-05T16:02:45.178649,ok
209243,1454596-1,52,2,2026-01-05T16:02:45.178649,ok
209244,1383369-7,52,2,2026-01-05T16:02:45.178649,ok
209245,1454339-6,52,2,2026-01-05T16:02:45.178649,ok
209246,1464747-1,52,2,2026-01-05T16:02:45.178649,ok
209247,1465004-5,52,2,2026-01-05T16:02:45.178649,ok
209248,1472974-3,52,2,2026-01-05T16:02:45.178649,ok
209249,1462797-3,52,2,2026-01-05T16:02:45.178649,ok
209250,1431396-3,52,2,2026-01-05T16:02:45.178649,ok
209251,1383628-1,52,2,2026-01-05T16:02:45.178649,ok
209252,1422651-0,52,2,2026-01-05T16:02:45.178649,ok
209253,1382735-7,52,2,2026-01-05T16:02:45.178649,ok
209254,1427338-2,52,2,2026-01-05T16:02:45.178649,ok
209255,1423008-3,52,2,2026-01-05T16:02:45.178649,ok
209256,1450821-3,52,2,2026-01-05T16:02:45.178649,ok
209257,1289438-9,52,2,2026-01-05T16:02:45.178649,ok
209258,1468618-1,52,2,2026-01-05T16:02:45.178649,ok
209259,1464252-7,52,2,2026-01-05T16:02:45.178649,ok
209260,1445792-4,52,2,2026-01-05T16:02:45.178649,ok
209261,1438106-7,52,2,2026-01-05T16:02:45.178649,ok
209262,1482661-4,52,2,2026-01-05T16:02:45.178649,ok
209263,1436866-0,52,2,2026-01-05T16:02:45.178649,ok
209264,1479035-9,52,2,2026-01-05T16:02:45.178649,ok
209265,1470073-3,52,2,2026-01-05T16:02:45.178649,ok
209266,1484009-2,52,2,2026-01-05T16:02:45.178649,ok
209267,1408143-1,52,2,2026-01-05T16:02:45.178649,ok
209268,1473817-7,52,2,2026-01-05T16:02:45.178649,ok
209269,1379664-8,52,2,2026-01-05T16:02:45.178649,ok
209270,1479707-0,52,2,2026-01-05T16:02:45.178649,ok
209271,1468365-5,52,2,2026-01-05T16:02:45.178649,ok
209272,1482266-9,52,2,2026-01-05T16:02:45.178649,ok
209273,1429318-8,52,2,2026-01-05T16:02:45.178649,ok
209274,1380779-1,52,2,2026-01-05T16:02:45.178649,ok
209275,1481744-4,53,2,2026-01-05T16:02:45.178649,ok
209276,1370844-0,53,2,2026-01-05T16:02:45.178649,ok
209277,1443738-2,53,2,2026-01-05T16:02:45.178649,ok
209278,1406594-0,53,2,2026-01-05T16:02:45.178649,ok
209279,1484231-4,53,2,2026-01-05T16:02:45.178649,ok
209280,1416478-4,53,2,2026-01-05T16:02:45.178649,ok
209281,1441798-0,53,2,2026-01-05T16:02:45.178649,ok
209282,1454090-4,53,2,2026-01-05T16:02:45.178649,ok
209283,1440150-6,53,2,2026-01-05T16:02:45.178649,ok
209284,1441038-9,53,2,2026-01-05T16:02:45.178649,ok
209285,1448590-2,53,2,2026-01-05T16:02:45.178649,ok
209286,781388-1,53,2,2026-01-05T16:02:45.178649,ok
209287,1443925-5,53,2,2026-01-05T16:02:45.178649,ok
209288,1427297-6,53,2,2026-01-05T16:02:45.178649,ok
209289,1426592-2,53,2,2026-01-05T16:02:45.178649,ok
209290,1416795-0,53,2,2026-01-05T16:02:45.178649,ok
209291,1425746-6,53,2,2026-01-05T16:02:45.178649,ok
209292,1448421-2,53,2,2026-01-05T16:02:45.178649,ok
209293,1455614-8,53,2,2026-01-05T16:02:45.178649,ok
209294,1462043-0,53,2,2026-01-05T16:02:45.178649,ok
209295,1462043-0,53,2,2026-01-05T16:02:45.178649,ok
209296,1363485-0,53,2,2026-01-05T16:02:45.178649,ok
209297,1483671-4,53,2,2026-01-05T16:02:45.178649,ok
209298,1413009-7,53,2,2026-01-05T16:02:45.178649,ok
209299,1467354-8,53,2,2026-01-05T16:02:45.178649,ok
209300,1478561-0,53,2,2026-01-05T16:02:45.178649,ok
209301,1468898-9,53,2,2026-01-05T16:02:45.178649,ok
209302,1463317-9,53,2,2026-01-05T16:02:45.178649,ok
209303,1479060-2,53,2,2026-01-05T16:02:45.178649,ok
209304,1457418-4,53,2,2026-01-05T16:02:45.178649,ok
209305,1459141-6,53,2,2026-01-05T16:02:45.178649,ok
209306,1454195-4,53,2,2026-01-05T16:02:45.178649,ok
209307,1447374-4,53,2,2026-01-05T16:02:45.178649,ok
209308,0026356-26.2015.8.16.0021,53,2,2026-01-05T16:02:45.178649,ok
209309,0000002-00.9000.1.47.2602,53,2,2026-01-05T16:02:45.178649,ok
209310,0000002-00.9000.4.29.1301,53,2,2026-01-05T16:02:45.178649,ok
209311,0000002-01.0001.3.44.9800,53,2,2026-01-05T16:02:45.178649,ok
209312,0000002-01.5000.0.04.7600,53,2,2026-01-05T16:02:45.178649,ok
209313,0000002-01.5000.0.07.9200,53,2,2026-01-05T16:02:45.178649,ok
209314,0000002-01.5000.0.12.1300,53,2,2026-01-05T16:02:45.178649,ok
209315,0000002-01.5000.0.12.4900,53,2,2026-01-05T16:02:45.178649,ok
209316,0001199-30.2012.8.16.0159,53,2,2026-01-05T16:02:45.178649,ok
209317,0005577-21.2015.8.16.0160,53,2,2026-01-05T16:02:45.178649,ok
209318,0037513-17.2015.8.16.0014,53,2,2026-01-05T16:02:45.178649,ok
209319,0003383-69.2015.8.16.0056,53,2,2026-01-05T16:02:45.178649,ok
209320,0016150-61.2012.8.16.0019,53,2,2026-01-05T16:02:45.178649,ok
209321,0003958-56.2015.8.16.0160,53,2,2026-01-05T16:02:45.178649,ok
209322,1436141-8,51,2,2026-01-05T16:02:45.178649,ok
209323,1390646-0,51,2,2026-01-05T16:02:45.178649,ok
209324,1315936-5,51,2,2026-01-05T16:02:45.178649,ok
209325,1417033-9,51,2,2026-01-05T16:02:45.178649,ok
209326,1407712-2,51,2,2026-01-05T16:02:45.178649,ok
209327,1388999-5,51,2,2026-01-05T16:02:45.178649,ok
209328,1407333-1,51,2,2026-01-05T16:02:45.178649,ok
209329,1429411-4,51,2,2026-01-05T16:02:45.178649,ok
209330,1404153-1,51,2,2026-01-05T16:02:45.178649,ok
209331,1360554-8,51,2,2026-01-05T16:02:45.178649,ok
209332,1401189-9,51,2,2026-01-05T16:02:45.178649,ok
209333,1416194-3,51,2,2026-01-05T16:02:45.178649,ok
209334,1415081-7,51,2,2026-01-05T16:02:45.178649,ok
209335,1392862-2,51,2,2026-01-05T16:02:45.178649,ok
209336,1387252-3,51,2,2026-01-05T16:02:45.178649,ok
209337,1429377-7,51,2,2026-01-05T16:02:45.178649,ok
209338,1464941-9,51,2,2026-01-05T16:02:45.178649,ok
209339,1350798-7,51,2,2026-01-05T16:02:45.178649,ok
209340,1413066-2,51,2,2026-01-05T16:02:45.178649,ok
209341,1469776-2,51,2,2026-01-05T16:02:45.178649,ok
209342,1471041-5,51,2,2026-01-05T16:02:45.178649,ok
209343,1441521-9,51,2,2026-01-05T16:02:45.178649,ok
209344,1459015-1,51,2,2026-01-05T16:02:45.178649,ok
209345,1468535-7,51,2,2026-01-05T16:02:45.178649,ok
209346,1436794-9,51,2,2026-01-05T16:02:45.178649,ok
209347,1453282-8,51,2,2026-01-05T16:02:45.178649,ok
209348,1462766-8,51,2,2026-01-05T16:02:45.178649,ok
209349,1461251-8,51,2,2026-01-05T16:02:45.178649,ok
209350,1467201-2,51,2,2026-01-05T16:02:45.178649,ok
209351,1466447-4,51,2,2026-01-05T16:02:45.178649,ok
209352,1214494-6,51,2,2026-01-05T16:02:45.178649,ok
209353,1379766-7,51,2,2026-01-05T16:02:45.178649,ok
209354,1416564-5,51,2,2026-01-05T16:02:45.178649,ok
209355,1460631-2,51,2,2026-01-05T16:02:45.178649,ok
209356,1469115-9,51,2,2026-01-05T16:02:45.178649,ok
209357,1463703-5,51,2,2026-01-05T16:02:45.178649,ok
209358,1402301-9,51,2,2026-01-05T16:02:45.178649,ok
209359,1412634-6,51,2,2026-01-05T16:02:45.178649,ok
209360,1454955-0,51,2,2026-01-05T16:02:45.178649,ok
209361,1471059-7,51,2,2026-01-05T16:02:45.178649,ok
209362,1301232-3,51,2,2026-01-05T16:02:45.178649,ok
209363,1352321-4,51,2,2026-01-05T16:02:45.178649,ok
209364,1354428-6,51,2,2026-01-05T16:02:45.178649,ok
209365,1376496-8,51,2,2026-01-05T16:02:45.178649,ok
209366,1391742-1,51,2,2026-01-05T16:02:45.178649,ok
209367,1430037-5,51,2,2026-01-05T16:02:45.178649,ok
209368,1427186-8,59,2,2026-01-05T16:02:45.178649,ok
209369,1431169-6,59,2,2026-01-05T16:02:45.178649,ok
209370,1435770-5,59,2,2026-01-05T16:02:45.178649,ok
209371,1406095-2,59,2,2026-01-05T16:02:45.178649,ok
209372,1417738-9,59,2,2026-01-05T16:02:45.178649,ok
209373,1427959-1,59,2,2026-01-05T16:02:45.178649,ok
209374,1434034-0,59,2,2026-01-05T16:02:45.178649,ok
209375,1438976-9,59,2,2026-01-05T16:02:45.178649,ok
209376,1281805-8,59,2,2026-01-05T16:02:45.178649,ok
209377,1421200-9,59,2,2026-01-05T16:02:45.178649,ok
209378,1412606-2,59,2,2026-01-05T16:02:45.178649,ok
209379,1415365-8,59,2,2026-01-05T16:02:45.178649,ok
209380,1417250-0,59,2,2026-01-05T16:02:45.178649,ok
209381,1418176-3,59,2,2026-01-05T16:02:45.178649,ok
209382,1418280-2,59,2,2026-01-05T16:02:45.178649,ok
209383,1422041-4,59,2,2026-01-05T16:02:45.178649,ok
209384,1216500-7,59,2,2026-01-05T16:02:45.178649,ok
209385,1307419-4,59,2,2026-01-05T16:02:45.178649,ok
209386,1337060-0,59,2,2026-01-05T16:02:45.178649,ok
209387,1359424-8,59,2,2026-01-05T16:02:45.178649,ok
209388,1376073-5,59,2,2026-01-05T16:02:45.178649,ok
209389,1377480-4,59,2,2026-01-05T16:02:45.178649,ok
209390,1385955-1,59,2,2026-01-05T16:02:45.178649,ok
209391,1438979-0,59,2,2026-01-05T16:02:45.178649,ok
209392,1389900-2,59,2,2026-01-05T16:02:45.178649,ok
209393,1264073-2,59,2,2026-01-05T16:02:45.178649,ok
209394,1332516-7,59,2,2026-01-05T16:02:45.178649,ok
209395,1351884-2,59,2,2026-01-05T16:02:45.178649,ok
209396,1368729-7,59,2,2026-01-05T16:02:45.178649,ok
209397,1375833-7,59,2,2026-01-05T16:02:45.178649,ok
209398,1378182-7,59,2,2026-01-05T16:02:45.178649,ok
209399,1411636-6,59,2,2026-01-05T16:02:45.178649,ok
209400,1401159-1,59,2,2026-01-05T16:02:45.178649,ok
209401,1429976-0,59,2,2026-01-05T16:02:45.178649,ok
209402,1349409-8,59,2,2026-01-05T16:02:45.178649,ok
209403,1368133-1,59,2,2026-01-05T16:02:45.178649,ok
209404,1378168-7,59,2,2026-01-05T16:02:45.178649,ok
209405,1379984-5,59,2,2026-01-05T16:02:45.178649,ok
209406,1423747-5,59,2,2026-01-05T16:02:45.178649,ok
209407,1396587-0,59,2,2026-01-05T16:02:45.178649,ok
209408,1341679-8,59,2,2026-01-05T16:02:45.178649,ok
209409,1364983-5,59,2,2026-01-05T16:02:45.178649,ok
209410,1407944-4,59,2,2026-01-05T16:02:45.178649,ok
209411,696907-7,64,2,2026-01-05T16:02:45.178649,ok
209412,1480494-5,64,2,2026-01-05T16:02:45.178649,ok
209413,1426920-6,64,2,2026-01-05T16:02:45.178649,ok
209414,1475843-5,64,2,2026-01-05T16:02:45.178649,ok
209415,1480734-4,64,2,2026-01-05T16:02:45.178649,ok
209416,1468065-0,64,2,2026-01-05T16:02:45.178649,ok
209417,846264-6,64,2,2026-01-05T16:02:45.178649,ok
209418,831969-3,64,2,2026-01-05T16:02:45.178649,ok
209419,1463947-7,64,2,2026-01-05T16:02:45.178649,ok
209420,1457210-8,64,2,2026-01-05T16:02:45.178649,ok
209421,1478586-7,64,2,2026-01-05T16:02:45.178649,ok
209422,1157569-0,64,2,2026-01-05T16:02:45.178649,ok
209423,1479808-2,64,2,2026-01-05T16:02:45.178649,ok
209424,1479313-8,64,2,2026-01-05T16:02:45.178649,ok
209425,1461338-0,64,2,2026-01-05T16:02:45.178649,ok
209426,1481162-2,64,2,2026-01-05T16:02:45.178649,ok
209427,1476788-3,64,2,2026-01-05T16:02:45.178649,ok
209428,1473947-0,64,2,2026-01-05T16:02:45.178649,ok
209429,1473130-5,64,2,2026-01-05T16:02:45.178649,ok
209430,1476800-4,64,2,2026-01-05T16:02:45.178649,ok
209431,855084-7,64,2,2026-01-05T16:02:45.178649,ok
209432,1474293-1,64,2,2026-01-05T16:02:45.178649,ok
209433,1483138-4,64,2,2026-01-05T16:02:45.178649,ok
209434,1461378-4,64,2,2026-01-05T16:02:45.178649,ok
209435,1482444-3,64,2,2026-01-05T16:02:45.178649,ok
209436,1339049-9,64,2,2026-01-05T16:02:45.178649,ok
209437,1451575-0,64,2,2026-01-05T16:02:45.178649,ok
209438,1482138-0,64,2,2026-01-05T16:02:45.178649,ok
209439,1483441-6,64,2,2026-01-05T16:02:45.178649,ok
209440,1467735-3,64,2,2026-01-05T16:02:45.178649,ok
209441,1482231-6,64,2,2026-01-05T16:02:45.178649,ok
209442,1467601-2,64,2,2026-01-05T16:02:45.178649,ok
209443,1483496-1,64,2,2026-01-05T16:02:45.178649,ok
209444,1482706-8,64,2,2026-01-05T16:02:45.178649,ok
209445,1457121-6,64,2,2026-01-05T16:02:45.178649,ok
209446,1458751-8,64,2,2026-01-05T16:02:45.178649,ok
209447,1458766-9,64,2,2026-01-05T16:02:45.178649,ok
209448,1464570-0,64,2,2026-01-05T16:02:45.178649,ok
209449,1424504-4,64,2,2026-01-05T16:02:45.178649,ok
209450,1473844-4,64,2,2026-01-05T16:02:45.178649,ok
209451,1483584-6,64,2,2026-01-05T16:02:45.178649,ok
209452,1471101-6,64,2,2026-01-05T16:02:45.178649,ok
209453,1428338-6,64,2,2026-01-05T16:02:45.178649,ok
209454,1482351-3,64,2,2026-01-05T16:02:45.178649,ok
209455,1445958-2,64,2,2026-01-05T16:02:45.178649,ok
209456,1481944-4,64,2,2026-01-05T16:02:45.178649,ok
209457,1478956-9,64,2,2026-01-05T16:02:45.178649,ok
209458,1330973-4,61,2,2026-01-05T16:02:45.178649,ok
209459,1366244-1,61,2,2026-01-05T16:02:45.178649,ok
209460,1307901-7,61,2,2026-01-05T16:02:45.178649,ok
209461,1384666-5,61,2,2026-01-05T16:02:45.178649,ok
209462,1417906-7,61,2,2026-01-05T16:02:45.178649,ok
209463,1356782-3,61,2,2026-01-05T16:02:45.178649,ok
209464,1382858-5,61,2,2026-01-05T16:02:45.178649,ok
209465,1425029-0,61,2,2026-01-05T16:02:45.178649,ok
209466,1254480-4,61,2,2026-01-05T16:02:45.178649,ok
209467,1308354-2,61,2,2026-01-05T16:02:45.178649,ok
209468,1414044-0,61,2,2026-01-05T16:02:45.178649,ok
209469,1424100-6,61,2,2026-01-05T16:02:45.178649,ok
209470,1410129-2,61,2,2026-01-05T16:02:45.178649,ok
209471,1379341-0,61,2,2026-01-05T16:02:45.178649,ok
209472,1398508-7,61,2,2026-01-05T16:02:45.178649,ok
209473,1217765-2,61,2,2026-01-05T16:02:45.178649,ok
209474,1355211-5,61,2,2026-01-05T16:02:45.178649,ok
209475,1468214-3,61,2,2026-01-05T16:02:45.178649,ok
209476,1479013-3,61,2,2026-01-05T16:02:45.178649,ok
209477,1443981-3,61,2,2026-01-05T16:02:45.178649,ok
209478,1447847-2,61,2,2026-01-05T16:02:45.178649,ok
209479,1360531-5,61,2,2026-01-05T16:02:45.178649,ok
209480,1480486-3,61,2,2026-01-05T16:02:45.178649,ok
209481,1475032-2,61,2,2026-01-05T16:02:45.178649,ok
209482,1479893-1,61,2,2026-01-05T16:02:45.178649,ok
209483,1424262-1,61,2,2026-01-05T16:02:45.178649,ok
209484,1450570-1,62,2,2026-01-05T16:02:45.178649,ok
209485,1410703-8,62,2,2026-01-05T16:02:45.178649,ok
209486,1472590-7,62,2,2026-01-05T16:02:45.178649,ok
209487,1478202-6,62,2,2026-01-05T16:02:45.178649,ok
209488,1481667-2,62,2,2026-01-05T16:02:45.178649,ok
209489,1476261-7,62,2,2026-01-05T16:02:45.178649,ok
209490,1478362-7,62,2,2026-01-05T16:02:45.178649,ok
209491,1482238-5,62,2,2026-01-05T16:02:45.178649,ok
209492,1474414-0,62,2,2026-01-05T16:02:45.178649,ok
209493,1482033-0,62,2,2026-01-05T16:02:45.178649,ok
209494,1404590-4,62,2,2026-01-05T16:02:45.178649,ok
209495,1481931-7,62,2,2026-01-05T16:02:45.178649,ok
209496,1480972-4,62,2,2026-01-05T16:02:45.178649,ok
209497,1414026-2,62,2,2026-01-05T16:02:45.178649,ok
209498,1064572-6,62,2,2026-01-05T16:02:45.178649,ok
209499,1409514-4,62,2,2026-01-05T16:02:45.178649,ok
209500,1446712-0,62,2,2026-01-05T16:02:45.178649,ok
209501,1281214-7,62,2,2026-01-05T16:02:45.178649,ok
209502,1361485-2,62,2,2026-01-05T16:02:45.178649,ok
209503,1381526-4,62,2,2026-01-05T16:02:45.178649,ok
209504,1378171-4,62,2,2026-01-05T16:02:45.178649,ok
209505,1406304-6,62,2,2026-01-05T16:02:45.178649,ok
209506,1416025-3,62,2,2026-01-05T16:02:45.178649,ok
209507,1375433-7,62,2,2026-01-05T16:02:45.178649,ok
209508,1423711-5,62,2,2026-01-05T16:02:45.178649,ok
209509,1437137-8,62,2,2026-01-05T16:02:45.178649,ok
209510,1430546-9,62,2,2026-01-05T16:02:45.178649,ok
209511,1454995-4,62,2,2026-01-05T16:02:45.178649,ok
209512,1449550-2,62,2,2026-01-05T16:02:45.178649,ok
209513,1370525-0,62,2,2026-01-05T16:02:45.178649,ok
209514,1380386-6,62,2,2026-01-05T16:02:45.178649,ok
209515,1371293-7,62,2,2026-01-05T16:02:45.178649,ok
209516,1304394-0,62,2,2026-01-05T16:02:45.178649,ok
209517,1401421-2,62,2,2026-01-05T16:02:45.178649,ok
209518,1389814-1,62,2,2026-01-05T16:02:45.178649,ok
209519,1416594-3,62,2,2026-01-05T16:02:45.178649,ok
209520,1389838-1,62,2,2026-01-05T16:02:45.178649,ok
209521,1442872-5,62,2,2026-01-05T16:02:45.178649,ok
209522,1479747-4,62,2,2026-01-05T16:02:45.178649,ok
209523,1437696-2,60,2,2026-01-05T16:02:45.178649,ok
209524,1394880-8,60,2,2026-01-05T16:02:45.178649,ok
209525,1399481-5,60,2,2026-01-05T16:02:45.178649,ok
209526,1318499-9,60,2,2026-01-05T16:02:45.178649,ok
209527,1424605-6,60,2,2026-01-05T16:02:45.178649,ok
209528,1421774-4,60,2,2026-01-05T16:02:45.178649,ok
209529,1364059-4,60,2,2026-01-05T16:02:45.178649,ok
209530,1320447-6,60,2,2026-01-05T16:02:45.178649,ok
209531,1244508-4,60,2,2026-01-05T16:02:45.178649,ok
209532,1422542-6,60,2,2026-01-05T16:02:45.178649,ok
209533,1423572-8,60,2,2026-01-05T16:02:45.178649,ok
209534,1411686-6,60,2,2026-01-05T16:02:45.178649,ok
209535,1234941-6,60,2,2026-01-05T16:02:45.178649,ok
209536,1414545-2,60,2,2026-01-05T16:02:45.178649,ok
209537,1248448-9,60,2,2026-01-05T16:02:45.178649,ok
209538,1403094-3,60,2,2026-01-05T16:02:45.178649,ok
209539,1368436-7,60,2,2026-01-05T16:02:45.178649,ok
209540,1412622-6,60,2,2026-01-05T16:02:45.178649,ok
209541,1241277-2,60,2,2026-01-05T16:02:45.178649,ok
209542,1462006-7,60,2,2026-01-05T16:02:45.178649,ok
209543,1370505-8,60,2,2026-01-05T16:02:45.178649,ok
209544,1425719-9,60,2,2026-01-05T16:02:45.178649,ok
209545,1433280-8,60,2,2026-01-05T16:02:45.178649,ok
209546,1455093-9,60,2,2026-01-05T16:02:45.178649,ok
209547,1418554-7,60,2,2026-01-05T16:02:45.178649,ok
209548,1294121-2,60,2,2026-01-05T16:02:45.178649,ok
209549,1302442-3,60,2,2026-01-05T16:02:45.178649,ok
209550,1435014-2,60,2,2026-01-05T16:02:45.178649,ok
209551,1388432-5,60,2,2026-01-05T16:02:45.178649,ok
209552,1431377-8,60,2,2026-01-05T16:02:45.178649,ok
209553,1396254-6,60,2,2026-01-05T16:02:45.178649,ok
209554,1418475-1,60,2,2026-01-05T16:02:45.178649,ok
209555,1424338-0,60,2,2026-01-05T16:02:45.178649,ok
209556,1365741-1,60,2,2026-01-05T16:02:45.178649,ok
209557,1434480-2,66,2,2026-01-05T16:02:45.178649,ok
209558,1356601-3,66,2,2026-01-05T16:02:45.178649,ok
209559,1445896-7,66,2,2026-01-05T16:02:45.178649,ok
209560,1447988-8,66,2,2026-01-05T16:02:45.178649,ok
209561,1442568-6,66,2,2026-01-05T16:02:45.178649,ok
209562,1350375-4,66,2,2026-01-05T16:02:45.178649,ok
209563,1320319-7,66,2,2026-01-05T16:02:45.178649,ok
209564,1265048-3,66,2,2026-01-05T16:02:45.178649,ok
209565,1298117-4,66,2,2026-01-05T16:02:45.178649,ok
209566,1312416-6,66,2,2026-01-05T16:02:45.178649,ok
209567,1278317-8,66,2,2026-01-05T16:02:45.178649,ok
209568,1478238-6,66,2,2026-01-05T16:02:45.178649,ok
209569,1260216-1,66,2,2026-01-05T16:02:45.178649,ok
209570,1259731-6,66,2,2026-01-05T16:02:45.178649,ok
209571,1263550-0,66,2,2026-01-05T16:02:45.178649,ok
209572,1263489-6,66,2,2026-01-05T16:02:45.178649,ok
209573,1258608-8,66,2,2026-01-05T16:02:45.178649,ok
209574,1253788-1,66,2,2026-01-05T16:02:45.178649,ok
209575,1256967-4,66,2,2026-01-05T16:02:45.178649,ok
209576,1058014-2,66,2,2026-01-05T16:02:45.178649,ok
209577,1249974-8,66,2,2026-01-05T16:02:45.178649,ok
209578,1250725-2,66,2,2026-01-05T16:02:45.178649,ok
209579,1132243-5,66,2,2026-01-05T16:02:45.178649,ok
209580,898971-9,66,2,2026-01-05T16:02:45.178649,ok
209581,1042753-7,66,2,2026-01-05T16:02:45.178649,ok
209582,1471299-1,66,2,2026-01-05T16:02:45.178649,ok
209583,1460539-3,66,2,2026-01-05T16:02:45.178649,ok
209584,748802-2,66,2,2026-01-05T16:02:45.178649,ok
209585,1451397-6,66,2,2026-01-05T16:02:45.178649,ok
209586,1446631-0,66,2,2026-01-05T16:02:45.178649,ok
209587,1437000-6,66,2,2026-01-05T16:02:45.178649,ok
209588,1437531-6,66,2,2026-01-05T16:02:45.178649,ok
209589,1408688-5,66,2,2026-01-05T16:02:45.178649,ok
209590,1417382-7,66,2,2026-01-05T16:02:45.178649,ok
209591,1459129-0,66,2,2026-01-05T16:02:45.178649,ok
209592,1401765-9,66,2,2026-01-05T16:02:45.178649,ok
209593,1402436-7,66,2,2026-01-05T16:02:45.178649,ok
209594,1407225-4,66,2,2026-01-05T16:02:45.178649,ok
209595,1416694-8,66,2,2026-01-05T16:02:45.178649,ok
209596,1400522-0,66,2,2026-01-05T16:02:45.178649,ok
209597,1388123-1,66,2,2026-01-05T16:02:45.178649,ok
209598,1396789-4,66,2,2026-01-05T16:02:45.178649,ok
209599,1398344-3,66,2,2026-01-05T16:02:45.178649,ok
209600,1373836-0,66,2,2026-01-05T16:02:45.178649,ok
209601,1347258-3,66,2,2026-01-05T16:02:45.178649,ok
209602,1361781-9,66,2,2026-01-05T16:02:45.178649,ok
209603,1311205-9,66,2,2026-01-05T16:02:45.178649,ok
209604,1324610-5,66,2,2026-01-05T16:02:45.178649,ok
209605,1347199-9,66,2,2026-01-05T16:02:45.178649,ok
209606,1404999-7,63,2,2026-01-05T16:02:45.178649,ok
209607,1375577-4,63,2,2026-01-05T16:02:45.178649,ok
209608,1386586-0,63,2,2026-01-05T16:02:45.178649,ok
209609,1373401-7,63,2,2026-01-05T16:02:45.178649,ok
209610,1409582-2,63,2,2026-01-05T16:02:45.178649,ok
209611,1457077-3,63,2,2026-01-05T16:02:45.178649,ok
209612,1375006-0,63,2,2026-01-05T16:02:45.178649,ok
209613,1282204-5,63,2,2026-01-05T16:02:45.178649,ok
209614,1426181-9,63,2,2026-01-05T16:02:45.178649,ok
209615,1432521-0,63,2,2026-01-05T16:02:45.178649,ok
209616,1294828-6,63,2,2026-01-05T16:02:45.178649,ok
209617,1396285-1,63,2,2026-01-05T16:02:45.178649,ok
209618,1188585-7,63,2,2026-01-05T16:02:45.178649,ok
209619,1207201-0,63,2,2026-01-05T16:02:45.178649,ok
209620,1398063-3,63,2,2026-01-05T16:02:45.178649,ok
209621,1432263-3,63,2,2026-01-05T16:02:45.178649,ok
209622,1398159-4,63,2,2026-01-05T16:02:45.178649,ok
209623,1479066-4,63,2,2026-01-05T16:02:45.178649,ok
209624,1427949-5,63,2,2026-01-05T16:02:45.178649,ok
209625,1405538-8,63,2,2026-01-05T16:02:45.178649,ok
209626,1421761-7,63,2,2026-01-05T16:02:45.178649,ok
209627,1426059-2,63,2,2026-01-05T16:02:45.178649,ok
209628,1425528-8,63,2,2026-01-05T16:02:45.178649,ok
209629,1423216-5,63,2,2026-01-05T16:02:45.178649,ok
209630,1294385-6,63,2,2026-01-05T16:02:45.178649,ok
209631,1446543-5,63,2,2026-01-05T16:02:45.178649,ok
209632,1455207-3,63,2,2026-01-05T16:02:45.178649,ok
209633,1437093-1,63,2,2026-01-05T16:02:45.178649,ok
209634,1416577-2,63,2,2026-01-05T16:02:45.178649,ok
209635,1481449-4,63,2,2026-01-05T16:02:45.178649,ok
209636,1338897-1,63,2,2026-01-05T16:02:45.178649,ok
209637,848458-6,63,2,2026-01-05T16:02:45.178649,ok
209638,1477821-7,63,2,2026-01-05T16:02:45.178649,ok
209639,1479082-8,63,2,2026-01-05T16:02:45.178649,ok
209640,1472357-2,63,2,2026-01-05T16:02:45.178649,ok
209641,1478446-8,63,2,2026-01-05T16:02:45.178649,ok
209642,1479136-1,63,2,2026-01-05T16:02:45.178649,ok
209643,1440051-8,63,2,2026-01-05T16:02:45.178649,ok
209644,880765-6,63,2,2026-01-05T16:02:45.178649,ok
209645,1481069-6,63,2,2026-01-05T16:02:45.178649,ok
209646,1424361-9,63,2,2026-01-05T16:02:45.178649,ok
209647,1432420-8,63,2,2026-01-05T16:02:45.178649,ok
209648,1478751-4,65,2,2026-01-05T16:02:45.178649,ok
209649,1344773-3,65,2,2026-01-05T16:02:45.178649,ok
209650,1450708-5,65,2,2026-01-05T16:02:45.178649,ok
209651,1451783-2,65,2,2026-01-05T16:02:45.178649,ok
209652,1450925-6,65,2,2026-01-05T16:02:45.178649,ok
209653,1448848-3,65,2,2026-01-05T16:02:45.178649,ok
209654,1450668-6,65,2,2026-01-05T16:02:45.178649,ok
209655,1446887-2,65,2,2026-01-05T16:02:45.178649,ok
209656,1446878-3,65,2,2026-01-05T16:02:45.178649,ok
209657,1445534-2,65,2,2026-01-05T16:02:45.178649,ok
209658,1438353-6,65,2,2026-01-05T16:02:45.178649,ok
209659,1435528-1,65,2,2026-01-05T16:02:45.178649,ok
209660,1430092-6,65,2,2026-01-05T16:02:45.178649,ok
209661,1433596-1,65,2,2026-01-05T16:02:45.178649,ok
209662,1413212-4,65,2,2026-01-05T16:02:45.178649,ok
209663,1414110-9,65,2,2026-01-05T16:02:45.178649,ok
209664,1416301-8,65,2,2026-01-05T16:02:45.178649,ok
209665,1416261-9,65,2,2026-01-05T16:02:45.178649,ok
209666,1480067-8,65,2,2026-01-05T16:02:45.178649,ok
209667,1409205-0,65,2,2026-01-05T16:02:45.178649,ok
209668,1409938-4,65,2,2026-01-05T16:02:45.178649,ok
209669,1410687-9,65,2,2026-01-05T16:02:45.178649,ok
209670,1408139-7,65,2,2026-01-05T16:02:45.178649,ok
209671,1409186-0,65,2,2026-01-05T16:02:45.178649,ok
209672,1482642-9,65,2,2026-01-05T16:02:45.178649,ok
209673,1403182-8,65,2,2026-01-05T16:02:45.178649,ok
209674,1406991-9,65,2,2026-01-05T16:02:45.178649,ok
209675,1403618-3,65,2,2026-01-05T16:02:45.178649,ok
209676,1407664-1,65,2,2026-01-05T16:02:45.178649,ok
209677,1469129-3,65,2,2026-01-05T16:02:45.178649,ok
209678,1400201-6,65,2,2026-01-05T16:02:45.178649,ok
209679,1401151-5,65,2,2026-01-05T16:02:45.178649,ok
209680,1401575-5,65,2,2026-01-05T16:02:45.178649,ok
209681,1424047-4,65,2,2026-01-05T16:02:45.178649,ok
209682,1432688-0,65,2,2026-01-05T16:02:45.178649,ok
209683,1430814-2,65,2,2026-01-05T16:02:45.178649,ok
209684,1396124-3,65,2,2026-01-05T16:02:45.178649,ok
209685,1396030-6,65,2,2026-01-05T16:02:45.178649,ok
209686,1397808-8,65,2,2026-01-05T16:02:45.178649,ok
209687,1397239-3,65,2,2026-01-05T16:02:45.178649,ok
209688,1395477-5,65,2,2026-01-05T16:02:45.178649,ok
209689,1393361-4,65,2,2026-01-05T16:02:45.178649,ok
209690,1395200-4,65,2,2026-01-05T16:02:45.178649,ok
209691,1391701-0,65,2,2026-01-05T16:02:45.178649,ok
209692,1383157-7,65,2,2026-01-05T16:02:45.178649,ok
209693,1390931-4,65,2,2026-01-05T16:02:45.178649,ok
209694,1389396-8,65,2,2026-01-05T16:02:45.178649,ok
209695,1431626-6,65,2,2026-01-05T16:02:45.178649,ok
209696,1366687-6,65,2,2026-01-05T16:02:45.178649,ok
209697,1379798-9,65,2,2026-01-05T16:02:45.178649,ok
209698,1292028-8,67,2,2026-01-05T16:02:45.178649,ok
209699,1272478-2,67,2,2026-01-05T16:02:45.178649,ok
209700,1207293-8,67,2,2026-01-05T16:02:45.178649,ok
209701,876526-0,67,2,2026-01-05T16:02:45.178649,ok
209702,853317-3,67,2,2026-01-05T16:02:45.178649,ok
209703,1201223-2,67,2,2026-01-05T16:02:45.178649,ok
209704,1436256-4,67,2,2026-01-05T16:02:45.178649,ok
209705,837863-0,67,2,2026-01-05T16:02:45.178649,ok
209706,835581-5,67,2,2026-01-05T16:02:45.178649,ok
209707,803111-6,67,2,2026-01-05T16:02:45.178649,ok
209708,711791-7,67,2,2026-01-05T16:02:45.178649,ok
209709,1419095-7,67,2,2026-01-05T16:02:45.178649,ok
209710,1384106-4,67,2,2026-01-05T16:02:45.178649,ok
209711,1380272-7,67,2,2026-01-05T16:02:45.178649,ok
209712,1213648-0,67,2,2026-01-05T16:02:45.178649,ok
209713,1465405-2,67,2,2026-01-05T16:02:45.178649,ok
209714,1071181-6,67,2,2026-01-05T16:02:45.178649,ok
209715,1319272-2,67,2,2026-01-05T16:02:45.178649,ok
209716,1332368-1,67,2,2026-01-05T16:02:45.178649,ok
209717,1156111-0,67,2,2026-01-05T16:02:45.178649,ok
209718,1397406-4,67,2,2026-01-05T16:02:45.178649,ok
209719,1402498-7,67,2,2026-01-05T16:02:45.178649,ok
209720,1473014-6,67,2,2026-01-05T16:02:45.178649,ok
209721,1410663-9,67,2,2026-01-05T16:02:45.178649,ok
209722,723668-4,67,2,2026-01-05T16:02:45.178649,ok
209723,1362526-2,67,2,2026-01-05T16:02:45.178649,ok
209724,1468770-6,67,2,2026-01-05T16:02:45.178649,ok
209725,1475172-1,67,2,2026-01-05T16:02:45.178649,ok
209726,1453772-7,67,2,2026-01-05T16:02:45.178649,ok
209727,1481306-4,67,2,2026-01-05T16:02:45.178649,ok
209728,1483697-8,67,2,2026-01-05T16:02:45.178649,ok
209729,1410985-0,67,2,2026-01-05T16:02:45.178649,ok
209730,1467082-7,68,2,2026-01-05T16:02:45.178649,ok
209731,1456498-8,68,2,2026-01-05T16:02:45.178649,ok
209732,1451475-5,68,2,2026-01-05T16:02:45.178649,ok
209733,1452785-0,68,2,2026-01-05T16:02:45.178649,ok
209734,1188535-7,68,2,2026-01-05T16:02:45.178649,ok
209735,1476362-9,68,2,2026-01-05T16:02:45.178649,ok
209736,1419020-0,68,2,2026-01-05T16:02:45.178649,ok
209737,1423964-6,68,2,2026-01-05T16:02:45.178649,ok
209738,1415491-3,68,2,2026-01-05T16:02:45.178649,ok
209739,1342430-5,68,2,2026-01-05T16:02:45.178649,ok
209740,1459316-3,68,2,2026-01-05T16:02:45.178649,ok
209741,1458163-8,68,2,2026-01-05T16:02:45.178649,ok
209742,1457118-9,68,2,2026-01-05T16:02:45.178649,ok
209743,1463015-0,68,2,2026-01-05T16:02:45.178649,ok
209744,1337231-9,70,2,2026-01-05T16:02:45.178649,ok
209745,1462202-9,70,2,2026-01-05T16:02:45.178649,ok
209746,1461355-1,70,2,2026-01-05T16:02:45.178649,ok
209747,1472532-5,70,2,2026-01-05T16:02:45.178649,ok
209748,1477842-6,70,2,2026-01-05T16:02:45.178649,ok
209749,1459710-1,70,2,2026-01-05T16:02:45.178649,ok
209750,1454972-1,70,2,2026-01-05T16:02:45.178649,ok
209751,1312851-5,70,2,2026-01-05T16:02:45.178649,ok
209752,1445875-8,70,2,2026-01-05T16:02:45.178649,ok
209753,1451210-4,70,2,2026-01-05T16:02:45.178649,ok
209754,1444893-2,70,2,2026-01-05T16:02:45.178649,ok
209755,1444836-7,70,2,2026-01-05T16:02:45.178649,ok
209756,1441188-4,70,2,2026-01-05T16:02:45.178649,ok
209757,1444803-8,70,2,2026-01-05T16:02:45.178649,ok
209758,1461261-4,70,2,2026-01-05T16:02:45.178649,ok
209759,1410666-0,70,2,2026-01-05T16:02:45.178649,ok
209760,1440670-3,70,2,2026-01-05T16:02:45.178649,ok
209761,1432172-7,70,2,2026-01-05T16:02:45.178649,ok
209762,1405107-3,70,2,2026-01-05T16:02:45.178649,ok
209763,1421745-3,70,2,2026-01-05T16:02:45.178649,ok
209764,1469521-7,70,2,2026-01-05T16:02:45.178649,ok
209765,1397285-5,70,2,2026-01-05T16:02:45.178649,ok
209766,1367290-7,70,2,2026-01-05T16:02:45.178649,ok
209767,1466407-0,70,2,2026-01-05T16:02:45.178649,ok
209768,1293170-1,70,2,2026-01-05T16:02:45.178649,ok
209769,1295861-5,71,2,2026-01-05T16:02:45.178649,ok
209770,1266060-3,71,2,2026-01-05T16:02:45.178649,ok
209771,1474818-8,71,2,2026-01-05T16:02:45.178649,ok
209772,1467594-2,71,2,2026-01-05T16:02:45.178649,ok
209773,1466042-9,71,2,2026-01-05T16:02:45.178649,ok
209774,1466160-2,71,2,2026-01-05T16:02:45.178649,ok
209775,1478448-2,71,2,2026-01-05T16:02:45.178649,ok
209776,1465501-9,71,2,2026-01-05T16:02:45.178649,ok
209777,1464609-6,71,2,2026-01-05T16:02:45.178649,ok
209778,1463789-5,71,2,2026-01-05T16:02:45.178649,ok
209779,1461321-5,71,2,2026-01-05T16:02:45.178649,ok
209780,1461310-2,71,2,2026-01-05T16:02:45.178649,ok
209781,1461072-7,71,2,2026-01-05T16:02:45.178649,ok
209782,1477296-4,71,2,2026-01-05T16:02:45.178649,ok
209783,1459570-7,71,2,2026-01-05T16:02:45.178649,ok
209784,1459737-2,71,2,2026-01-05T16:02:45.178649,ok
209785,1459515-6,71,2,2026-01-05T16:02:45.178649,ok
209786,1458894-8,71,2,2026-01-05T16:02:45.178649,ok
209787,1459255-5,71,2,2026-01-05T16:02:45.178649,ok
209788,1458387-8,71,2,2026-01-05T16:02:45.178649,ok
209789,1458447-9,71,2,2026-01-05T16:02:45.178649,ok
209790,1458317-6,71,2,2026-01-05T16:02:45.178649,ok
209791,1457709-0,71,2,2026-01-05T16:02:45.178649,ok
209792,1457041-3,71,2,2026-01-05T16:02:45.178649,ok
209793,1456103-4,71,2,2026-01-05T16:02:45.178649,ok
209794,1454154-3,71,2,2026-01-05T16:02:45.178649,ok
209795,1459348-5,71,2,2026-01-05T16:02:45.178649,ok
209796,1400376-8,71,2,2026-01-05T16:02:45.178649,ok
209797,1452896-8,71,2,2026-01-05T16:02:45.178649,ok
209798,1417414-4,71,2,2026-01-05T16:02:45.178649,ok
209799,1437212-6,71,2,2026-01-05T16:02:45.178649,ok
209800,1265611-6,71,2,2026-01-05T16:02:45.178649,ok
209801,1444972-8,71,2,2026-01-05T16:02:45.178649,ok
209802,1379665-5,71,2,2026-01-05T16:02:45.178649,ok
209803,1424535-9,71,2,2026-01-05T16:02:45.178649,ok
209804,1421509-7,71,2,2026-01-05T16:02:45.178649,ok
209805,1423648-7,71,2,2026-01-05T16:02:45.178649,ok
209806,1478179-2,77,2,2026-01-05T16:02:45.178649,ok
209807,1448988-2,77,2,2026-01-05T16:02:45.178649,ok
209808,1468327-5,77,2,2026-01-05T16:02:45.178649,ok
209809,1469312-8,77,2,2026-01-05T16:02:45.178649,ok
209810,1448954-6,77,2,2026-01-05T16:02:45.178649,ok
209811,1469701-5,77,2,2026-01-05T16:02:45.178649,ok
209812,1470221-9,77,2,2026-01-05T16:02:45.178649,ok
209813,1458308-7,77,2,2026-01-05T16:02:45.178649,ok
209814,1459682-2,77,2,2026-01-05T16:02:45.178649,ok
209815,1480233-2,77,2,2026-01-05T16:02:45.178649,ok
209816,1467365-1,77,2,2026-01-05T16:02:45.178649,ok
209817,1457237-9,77,2,2026-01-05T16:02:45.178649,ok
209818,1482117-1,77,2,2026-01-05T16:02:45.178649,ok
209819,1399801-7,77,2,2026-01-05T16:02:45.178649,ok
209820,1396020-0,77,2,2026-01-05T16:02:45.178649,ok
209821,1398322-7,77,2,2026-01-05T16:02:45.178649,ok
209822,1395209-7,77,2,2026-01-05T16:02:45.178649,ok
209823,1481375-9,77,2,2026-01-05T16:02:45.178649,ok
209824,1395439-5,77,2,2026-01-05T16:02:45.178649,ok
209825,1480391-9,77,2,2026-01-05T16:02:45.178649,ok
209826,1473378-5,77,2,2026-01-05T16:02:45.178649,ok
209827,1481441-8,77,2,2026-01-05T16:02:45.178649,ok
209828,1466718-8,77,2,2026-01-05T16:02:45.178649,ok
209829,1360369-9,77,2,2026-01-05T16:02:45.178649,ok
209830,1479418-8,77,2,2026-01-05T16:02:45.178649,ok
209831,1474890-0,77,2,2026-01-05T16:02:45.178649,ok
209832,1406483-2,77,2,2026-01-05T16:02:45.178649,ok
209833,1482152-0,77,2,2026-01-05T16:02:45.178649,ok
209834,1481826-1,77,2,2026-01-05T16:02:45.178649,ok
209835,1482267-6,77,2,2026-01-05T16:02:45.178649,ok
209836,1482019-0,77,2,2026-01-05T16:02:45.178649,ok
209837,1471984-5,77,2,2026-01-05T16:02:45.178649,ok
209838,1473396-3,77,2,2026-01-05T16:02:45.178649,ok
209839,1481981-7,77,2,2026-01-05T16:02:45.178649,ok
209840,1481982-4,77,2,2026-01-05T16:02:45.178649,ok
209841,1481867-2,77,2,2026-01-05T16:02:45.178649,ok
209842,1469078-1,77,2,2026-01-05T16:02:45.178649,ok
209843,1478198-7,77,2,2026-01-05T16:02:45.178649,ok
209844,1475656-2,77,2,2026-01-05T16:02:45.178649,ok
209845,1469569-7,77,2,2026-01-05T16:02:45.178649,ok
209846,1478968-9,77,2,2026-01-05T16:02:45.178649,ok
209847,1482235-4,77,2,2026-01-05T16:02:45.178649,ok
209848,1467090-9,77,2,2026-01-05T16:02:45.178649,ok
209849,1466451-8,77,2,2026-01-05T16:02:45.178649,ok
209850,1454996-1,77,2,2026-01-05T16:02:45.178649,ok
209851,1471146-5,77,2,2026-01-05T16:02:45.178649,ok
209852,1454540-9,69,2,2026-01-05T16:02:45.178649,ok
209853,1444741-3,69,2,2026-01-05T16:02:45.178649,ok
209854,1443235-6,69,2,2026-01-05T16:02:45.178649,ok
209855,1270988-5,69,2,2026-01-05T16:02:45.178649,ok
209856,1443108-4,69,2,2026-01-05T16:02:45.178649,ok
209857,1443205-8,69,2,2026-01-05T16:02:45.178649,ok
209858,1442987-1,69,2,2026-01-05T16:02:45.178649,ok
209859,1454580-3,69,2,2026-01-05T16:02:45.178649,ok
209860,1449932-4,69,2,2026-01-05T16:02:45.178649,ok
209861,1394250-0,69,2,2026-01-05T16:02:45.178649,ok
209862,1442517-9,69,2,2026-01-05T16:02:45.178649,ok
209863,1422275-0,69,2,2026-01-05T16:02:45.178649,ok
209864,1441347-3,69,2,2026-01-05T16:02:45.178649,ok
209865,1426840-3,69,2,2026-01-05T16:02:45.178649,ok
209866,1439825-1,69,2,2026-01-05T16:02:45.178649,ok
209867,1436412-2,69,2,2026-01-05T16:02:45.178649,ok
209868,1438241-1,69,2,2026-01-05T16:02:45.178649,ok
209869,1427784-4,69,2,2026-01-05T16:02:45.178649,ok
209870,1432859-9,69,2,2026-01-05T16:02:45.178649,ok
209871,1435882-0,69,2,2026-01-05T16:02:45.178649,ok
209872,1428648-7,69,2,2026-01-05T16:02:45.178649,ok
209873,1428684-3,69,2,2026-01-05T16:02:45.178649,ok
209874,1428120-4,69,2,2026-01-05T16:02:45.178649,ok
209875,1426409-2,69,2,2026-01-05T16:02:45.178649,ok
209876,1427536-8,69,2,2026-01-05T16:02:45.178649,ok
209877,1323251-2,69,2,2026-01-05T16:02:45.178649,ok
209878,1424330-4,69,2,2026-01-05T16:02:45.178649,ok
209879,1415833-1,69,2,2026-01-05T16:02:45.178649,ok
209880,1417924-5,69,2,2026-01-05T16:02:45.178649,ok
209881,1394939-6,69,2,2026-01-05T16:02:45.178649,ok
209882,1407800-7,69,2,2026-01-05T16:02:45.178649,ok
209883,1474880-4,69,2,2026-01-05T16:02:45.178649,ok
209884,1403061-4,69,2,2026-01-05T16:02:45.178649,ok
209885,1423820-9,72,2,2026-01-05T16:02:45.178649,ok
209886,1458869-5,72,2,2026-01-05T16:02:45.178649,ok
209887,1450129-4,72,2,2026-01-05T16:02:45.178649,ok
209888,1407308-8,72,2,2026-01-05T16:02:45.178649,ok
209889,1458231-1,72,2,2026-01-05T16:02:45.178649,ok
209890,1424005-6,72,2,2026-01-05T16:02:45.178649,ok
209891,1423363-9,72,2,2026-01-05T16:02:45.178649,ok
209892,1448669-2,72,2,2026-01-05T16:02:45.178649,ok
209893,1368986-2,72,2,2026-01-05T16:02:45.178649,ok
209894,1407630-5,72,2,2026-01-05T16:02:45.178649,ok
209895,1426078-7,72,2,2026-01-05T16:02:45.178649,ok
209896,1390154-7,72,2,2026-01-05T16:02:45.178649,ok
209897,1244252-7,72,2,2026-01-05T16:02:45.178649,ok
209898,1347244-9,72,2,2026-01-05T16:02:45.178649,ok
209899,1402695-6,72,2,2026-01-05T16:02:45.178649,ok
209900,1084848-1,72,2,2026-01-05T16:02:45.178649,ok
209901,1295270-4,72,2,2026-01-05T16:02:45.178649,ok
209902,1085654-3,72,2,2026-01-05T16:02:45.178649,ok
209903,1113264-2,72,2,2026-01-05T16:02:45.178649,ok
209904,1389211-0,72,2,2026-01-05T16:02:45.178649,ok
209905,1426960-0,72,2,2026-01-05T16:02:45.178649,ok
209906,1432556-3,72,2,2026-01-05T16:02:45.178649,ok
209907,1322335-9,72,2,2026-01-05T16:02:45.178649,ok
209908,1331518-7,72,2,2026-01-05T16:02:45.178649,ok
209909,1420086-5,72,2,2026-01-05T16:02:45.178649,ok
209910,1427854-1,72,2,2026-01-05T16:02:45.178649,ok
209911,1431559-0,72,2,2026-01-05T16:02:45.178649,ok
209912,1434932-1,72,2,2026-01-05T16:02:45.178649,ok
209913,1456851-5,72,2,2026-01-05T16:02:45.178649,ok
209914,1427147-1,72,2,2026-01-05T16:02:45.178649,ok
209915,1429490-5,72,2,2026-01-05T16:02:45.178649,ok
209916,1332712-9,72,2,2026-01-05T16:02:45.178649,ok
209917,1391849-5,72,2,2026-01-05T16:02:45.178649,ok
209918,1427495-2,72,2,2026-01-05T16:02:45.178649,ok
209919,1454546-1,72,2,2026-01-05T16:02:45.178649,ok
209920,1453813-3,72,2,2026-01-05T16:02:45.178649,ok
209921,1456420-0,72,2,2026-01-05T16:02:45.178649,ok
209922,1457270-4,72,2,2026-01-05T16:02:45.178649,ok
209923,1310901-2,72,2,2026-01-05T16:02:45.178649,ok
209924,1330190-5,72,2,2026-01-05T16:02:45.178649,ok
209925,1453481-1,72,2,2026-01-05T16:02:45.178649,ok
209926,1432053-7,72,2,2026-01-05T16:02:45.178649,ok
209927,1447142-2,72,2,2026-01-05T16:02:45.178649,ok
209928,1449759-5,72,2,2026-01-05T16:02:45.178649,ok
209929,1418056-6,78,2,2026-01-05T16:02:45.178649,ok
209930,1196465-5,78,2,2026-01-05T16:02:45.178649,ok
209931,797624-9,78,2,2026-01-05T16:02:45.178649,ok
209932,1469887-0,78,2,2026-01-05T16:02:45.178649,ok
209933,1388157-7,78,2,2026-01-05T16:02:45.178649,ok
209934,1424132-8,78,2,2026-01-05T16:02:45.178649,ok
209935,1346596-4,78,2,2026-01-05T16:02:45.178649,ok
209936,1477266-6,78,2,2026-01-05T16:02:45.178649,ok
209937,1483848-5,78,2,2026-01-05T16:02:45.178649,ok
209938,1469685-6,78,2,2026-01-05T16:02:45.178649,ok
209939,1467144-2,78,2,2026-01-05T16:02:45.178649,ok
209940,1454595-4,78,2,2026-01-05T16:02:45.178649,ok
209941,1473466-0,78,2,2026-01-05T16:02:45.178649,ok
209942,1461971-5,78,2,2026-01-05T16:02:45.178649,ok
209943,1418309-2,78,2,2026-01-05T16:02:45.178649,ok
209944,0000304-59.2014.8.16.0075,78,2,2026-01-05T16:02:45.178649,ok
209945,0013805-50.2014.8.16.0182,78,2,2026-01-05T16:02:45.178649,ok
209946,0005299-70.2014.8.16.0187,78,2,2026-01-05T16:02:45.178649,ok
209947,0001890-94.2014.8.16.0152,78,2,2026-01-05T16:02:45.178649,ok
209948,0021317-21.2015.8.16.0030,78,2,2026-01-05T16:02:45.178649,ok
209949,0002156-81.2015.8.16.9000,78,2,2026-01-05T16:02:45.178649,ok
209950,0011939-11.2014.8.16.0019,78,2,2026-01-05T16:02:45.178649,ok
209951,0001070-02.2013.8.16.0123,78,2,2026-01-05T16:02:45.178649,ok
209952,0005869-20.2015.8.16.0026,78,2,2026-01-05T16:02:45.178649,ok
209953,0002256-45.2015.8.16.0170,78,2,2026-01-05T16:02:45.178649,ok
209954,0020961-26.2015.8.16.0030,78,2,2026-01-05T16:02:45.178649,ok
209955,0000937-06.2015.8.16.0182,78,2,2026-01-05T16:02:45.178649,ok
209956,0007401-53.2015.8.16.0018,78,2,2026-01-05T16:02:45.178649,ok
209957,0035476-41.2011.8.16.0019,78,2,2026-01-05T16:02:45.178649,ok
209958,0090047-06.2013.8.16.0014,78,2,2026-01-05T16:02:45.178649,ok
209959,0001026-79.2015.8.16.0133,78,2,2026-01-05T16:02:45.178649,ok
209960,0037371-28.2014.8.16.0182,78,2,2026-01-05T16:02:45.178649,ok
209961,0027002-47.2012.8.16.0019,78,2,2026-01-05T16:02:45.178649,ok
209962,0005380-04.2015.8.16.0019,78,2,2026-01-05T16:02:45.178649,ok
209963,0018965-90.2015.8.16.0030,78,2,2026-01-05T16:02:45.178649,ok
209964,0006933-08.2015.8.16.0045,78,2,2026-01-05T16:02:45.178649,ok
209965,0014394-06.2015.8.16.0021,78,2,2026-01-05T16:02:45.178649,ok
209966,0002411-80.2015.8.16.0030,78,2,2026-01-05T16:02:45.178649,ok
209967,0013392-22.2015.8.16.0014,78,2,2026-01-05T16:02:45.178649,ok
209968,0000590-14.2013.8.16.0094,78,2,2026-01-05T16:02:45.178649,ok
209969,0002134-23.2015.8.16.9000,78,2,2026-01-05T16:02:45.178649,ok
209970,0001661-58.2015.8.16.0069,78,2,2026-01-05T16:02:45.178649,ok
209971,0001280-12.2015.8.16.0114,78,2,2026-01-05T16:02:45.178649,ok
209972,0001099-11.2015.8.16.0114,78,2,2026-01-05T16:02:45.178649,ok
209973,0001098-26.2015.8.16.0114,78,2,2026-01-05T16:02:45.178649,ok
209974,1432985-4,73,2,2026-01-05T16:02:45.178649,ok
209975,1446726-4,73,2,2026-01-05T16:02:45.178649,ok
209976,1310884-6,73,2,2026-01-05T16:02:45.178649,ok
209977,1456658-4,73,2,2026-01-05T16:02:45.178649,ok
209978,1457279-7,73,2,2026-01-05T16:02:45.178649,ok
209979,1349002-9,73,2,2026-01-05T16:02:45.178649,ok
209980,1433892-8,73,2,2026-01-05T16:02:45.178649,ok
209981,1441288-9,73,2,2026-01-05T16:02:45.178649,ok
209982,1447976-8,73,2,2026-01-05T16:02:45.178649,ok
209983,1449343-7,73,2,2026-01-05T16:02:45.178649,ok
209984,1450220-6,73,2,2026-01-05T16:02:45.178649,ok
209985,1451785-6,73,2,2026-01-05T16:02:45.178649,ok
209986,1451793-8,73,2,2026-01-05T16:02:45.178649,ok
209987,1452036-2,73,2,2026-01-05T16:02:45.178649,ok
209988,1440124-6,73,2,2026-01-05T16:02:45.178649,ok
209989,1440706-8,73,2,2026-01-05T16:02:45.178649,ok
209990,1204407-0,73,2,2026-01-05T16:02:45.178649,ok
209991,1417524-5,73,2,2026-01-05T16:02:45.178649,ok
209992,1460207-6,73,2,2026-01-05T16:02:45.178649,ok
209993,1461582-8,73,2,2026-01-05T16:02:45.178649,ok
209994,1459443-5,73,2,2026-01-05T16:02:45.178649,ok
209995,1460279-2,73,2,2026-01-05T16:02:45.178649,ok
209996,1465475-4,73,2,2026-01-05T16:02:45.178649,ok
209997,1429594-8,73,2,2026-01-05T16:02:45.178649,ok
209998,1340458-5,73,2,2026-01-05T16:02:45.178649,ok
209999,1410863-9,73,2,2026-01-05T16:02:45.178649,ok
210000,1227566-2,73,2,2026-01-05T16:02:45.178649,ok
