Id_processo,processo_25,pagina_extraida,chunk_inserida,timestamp,status
0,0001739-55.2016.8.16.0089,2,0,2026-01-05T17:29:23.690885,ignorado
0,0018604-39.2016.8.16.0030,2,0,2026-01-05T17:29:23.691054,ignorado
0,N/A,2,0,2026-01-05T17:29:23.691063,ignorado
0,N/A,2,0,2026-01-05T17:29:23.691071,ignorado
0,N/A,2,0,2026-01-05T17:29:23.691078,ignorado
0,N/A,2,0,2026-01-05T17:29:23.691085,ignorado
0,N/A,2,0,2026-01-05T17:29:23.691091,ignorado
0,N/A,2,0,2026-01-05T17:29:23.691097,ignorado
0,N/A,2,0,2026-01-05T17:29:23.691104,ignorado
0,N/A,2,0,2026-01-05T17:29:23.691110,ignorado
0,N/A,2,0,2026-01-05T17:29:23.691116,ignorado
0,N/A,2,0,2026-01-05T17:29:23.691122,ignorado
0,N/A,2,0,2026-01-05T17:29:23.691128,ignorado
0,N/A,2,0,2026-01-05T17:29:23.691134,ignorado
0,N/A,2,0,2026-01-05T17:29:23.691140,ignorado
0,N/A,2,0,2026-01-05T17:29:23.691145,ignorado
0,N/A,2,0,2026-01-05T17:29:23.691151,ignorado
0,N/A,2,0,2026-01-05T17:29:23.691156,ignorado
0,N/A,2,0,2026-01-05T17:29:23.691163,ignorado
0,N/A,2,0,2026-01-05T17:29:23.691168,ignorado
0,N/A,2,0,2026-01-05T17:29:23.691174,ignorado
0,N/A,2,0,2026-01-05T17:29:23.691180,ignorado
0,N/A,2,0,2026-01-05T17:29:23.691186,ignorado
0,N/A,2,0,2026-01-05T17:29:23.691192,ignorado
0,N/A,2,0,2026-01-05T17:29:23.691197,ignorado
0,N/A,2,0,2026-01-05T17:29:23.691203,ignorado
0,N/A,2,0,2026-01-05T17:29:23.691208,ignorado
0,N/A,2,0,2026-01-05T17:29:23.691214,ignorado
0,N/A,2,0,2026-01-05T17:29:23.691220,ignorado
0,N/A,2,0,2026-01-05T17:29:23.691225,ignorado
0,N/A,2,0,2026-01-05T17:29:23.691231,ignorado
0,N/A,2,0,2026-01-05T17:29:23.691237,ignorado
0,N/A,2,0,2026-01-05T17:29:23.691242,ignorado
0,N/A,2,0,2026-01-05T17:29:23.691248,ignorado
0,N/A,2,0,2026-01-05T17:29:23.691254,ignorado
0,N/A,2,0,2026-01-05T17:29:23.691260,ignorado
0,N/A,2,0,2026-01-05T17:29:23.691265,ignorado
0,N/A,2,0,2026-01-05T17:29:23.691271,ignorado
0,N/A,2,0,2026-01-05T17:29:23.691276,ignorado
0,N/A,2,0,2026-01-05T17:29:23.691282,ignorado
0,N/A,2,0,2026-01-05T17:29:23.691287,ignorado
0,N/A,2,0,2026-01-05T17:29:23.691294,ignorado
0,N/A,2,0,2026-01-05T17:29:23.691300,ignorado
0,N/A,2,0,2026-01-05T17:29:23.691306,ignorado
0,N/A,2,0,2026-01-05T17:29:23.691315,ignorado
0,N/A,2,0,2026-01-05T17:29:23.691320,ignorado
0,N/A,2,0,2026-01-05T17:29:23.691326,ignorado
0,N/A,2,0,2026-01-05T17:29:23.691335,ignorado
0,N/A,2,0,2026-01-05T17:29:23.691341,ignorado
0,N/A,2,0,2026-01-05T17:29:23.691347,ignorado
0,0003404-64.2015.8.16.0179,5,0,2026-01-05T17:29:24.082241,ignorado
0,0078622-11.2015.8.16.0014,5,0,2026-01-05T17:29:24.082276,ignorado
0,0039585-21.2016.8.16.0182,5,0,2026-01-05T17:29:24.082284,ignorado
0,N/A,5,0,2026-01-05T17:29:24.082289,ignorado
0,N/A,5,0,2026-01-05T17:29:24.082297,ignorado
0,N/A,5,0,2026-01-05T17:29:24.082316,ignorado
0,0010470-52.2016.8.16.0182,5,0,2026-01-05T17:29:24.082328,ignorado
0,0002084-60.2016.8.16.9000,5,0,2026-01-05T17:29:24.082332,ignorado
0,0000889-32.2016.8.16.0111,5,0,2026-01-05T17:29:24.082351,ignorado
0,N/A,5,0,2026-01-05T17:29:24.082355,ignorado
0,N/A,5,0,2026-01-05T17:29:24.082361,ignorado
0,N/A,5,0,2026-01-05T17:29:24.082367,ignorado
0,N/A,5,0,2026-01-05T17:29:24.082373,ignorado
0,N/A,5,0,2026-01-05T17:29:24.082380,ignorado
0,N/A,5,0,2026-01-05T17:29:24.082387,ignorado
0,N/A,5,0,2026-01-05T17:29:24.082393,ignorado
0,N/A,5,0,2026-01-05T17:29:24.082399,ignorado
0,N/A,5,0,2026-01-05T17:29:24.082404,ignorado
0,N/A,5,0,2026-01-05T17:29:24.082410,ignorado
0,N/A,5,0,2026-01-05T17:29:24.082416,ignorado
0,N/A,5,0,2026-01-05T17:29:24.082422,ignorado
0,N/A,5,0,2026-01-05T17:29:24.082429,ignorado
0,N/A,5,0,2026-01-05T17:29:24.082435,ignorado
0,N/A,5,0,2026-01-05T17:29:24.082441,ignorado
0,N/A,5,0,2026-01-05T17:29:24.082447,ignorado
0,N/A,5,0,2026-01-05T17:29:24.082453,ignorado
0,N/A,5,0,2026-01-05T17:29:24.082459,ignorado
0,N/A,5,0,2026-01-05T17:29:24.082485,ignorado
0,1614216-0,5,0,2026-01-05T17:29:24.082489,ignorado
0,N/A,5,0,2026-01-05T17:29:24.082513,ignorado
0,0000063-78.2016.8.16.0184,1,0,2026-01-05T17:29:24.360463,ignorado
0,0012794-10.2015.8.16.0098,1,0,2026-01-05T17:29:24.360466,ignorado
0,0000420-27.2015.8.16.0044,1,0,2026-01-05T17:29:24.360470,ignorado
0,0078274-90.2015.8.16.0014,1,0,2026-01-05T17:29:24.360479,ignorado
0,0016702-81.2014.8.16.0075,1,0,2026-01-05T17:29:24.360484,ignorado
0,0005320-17.2016.8.16.0174,1,0,2026-01-05T17:29:24.360487,ignorado
0,0002168-82.2015.8.16.0048,1,0,2026-01-05T17:29:24.360490,ignorado
0,0020432-89.2015.8.16.0035,1,0,2026-01-05T17:29:24.360493,ignorado
0,0015949-31.2015.8.16.0030,1,0,2026-01-05T17:29:24.360496,ignorado
0,0000173-22.2015.8.16.0052,1,0,2026-01-05T17:29:24.360499,ignorado
0,0002585-48.2015.8.16.0173,1,0,2026-01-05T17:29:24.360503,ignorado
0,1628301-3,1,0,2026-01-05T17:29:24.360522,ignorado
0,1628471-0,1,0,2026-01-05T17:29:24.360525,ignorado
0,0009127-85.2015.8.16.0075,1,0,2026-01-05T17:29:24.360528,ignorado
0,0001340-09.2016.8.16.0127,1,0,2026-01-05T17:29:24.360531,ignorado
0,0029005-29.2016.8.16.0182,1,0,2026-01-05T17:29:24.360534,ignorado
0,0011256-58.2016.8.16.0130,1,0,2026-01-05T17:29:24.360538,ignorado
0,0009649-19.2016.8.16.0030,1,0,2026-01-05T17:29:24.360541,ignorado
0,0003229-29.2016.8.16.0052,1,0,2026-01-05T17:29:24.360544,ignorado
0,0014467-03.2015.8.16.0045,1,0,2026-01-05T17:29:24.360547,ignorado
0,0007814-47.2015.8.16.0089,1,0,2026-01-05T17:29:24.360551,ignorado
0,0011203-21.2015.8.16.0160,1,0,2026-01-05T17:29:24.360554,ignorado
0,0000352-13.2016.8.16.0151,1,0,2026-01-05T17:29:24.360557,ignorado
0,0010573-76.2015.8.16.0026,1,0,2026-01-05T17:29:24.360560,ignorado
0,0007915-45.2016.8.16.0026,1,0,2026-01-05T17:29:24.360563,ignorado
0,0004279-10.2015.8.16.0187,1,0,2026-01-05T17:29:24.360567,ignorado
0,0003831-27.2015.8.16.0158,1,0,2026-01-05T17:29:24.360570,ignorado
0,0001469-88.2016.8.16.0167,1,0,2026-01-05T17:29:24.360573,ignorado
0,0000845-83.2014.8.16.0078,1,0,2026-01-05T17:29:24.360576,ignorado
0,N/A,12,0,2026-01-05T17:29:24.625401,ignorado
0,N/A,12,0,2026-01-05T17:29:24.625427,ignorado
0,N/A,12,0,2026-01-05T17:29:24.625434,ignorado
0,N/A,12,0,2026-01-05T17:29:24.625440,ignorado
0,N/A,12,0,2026-01-05T17:29:24.625444,ignorado
0,N/A,12,0,2026-01-05T17:29:24.625449,ignorado
0,N/A,12,0,2026-01-05T17:29:24.625454,ignorado
0,N/A,12,0,2026-01-05T17:29:24.625458,ignorado
0,N/A,12,0,2026-01-05T17:29:24.625463,ignorado
0,N/A,12,0,2026-01-05T17:29:24.625467,ignorado
0,N/A,12,0,2026-01-05T17:29:24.625470,ignorado
0,N/A,12,0,2026-01-05T17:29:24.625474,ignorado
0,N/A,12,0,2026-01-05T17:29:24.625479,ignorado
0,N/A,12,0,2026-01-05T17:29:24.625483,ignorado
0,N/A,12,0,2026-01-05T17:29:24.625487,ignorado
0,N/A,12,0,2026-01-05T17:29:24.625491,ignorado
0,N/A,12,0,2026-01-05T17:29:24.625495,ignorado
0,N/A,12,0,2026-01-05T17:29:24.625499,ignorado
0,N/A,12,0,2026-01-05T17:29:24.625504,ignorado
0,N/A,12,0,2026-01-05T17:29:24.625508,ignorado
0,N/A,12,0,2026-01-05T17:29:24.625512,ignorado
0,N/A,12,0,2026-01-05T17:29:24.625516,ignorado
0,N/A,12,0,2026-01-05T17:29:24.625521,ignorado
0,N/A,12,0,2026-01-05T17:29:24.625525,ignorado
0,N/A,12,0,2026-01-05T17:29:24.625531,ignorado
0,N/A,12,0,2026-01-05T17:29:24.625535,ignorado
0,N/A,12,0,2026-01-05T17:29:24.625539,ignorado
0,N/A,12,0,2026-01-05T17:29:24.625544,ignorado
0,N/A,12,0,2026-01-05T17:29:24.625548,ignorado
0,N/A,12,0,2026-01-05T17:29:24.625552,ignorado
0,N/A,12,0,2026-01-05T17:29:24.625556,ignorado
0,N/A,12,0,2026-01-05T17:29:24.625560,ignorado
0,N/A,12,0,2026-01-05T17:29:24.625564,ignorado
0,N/A,12,0,2026-01-05T17:29:24.625568,ignorado
0,N/A,12,0,2026-01-05T17:29:24.625573,ignorado
0,N/A,12,0,2026-01-05T17:29:24.625577,ignorado
0,N/A,12,0,2026-01-05T17:29:24.625581,ignorado
0,N/A,12,0,2026-01-05T17:29:24.625585,ignorado
0,N/A,12,0,2026-01-05T17:29:24.625589,ignorado
0,N/A,12,0,2026-01-05T17:29:24.625593,ignorado
0,N/A,12,0,2026-01-05T17:29:24.625597,ignorado
0,N/A,12,0,2026-01-05T17:29:24.625602,ignorado
0,N/A,12,0,2026-01-05T17:29:24.625606,ignorado
0,N/A,12,0,2026-01-05T17:29:24.625611,ignorado
0,N/A,12,0,2026-01-05T17:29:24.625615,ignorado
0,N/A,12,0,2026-01-05T17:29:24.625619,ignorado
0,N/A,12,0,2026-01-05T17:29:24.625623,ignorado
0,N/A,12,0,2026-01-05T17:29:24.625628,ignorado
0,N/A,12,0,2026-01-05T17:29:24.625632,ignorado
0,N/A,12,0,2026-01-05T17:29:24.625636,ignorado
0,N/A,11,0,2026-01-05T17:29:25.407404,ignorado
0,N/A,11,0,2026-01-05T17:29:25.407410,ignorado
0,N/A,11,0,2026-01-05T17:29:25.407438,ignorado
0,N/A,11,0,2026-01-05T17:29:25.407451,ignorado
0,N/A,11,0,2026-01-05T17:29:25.407455,ignorado
0,N/A,11,0,2026-01-05T17:29:25.407460,ignorado
0,N/A,11,0,2026-01-05T17:29:25.407464,ignorado
0,N/A,11,0,2026-01-05T17:29:25.407469,ignorado
0,N/A,11,0,2026-01-05T17:29:25.407474,ignorado
0,N/A,11,0,2026-01-05T17:29:25.407479,ignorado
0,N/A,11,0,2026-01-05T17:29:25.407484,ignorado
0,N/A,11,0,2026-01-05T17:29:25.407488,ignorado
0,N/A,11,0,2026-01-05T17:29:25.407496,ignorado
0,N/A,11,0,2026-01-05T17:29:25.407500,ignorado
0,N/A,11,0,2026-01-05T17:29:25.407505,ignorado
0,N/A,11,0,2026-01-05T17:29:25.407509,ignorado
0,N/A,11,0,2026-01-05T17:29:25.407514,ignorado
0,N/A,11,0,2026-01-05T17:29:25.407518,ignorado
0,N/A,11,0,2026-01-05T17:29:25.407522,ignorado
0,N/A,11,0,2026-01-05T17:29:25.407526,ignorado
0,N/A,11,0,2026-01-05T17:29:25.407531,ignorado
0,N/A,11,0,2026-01-05T17:29:25.407535,ignorado
0,N/A,11,0,2026-01-05T17:29:25.407539,ignorado
0,N/A,11,0,2026-01-05T17:29:25.407544,ignorado
0,N/A,11,0,2026-01-05T17:29:25.407548,ignorado
0,N/A,11,0,2026-01-05T17:29:25.407553,ignorado
0,N/A,11,0,2026-01-05T17:29:25.407557,ignorado
0,N/A,11,0,2026-01-05T17:29:25.407561,ignorado
0,N/A,11,0,2026-01-05T17:29:25.407565,ignorado
0,N/A,11,0,2026-01-05T17:29:25.407569,ignorado
0,N/A,11,0,2026-01-05T17:29:25.407574,ignorado
0,N/A,11,0,2026-01-05T17:29:25.407578,ignorado
0,N/A,11,0,2026-01-05T17:29:25.407582,ignorado
0,N/A,11,0,2026-01-05T17:29:25.407586,ignorado
0,N/A,11,0,2026-01-05T17:29:25.407590,ignorado
0,N/A,11,0,2026-01-05T17:29:25.407594,ignorado
0,N/A,8,0,2026-01-05T17:29:26.425228,ignorado
0,N/A,8,0,2026-01-05T17:29:26.430550,ignorado
0,N/A,8,0,2026-01-05T17:29:26.430634,ignorado
0,N/A,8,0,2026-01-05T17:29:26.430678,ignorado
0,N/A,8,0,2026-01-05T17:29:26.430780,ignorado
0,N/A,8,0,2026-01-05T17:29:26.430789,ignorado
0,N/A,8,0,2026-01-05T17:29:26.430798,ignorado
0,N/A,8,0,2026-01-05T17:29:26.430816,ignorado
0,N/A,8,0,2026-01-05T17:29:26.430874,ignorado
0,N/A,10,0,2026-01-05T17:29:26.733779,ignorado
0,N/A,10,0,2026-01-05T17:29:26.733792,ignorado
0,N/A,13,0,2026-01-05T17:29:28.108155,ignorado
0,N/A,13,0,2026-01-05T17:29:28.108204,ignorado
0,N/A,13,0,2026-01-05T17:29:28.108212,ignorado
0,N/A,13,0,2026-01-05T17:29:28.108218,ignorado
0,N/A,13,0,2026-01-05T17:29:28.108223,ignorado
0,N/A,13,0,2026-01-05T17:29:28.108229,ignorado
0,N/A,13,0,2026-01-05T17:29:28.108235,ignorado
0,N/A,13,0,2026-01-05T17:29:28.108239,ignorado
0,N/A,13,0,2026-01-05T17:29:28.108244,ignorado
0,N/A,13,0,2026-01-05T17:29:28.108249,ignorado
0,N/A,13,0,2026-01-05T17:29:28.108254,ignorado
0,N/A,13,0,2026-01-05T17:29:28.108259,ignorado
0,N/A,13,0,2026-01-05T17:29:28.108265,ignorado
0,N/A,13,0,2026-01-05T17:29:28.108269,ignorado
0,N/A,13,0,2026-01-05T17:29:28.108274,ignorado
0,N/A,13,0,2026-01-05T17:29:28.108279,ignorado
0,N/A,13,0,2026-01-05T17:29:28.108284,ignorado
0,N/A,13,0,2026-01-05T17:29:28.108288,ignorado
0,N/A,13,0,2026-01-05T17:29:28.108293,ignorado
0,N/A,13,0,2026-01-05T17:29:28.108297,ignorado
0,N/A,13,0,2026-01-05T17:29:28.108302,ignorado
0,N/A,13,0,2026-01-05T17:29:28.108307,ignorado
0,N/A,13,0,2026-01-05T17:29:28.108311,ignorado
0,N/A,13,0,2026-01-05T17:29:28.108315,ignorado
0,N/A,13,0,2026-01-05T17:29:28.108320,ignorado
0,N/A,13,0,2026-01-05T17:29:28.108324,ignorado
0,N/A,13,0,2026-01-05T17:29:28.108329,ignorado
0,N/A,13,0,2026-01-05T17:29:28.108333,ignorado
0,N/A,13,0,2026-01-05T17:29:28.108337,ignorado
0,N/A,13,0,2026-01-05T17:29:28.108341,ignorado
0,N/A,13,0,2026-01-05T17:29:28.108345,ignorado
0,N/A,13,0,2026-01-05T17:29:28.108349,ignorado
0,N/A,13,0,2026-01-05T17:29:28.108353,ignorado
0,N/A,13,0,2026-01-05T17:29:28.108357,ignorado
0,N/A,13,0,2026-01-05T17:29:28.108361,ignorado
0,N/A,13,0,2026-01-05T17:29:28.108365,ignorado
0,N/A,13,0,2026-01-05T17:29:28.108396,ignorado
0,N/A,13,0,2026-01-05T17:29:28.108410,ignorado
0,N/A,7,0,2026-01-05T17:29:28.472371,ignorado
0,N/A,7,0,2026-01-05T17:29:28.472405,ignorado
0,N/A,7,0,2026-01-05T17:29:28.472474,ignorado
0,N/A,7,0,2026-01-05T17:29:28.472504,ignorado
0,N/A,7,0,2026-01-05T17:29:28.472520,ignorado
0,N/A,9,0,2026-01-05T17:29:28.581354,ignorado
0,N/A,9,0,2026-01-05T17:29:28.581387,ignorado
0,N/A,9,0,2026-01-05T17:29:28.581446,ignorado
0,N/A,9,0,2026-01-05T17:29:28.581459,ignorado
0,N/A,9,0,2026-01-05T17:29:28.581471,ignorado
0,N/A,9,0,2026-01-05T17:29:28.581498,ignorado
0,N/A,9,0,2026-01-05T17:29:28.581523,ignorado
0,1628165-7,3,0,2026-01-05T17:29:28.814944,ignorado
0,1628176-0,3,0,2026-01-05T17:29:28.814948,ignorado
0,1628304-4,3,0,2026-01-05T17:29:28.814963,ignorado
0,1627816-5,3,0,2026-01-05T17:29:28.814970,ignorado
0,1627793-7,3,0,2026-01-05T17:29:28.814973,ignorado
0,1627793-7,3,0,2026-01-05T17:29:28.814976,ignorado
0,N/A,3,0,2026-01-05T17:29:28.814994,ignorado
0,1626307-7,3,0,2026-01-05T17:29:28.815030,ignorado
0,1627270-9,3,0,2026-01-05T17:29:28.815037,ignorado
0,1622322-8,3,0,2026-01-05T17:29:28.815047,ignorado
0,1627272-3,3,0,2026-01-05T17:29:28.815059,ignorado
0,1627220-9,3,0,2026-01-05T17:29:28.815062,ignorado
0,1627005-2,3,0,2026-01-05T17:29:28.815065,ignorado
0,1627401-4,3,0,2026-01-05T17:29:28.815068,ignorado
0,1626768-0,3,0,2026-01-05T17:29:28.815071,ignorado
0,0030874-27.2016.8.16.0182,3,0,2026-01-05T17:29:28.815087,ignorado
0,0031881-54.2016.8.16.0182,17,0,2026-01-05T17:29:30.003792,ignorado
0,0011395-79.2013.8.16.0044,17,0,2026-01-05T17:29:30.003818,ignorado
0,0000763-05.2016.8.16.0168,17,0,2026-01-05T17:29:30.003826,ignorado
0,0001661-03.2016.8.16.9000,17,0,2026-01-05T17:29:30.003830,ignorado
0,0020467-59.2016.8.16.0182,17,0,2026-01-05T17:29:30.003833,ignorado
0,0002111-43.2016.8.16.9000,17,0,2026-01-05T17:29:30.003848,ignorado
0,0021879-49.2014.8.16.0035,17,0,2026-01-05T17:29:30.003852,ignorado
0,0069815-36.2014.8.16.0014,17,0,2026-01-05T17:29:30.003858,ignorado
0,N/A,17,0,2026-01-05T17:29:30.003861,ignorado
0,N/A,17,0,2026-01-05T17:29:30.003867,ignorado
0,N/A,17,0,2026-01-05T17:29:30.003874,ignorado
0,N/A,17,0,2026-01-05T17:29:30.003879,ignorado
0,N/A,17,0,2026-01-05T17:29:30.003884,ignorado
0,N/A,17,0,2026-01-05T17:29:30.003889,ignorado
0,N/A,17,0,2026-01-05T17:29:30.003895,ignorado
0,N/A,17,0,2026-01-05T17:29:30.003900,ignorado
0,N/A,17,0,2026-01-05T17:29:30.003905,ignorado
0,N/A,17,0,2026-01-05T17:29:30.003910,ignorado
0,N/A,17,0,2026-01-05T17:29:30.003915,ignorado
0,N/A,17,0,2026-01-05T17:29:30.003921,ignorado
0,N/A,17,0,2026-01-05T17:29:30.003926,ignorado
0,N/A,17,0,2026-01-05T17:29:30.003931,ignorado
0,N/A,17,0,2026-01-05T17:29:30.003937,ignorado
0,N/A,17,0,2026-01-05T17:29:30.003942,ignorado
0,N/A,17,0,2026-01-05T17:29:30.003947,ignorado
0,N/A,17,0,2026-01-05T17:29:30.003952,ignorado
0,N/A,17,0,2026-01-05T17:29:30.003958,ignorado
0,N/A,17,0,2026-01-05T17:29:30.003963,ignorado
0,N/A,17,0,2026-01-05T17:29:30.003968,ignorado
0,N/A,17,0,2026-01-05T17:29:30.003973,ignorado
0,N/A,17,0,2026-01-05T17:29:30.003978,ignorado
0,N/A,17,0,2026-01-05T17:29:30.003983,ignorado
0,N/A,17,0,2026-01-05T17:29:30.003988,ignorado
0,N/A,17,0,2026-01-05T17:29:30.003993,ignorado
0,N/A,17,0,2026-01-05T17:29:30.003998,ignorado
0,N/A,17,0,2026-01-05T17:29:30.004004,ignorado
0,N/A,17,0,2026-01-05T17:29:30.004009,ignorado
0,N/A,17,0,2026-01-05T17:29:30.004015,ignorado
0,N/A,17,0,2026-01-05T17:29:30.004020,ignorado
0,N/A,17,0,2026-01-05T17:29:30.004026,ignorado
0,N/A,17,0,2026-01-05T17:29:30.004031,ignorado
0,N/A,17,0,2026-01-05T17:29:30.004036,ignorado
0,N/A,17,0,2026-01-05T17:29:30.004041,ignorado
0,N/A,17,0,2026-01-05T17:29:30.004047,ignorado
0,N/A,17,0,2026-01-05T17:29:30.004053,ignorado
0,N/A,17,0,2026-01-05T17:29:30.004059,ignorado
0,N/A,15,0,2026-01-05T17:29:30.228385,ignorado
0,N/A,15,0,2026-01-05T17:29:30.228405,ignorado
0,N/A,15,0,2026-01-05T17:29:30.228420,ignorado
0,0027649-98.2015.8.16.0031,15,0,2026-01-05T17:29:30.228452,ignorado
0,0008426-67.2016.8.16.0018,15,0,2026-01-05T17:29:30.228455,ignorado
0,0003307-28.2016.8.16.0018,15,0,2026-01-05T17:29:30.228458,ignorado
0,0002022-20.2016.8.16.9000,15,0,2026-01-05T17:29:30.228469,ignorado
0,0002117-50.2016.8.16.9000,15,0,2026-01-05T17:29:30.228472,ignorado
0,0004560-12.2016.8.16.0031,15,0,2026-01-05T17:29:30.228475,ignorado
0,0002623-41.2015.8.16.0050,15,0,2026-01-05T17:29:30.228478,ignorado
0,0004262-88.2015.8.16.0052,15,0,2026-01-05T17:29:30.228481,ignorado
0,0014096-50.2016.8.16.0030,15,0,2026-01-05T17:29:30.228484,ignorado
0,0018237-43.2015.8.16.0129,15,0,2026-01-05T17:29:30.228487,ignorado
0,0002408-28.2016.8.16.0148,15,0,2026-01-05T17:29:30.228490,ignorado
0,0001550-98.2015.8.16.0061,15,0,2026-01-05T17:29:30.228492,ignorado
0,0009743-37.2015.8.16.0018,15,0,2026-01-05T17:29:30.228495,ignorado
0,0020400-90.2015.8.16.0130,15,0,2026-01-05T17:29:30.228498,ignorado
0,0019327-83.2015.8.16.0130,15,0,2026-01-05T17:29:30.228501,ignorado
0,0009363-74.2016.8.16.0019,15,0,2026-01-05T17:29:30.228504,ignorado
0,0027792-07.2016.8.16.0014,15,0,2026-01-05T17:29:30.228508,ignorado
0,0006306-07.2015.8.16.0044,15,0,2026-01-05T17:29:30.228511,ignorado
0,0033679-55.2015.8.16.0030,15,0,2026-01-05T17:29:30.228514,ignorado
0,0020502-60.2015.8.16.0018,15,0,2026-01-05T17:29:30.228516,ignorado
0,0002260-25.2011.8.16.0105,15,0,2026-01-05T17:29:30.228519,ignorado
0,0002040-41.2016.8.16.9000,15,0,2026-01-05T17:29:30.228522,ignorado
0,0016141-63.2016.8.16.0018,15,0,2026-01-05T17:29:30.228525,ignorado
0,0020565-51.2016.8.16.0018,15,0,2026-01-05T17:29:30.228528,ignorado
0,0020897-15.2016.8.16.0019,15,0,2026-01-05T17:29:30.228531,ignorado
0,0000675-17.2016.8.16.0119,15,0,2026-01-05T17:29:30.228533,ignorado
0,0000297-89.2015.8.16.0121,15,0,2026-01-05T17:29:30.228537,ignorado
0,0017011-45.2015.8.16.0018,15,0,2026-01-05T17:29:30.228539,ignorado
0,0006352-16.2016.8.16.0026,15,0,2026-01-05T17:29:30.228543,ignorado
0,N/A,6,0,2026-01-05T17:29:30.346028,ignorado
0,N/A,6,0,2026-01-05T17:29:30.346061,ignorado
0,N/A,6,0,2026-01-05T17:29:30.346085,ignorado
0,0014103-67.2015.8.16.0130,16,0,2026-01-05T17:29:30.488517,ignorado
0,0002864-04.2015.8.16.0086,16,0,2026-01-05T17:29:30.488540,ignorado
0,0001359-92.2016.8.16.0166,16,0,2026-01-05T17:29:30.488547,ignorado
0,0018245-62.2015.8.16.0018,16,0,2026-01-05T17:29:30.488551,ignorado
0,0019488-07.2016.8.16.0018,16,0,2026-01-05T17:29:30.488555,ignorado
0,0035407-63.2015.8.16.0182,16,0,2026-01-05T17:29:30.488559,ignorado
0,0018706-53.2015.8.16.0044,16,0,2026-01-05T17:29:30.488608,ignorado
0,0002367-83.2016.8.16.9000,16,0,2026-01-05T17:29:30.488611,ignorado
0,0031803-60.2016.8.16.0182,16,0,2026-01-05T17:29:30.488614,ignorado
0,0034556-87.2016.8.16.0182,16,0,2026-01-05T17:29:30.488617,ignorado
0,0042743-84.2016.8.16.0182,16,0,2026-01-05T17:29:30.488621,ignorado
0,0021182-04.2016.8.16.0182,16,0,2026-01-05T17:29:30.488624,ignorado
0,0002044-17.2012.8.16.0174,16,0,2026-01-05T17:29:30.488627,ignorado
0,0023800-19.2016.8.16.0182,16,0,2026-01-05T17:29:30.488630,ignorado
0,0032734-63.2016.8.16.0182,16,0,2026-01-05T17:29:30.488633,ignorado
0,0002096-97.2016.8.16.0036,16,0,2026-01-05T17:29:30.488636,ignorado
0,0002237-65.2013.8.16.0184,16,0,2026-01-05T17:29:30.488638,ignorado
0,0000090-69.2016.8.16.0149,16,0,2026-01-05T17:29:30.488641,ignorado
0,0043574-35.2016.8.16.0182,16,0,2026-01-05T17:29:30.488644,ignorado
0,0003064-79.2015.8.16.0031,16,0,2026-01-05T17:29:30.488647,ignorado
0,0034960-41.2016.8.16.0182,16,0,2026-01-05T17:29:30.488650,ignorado
0,0015605-64.2016.8.16.0014,16,0,2026-01-05T17:29:30.488653,ignorado
0,0042738-62.2016.8.16.0182,16,0,2026-01-05T17:29:30.488656,ignorado
0,0012279-45.2016.8.16.0031,16,0,2026-01-05T17:29:30.488658,ignorado
0,0021882-77.2016.8.16.0182,16,0,2026-01-05T17:29:30.488661,ignorado
0,0030276-73.2016.8.16.0182,16,0,2026-01-05T17:29:30.488664,ignorado
0,0032554-47.2016.8.16.0182,16,0,2026-01-05T17:29:30.488667,ignorado
0,0032832-48.2016.8.16.0182,16,0,2026-01-05T17:29:30.488670,ignorado
0,0033505-41.2016.8.16.0182,16,0,2026-01-05T17:29:30.488674,ignorado
0,0002035-19.2016.8.16.9000,16,0,2026-01-05T17:29:30.488678,ignorado
0,0002083-75.2016.8.16.9000,16,0,2026-01-05T17:29:30.488681,ignorado
0,0001569-05.2016.8.16.0018,16,0,2026-01-05T17:29:30.488683,ignorado
0,0029658-31.2016.8.16.0182,16,0,2026-01-05T17:29:30.488697,ignorado
0,0020379-21.2016.8.16.0182,16,0,2026-01-05T17:29:30.488699,ignorado
0,N/A,18,0,2026-01-05T17:29:30.508703,ignorado
0,N/A,18,0,2026-01-05T17:29:30.508726,ignorado
0,N/A,18,0,2026-01-05T17:29:30.508736,ignorado
0,N/A,18,0,2026-01-05T17:29:30.508743,ignorado
0,N/A,18,0,2026-01-05T17:29:30.508750,ignorado
0,N/A,18,0,2026-01-05T17:29:30.508756,ignorado
0,N/A,18,0,2026-01-05T17:29:30.508762,ignorado
0,N/A,18,0,2026-01-05T17:29:30.508767,ignorado
0,N/A,18,0,2026-01-05T17:29:30.508772,ignorado
0,N/A,18,0,2026-01-05T17:29:30.508778,ignorado
0,N/A,18,0,2026-01-05T17:29:30.508783,ignorado
0,N/A,18,0,2026-01-05T17:29:30.508788,ignorado
0,N/A,18,0,2026-01-05T17:29:30.508793,ignorado
0,N/A,18,0,2026-01-05T17:29:30.508798,ignorado
0,N/A,18,0,2026-01-05T17:29:30.508803,ignorado
0,N/A,18,0,2026-01-05T17:29:30.508808,ignorado
0,N/A,18,0,2026-01-05T17:29:30.508814,ignorado
0,N/A,18,0,2026-01-05T17:29:30.508819,ignorado
0,N/A,18,0,2026-01-05T17:29:30.508824,ignorado
0,N/A,18,0,2026-01-05T17:29:30.508829,ignorado
0,N/A,18,0,2026-01-05T17:29:30.508834,ignorado
0,N/A,18,0,2026-01-05T17:29:30.508839,ignorado
0,N/A,18,0,2026-01-05T17:29:30.508844,ignorado
0,N/A,18,0,2026-01-05T17:29:30.508849,ignorado
0,N/A,18,0,2026-01-05T17:29:30.508854,ignorado
0,N/A,18,0,2026-01-05T17:29:30.508859,ignorado
0,N/A,18,0,2026-01-05T17:29:30.508864,ignorado
0,N/A,18,0,2026-01-05T17:29:30.508869,ignorado
0,N/A,18,0,2026-01-05T17:29:30.508874,ignorado
0,N/A,18,0,2026-01-05T17:29:30.508879,ignorado
0,N/A,18,0,2026-01-05T17:29:30.508884,ignorado
0,N/A,18,0,2026-01-05T17:29:30.508889,ignorado
0,N/A,18,0,2026-01-05T17:29:30.508894,ignorado
0,N/A,18,0,2026-01-05T17:29:30.508899,ignorado
0,N/A,18,0,2026-01-05T17:29:30.508904,ignorado
0,N/A,18,0,2026-01-05T17:29:30.508909,ignorado
0,N/A,18,0,2026-01-05T17:29:30.508914,ignorado
0,N/A,18,0,2026-01-05T17:29:30.508919,ignorado
0,N/A,18,0,2026-01-05T17:29:30.508924,ignorado
0,N/A,18,0,2026-01-05T17:29:30.508929,ignorado
0,N/A,18,0,2026-01-05T17:29:30.508934,ignorado
0,N/A,18,0,2026-01-05T17:29:30.508939,ignorado
0,N/A,18,0,2026-01-05T17:29:30.508945,ignorado
0,N/A,18,0,2026-01-05T17:29:30.508950,ignorado
0,N/A,18,0,2026-01-05T17:29:30.508955,ignorado
0,N/A,18,0,2026-01-05T17:29:30.508960,ignorado
0,N/A,18,0,2026-01-05T17:29:30.508970,ignorado
0,N/A,18,0,2026-01-05T17:29:30.508975,ignorado
0,N/A,18,0,2026-01-05T17:29:30.508980,ignorado
0,N/A,14,0,2026-01-05T17:29:31.484014,ignorado
0,N/A,14,0,2026-01-05T17:29:31.484027,ignorado
0,N/A,14,0,2026-01-05T17:29:31.484032,ignorado
0,N/A,14,0,2026-01-05T17:29:31.484040,ignorado
0,N/A,14,0,2026-01-05T17:29:31.484044,ignorado
0,N/A,19,0,2026-01-05T17:29:31.917452,ignorado
0,N/A,19,0,2026-01-05T17:29:31.917495,ignorado
0,N/A,19,0,2026-01-05T17:29:31.917506,ignorado
0,N/A,19,0,2026-01-05T17:29:31.917514,ignorado
0,N/A,19,0,2026-01-05T17:29:31.917529,ignorado
0,N/A,19,0,2026-01-05T17:29:31.917537,ignorado
0,N/A,19,0,2026-01-05T17:29:31.917544,ignorado
0,N/A,19,0,2026-01-05T17:29:31.917572,ignorado
0,N/A,19,0,2026-01-05T17:29:31.917577,ignorado
0,N/A,19,0,2026-01-05T17:29:31.917581,ignorado
0,N/A,19,0,2026-01-05T17:29:31.917586,ignorado
0,N/A,19,0,2026-01-05T17:29:31.917590,ignorado
0,N/A,19,0,2026-01-05T17:29:31.917594,ignorado
0,N/A,19,0,2026-01-05T17:29:31.917598,ignorado
0,N/A,19,0,2026-01-05T17:29:31.917602,ignorado
0,N/A,19,0,2026-01-05T17:29:31.917606,ignorado
0,N/A,19,0,2026-01-05T17:29:31.917612,ignorado
0,N/A,19,0,2026-01-05T17:29:31.917617,ignorado
0,N/A,19,0,2026-01-05T17:29:31.917621,ignorado
0,N/A,19,0,2026-01-05T17:29:31.917626,ignorado
0,N/A,19,0,2026-01-05T17:29:31.917629,ignorado
0,N/A,19,0,2026-01-05T17:29:31.917634,ignorado
0,N/A,19,0,2026-01-05T17:29:31.917638,ignorado
0,N/A,19,0,2026-01-05T17:29:31.917642,ignorado
0,N/A,19,0,2026-01-05T17:29:31.917646,ignorado
0,N/A,19,0,2026-01-05T17:29:31.917651,ignorado
0,N/A,19,0,2026-01-05T17:29:31.917654,ignorado
0,N/A,19,0,2026-01-05T17:29:31.917659,ignorado
0,N/A,19,0,2026-01-05T17:29:31.917663,ignorado
0,N/A,19,0,2026-01-05T17:29:31.917667,ignorado
0,N/A,19,0,2026-01-05T17:29:31.917670,ignorado
0,N/A,19,0,2026-01-05T17:29:31.917674,ignorado
0,N/A,19,0,2026-01-05T17:29:31.917679,ignorado
0,N/A,19,0,2026-01-05T17:29:31.917683,ignorado
0,N/A,19,0,2026-01-05T17:29:31.917687,ignorado
0,N/A,19,0,2026-01-05T17:29:31.917691,ignorado
0,N/A,19,0,2026-01-05T17:29:31.917695,ignorado
0,N/A,19,0,2026-01-05T17:29:31.917699,ignorado
0,N/A,22,0,2026-01-05T17:29:37.043396,ignorado
0,1580339-1,22,0,2026-01-05T17:29:37.043493,ignorado
0,N/A,22,0,2026-01-05T17:29:37.043501,ignorado
0,N/A,22,0,2026-01-05T17:29:37.043542,ignorado
0,N/A,22,0,2026-01-05T17:29:37.043547,ignorado
0,N/A,22,0,2026-01-05T17:29:37.043552,ignorado
0,N/A,22,0,2026-01-05T17:29:37.043557,ignorado
0,N/A,22,0,2026-01-05T17:29:37.043561,ignorado
0,N/A,22,0,2026-01-05T17:29:37.043586,ignorado
0,N/A,20,0,2026-01-05T17:29:39.361473,ignorado
0,N/A,20,0,2026-01-05T17:29:39.361494,ignorado
0,N/A,20,0,2026-01-05T17:29:39.361541,ignorado
0,N/A,20,0,2026-01-05T17:29:39.361570,ignorado
0,N/A,20,0,2026-01-05T17:29:39.361603,ignorado
0,N/A,20,0,2026-01-05T17:29:39.361626,ignorado
0,N/A,30,0,2026-01-05T17:29:42.096350,ignorado
0,N/A,30,0,2026-01-05T17:29:42.096360,ignorado
0,N/A,30,0,2026-01-05T17:29:42.096366,ignorado
0,N/A,30,0,2026-01-05T17:29:42.096371,ignorado
0,N/A,30,0,2026-01-05T17:29:42.096376,ignorado
0,N/A,30,0,2026-01-05T17:29:42.096380,ignorado
0,N/A,30,0,2026-01-05T17:29:42.096384,ignorado
0,N/A,30,0,2026-01-05T17:29:42.096389,ignorado
0,N/A,30,0,2026-01-05T17:29:42.096393,ignorado
0,N/A,30,0,2026-01-05T17:29:42.096397,ignorado
0,N/A,30,0,2026-01-05T17:29:42.096402,ignorado
0,N/A,30,0,2026-01-05T17:29:42.096406,ignorado
0,N/A,30,0,2026-01-05T17:29:42.096410,ignorado
0,N/A,30,0,2026-01-05T17:29:42.096415,ignorado
0,N/A,30,0,2026-01-05T17:29:42.096420,ignorado
0,N/A,30,0,2026-01-05T17:29:42.096424,ignorado
0,N/A,30,0,2026-01-05T17:29:42.096429,ignorado
0,N/A,30,0,2026-01-05T17:29:42.096434,ignorado
0,N/A,30,0,2026-01-05T17:29:42.096438,ignorado
0,N/A,30,0,2026-01-05T17:29:42.096443,ignorado
0,N/A,30,0,2026-01-05T17:29:42.096448,ignorado
0,N/A,30,0,2026-01-05T17:29:42.096452,ignorado
0,N/A,30,0,2026-01-05T17:29:42.096456,ignorado
0,N/A,30,0,2026-01-05T17:29:42.096461,ignorado
0,N/A,30,0,2026-01-05T17:29:42.096465,ignorado
0,N/A,30,0,2026-01-05T17:29:42.096469,ignorado
0,N/A,30,0,2026-01-05T17:29:42.096473,ignorado
0,N/A,30,0,2026-01-05T17:29:42.096478,ignorado
0,N/A,30,0,2026-01-05T17:29:42.096482,ignorado
0,N/A,30,0,2026-01-05T17:29:42.096486,ignorado
0,N/A,30,0,2026-01-05T17:29:42.096490,ignorado
0,N/A,30,0,2026-01-05T17:29:42.096494,ignorado
0,N/A,30,0,2026-01-05T17:29:42.096498,ignorado
0,N/A,30,0,2026-01-05T17:29:42.096502,ignorado
0,N/A,30,0,2026-01-05T17:29:42.096506,ignorado
0,N/A,30,0,2026-01-05T17:29:42.096511,ignorado
0,N/A,30,0,2026-01-05T17:29:42.096515,ignorado
0,N/A,30,0,2026-01-05T17:29:42.096519,ignorado
0,N/A,30,0,2026-01-05T17:29:42.096523,ignorado
0,N/A,30,0,2026-01-05T17:29:42.096527,ignorado
0,N/A,30,0,2026-01-05T17:29:42.096531,ignorado
0,N/A,30,0,2026-01-05T17:29:42.096535,ignorado
0,N/A,30,0,2026-01-05T17:29:42.096538,ignorado
0,N/A,30,0,2026-01-05T17:29:42.096542,ignorado
0,N/A,30,0,2026-01-05T17:29:42.096546,ignorado
0,N/A,30,0,2026-01-05T17:29:42.096550,ignorado
0,N/A,30,0,2026-01-05T17:29:42.096554,ignorado
0,N/A,30,0,2026-01-05T17:29:42.096558,ignorado
0,N/A,30,0,2026-01-05T17:29:42.096561,ignorado
0,N/A,29,0,2026-01-05T17:29:43.846258,ignorado
0,N/A,29,0,2026-01-05T17:29:43.846264,ignorado
0,N/A,29,0,2026-01-05T17:29:43.846269,ignorado
0,N/A,29,0,2026-01-05T17:29:43.846274,ignorado
0,N/A,29,0,2026-01-05T17:29:43.846278,ignorado
0,N/A,29,0,2026-01-05T17:29:43.846283,ignorado
0,N/A,29,0,2026-01-05T17:29:43.846292,ignorado
0,N/A,29,0,2026-01-05T17:29:43.846297,ignorado
0,N/A,29,0,2026-01-05T17:29:43.846301,ignorado
0,N/A,29,0,2026-01-05T17:29:43.846306,ignorado
0,N/A,29,0,2026-01-05T17:29:43.846310,ignorado
0,N/A,29,0,2026-01-05T17:29:43.846315,ignorado
0,N/A,29,0,2026-01-05T17:29:43.846319,ignorado
0,N/A,29,0,2026-01-05T17:29:43.846323,ignorado
0,N/A,29,0,2026-01-05T17:29:43.846327,ignorado
0,N/A,29,0,2026-01-05T17:29:43.846332,ignorado
0,N/A,29,0,2026-01-05T17:29:43.846337,ignorado
0,N/A,29,0,2026-01-05T17:29:43.846342,ignorado
0,N/A,29,0,2026-01-05T17:29:43.846346,ignorado
0,N/A,29,0,2026-01-05T17:29:43.846351,ignorado
0,N/A,29,0,2026-01-05T17:29:43.846355,ignorado
0,N/A,29,0,2026-01-05T17:29:43.846360,ignorado
0,N/A,29,0,2026-01-05T17:29:43.846364,ignorado
0,N/A,29,0,2026-01-05T17:29:43.846369,ignorado
0,N/A,29,0,2026-01-05T17:29:43.846373,ignorado
0,N/A,29,0,2026-01-05T17:29:43.846377,ignorado
0,N/A,29,0,2026-01-05T17:29:43.846382,ignorado
0,N/A,29,0,2026-01-05T17:29:43.846386,ignorado
0,N/A,29,0,2026-01-05T17:29:43.846394,ignorado
0,N/A,29,0,2026-01-05T17:29:43.846399,ignorado
0,N/A,29,0,2026-01-05T17:29:43.846403,ignorado
0,N/A,29,0,2026-01-05T17:29:43.846407,ignorado
0,N/A,29,0,2026-01-05T17:29:43.846412,ignorado
0,N/A,29,0,2026-01-05T17:29:43.846416,ignorado
0,N/A,29,0,2026-01-05T17:29:43.846425,ignorado
0,N/A,29,0,2026-01-05T17:29:43.846429,ignorado
0,N/A,29,0,2026-01-05T17:29:43.846441,ignorado
0,N/A,29,0,2026-01-05T17:29:43.846445,ignorado
0,N/A,29,0,2026-01-05T17:29:43.846449,ignorado
0,N/A,27,0,2026-01-05T17:29:44.001020,ignorado
0,N/A,27,0,2026-01-05T17:29:44.001133,ignorado
0,N/A,23,0,2026-01-05T17:29:44.072707,ignorado
0,N/A,23,0,2026-01-05T17:29:44.072713,ignorado
0,N/A,23,0,2026-01-05T17:29:44.072773,ignorado
0,N/A,23,0,2026-01-05T17:29:44.072778,ignorado
0,N/A,23,0,2026-01-05T17:29:44.072789,ignorado
0,N/A,23,0,2026-01-05T17:29:44.072794,ignorado
0,N/A,23,0,2026-01-05T17:29:44.072805,ignorado
0,N/A,23,0,2026-01-05T17:29:44.072809,ignorado
0,N/A,23,0,2026-01-05T17:29:44.072816,ignorado
0,N/A,23,0,2026-01-05T17:29:44.072820,ignorado
0,N/A,23,0,2026-01-05T17:29:44.072831,ignorado
0,N/A,23,0,2026-01-05T17:29:44.072853,ignorado
0,N/A,23,0,2026-01-05T17:29:44.072858,ignorado
0,1606170-4,26,0,2026-01-05T17:29:45.402482,ignorado
0,1593579-0,26,0,2026-01-05T17:29:45.402493,ignorado
0,N/A,26,0,2026-01-05T17:29:45.402498,ignorado
0,N/A,26,0,2026-01-05T17:29:45.402530,ignorado
0,N/A,26,0,2026-01-05T17:29:45.402535,ignorado
0,N/A,24,0,2026-01-05T17:29:46.398897,ignorado
0,N/A,24,0,2026-01-05T17:29:46.398913,ignorado
0,N/A,31,0,2026-01-05T17:29:47.780223,ignorado
0,N/A,31,0,2026-01-05T17:29:47.780252,ignorado
0,N/A,31,0,2026-01-05T17:29:47.780260,ignorado
0,N/A,31,0,2026-01-05T17:29:47.780276,ignorado
0,N/A,31,0,2026-01-05T17:29:47.780281,ignorado
0,N/A,31,0,2026-01-05T17:29:47.780286,ignorado
0,N/A,31,0,2026-01-05T17:29:47.780290,ignorado
0,N/A,31,0,2026-01-05T17:29:47.780299,ignorado
0,N/A,31,0,2026-01-05T17:29:47.780303,ignorado
0,N/A,31,0,2026-01-05T17:29:47.780315,ignorado
0,N/A,31,0,2026-01-05T17:29:47.780319,ignorado
0,N/A,31,0,2026-01-05T17:29:47.780323,ignorado
0,N/A,31,0,2026-01-05T17:29:47.780328,ignorado
0,N/A,31,0,2026-01-05T17:29:47.780332,ignorado
0,N/A,31,0,2026-01-05T17:29:47.780335,ignorado
0,N/A,31,0,2026-01-05T17:29:47.780339,ignorado
0,N/A,31,0,2026-01-05T17:29:47.780343,ignorado
0,N/A,31,0,2026-01-05T17:29:47.780347,ignorado
0,N/A,31,0,2026-01-05T17:29:47.780351,ignorado
0,N/A,31,0,2026-01-05T17:29:47.780355,ignorado
0,N/A,31,0,2026-01-05T17:29:47.780359,ignorado
0,N/A,31,0,2026-01-05T17:29:47.780363,ignorado
0,N/A,31,0,2026-01-05T17:29:47.780367,ignorado
0,N/A,31,0,2026-01-05T17:29:47.780371,ignorado
0,N/A,31,0,2026-01-05T17:29:47.780375,ignorado
0,N/A,31,0,2026-01-05T17:29:47.780379,ignorado
0,N/A,31,0,2026-01-05T17:29:47.780383,ignorado
0,N/A,31,0,2026-01-05T17:29:47.780571,ignorado
0,N/A,31,0,2026-01-05T17:29:47.780577,ignorado
0,N/A,31,0,2026-01-05T17:29:47.780586,ignorado
0,N/A,31,0,2026-01-05T17:29:47.780597,ignorado
0,N/A,31,0,2026-01-05T17:29:47.780605,ignorado
0,N/A,31,0,2026-01-05T17:29:47.780612,ignorado
0,N/A,31,0,2026-01-05T17:29:47.780616,ignorado
0,N/A,31,0,2026-01-05T17:29:47.780620,ignorado
0,N/A,31,0,2026-01-05T17:29:47.780624,ignorado
0,N/A,31,0,2026-01-05T17:29:47.780627,ignorado
0,N/A,31,0,2026-01-05T17:29:47.780631,ignorado
0,N/A,31,0,2026-01-05T17:29:47.780635,ignorado
0,0002043-05.2015.8.16.0052,38,0,2026-01-05T17:29:48.653747,ignorado
0,0000792-08.2016.8.16.0119,38,0,2026-01-05T17:29:48.653752,ignorado
0,0052130-45.2016.8.16.0014,38,0,2026-01-05T17:29:48.653756,ignorado
0,0009721-54.2016.8.16.0014,38,0,2026-01-05T17:29:48.653761,ignorado
0,0002000-65.2015.8.16.0053,38,0,2026-01-05T17:29:48.653765,ignorado
0,0002190-50.2015.8.16.0175,38,0,2026-01-05T17:29:48.653769,ignorado
0,0000769-62.2016.8.16.0119,38,0,2026-01-05T17:29:48.653773,ignorado
0,0036827-04.2015.8.16.0021,38,0,2026-01-05T17:29:48.653777,ignorado
0,0000016-95.2016.8.16.0187,38,0,2026-01-05T17:29:48.653782,ignorado
0,0002469-91.2014.8.16.0168,38,0,2026-01-05T17:29:48.653786,ignorado
0,0002191-35.2015.8.16.0175,38,0,2026-01-05T17:29:48.653790,ignorado
0,0000655-14.2016.8.16.0123,38,0,2026-01-05T17:29:48.653794,ignorado
0,0025757-74.2016.8.16.0014,38,0,2026-01-05T17:29:48.653798,ignorado
0,0036708-64.2015.8.16.0014,38,0,2026-01-05T17:29:48.653802,ignorado
0,0015988-21.2016.8.16.0021,38,0,2026-01-05T17:29:48.653806,ignorado
0,0041193-88.2015.8.16.0182,38,0,2026-01-05T17:29:48.653809,ignorado
0,0019859-60.2015.8.16.0129,38,0,2026-01-05T17:29:48.653814,ignorado
0,0002186-13.2015.8.16.0175,38,0,2026-01-05T17:29:48.653817,ignorado
0,0000824-13.2016.8.16.0119,38,0,2026-01-05T17:29:48.653821,ignorado
0,0030810-17.2016.8.16.0182,38,0,2026-01-05T17:29:48.653825,ignorado
0,0001130-57.2016.8.16.0191,38,0,2026-01-05T17:29:48.653829,ignorado
0,0005419-67.2016.8.16.0018,38,0,2026-01-05T17:29:48.653833,ignorado
0,0001194-38.2016.8.16.0136,38,0,2026-01-05T17:29:48.653837,ignorado
0,0000716-81.2016.8.16.0119,38,0,2026-01-05T17:29:48.653840,ignorado
0,0002042-94.2014.8.16.0168,38,0,2026-01-05T17:29:48.653844,ignorado
0,0003194-75.2015.8.16.0029,38,0,2026-01-05T17:29:48.653848,ignorado
0,0021254-32.2015.8.16.0018,38,0,2026-01-05T17:29:48.653851,ignorado
0,0003750-30.2016.8.16.0098,38,0,2026-01-05T17:29:48.653872,ignorado
0,0012051-46.2015.8.16.0018,38,0,2026-01-05T17:29:48.653875,ignorado
0,0014242-64.2015.8.16.0018,38,0,2026-01-05T17:29:48.653879,ignorado
0,0001362-47.2016.8.16.0166,38,0,2026-01-05T17:29:48.653882,ignorado
0,0002702-49.2015.8.16.0105,38,0,2026-01-05T17:29:48.653885,ignorado
0,0003493-09.2015.8.16.0108,38,0,2026-01-05T17:29:48.653888,ignorado
0,0002107-89.2014.8.16.0168,38,0,2026-01-05T17:29:48.653892,ignorado
0,0049412-12.2015.8.16.0014,38,0,2026-01-05T17:29:48.653895,ignorado
0,0001162-84.2016.8.16.0119,38,0,2026-01-05T17:29:48.653898,ignorado
0,0000333-82.2016.8.16.0029,38,0,2026-01-05T17:29:48.653901,ignorado
0,N/A,28,0,2026-01-05T17:29:49.202267,ignorado
0,0001947-21.2015.8.16.0171,40,0,2026-01-05T17:29:52.823919,ignorado
0,0033608-55.2016.8.16.0018,40,0,2026-01-05T17:29:52.823923,ignorado
0,0020530-84.2016.8.16.0182,40,0,2026-01-05T17:29:52.823929,ignorado
0,0019998-13.2016.8.16.0182,40,0,2026-01-05T17:29:52.823934,ignorado
0,0037636-59.2016.8.16.0182,40,0,2026-01-05T17:29:52.823938,ignorado
0,0002067-24.2016.8.16.9000,40,0,2026-01-05T17:29:52.823942,ignorado
0,0002363-46.2016.8.16.9000,40,0,2026-01-05T17:29:52.823946,ignorado
0,0035581-38.2016.8.16.0182,40,0,2026-01-05T17:29:52.823950,ignorado
0,0037614-98.2016.8.16.0182,40,0,2026-01-05T17:29:52.823954,ignorado
0,0005607-83.2014.8.16.0130,40,0,2026-01-05T17:29:52.823958,ignorado
0,0002047-33.2016.8.16.9000,40,0,2026-01-05T17:29:52.823962,ignorado
0,0006215-62.2013.8.16.0083,40,0,2026-01-05T17:29:52.823966,ignorado
0,0039202-43.2016.8.16.0182,40,0,2026-01-05T17:29:52.823969,ignorado
0,0002003-14.2016.8.16.9000,40,0,2026-01-05T17:29:52.823973,ignorado
0,0008666-56.2016.8.16.0018,40,0,2026-01-05T17:29:52.823978,ignorado
0,0002546-71.2015.8.16.0134,40,0,2026-01-05T17:29:52.823982,ignorado
0,0002601-65.2016.8.16.9000,40,0,2026-01-05T17:29:52.823986,ignorado
0,0000025-96.2015.8.16.0056,40,0,2026-01-05T17:29:52.823990,ignorado
0,0028645-94.2016.8.16.0182,40,0,2026-01-05T17:29:52.823999,ignorado
0,0032669-68.2016.8.16.0182,40,0,2026-01-05T17:29:52.824003,ignorado
0,0000649-27.2013.8.16.0118,40,0,2026-01-05T17:29:52.824007,ignorado
0,0031501-35.2016.8.16.0019,40,0,2026-01-05T17:29:52.824011,ignorado
0,0012860-14.2016.8.16.0014,40,0,2026-01-05T17:29:52.824019,ignorado
0,0010882-61.2015.8.16.0038,40,0,2026-01-05T17:29:52.824024,ignorado
0,0000418-86.2016.8.16.0120,40,0,2026-01-05T17:29:52.824032,ignorado
0,N/A,40,0,2026-01-05T17:29:52.824036,ignorado
0,N/A,40,0,2026-01-05T17:29:52.824044,ignorado
0,N/A,40,0,2026-01-05T17:29:52.824051,ignorado
0,N/A,41,0,2026-01-05T17:29:54.420665,ignorado
0,N/A,41,0,2026-01-05T17:29:54.420704,ignorado
0,N/A,41,0,2026-01-05T17:29:54.420715,ignorado
0,N/A,41,0,2026-01-05T17:29:54.420724,ignorado
0,N/A,41,0,2026-01-05T17:29:54.420732,ignorado
0,N/A,41,0,2026-01-05T17:29:54.420739,ignorado
0,N/A,41,0,2026-01-05T17:29:54.420747,ignorado
0,N/A,41,0,2026-01-05T17:29:54.420754,ignorado
0,N/A,41,0,2026-01-05T17:29:54.420761,ignorado
0,N/A,41,0,2026-01-05T17:29:54.420768,ignorado
0,N/A,41,0,2026-01-05T17:29:54.420775,ignorado
0,N/A,41,0,2026-01-05T17:29:54.420782,ignorado
0,N/A,41,0,2026-01-05T17:29:54.420790,ignorado
0,N/A,41,0,2026-01-05T17:29:54.420797,ignorado
0,N/A,41,0,2026-01-05T17:29:54.420804,ignorado
0,N/A,41,0,2026-01-05T17:29:54.420811,ignorado
0,N/A,41,0,2026-01-05T17:29:54.420817,ignorado
0,N/A,41,0,2026-01-05T17:29:54.420824,ignorado
0,N/A,41,0,2026-01-05T17:29:54.420831,ignorado
0,N/A,41,0,2026-01-05T17:29:54.420837,ignorado
0,N/A,41,0,2026-01-05T17:29:54.420845,ignorado
0,N/A,41,0,2026-01-05T17:29:54.420852,ignorado
0,N/A,41,0,2026-01-05T17:29:54.420859,ignorado
0,N/A,41,0,2026-01-05T17:29:54.420866,ignorado
0,N/A,41,0,2026-01-05T17:29:54.420872,ignorado
0,N/A,41,0,2026-01-05T17:29:54.420879,ignorado
0,N/A,41,0,2026-01-05T17:29:54.420886,ignorado
0,N/A,41,0,2026-01-05T17:29:54.420892,ignorado
0,N/A,41,0,2026-01-05T17:29:54.420899,ignorado
0,N/A,41,0,2026-01-05T17:29:54.420905,ignorado
0,N/A,41,0,2026-01-05T17:29:54.420911,ignorado
0,N/A,41,0,2026-01-05T17:29:54.420918,ignorado
0,N/A,41,0,2026-01-05T17:29:54.420924,ignorado
0,N/A,41,0,2026-01-05T17:29:54.420930,ignorado
0,N/A,41,0,2026-01-05T17:29:54.420937,ignorado
0,N/A,41,0,2026-01-05T17:29:54.420943,ignorado
0,N/A,41,0,2026-01-05T17:29:54.420949,ignorado
0,N/A,41,0,2026-01-05T17:29:54.420955,ignorado
0,N/A,41,0,2026-01-05T17:29:54.420961,ignorado
0,N/A,41,0,2026-01-05T17:29:54.420967,ignorado
0,N/A,41,0,2026-01-05T17:29:54.420973,ignorado
0,N/A,41,0,2026-01-05T17:29:54.420979,ignorado
0,N/A,41,0,2026-01-05T17:29:54.420985,ignorado
0,N/A,41,0,2026-01-05T17:29:54.420990,ignorado
0,N/A,41,0,2026-01-05T17:29:54.420997,ignorado
0,N/A,41,0,2026-01-05T17:29:54.421004,ignorado
0,N/A,41,0,2026-01-05T17:29:54.421009,ignorado
0,N/A,41,0,2026-01-05T17:29:54.421016,ignorado
0,N/A,41,0,2026-01-05T17:29:54.421022,ignorado
0,N/A,41,0,2026-01-05T17:29:54.421028,ignorado
0,N/A,37,0,2026-01-05T17:29:57.705854,ignorado
0,N/A,37,0,2026-01-05T17:29:57.705877,ignorado
0,N/A,37,0,2026-01-05T17:29:57.705886,ignorado
0,N/A,37,0,2026-01-05T17:29:57.705895,ignorado
0,N/A,37,0,2026-01-05T17:29:57.705903,ignorado
0,0001512-96.2016.8.16.0014,37,0,2026-01-05T17:29:57.705942,ignorado
0,0002262-09.2016.8.16.9000,37,0,2026-01-05T17:29:57.705946,ignorado
0,0003985-84.2016.8.16.0069,37,0,2026-01-05T17:29:57.705951,ignorado
0,0007880-98.2015.8.16.0130,37,0,2026-01-05T17:29:57.705955,ignorado
0,0003237-49.2013.8.16.0104,37,0,2026-01-05T17:29:57.705959,ignorado
0,0001966-25.2016.8.16.0031,37,0,2026-01-05T17:29:57.705962,ignorado
0,0010406-42.2016.8.16.0182,37,0,2026-01-05T17:29:57.705966,ignorado
0,0001482-69.2016.8.16.9000,37,0,2026-01-05T17:29:57.705970,ignorado
0,0024298-52.2015.8.16.0182,37,0,2026-01-05T17:29:57.705974,ignorado
0,0001417-74.2016.8.16.9000,37,0,2026-01-05T17:29:57.705978,ignorado
0,0003058-09.2016.8.16.0170,37,0,2026-01-05T17:29:57.705990,ignorado
0,0001848-92.2016.8.16.0146,37,0,2026-01-05T17:29:57.705994,ignorado
0,0000162-30.2016.8.16.0093,37,0,2026-01-05T17:29:57.705998,ignorado
0,0024909-70.2015.8.16.0031,37,0,2026-01-05T17:29:57.706002,ignorado
0,0000627-07.2016.8.16.0136,37,0,2026-01-05T17:29:57.706005,ignorado
0,0000628-89.2016.8.16.0136,37,0,2026-01-05T17:29:57.706009,ignorado
0,0024586-82.2016.8.16.0014,37,0,2026-01-05T17:29:57.706012,ignorado
0,0002615-63.2015.8.16.0018,39,0,2026-01-05T17:29:58.356247,ignorado
0,0022025-73.2016.8.16.0018,39,0,2026-01-05T17:29:58.356287,ignorado
0,0018638-14.2016.8.16.0030,39,0,2026-01-05T17:29:58.356295,ignorado
0,N/A,42,0,2026-01-05T17:29:59.002045,ignorado
0,N/A,42,0,2026-01-05T17:29:59.002100,ignorado
0,N/A,42,0,2026-01-05T17:29:59.002110,ignorado
0,N/A,42,0,2026-01-05T17:29:59.002118,ignorado
0,N/A,42,0,2026-01-05T17:29:59.002125,ignorado
0,N/A,42,0,2026-01-05T17:29:59.002132,ignorado
0,N/A,42,0,2026-01-05T17:29:59.002138,ignorado
0,N/A,42,0,2026-01-05T17:29:59.002145,ignorado
0,N/A,42,0,2026-01-05T17:29:59.002151,ignorado
0,N/A,42,0,2026-01-05T17:29:59.002157,ignorado
0,N/A,42,0,2026-01-05T17:29:59.002163,ignorado
0,N/A,42,0,2026-01-05T17:29:59.002170,ignorado
0,N/A,42,0,2026-01-05T17:29:59.002176,ignorado
0,N/A,42,0,2026-01-05T17:29:59.002183,ignorado
0,N/A,42,0,2026-01-05T17:29:59.002189,ignorado
0,N/A,42,0,2026-01-05T17:29:59.002196,ignorado
0,N/A,42,0,2026-01-05T17:29:59.002203,ignorado
0,N/A,42,0,2026-01-05T17:29:59.002209,ignorado
0,N/A,42,0,2026-01-05T17:29:59.002215,ignorado
0,N/A,42,0,2026-01-05T17:29:59.002222,ignorado
0,N/A,42,0,2026-01-05T17:29:59.002228,ignorado
0,N/A,42,0,2026-01-05T17:29:59.002234,ignorado
0,N/A,42,0,2026-01-05T17:29:59.002240,ignorado
0,N/A,42,0,2026-01-05T17:29:59.002246,ignorado
0,N/A,42,0,2026-01-05T17:29:59.002252,ignorado
0,N/A,42,0,2026-01-05T17:29:59.002259,ignorado
0,N/A,42,0,2026-01-05T17:29:59.002264,ignorado
0,N/A,42,0,2026-01-05T17:29:59.002270,ignorado
0,N/A,42,0,2026-01-05T17:29:59.002276,ignorado
0,N/A,42,0,2026-01-05T17:29:59.002281,ignorado
0,N/A,42,0,2026-01-05T17:29:59.002288,ignorado
0,N/A,42,0,2026-01-05T17:29:59.002294,ignorado
0,N/A,42,0,2026-01-05T17:29:59.002301,ignorado
0,N/A,42,0,2026-01-05T17:29:59.002306,ignorado
0,N/A,42,0,2026-01-05T17:29:59.002312,ignorado
0,N/A,42,0,2026-01-05T17:29:59.002318,ignorado
0,N/A,42,0,2026-01-05T17:29:59.002324,ignorado
0,N/A,42,0,2026-01-05T17:29:59.002330,ignorado
0,N/A,42,0,2026-01-05T17:29:59.002336,ignorado
0,N/A,42,0,2026-01-05T17:29:59.002342,ignorado
0,N/A,42,0,2026-01-05T17:29:59.002348,ignorado
0,N/A,42,0,2026-01-05T17:29:59.002354,ignorado
0,N/A,42,0,2026-01-05T17:29:59.002361,ignorado
0,N/A,42,0,2026-01-05T17:29:59.002367,ignorado
0,N/A,42,0,2026-01-05T17:29:59.002373,ignorado
0,N/A,42,0,2026-01-05T17:29:59.002379,ignorado
0,N/A,42,0,2026-01-05T17:29:59.002385,ignorado
0,N/A,42,0,2026-01-05T17:29:59.002390,ignorado
0,N/A,42,0,2026-01-05T17:29:59.002395,ignorado
0,N/A,42,0,2026-01-05T17:29:59.002401,ignorado
0,N/A,32,0,2026-01-05T17:29:59.105849,ignorado
0,N/A,32,0,2026-01-05T17:29:59.105855,ignorado
0,N/A,32,0,2026-01-05T17:29:59.105860,ignorado
0,N/A,32,0,2026-01-05T17:29:59.105865,ignorado
0,N/A,32,0,2026-01-05T17:29:59.105870,ignorado
0,N/A,32,0,2026-01-05T17:29:59.105875,ignorado
0,N/A,32,0,2026-01-05T17:29:59.105879,ignorado
0,N/A,32,0,2026-01-05T17:29:59.105884,ignorado
0,N/A,32,0,2026-01-05T17:29:59.105888,ignorado
0,N/A,32,0,2026-01-05T17:29:59.105893,ignorado
0,N/A,32,0,2026-01-05T17:29:59.105900,ignorado
0,N/A,32,0,2026-01-05T17:29:59.105905,ignorado
0,N/A,32,0,2026-01-05T17:29:59.105909,ignorado
0,N/A,32,0,2026-01-05T17:29:59.127278,ignorado
0,N/A,32,0,2026-01-05T17:29:59.127292,ignorado
0,N/A,32,0,2026-01-05T17:29:59.127299,ignorado
0,N/A,32,0,2026-01-05T17:29:59.157317,ignorado
0,N/A,32,0,2026-01-05T17:29:59.157330,ignorado
0,N/A,32,0,2026-01-05T17:29:59.183659,ignorado
0,N/A,32,0,2026-01-05T17:29:59.199300,ignorado
0,N/A,32,0,2026-01-05T17:29:59.263980,ignorado
0,N/A,32,0,2026-01-05T17:29:59.296623,ignorado
0,N/A,32,0,2026-01-05T17:29:59.296637,ignorado
0,N/A,32,0,2026-01-05T17:29:59.296648,ignorado
0,N/A,32,0,2026-01-05T17:29:59.296659,ignorado
0,N/A,32,0,2026-01-05T17:29:59.296668,ignorado
0,N/A,33,0,2026-01-05T17:29:59.480439,ignorado
0,N/A,33,0,2026-01-05T17:29:59.480464,ignorado
0,N/A,33,0,2026-01-05T17:29:59.480472,ignorado
0,N/A,33,0,2026-01-05T17:29:59.480478,ignorado
0,N/A,33,0,2026-01-05T17:29:59.480483,ignorado
0,N/A,33,0,2026-01-05T17:29:59.480488,ignorado
0,N/A,33,0,2026-01-05T17:29:59.480493,ignorado
0,N/A,33,0,2026-01-05T17:29:59.480504,ignorado
0,N/A,33,0,2026-01-05T17:29:59.480510,ignorado
0,N/A,33,0,2026-01-05T17:29:59.480526,ignorado
0,N/A,33,0,2026-01-05T17:29:59.480544,ignorado
0,N/A,33,0,2026-01-05T17:29:59.480585,ignorado
0,N/A,33,0,2026-01-05T17:29:59.480601,ignorado
0,N/A,33,0,2026-01-05T17:29:59.480641,ignorado
0,N/A,33,0,2026-01-05T17:29:59.480653,ignorado
0,N/A,35,0,2026-01-05T17:30:01.837241,ignorado
0,N/A,35,0,2026-01-05T17:30:01.837266,ignorado
0,N/A,34,0,2026-01-05T17:30:02.270048,ignorado
0,N/A,34,0,2026-01-05T17:30:02.270097,ignorado
0,N/A,50,0,2026-01-05T17:30:03.737574,ignorado
0,N/A,50,0,2026-01-05T17:30:03.737607,ignorado
0,N/A,50,0,2026-01-05T17:30:03.737615,ignorado
0,N/A,50,0,2026-01-05T17:30:03.737621,ignorado
0,N/A,50,0,2026-01-05T17:30:03.737627,ignorado
0,N/A,50,0,2026-01-05T17:30:03.737633,ignorado
0,N/A,50,0,2026-01-05T17:30:03.737637,ignorado
0,N/A,50,0,2026-01-05T17:30:03.737642,ignorado
0,N/A,50,0,2026-01-05T17:30:03.737647,ignorado
0,N/A,50,0,2026-01-05T17:30:03.737651,ignorado
0,N/A,50,0,2026-01-05T17:30:03.737657,ignorado
0,N/A,50,0,2026-01-05T17:30:03.737662,ignorado
0,N/A,50,0,2026-01-05T17:30:03.737667,ignorado
0,N/A,50,0,2026-01-05T17:30:03.737672,ignorado
0,N/A,50,0,2026-01-05T17:30:03.737676,ignorado
0,N/A,50,0,2026-01-05T17:30:03.737680,ignorado
0,N/A,50,0,2026-01-05T17:30:03.737685,ignorado
0,N/A,50,0,2026-01-05T17:30:03.737689,ignorado
0,N/A,50,0,2026-01-05T17:30:03.737694,ignorado
0,N/A,50,0,2026-01-05T17:30:03.737698,ignorado
0,N/A,50,0,2026-01-05T17:30:03.737702,ignorado
0,N/A,50,0,2026-01-05T17:30:03.737707,ignorado
0,N/A,50,0,2026-01-05T17:30:03.737712,ignorado
0,N/A,50,0,2026-01-05T17:30:03.737716,ignorado
0,N/A,50,0,2026-01-05T17:30:03.737720,ignorado
0,N/A,50,0,2026-01-05T17:30:03.737725,ignorado
0,N/A,50,0,2026-01-05T17:30:03.737734,ignorado
0,N/A,50,0,2026-01-05T17:30:03.737739,ignorado
0,N/A,50,0,2026-01-05T17:30:03.737744,ignorado
0,N/A,50,0,2026-01-05T17:30:03.737749,ignorado
0,N/A,50,0,2026-01-05T17:30:03.737753,ignorado
0,N/A,50,0,2026-01-05T17:30:03.737758,ignorado
0,N/A,50,0,2026-01-05T17:30:03.737762,ignorado
0,N/A,50,0,2026-01-05T17:30:03.737766,ignorado
0,N/A,50,0,2026-01-05T17:30:03.737770,ignorado
0,N/A,50,0,2026-01-05T17:30:03.737774,ignorado
0,N/A,50,0,2026-01-05T17:30:03.737778,ignorado
0,N/A,50,0,2026-01-05T17:30:03.737782,ignorado
0,N/A,50,0,2026-01-05T17:30:03.737786,ignorado
0,N/A,50,0,2026-01-05T17:30:03.737790,ignorado
0,N/A,50,0,2026-01-05T17:30:03.737794,ignorado
0,N/A,50,0,2026-01-05T17:30:03.737797,ignorado
0,N/A,50,0,2026-01-05T17:30:03.737801,ignorado
0,N/A,50,0,2026-01-05T17:30:03.737806,ignorado
0,N/A,50,0,2026-01-05T17:30:03.737809,ignorado
0,N/A,50,0,2026-01-05T17:30:03.737813,ignorado
0,N/A,50,0,2026-01-05T17:30:03.737817,ignorado
0,N/A,50,0,2026-01-05T17:30:03.737821,ignorado
0,N/A,50,0,2026-01-05T17:30:03.737825,ignorado
448001,0002909-81.2016.8.16.0018,5,1,2026-01-05T17:30:03.867468,ok
448002,0003052-81.2016.8.16.0079,5,1,2026-01-05T17:30:03.867468,ok
448003,0034504-91.2016.8.16.0182,5,1,2026-01-05T17:30:03.867468,ok
448004,0003563-63.2015.8.16.0031,5,1,2026-01-05T17:30:03.867468,ok
448005,0018975-32.2016.8.16.0182,5,1,2026-01-05T17:30:03.867468,ok
448006,1581789-5,5,1,2026-01-05T17:30:03.867468,ok
448007,1625749-1,5,1,2026-01-05T17:30:03.867468,ok
448008,1571345-0,5,1,2026-01-05T17:30:03.867468,ok
448009,1626241-4,5,1,2026-01-05T17:30:03.867468,ok
448010,1622513-9,5,1,2026-01-05T17:30:03.867468,ok
448011,1584219-0,5,1,2026-01-05T17:30:03.867468,ok
448012,1614516-5,5,1,2026-01-05T17:30:03.867468,ok
448013,1623188-0,5,1,2026-01-05T17:30:03.867468,ok
448014,1591597-0,5,1,2026-01-05T17:30:03.867468,ok
448015,1621418-5,5,1,2026-01-05T17:30:03.867468,ok
448016,1589229-6,5,1,2026-01-05T17:30:03.867468,ok
448017,1621237-0,5,1,2026-01-05T17:30:03.867468,ok
448018,1623671-0,5,1,2026-01-05T17:30:03.867468,ok
448019,1625761-7,5,1,2026-01-05T17:30:03.867468,ok
448020,1627254-5,5,1,2026-01-05T17:30:03.867468,ok
448021,1628947-9,1,1,2026-01-05T17:30:03.867468,ok
448022,1628905-1,1,1,2026-01-05T17:30:03.867468,ok
448023,1628901-3,1,1,2026-01-05T17:30:03.867468,ok
448024,1628846-7,1,1,2026-01-05T17:30:03.867468,ok
448025,1628875-8,1,1,2026-01-05T17:30:03.867468,ok
448026,1628847-4,1,1,2026-01-05T17:30:03.867468,ok
448027,1628830-9,1,1,2026-01-05T17:30:03.867468,ok
448028,1628832-3,1,1,2026-01-05T17:30:03.867468,ok
448029,1628293-6,1,1,2026-01-05T17:30:03.867468,ok
448030,1628679-6,1,1,2026-01-05T17:30:03.867468,ok
448031,1628714-0,1,1,2026-01-05T17:30:03.867468,ok
448032,1628600-1,1,1,2026-01-05T17:30:03.867468,ok
448033,1628682-3,1,1,2026-01-05T17:30:03.867468,ok
448034,1628580-4,1,1,2026-01-05T17:30:03.867468,ok
448035,1628632-3,1,1,2026-01-05T17:30:03.867468,ok
448036,1628541-7,1,1,2026-01-05T17:30:03.867468,ok
448037,1628532-8,1,1,2026-01-05T17:30:03.867468,ok
448038,1628121-5,1,1,2026-01-05T17:30:03.867468,ok
448039,1628277-2,1,1,2026-01-05T17:30:03.867468,ok
448040,1628283-0,1,1,2026-01-05T17:30:03.867468,ok
448041,1628420-3,1,1,2026-01-05T17:30:03.867468,ok
448042,1617158-5,11,1,2026-01-05T17:30:03.867468,ok
448043,1618886-8,11,1,2026-01-05T17:30:03.867468,ok
448044,1620117-9,11,1,2026-01-05T17:30:03.867468,ok
448045,1622280-5,11,1,2026-01-05T17:30:03.867468,ok
448046,1618505-8,11,1,2026-01-05T17:30:03.867468,ok
448047,1624248-5,11,1,2026-01-05T17:30:03.867468,ok
448048,1598779-0,11,1,2026-01-05T17:30:03.867468,ok
448049,1598512-5,11,1,2026-01-05T17:30:03.867468,ok
448050,1609439-0,11,1,2026-01-05T17:30:03.867468,ok
448051,1616692-8,11,1,2026-01-05T17:30:03.867468,ok
448052,1573740-3,11,1,2026-01-05T17:30:03.867468,ok
448053,1589308-2,11,1,2026-01-05T17:30:03.867468,ok
448054,1411863-3,11,1,2026-01-05T17:30:03.867468,ok
448055,1596244-4,11,1,2026-01-05T17:30:03.867468,ok
448056,1608592-8,8,1,2026-01-05T17:30:03.867468,ok
448057,1611395-4,8,1,2026-01-05T17:30:03.867468,ok
448058,1587693-8,8,1,2026-01-05T17:30:03.867468,ok
448059,1626289-4,8,1,2026-01-05T17:30:03.867468,ok
448060,1609315-5,8,1,2026-01-05T17:30:03.867468,ok
448061,1625978-2,8,1,2026-01-05T17:30:03.867468,ok
448062,1605083-2,8,1,2026-01-05T17:30:03.867468,ok
448063,1603416-3,8,1,2026-01-05T17:30:03.867468,ok
448064,1566531-3,8,1,2026-01-05T17:30:03.867468,ok
448065,1602004-9,8,1,2026-01-05T17:30:03.867468,ok
448066,1587468-5,8,1,2026-01-05T17:30:03.867468,ok
448067,1622717-7,8,1,2026-01-05T17:30:03.867468,ok
448068,1587870-5,8,1,2026-01-05T17:30:03.867468,ok
448069,1621396-4,8,1,2026-01-05T17:30:03.867468,ok
448070,1613405-3,8,1,2026-01-05T17:30:03.867468,ok
448071,1615494-8,8,1,2026-01-05T17:30:03.867468,ok
448072,1569754-8,8,1,2026-01-05T17:30:03.867468,ok
448073,1626213-0,8,1,2026-01-05T17:30:03.867468,ok
448074,1624654-3,8,1,2026-01-05T17:30:03.867468,ok
448075,1626237-0,8,1,2026-01-05T17:30:03.867468,ok
448076,1612252-8,8,1,2026-01-05T17:30:03.867468,ok
448077,1393125-8,8,1,2026-01-05T17:30:03.867468,ok
448078,1624429-0,8,1,2026-01-05T17:30:03.867468,ok
448079,1033719-6,8,1,2026-01-05T17:30:03.867468,ok
448080,1623672-7,8,1,2026-01-05T17:30:03.867468,ok
448081,1581791-5,8,1,2026-01-05T17:30:03.867468,ok
448082,1600420-5,8,1,2026-01-05T17:30:03.867468,ok
448083,1613025-5,8,1,2026-01-05T17:30:03.867468,ok
448084,1625918-6,8,1,2026-01-05T17:30:03.867468,ok
448085,1624643-0,8,1,2026-01-05T17:30:03.867468,ok
448086,1600058-9,8,1,2026-01-05T17:30:03.867468,ok
448087,1593190-9,8,1,2026-01-05T17:30:03.867468,ok
448088,1607091-2,8,1,2026-01-05T17:30:03.867468,ok
448089,1623258-7,8,1,2026-01-05T17:30:03.867468,ok
448090,1619267-7,8,1,2026-01-05T17:30:03.867468,ok
448091,1463837-6,8,1,2026-01-05T17:30:03.867468,ok
448092,1618342-1,8,1,2026-01-05T17:30:03.867468,ok
448093,1589135-9,8,1,2026-01-05T17:30:03.867468,ok
448094,1610914-5,8,1,2026-01-05T17:30:03.867468,ok
448095,1622580-0,8,1,2026-01-05T17:30:03.867468,ok
448096,1609940-8,8,1,2026-01-05T17:30:03.867468,ok
448097,5001920-44.2016.8.16.0000,10,1,2026-01-05T17:30:03.867468,ok
448098,5000588-42.2016.8.16.0000,10,1,2026-01-05T17:30:03.867468,ok
448099,1625673-2,10,1,2026-01-05T17:30:03.867468,ok
448100,1582384-4,10,1,2026-01-05T17:30:03.867468,ok
448101,1567418-9,10,1,2026-01-05T17:30:03.867468,ok
448102,1548907-9,10,1,2026-01-05T17:30:03.867468,ok
448103,1582005-8,10,1,2026-01-05T17:30:03.867468,ok
448104,1623237-8,10,1,2026-01-05T17:30:03.867468,ok
448105,1625047-2,10,1,2026-01-05T17:30:03.867468,ok
448106,1618383-2,10,1,2026-01-05T17:30:03.867468,ok
448107,1625210-5,10,1,2026-01-05T17:30:03.867468,ok
448108,1507907-3,10,1,2026-01-05T17:30:03.867468,ok
448109,1599711-2,10,1,2026-01-05T17:30:03.867468,ok
448110,1624224-5,10,1,2026-01-05T17:30:03.867468,ok
448111,1612781-4,10,1,2026-01-05T17:30:03.867468,ok
448112,1440893-6,10,1,2026-01-05T17:30:03.867468,ok
448113,1626563-5,10,1,2026-01-05T17:30:03.867468,ok
448114,1573659-7,10,1,2026-01-05T17:30:03.867468,ok
448115,1611213-7,10,1,2026-01-05T17:30:03.867468,ok
448116,1601403-8,10,1,2026-01-05T17:30:03.867468,ok
448117,5001259-65.2016.8.16.0000,10,1,2026-01-05T17:30:03.867468,ok
448118,1606454-5,10,1,2026-01-05T17:30:03.867468,ok
448119,1604214-3,10,1,2026-01-05T17:30:03.867468,ok
448120,1600299-0,10,1,2026-01-05T17:30:03.867468,ok
448121,1590500-3,10,1,2026-01-05T17:30:03.867468,ok
448122,1532613-5,10,1,2026-01-05T17:30:03.867468,ok
448123,1624867-0,10,1,2026-01-05T17:30:03.867468,ok
448124,1549455-4,10,1,2026-01-05T17:30:03.867468,ok
448125,1608739-1,10,1,2026-01-05T17:30:03.867468,ok
448126,1594243-9,10,1,2026-01-05T17:30:03.867468,ok
448127,1618287-5,10,1,2026-01-05T17:30:03.867468,ok
448128,1624634-1,10,1,2026-01-05T17:30:03.867468,ok
448129,1554719-6,10,1,2026-01-05T17:30:03.867468,ok
448130,1623104-4,10,1,2026-01-05T17:30:03.867468,ok
448131,1533288-6,10,1,2026-01-05T17:30:03.867468,ok
448132,1608136-0,10,1,2026-01-05T17:30:03.867468,ok
448133,1609620-1,10,1,2026-01-05T17:30:03.867468,ok
448134,1622017-2,10,1,2026-01-05T17:30:03.867468,ok
448135,1606348-2,10,1,2026-01-05T17:30:03.867468,ok
448136,1551968-7,10,1,2026-01-05T17:30:03.867468,ok
448137,1607657-0,10,1,2026-01-05T17:30:03.867468,ok
448138,1536832-6,10,1,2026-01-05T17:30:03.867468,ok
448139,1536821-3,10,1,2026-01-05T17:30:03.867468,ok
448140,1609324-4,10,1,2026-01-05T17:30:03.867468,ok
448141,1583344-4,10,1,2026-01-05T17:30:03.867468,ok
448142,1625576-8,10,1,2026-01-05T17:30:03.867468,ok
448143,1619089-3,10,1,2026-01-05T17:30:03.867468,ok
448144,1621841-4,10,1,2026-01-05T17:30:03.867468,ok
448145,1600030-1,13,1,2026-01-05T17:30:03.867468,ok
448146,1622696-3,13,1,2026-01-05T17:30:03.867468,ok
448147,1572834-6,13,1,2026-01-05T17:30:03.867468,ok
448148,1615296-2,13,1,2026-01-05T17:30:03.867468,ok
448149,1615982-3,13,1,2026-01-05T17:30:03.867468,ok
448150,1568571-5,13,1,2026-01-05T17:30:03.867468,ok
448151,1600632-5,13,1,2026-01-05T17:30:03.867468,ok
448152,1624616-3,13,1,2026-01-05T17:30:03.867468,ok
448153,1444913-9,13,1,2026-01-05T17:30:03.867468,ok
448154,1619228-0,13,1,2026-01-05T17:30:03.867468,ok
448155,1514142-3,13,1,2026-01-05T17:30:03.867468,ok
448156,1602515-7,13,1,2026-01-05T17:30:03.867468,ok
448157,1624027-6,7,1,2026-01-05T17:30:03.867468,ok
448158,1624613-2,7,1,2026-01-05T17:30:03.867468,ok
448159,1592679-1,7,1,2026-01-05T17:30:03.867468,ok
448160,1621932-0,7,1,2026-01-05T17:30:03.867468,ok
448161,1625085-2,7,1,2026-01-05T17:30:03.867468,ok
448162,1604865-0,7,1,2026-01-05T17:30:03.867468,ok
448163,1611319-4,7,1,2026-01-05T17:30:03.867468,ok
448164,1622923-5,7,1,2026-01-05T17:30:03.867468,ok
448165,1622603-8,7,1,2026-01-05T17:30:03.867468,ok
448166,1618743-8,7,1,2026-01-05T17:30:03.867468,ok
448167,1625453-0,7,1,2026-01-05T17:30:03.867468,ok
448168,1620103-5,7,1,2026-01-05T17:30:03.867468,ok
448169,1624278-3,7,1,2026-01-05T17:30:03.867468,ok
448170,1626361-1,7,1,2026-01-05T17:30:03.867468,ok
448171,1547874-1,7,1,2026-01-05T17:30:03.867468,ok
448172,1617765-0,7,1,2026-01-05T17:30:03.867468,ok
448173,1626303-9,7,1,2026-01-05T17:30:03.867468,ok
448174,1623636-1,7,1,2026-01-05T17:30:03.867468,ok
448175,1625930-2,7,1,2026-01-05T17:30:03.867468,ok
448176,1585428-3,7,1,2026-01-05T17:30:03.867468,ok
448177,1603984-6,7,1,2026-01-05T17:30:03.867468,ok
448178,1623625-8,7,1,2026-01-05T17:30:03.867468,ok
448179,1625321-3,7,1,2026-01-05T17:30:03.867468,ok
448180,1625093-4,7,1,2026-01-05T17:30:03.867468,ok
448181,1623136-6,7,1,2026-01-05T17:30:03.867468,ok
448182,1598047-3,7,1,2026-01-05T17:30:03.867468,ok
448183,1596794-9,7,1,2026-01-05T17:30:03.867468,ok
448184,1622592-0,7,1,2026-01-05T17:30:03.867468,ok
448185,1610399-8,7,1,2026-01-05T17:30:03.867468,ok
448186,1525971-1,7,1,2026-01-05T17:30:03.867468,ok
448187,1484230-7,7,1,2026-01-05T17:30:03.867468,ok
448188,1620347-7,7,1,2026-01-05T17:30:03.867468,ok
448189,1620347-7,7,1,2026-01-05T17:30:03.867468,ok
448190,1626321-7,7,1,2026-01-05T17:30:03.867468,ok
448191,1625104-2,7,1,2026-01-05T17:30:03.867468,ok
448192,1618592-1,7,1,2026-01-05T17:30:03.867468,ok
448193,1625071-8,7,1,2026-01-05T17:30:03.867468,ok
448194,1623639-2,7,1,2026-01-05T17:30:03.867468,ok
448195,1622574-2,7,1,2026-01-05T17:30:03.867468,ok
448196,1605807-2,7,1,2026-01-05T17:30:03.867468,ok
448197,1607034-7,7,1,2026-01-05T17:30:03.867468,ok
448198,1625440-3,7,1,2026-01-05T17:30:03.867468,ok
448199,1607356-8,7,1,2026-01-05T17:30:03.867468,ok
448200,1624511-3,7,1,2026-01-05T17:30:03.867468,ok
448201,1541220-9,7,1,2026-01-05T17:30:03.867468,ok
448202,1615641-7,9,1,2026-01-05T17:30:03.867468,ok
448203,1616666-8,9,1,2026-01-05T17:30:03.867468,ok
448204,1583073-0,9,1,2026-01-05T17:30:03.867468,ok
448205,1593077-1,9,1,2026-01-05T17:30:03.867468,ok
448206,1615577-2,9,1,2026-01-05T17:30:03.867468,ok
448207,1619832-4,9,1,2026-01-05T17:30:03.867468,ok
448208,1507041-0,9,1,2026-01-05T17:30:03.867468,ok
448209,1626717-3,9,1,2026-01-05T17:30:03.867468,ok
448210,1626281-8,9,1,2026-01-05T17:30:03.867468,ok
448211,1596762-7,9,1,2026-01-05T17:30:03.867468,ok
448212,735805-8,9,1,2026-01-05T17:30:03.867468,ok
448213,1625482-1,9,1,2026-01-05T17:30:03.867468,ok
448214,1625678-7,9,1,2026-01-05T17:30:03.867468,ok
448215,1626522-4,9,1,2026-01-05T17:30:03.867468,ok
448216,1595010-4,9,1,2026-01-05T17:30:03.867468,ok
448217,1623584-2,9,1,2026-01-05T17:30:03.867468,ok
448218,1623471-0,9,1,2026-01-05T17:30:03.867468,ok
448219,1585826-9,9,1,2026-01-05T17:30:03.867468,ok
448220,1615877-7,9,1,2026-01-05T17:30:03.867468,ok
448221,1624441-6,9,1,2026-01-05T17:30:03.867468,ok
448222,1577599-2,9,1,2026-01-05T17:30:03.867468,ok
448223,1612889-5,9,1,2026-01-05T17:30:03.867468,ok
448224,1564024-5,9,1,2026-01-05T17:30:03.867468,ok
448225,1534068-8,9,1,2026-01-05T17:30:03.867468,ok
448226,1573122-5,9,1,2026-01-05T17:30:03.867468,ok
448227,1254808-2,9,1,2026-01-05T17:30:03.867468,ok
448228,1625722-0,9,1,2026-01-05T17:30:03.867468,ok
448229,1625331-9,9,1,2026-01-05T17:30:03.867468,ok
448230,1598241-1,9,1,2026-01-05T17:30:03.867468,ok
448231,1616142-3,9,1,2026-01-05T17:30:03.867468,ok
448232,866017-3,9,1,2026-01-05T17:30:03.867468,ok
448233,1598260-6,9,1,2026-01-05T17:30:03.867468,ok
448234,1625561-7,9,1,2026-01-05T17:30:03.867468,ok
448235,1625561-7,9,1,2026-01-05T17:30:03.867468,ok
448236,1625959-7,9,1,2026-01-05T17:30:03.867468,ok
448237,1625706-6,9,1,2026-01-05T17:30:03.867468,ok
448238,1626329-3,9,1,2026-01-05T17:30:03.867468,ok
448239,1519593-0,9,1,2026-01-05T17:30:03.867468,ok
448240,1624347-3,9,1,2026-01-05T17:30:03.867468,ok
448241,1610083-5,9,1,2026-01-05T17:30:03.867468,ok
448242,1600277-4,9,1,2026-01-05T17:30:03.867468,ok
448243,1624143-5,9,1,2026-01-05T17:30:03.867468,ok
448244,1625691-0,9,1,2026-01-05T17:30:03.867468,ok
448245,1628436-1,3,1,2026-01-05T17:30:03.867468,ok
448246,1628390-0,3,1,2026-01-05T17:30:03.867468,ok
448247,1628192-4,3,1,2026-01-05T17:30:03.867468,ok
448248,1628166-4,3,1,2026-01-05T17:30:03.867468,ok
448249,1628143-1,3,1,2026-01-05T17:30:03.867468,ok
448250,1628159-9,3,1,2026-01-05T17:30:03.867468,ok
448251,1627743-7,3,1,2026-01-05T17:30:03.867468,ok
448252,1628256-3,3,1,2026-01-05T17:30:03.867468,ok
448253,1623239-2,3,1,2026-01-05T17:30:03.867468,ok
448254,1628174-6,3,1,2026-01-05T17:30:03.867468,ok
448255,1627852-1,3,1,2026-01-05T17:30:03.867468,ok
448256,1627930-0,3,1,2026-01-05T17:30:03.867468,ok
448257,1627886-7,3,1,2026-01-05T17:30:03.867468,ok
448258,1627792-0,3,1,2026-01-05T17:30:03.867468,ok
448259,1627777-3,3,1,2026-01-05T17:30:03.867468,ok
448260,1627784-8,3,1,2026-01-05T17:30:03.867468,ok
448261,1627725-9,3,1,2026-01-05T17:30:03.867468,ok
448262,1627760-8,3,1,2026-01-05T17:30:03.867468,ok
448263,1627709-5,3,1,2026-01-05T17:30:03.867468,ok
448264,1627773-5,3,1,2026-01-05T17:30:03.867468,ok
448265,1627732-4,3,1,2026-01-05T17:30:03.867468,ok
448266,1627736-2,3,1,2026-01-05T17:30:03.867468,ok
448267,1627676-1,3,1,2026-01-05T17:30:03.867468,ok
448268,1627661-0,3,1,2026-01-05T17:30:03.867468,ok
448269,1627562-2,3,1,2026-01-05T17:30:03.867468,ok
448270,1627651-4,3,1,2026-01-05T17:30:03.867468,ok
448271,1627625-4,3,1,2026-01-05T17:30:03.867468,ok
448272,1627535-5,3,1,2026-01-05T17:30:03.867468,ok
448273,1601009-0,3,1,2026-01-05T17:30:03.867468,ok
448274,1626627-4,3,1,2026-01-05T17:30:03.867468,ok
448275,5000120-15.2015.8.16.0000,3,1,2026-01-05T17:30:03.867468,ok
448276,5002363-92.2016.8.16.0000,3,1,2026-01-05T17:30:03.867468,ok
448277,0032226-20.2016.8.16.0182,3,1,2026-01-05T17:30:03.867468,ok
448278,0002660-53.2016.8.16.9000,3,1,2026-01-05T17:30:03.867468,ok
448279,0001923-50.2016.8.16.9000,17,1,2026-01-05T17:30:03.867468,ok
448280,0002002-29.2016.8.16.9000,17,1,2026-01-05T17:30:03.867468,ok
448281,0015385-37.2015.8.16.0035,17,1,2026-01-05T17:30:03.867468,ok
448282,0002651-91.2016.8.16.9000,17,1,2026-01-05T17:30:03.867468,ok
448283,1595188-7,15,1,2026-01-05T17:30:03.867468,ok
448284,1600425-0,15,1,2026-01-05T17:30:03.867468,ok
448285,1499529-2,15,1,2026-01-05T17:30:03.867468,ok
448286,1499529-2,15,1,2026-01-05T17:30:03.867468,ok
448287,1600200-3,15,1,2026-01-05T17:30:03.867468,ok
448288,1593547-8,15,1,2026-01-05T17:30:03.867468,ok
448289,1624127-1,15,1,2026-01-05T17:30:03.867468,ok
448290,0012620-74.2014.8.16.0182,15,1,2026-01-05T17:30:03.867468,ok
448291,0010018-76.2015.8.16.0182,15,1,2026-01-05T17:30:03.867468,ok
448292,0001202-77.2009.8.16.0130,15,1,2026-01-05T17:30:03.867468,ok
448293,0006615-60.2011.8.16.0014,15,1,2026-01-05T17:30:03.867468,ok
448294,0002366-08.2015.8.16.0182,15,1,2026-01-05T17:30:03.867468,ok
448295,0014576-35.2014.8.16.0018,15,1,2026-01-05T17:30:03.867468,ok
448296,0011925-93.2015.8.16.0018,15,1,2026-01-05T17:30:03.867468,ok
448297,0002642-32.2016.8.16.9000,15,1,2026-01-05T17:30:03.867468,ok
448298,0002637-10.2016.8.16.9000,15,1,2026-01-05T17:30:03.867468,ok
448299,0002650-09.2016.8.16.9000,15,1,2026-01-05T17:30:03.867468,ok
448300,0000941-21.2016.8.16.0178,15,1,2026-01-05T17:30:03.867468,ok
448301,1626479-8,6,1,2026-01-05T17:30:03.867468,ok
448302,1624095-4,6,1,2026-01-05T17:30:03.867468,ok
448303,1484393-9,6,1,2026-01-05T17:30:03.867468,ok
448304,1623596-2,6,1,2026-01-05T17:30:03.867468,ok
448305,1625762-4,6,1,2026-01-05T17:30:03.867468,ok
448306,1593227-1,6,1,2026-01-05T17:30:03.867468,ok
448307,1626041-4,6,1,2026-01-05T17:30:03.867468,ok
448308,1624527-1,6,1,2026-01-05T17:30:03.867468,ok
448309,1625026-3,6,1,2026-01-05T17:30:03.867468,ok
448310,1624605-0,6,1,2026-01-05T17:30:03.867468,ok
448311,1624683-4,6,1,2026-01-05T17:30:03.867468,ok
448312,1514161-8,6,1,2026-01-05T17:30:03.867468,ok
448313,1624274-5,6,1,2026-01-05T17:30:03.867468,ok
448314,1618249-5,6,1,2026-01-05T17:30:03.867468,ok
448315,1620587-1,6,1,2026-01-05T17:30:03.867468,ok
448316,1624913-7,6,1,2026-01-05T17:30:03.867468,ok
448317,1624244-7,6,1,2026-01-05T17:30:03.867468,ok
448318,1616068-2,6,1,2026-01-05T17:30:03.867468,ok
448319,1545852-7,6,1,2026-01-05T17:30:03.867468,ok
448320,1610815-7,6,1,2026-01-05T17:30:03.867468,ok
448321,1621695-2,6,1,2026-01-05T17:30:03.867468,ok
448322,1604669-8,6,1,2026-01-05T17:30:03.867468,ok
448323,1625137-1,6,1,2026-01-05T17:30:03.867468,ok
448324,1596266-0,6,1,2026-01-05T17:30:03.867468,ok
448325,1593109-8,6,1,2026-01-05T17:30:03.867468,ok
448326,1617566-7,6,1,2026-01-05T17:30:03.867468,ok
448327,1610662-6,6,1,2026-01-05T17:30:03.867468,ok
448328,1608684-1,6,1,2026-01-05T17:30:03.867468,ok
448329,1584898-1,6,1,2026-01-05T17:30:03.867468,ok
448330,1585917-5,6,1,2026-01-05T17:30:03.867468,ok
448331,1595742-1,6,1,2026-01-05T17:30:03.867468,ok
448332,1624725-7,6,1,2026-01-05T17:30:03.867468,ok
448333,1577667-5,6,1,2026-01-05T17:30:03.867468,ok
448334,1623976-0,6,1,2026-01-05T17:30:03.867468,ok
448335,1626755-3,6,1,2026-01-05T17:30:03.867468,ok
448336,1598027-1,6,1,2026-01-05T17:30:03.867468,ok
448337,1625848-9,6,1,2026-01-05T17:30:03.867468,ok
448338,1608312-0,6,1,2026-01-05T17:30:03.867468,ok
448339,1626128-6,6,1,2026-01-05T17:30:03.867468,ok
448340,1626621-2,6,1,2026-01-05T17:30:03.867468,ok
448341,5000470-66.2016.8.16.0000,6,1,2026-01-05T17:30:03.867468,ok
448342,1590834-4,6,1,2026-01-05T17:30:03.867468,ok
448343,1626533-7,6,1,2026-01-05T17:30:03.867468,ok
448344,1624919-9,6,1,2026-01-05T17:30:03.867468,ok
448345,1567110-8,6,1,2026-01-05T17:30:03.867468,ok
448346,5000134-62.2016.8.16.0000,6,1,2026-01-05T17:30:03.867468,ok
448347,5000295-72.2016.8.16.0000,6,1,2026-01-05T17:30:03.867468,ok
448348,0012997-45.2016.8.16.0030,16,1,2026-01-05T17:30:03.867468,ok
448349,0010799-08.2015.8.16.0018,16,1,2026-01-05T17:30:03.867468,ok
448350,0069358-67.2015.8.16.0014,16,1,2026-01-05T17:30:03.867468,ok
448351,0021914-89.2016.8.16.0018,16,1,2026-01-05T17:30:03.867468,ok
448352,0009798-51.2016.8.16.0018,16,1,2026-01-05T17:30:03.867468,ok
448353,0013939-16.2016.8.16.0018,16,1,2026-01-05T17:30:03.867468,ok
448354,0012443-49.2016.8.16.0018,16,1,2026-01-05T17:30:03.867468,ok
448355,0010986-79.2016.8.16.0018,16,1,2026-01-05T17:30:03.867468,ok
448356,0002249-10.2016.8.16.9000,16,1,2026-01-05T17:30:03.867468,ok
448357,0002645-84.2016.8.16.9000,16,1,2026-01-05T17:30:03.867468,ok
448358,0011035-23.2016.8.16.0018,16,1,2026-01-05T17:30:03.867468,ok
448359,0012764-84.2016.8.16.0018,16,1,2026-01-05T17:30:03.867468,ok
448360,0022247-41.2016.8.16.0018,16,1,2026-01-05T17:30:03.867468,ok
448361,0001073-73.2016.8.16.0018,16,1,2026-01-05T17:30:03.867468,ok
448362,0001145-60.2016.8.16.0018,16,1,2026-01-05T17:30:03.867468,ok
448363,0000758-45.2016.8.16.0018,16,1,2026-01-05T17:30:03.867468,ok
448364,0006276-50.2015.8.16.0018,18,1,2026-01-05T17:30:03.867468,ok
448365,1577277-1,14,1,2026-01-05T17:30:03.867468,ok
448366,1572904-3,14,1,2026-01-05T17:30:03.867468,ok
448367,1566595-7,14,1,2026-01-05T17:30:03.867468,ok
448368,5001200-77.2016.8.16.0000,14,1,2026-01-05T17:30:03.867468,ok
448369,1605792-6,14,1,2026-01-05T17:30:03.867468,ok
448370,1621600-3,14,1,2026-01-05T17:30:03.867468,ok
448371,1578501-6,14,1,2026-01-05T17:30:03.867468,ok
448372,1536866-2,14,1,2026-01-05T17:30:03.867468,ok
448373,1623528-4,14,1,2026-01-05T17:30:03.867468,ok
448374,1493834-4,14,1,2026-01-05T17:30:03.867468,ok
448375,1453501-8,14,1,2026-01-05T17:30:03.867468,ok
448376,1516969-2,14,1,2026-01-05T17:30:03.867468,ok
448377,1378226-4,14,1,2026-01-05T17:30:03.867468,ok
448378,1624817-0,14,1,2026-01-05T17:30:03.867468,ok
448379,1623654-9,14,1,2026-01-05T17:30:03.867468,ok
448380,1556866-8,14,1,2026-01-05T17:30:03.867468,ok
448381,1623609-4,14,1,2026-01-05T17:30:03.867468,ok
448382,1614093-7,14,1,2026-01-05T17:30:03.867468,ok
448383,1579388-7,14,1,2026-01-05T17:30:03.867468,ok
448384,1614777-8,14,1,2026-01-05T17:30:03.867468,ok
448385,1614428-0,14,1,2026-01-05T17:30:03.867468,ok
448386,1615072-2,14,1,2026-01-05T17:30:03.867468,ok
448387,1622663-4,14,1,2026-01-05T17:30:03.867468,ok
448388,1557582-1,14,1,2026-01-05T17:30:03.867468,ok
448389,1597640-0,14,1,2026-01-05T17:30:03.867468,ok
448390,1616587-2,14,1,2026-01-05T17:30:03.867468,ok
448391,1624338-4,14,1,2026-01-05T17:30:03.867468,ok
448392,1620793-9,14,1,2026-01-05T17:30:03.867468,ok
448393,1561922-4,14,1,2026-01-05T17:30:03.867468,ok
448394,1623627-2,14,1,2026-01-05T17:30:03.867468,ok
448395,1624700-0,14,1,2026-01-05T17:30:03.867468,ok
448396,1569176-4,14,1,2026-01-05T17:30:03.867468,ok
448397,1578252-8,14,1,2026-01-05T17:30:03.867468,ok
448398,1604687-6,14,1,2026-01-05T17:30:03.867468,ok
448399,1594121-8,14,1,2026-01-05T17:30:03.867468,ok
448400,1591809-5,14,1,2026-01-05T17:30:03.867468,ok
448401,890040-7,14,1,2026-01-05T17:30:03.867468,ok
448402,1583057-6,14,1,2026-01-05T17:30:03.867468,ok
448403,1566273-6,14,1,2026-01-05T17:30:03.867468,ok
448404,1591138-1,14,1,2026-01-05T17:30:03.867468,ok
448405,1616733-4,14,1,2026-01-05T17:30:03.867468,ok
448406,1623228-9,14,1,2026-01-05T17:30:03.867468,ok
448407,1547217-6,14,1,2026-01-05T17:30:03.867468,ok
448408,1573008-0,14,1,2026-01-05T17:30:03.867468,ok
448409,1597106-3,14,1,2026-01-05T17:30:03.867468,ok
448410,0002051-77.2015.8.16.0182,19,1,2026-01-05T17:30:03.867468,ok
448411,1626251-0,19,1,2026-01-05T17:30:03.867468,ok
448412,1534881-1,19,1,2026-01-05T17:30:03.867468,ok
448413,1517972-3,19,1,2026-01-05T17:30:03.867468,ok
448414,1550194-3,19,1,2026-01-05T17:30:03.867468,ok
448415,1599924-9,19,1,2026-01-05T17:30:03.867468,ok
448416,1017271-1,19,1,2026-01-05T17:30:03.867468,ok
448417,1574324-3,19,1,2026-01-05T17:30:03.867468,ok
448418,1573417-9,19,1,2026-01-05T17:30:03.867468,ok
448419,1573578-7,19,1,2026-01-05T17:30:03.867468,ok
448420,1528315-5,19,1,2026-01-05T17:30:03.867468,ok
448421,1565649-6,19,1,2026-01-05T17:30:03.867468,ok
448422,1576544-3,22,1,2026-01-05T17:30:03.867468,ok
448423,1575848-2,22,1,2026-01-05T17:30:03.867468,ok
448424,1566869-2,22,1,2026-01-05T17:30:03.867468,ok
448425,1600495-2,22,1,2026-01-05T17:30:03.867468,ok
448426,1577980-3,22,1,2026-01-05T17:30:03.867468,ok
448427,1572878-8,22,1,2026-01-05T17:30:03.867468,ok
448428,1583893-2,22,1,2026-01-05T17:30:03.867468,ok
448429,1582953-9,22,1,2026-01-05T17:30:03.867468,ok
448430,1583909-5,22,1,2026-01-05T17:30:03.867468,ok
448431,896180-0,22,1,2026-01-05T17:30:03.867468,ok
448432,1559546-3,22,1,2026-01-05T17:30:03.867468,ok
448433,907990-5,22,1,2026-01-05T17:30:03.867468,ok
448434,1570774-7,22,1,2026-01-05T17:30:03.867468,ok
448435,1524329-3,22,1,2026-01-05T17:30:03.867468,ok
448436,876451-8,22,1,2026-01-05T17:30:03.867468,ok
448437,917950-4,22,1,2026-01-05T17:30:03.867468,ok
448438,885454-8,22,1,2026-01-05T17:30:03.867468,ok
448439,5000792-86.2016.8.16.0000,22,1,2026-01-05T17:30:03.867468,ok
448440,1622713-9,22,1,2026-01-05T17:30:03.867468,ok
448441,1624732-2,22,1,2026-01-05T17:30:03.867468,ok
448442,1621344-0,22,1,2026-01-05T17:30:03.867468,ok
448443,1622538-6,22,1,2026-01-05T17:30:03.867468,ok
448444,1591327-8,22,1,2026-01-05T17:30:03.867468,ok
448445,1621961-1,22,1,2026-01-05T17:30:03.867468,ok
448446,1462441-6,22,1,2026-01-05T17:30:03.867468,ok
448447,1624664-9,22,1,2026-01-05T17:30:03.867468,ok
448448,1622099-4,22,1,2026-01-05T17:30:03.867468,ok
448449,1576383-0,22,1,2026-01-05T17:30:03.867468,ok
448450,1624834-1,22,1,2026-01-05T17:30:03.867468,ok
448451,1610234-2,22,1,2026-01-05T17:30:03.867468,ok
448452,1622109-5,22,1,2026-01-05T17:30:03.867468,ok
448453,1599575-6,22,1,2026-01-05T17:30:03.867468,ok
448454,1591534-3,22,1,2026-01-05T17:30:03.867468,ok
448455,1579503-4,22,1,2026-01-05T17:30:03.867468,ok
448456,1507800-9,22,1,2026-01-05T17:30:03.867468,ok
448457,1586439-0,22,1,2026-01-05T17:30:03.867468,ok
448458,1571119-0,22,1,2026-01-05T17:30:03.867468,ok
448459,1595497-1,22,1,2026-01-05T17:30:03.867468,ok
448460,1570295-1,22,1,2026-01-05T17:30:03.867468,ok
448461,1548750-0,22,1,2026-01-05T17:30:03.867468,ok
448462,1551573-8,22,1,2026-01-05T17:30:03.867468,ok
448463,1548051-2,20,1,2026-01-05T17:30:03.867468,ok
448464,984663-5,20,1,2026-01-05T17:30:03.867468,ok
448465,1532725-0,20,1,2026-01-05T17:30:03.867468,ok
448466,1593609-3,20,1,2026-01-05T17:30:03.867468,ok
448467,1264878-7,20,1,2026-01-05T17:30:03.867468,ok
448468,1616919-4,20,1,2026-01-05T17:30:03.867468,ok
448469,913998-8,20,1,2026-01-05T17:30:03.867468,ok
448470,1595330-1,20,1,2026-01-05T17:30:03.867468,ok
448471,1591758-3,20,1,2026-01-05T17:30:03.867468,ok
448472,1606034-3,20,1,2026-01-05T17:30:03.867468,ok
448473,1620553-5,20,1,2026-01-05T17:30:03.867468,ok
448474,1591528-5,20,1,2026-01-05T17:30:03.867468,ok
448475,1568778-4,20,1,2026-01-05T17:30:03.867468,ok
448476,1528721-3,20,1,2026-01-05T17:30:03.867468,ok
448477,1530893-5,20,1,2026-01-05T17:30:03.867468,ok
448478,5001899-68.2016.8.16.0000,20,1,2026-01-05T17:30:03.867468,ok
448479,1599973-2,20,1,2026-01-05T17:30:03.867468,ok
448480,1606632-9,20,1,2026-01-05T17:30:03.867468,ok
448481,5000151-35.2015.8.16.0000,20,1,2026-01-05T17:30:03.867468,ok
448482,1542818-3,20,1,2026-01-05T17:30:03.867468,ok
448483,907542-9,20,1,2026-01-05T17:30:03.867468,ok
448484,1592121-0,20,1,2026-01-05T17:30:03.867468,ok
448485,1624772-6,20,1,2026-01-05T17:30:03.867468,ok
448486,1622000-7,20,1,2026-01-05T17:30:03.867468,ok
448487,1591322-3,20,1,2026-01-05T17:30:03.867468,ok
448488,1587428-1,20,1,2026-01-05T17:30:03.867468,ok
448489,1589013-8,20,1,2026-01-05T17:30:03.867468,ok
448490,5000884-64.2016.8.16.0000,20,1,2026-01-05T17:30:03.867468,ok
448491,1621389-9,20,1,2026-01-05T17:30:03.867468,ok
448492,1624922-6,20,1,2026-01-05T17:30:03.867468,ok
448493,1545879-8,20,1,2026-01-05T17:30:03.867468,ok
448494,1598802-4,20,1,2026-01-05T17:30:03.867468,ok
448495,5001729-96.2016.8.16.0000,20,1,2026-01-05T17:30:03.867468,ok
448496,1495854-4,20,1,2026-01-05T17:30:03.867468,ok
448497,1516586-3,20,1,2026-01-05T17:30:03.867468,ok
448498,5001683-10.2016.8.16.0000,20,1,2026-01-05T17:30:03.867468,ok
448499,1554658-8,20,1,2026-01-05T17:30:03.867468,ok
448500,1585819-4,20,1,2026-01-05T17:30:03.867468,ok
448501,5001203-32.2016.8.16.0000,20,1,2026-01-05T17:30:03.867468,ok
448502,1607910-2,20,1,2026-01-05T17:30:03.867468,ok
448503,1599707-8,20,1,2026-01-05T17:30:03.867468,ok
448504,1596051-9,20,1,2026-01-05T17:30:03.867468,ok
448505,5001252-73.2016.8.16.0000,20,1,2026-01-05T17:30:03.867468,ok
448506,1578814-8,20,1,2026-01-05T17:30:03.867468,ok
448507,1517257-1,30,1,2026-01-05T17:30:03.867468,ok
448508,1555363-8,29,1,2026-01-05T17:30:03.867468,ok
448509,1529584-4,29,1,2026-01-05T17:30:03.867468,ok
448510,1439517-4,29,1,2026-01-05T17:30:03.867468,ok
448511,1551337-2,29,1,2026-01-05T17:30:03.867468,ok
448512,1546651-4,29,1,2026-01-05T17:30:03.867468,ok
448513,1532982-5,29,1,2026-01-05T17:30:03.867468,ok
448514,1581038-3,29,1,2026-01-05T17:30:03.867468,ok
448515,1554917-2,29,1,2026-01-05T17:30:03.867468,ok
448516,1527332-2,29,1,2026-01-05T17:30:03.867468,ok
448517,1349463-2,29,1,2026-01-05T17:30:03.867468,ok
448518,1517707-6,29,1,2026-01-05T17:30:03.867468,ok
448519,1539487-3,27,1,2026-01-05T17:30:03.867468,ok
448520,1538296-8,27,1,2026-01-05T17:30:03.867468,ok
448521,1541478-5,27,1,2026-01-05T17:30:03.867468,ok
448522,1519442-8,27,1,2026-01-05T17:30:03.867468,ok
448523,1532211-1,27,1,2026-01-05T17:30:03.867468,ok
448524,1511516-1,27,1,2026-01-05T17:30:03.867468,ok
448525,1513638-0,27,1,2026-01-05T17:30:03.867468,ok
448526,1507129-9,27,1,2026-01-05T17:30:03.867468,ok
448527,1510854-2,27,1,2026-01-05T17:30:03.867468,ok
448528,1482669-0,27,1,2026-01-05T17:30:03.867468,ok
448529,1485068-5,27,1,2026-01-05T17:30:03.867468,ok
448530,1478136-7,27,1,2026-01-05T17:30:03.867468,ok
448531,1478105-2,27,1,2026-01-05T17:30:03.867468,ok
448532,1497167-4,27,1,2026-01-05T17:30:03.867468,ok
448533,1464190-2,27,1,2026-01-05T17:30:03.867468,ok
448534,1468651-6,27,1,2026-01-05T17:30:03.867468,ok
448535,5000584-05.2016.8.16.0000,27,1,2026-01-05T17:30:03.867468,ok
448536,1603856-7,27,1,2026-01-05T17:30:03.867468,ok
448537,1572474-0,27,1,2026-01-05T17:30:03.867468,ok
448538,1461073-4,27,1,2026-01-05T17:30:03.867468,ok
448539,1584539-7,27,1,2026-01-05T17:30:03.867468,ok
448540,5000782-42.2016.8.16.0000,27,1,2026-01-05T17:30:03.867468,ok
448541,1443835-6,27,1,2026-01-05T17:30:03.867468,ok
448542,1432588-5,27,1,2026-01-05T17:30:03.867468,ok
448543,1599286-4,27,1,2026-01-05T17:30:03.867468,ok
448544,5000779-87.2016.8.16.0000,27,1,2026-01-05T17:30:03.867468,ok
448545,1522211-8,27,1,2026-01-05T17:30:03.867468,ok
448546,1585164-4,27,1,2026-01-05T17:30:03.867468,ok
448547,1572025-7,27,1,2026-01-05T17:30:03.867468,ok
448548,1554299-9,27,1,2026-01-05T17:30:03.867468,ok
448549,1566789-9,27,1,2026-01-05T17:30:03.867468,ok
448550,1601628-5,27,1,2026-01-05T17:30:03.867468,ok
448551,1559662-2,27,1,2026-01-05T17:30:03.867468,ok
448552,1565825-6,27,1,2026-01-05T17:30:03.867468,ok
448553,1469409-6,27,1,2026-01-05T17:30:03.867468,ok
448554,1530971-4,27,1,2026-01-05T17:30:03.867468,ok
448555,1609244-1,27,1,2026-01-05T17:30:03.867468,ok
448556,1591733-6,27,1,2026-01-05T17:30:03.867468,ok
448557,1605157-7,27,1,2026-01-05T17:30:03.867468,ok
448558,1583459-0,27,1,2026-01-05T17:30:03.867468,ok
448559,1543178-8,27,1,2026-01-05T17:30:03.867468,ok
448560,1566737-5,27,1,2026-01-05T17:30:03.867468,ok
448561,848259-3,27,1,2026-01-05T17:30:03.867468,ok
448562,1464920-0,27,1,2026-01-05T17:30:03.867468,ok
448563,1594540-3,27,1,2026-01-05T17:30:03.867468,ok
448564,1057379-4,27,1,2026-01-05T17:30:03.867468,ok
448565,1593271-9,27,1,2026-01-05T17:30:03.867468,ok
448566,1593301-2,27,1,2026-01-05T17:30:03.867468,ok
448567,1598403-1,23,1,2026-01-05T17:30:03.867468,ok
448568,1559010-8,23,1,2026-01-05T17:30:03.867468,ok
448569,1572275-7,23,1,2026-01-05T17:30:03.867468,ok
448570,1599049-1,23,1,2026-01-05T17:30:03.867468,ok
448571,1600555-3,23,1,2026-01-05T17:30:03.867468,ok
448572,1574427-9,23,1,2026-01-05T17:30:03.867468,ok
448573,1538514-1,23,1,2026-01-05T17:30:03.867468,ok
448574,1591021-1,23,1,2026-01-05T17:30:03.867468,ok
448575,1595286-8,23,1,2026-01-05T17:30:03.867468,ok
448576,1576688-0,23,1,2026-01-05T17:30:03.867468,ok
448577,1576516-9,23,1,2026-01-05T17:30:03.867468,ok
448578,1559607-1,23,1,2026-01-05T17:30:03.867468,ok
448579,1568555-1,23,1,2026-01-05T17:30:03.867468,ok
448580,1574568-5,23,1,2026-01-05T17:30:03.867468,ok
448581,1478521-6,23,1,2026-01-05T17:30:03.867468,ok
448582,1555627-7,23,1,2026-01-05T17:30:03.867468,ok
448583,1547571-5,23,1,2026-01-05T17:30:03.867468,ok
448584,1578462-4,23,1,2026-01-05T17:30:03.867468,ok
448585,1579764-7,23,1,2026-01-05T17:30:03.867468,ok
448586,1611203-1,23,1,2026-01-05T17:30:03.867468,ok
448587,1575783-6,23,1,2026-01-05T17:30:03.867468,ok
448588,1593137-2,23,1,2026-01-05T17:30:03.867468,ok
448589,1609492-7,23,1,2026-01-05T17:30:03.867468,ok
448590,1587021-2,23,1,2026-01-05T17:30:03.867468,ok
448591,1519052-4,23,1,2026-01-05T17:30:03.867468,ok
448592,893215-6,23,1,2026-01-05T17:30:03.867468,ok
448593,1532975-0,23,1,2026-01-05T17:30:03.867468,ok
448594,1624733-9,23,1,2026-01-05T17:30:03.867468,ok
448595,5000126-85.2016.8.16.0000,23,1,2026-01-05T17:30:03.867468,ok
448596,1594561-2,23,1,2026-01-05T17:30:03.867468,ok
448597,1621360-4,23,1,2026-01-05T17:30:03.867468,ok
448598,889053-7,23,1,2026-01-05T17:30:03.867468,ok
448599,1572543-0,23,1,2026-01-05T17:30:03.867468,ok
448600,1558670-0,23,1,2026-01-05T17:30:03.867468,ok
448601,1623027-2,23,1,2026-01-05T17:30:03.867468,ok
448602,1604686-9,23,1,2026-01-05T17:30:03.867468,ok
448603,1624756-2,23,1,2026-01-05T17:30:03.867468,ok
448604,1565734-0,26,1,2026-01-05T17:30:03.867468,ok
448605,1382267-4,26,1,2026-01-05T17:30:03.867468,ok
448606,1391531-8,26,1,2026-01-05T17:30:03.867468,ok
448607,1589603-2,26,1,2026-01-05T17:30:03.867468,ok
448608,1609548-4,26,1,2026-01-05T17:30:03.867468,ok
448609,1601915-3,26,1,2026-01-05T17:30:03.867468,ok
448610,1562479-2,26,1,2026-01-05T17:30:03.867468,ok
448611,1593081-5,26,1,2026-01-05T17:30:03.867468,ok
448612,1279083-1,26,1,2026-01-05T17:30:03.867468,ok
448613,1551985-8,26,1,2026-01-05T17:30:03.867468,ok
448614,1575208-8,26,1,2026-01-05T17:30:03.867468,ok
448615,1608328-8,26,1,2026-01-05T17:30:03.867468,ok
448616,1611230-8,26,1,2026-01-05T17:30:03.867468,ok
448617,1439443-9,26,1,2026-01-05T17:30:03.867468,ok
448618,1605963-5,26,1,2026-01-05T17:30:03.867468,ok
448619,1608168-2,26,1,2026-01-05T17:30:03.867468,ok
448620,1567351-9,26,1,2026-01-05T17:30:03.867468,ok
448621,1595131-8,26,1,2026-01-05T17:30:03.867468,ok
448622,1596097-5,26,1,2026-01-05T17:30:03.867468,ok
448623,1610706-3,26,1,2026-01-05T17:30:03.867468,ok
448624,1600682-5,26,1,2026-01-05T17:30:03.867468,ok
448625,1605270-5,26,1,2026-01-05T17:30:03.867468,ok
448626,1607399-3,26,1,2026-01-05T17:30:03.867468,ok
448627,1608590-4,26,1,2026-01-05T17:30:03.867468,ok
448628,1610377-2,26,1,2026-01-05T17:30:03.867468,ok
448629,1604443-4,26,1,2026-01-05T17:30:03.867468,ok
448630,1354714-7,26,1,2026-01-05T17:30:03.867468,ok
448631,1542082-3,26,1,2026-01-05T17:30:03.867468,ok
448632,1598323-8,26,1,2026-01-05T17:30:03.867468,ok
448633,1609227-0,26,1,2026-01-05T17:30:03.867468,ok
448634,1608230-3,26,1,2026-01-05T17:30:03.867468,ok
448635,1610214-0,26,1,2026-01-05T17:30:03.867468,ok
448636,1610152-5,26,1,2026-01-05T17:30:03.867468,ok
448637,1606524-2,26,1,2026-01-05T17:30:03.867468,ok
448638,1609497-2,26,1,2026-01-05T17:30:03.867468,ok
448639,1606727-3,26,1,2026-01-05T17:30:03.867468,ok
448640,1614622-8,26,1,2026-01-05T17:30:03.867468,ok
448641,1569920-2,26,1,2026-01-05T17:30:03.867468,ok
448642,1517245-1,26,1,2026-01-05T17:30:03.867468,ok
448643,1609867-4,26,1,2026-01-05T17:30:03.867468,ok
448644,1562343-7,26,1,2026-01-05T17:30:03.867468,ok
448645,1276823-3,26,1,2026-01-05T17:30:03.867468,ok
448646,1606761-5,26,1,2026-01-05T17:30:03.867468,ok
448647,1428992-0,26,1,2026-01-05T17:30:03.867468,ok
448648,1542061-4,26,1,2026-01-05T17:30:03.867468,ok
448649,1573797-2,21,1,2026-01-05T17:30:03.867468,ok
448650,1586027-0,21,1,2026-01-05T17:30:03.867468,ok
448651,1601867-2,21,1,2026-01-05T17:30:03.867468,ok
448652,1092806-8,21,1,2026-01-05T17:30:03.867468,ok
448653,1528540-8,21,1,2026-01-05T17:30:03.867468,ok
448654,1488564-4,21,1,2026-01-05T17:30:03.867468,ok
448655,1233642-4,21,1,2026-01-05T17:30:03.867468,ok
448656,1147078-1,21,1,2026-01-05T17:30:03.867468,ok
448657,1451031-3,21,1,2026-01-05T17:30:03.867468,ok
448658,1469353-9,21,1,2026-01-05T17:30:03.867468,ok
448659,1607630-9,21,1,2026-01-05T17:30:03.867468,ok
448660,1395392-7,21,1,2026-01-05T17:30:03.867468,ok
448661,931418-3,21,1,2026-01-05T17:30:03.867468,ok
448662,1275608-2,21,1,2026-01-05T17:30:03.867468,ok
448663,1571590-5,21,1,2026-01-05T17:30:03.867468,ok
448664,1600470-5,21,1,2026-01-05T17:30:03.867468,ok
448665,1577558-1,21,1,2026-01-05T17:30:03.867468,ok
448666,1557139-0,21,1,2026-01-05T17:30:03.867468,ok
448667,1598664-4,21,1,2026-01-05T17:30:03.867468,ok
448668,1577555-0,21,1,2026-01-05T17:30:03.867468,ok
448669,1607940-0,21,1,2026-01-05T17:30:03.867468,ok
448670,1531563-6,21,1,2026-01-05T17:30:03.867468,ok
448671,1575781-2,21,1,2026-01-05T17:30:03.867468,ok
448672,1529909-1,21,1,2026-01-05T17:30:03.867468,ok
448673,1594141-0,21,1,2026-01-05T17:30:03.867468,ok
448674,1597623-9,21,1,2026-01-05T17:30:03.867468,ok
448675,1550673-9,21,1,2026-01-05T17:30:03.867468,ok
448676,1599622-0,21,1,2026-01-05T17:30:03.867468,ok
448677,1595150-3,21,1,2026-01-05T17:30:03.867468,ok
448678,1592270-8,21,1,2026-01-05T17:30:03.867468,ok
448679,1486234-3,21,1,2026-01-05T17:30:03.867468,ok
448680,1581774-4,21,1,2026-01-05T17:30:03.867468,ok
448681,1585683-4,21,1,2026-01-05T17:30:03.867468,ok
448682,1502907-3,21,1,2026-01-05T17:30:03.867468,ok
448683,1571549-8,21,1,2026-01-05T17:30:03.867468,ok
448684,1580412-5,21,1,2026-01-05T17:30:03.867468,ok
448685,1594969-8,21,1,2026-01-05T17:30:03.867468,ok
448686,1597205-1,21,1,2026-01-05T17:30:03.867468,ok
448687,1593192-3,21,1,2026-01-05T17:30:03.867468,ok
448688,1567592-0,21,1,2026-01-05T17:30:03.867468,ok
448689,1573228-2,21,1,2026-01-05T17:30:03.867468,ok
448690,1531809-7,21,1,2026-01-05T17:30:03.867468,ok
448691,1517579-2,21,1,2026-01-05T17:30:03.867468,ok
448692,1564822-1,21,1,2026-01-05T17:30:03.867468,ok
448693,1575440-6,21,1,2026-01-05T17:30:03.867468,ok
448694,1573395-8,21,1,2026-01-05T17:30:03.867468,ok
448695,1597456-8,21,1,2026-01-05T17:30:03.867468,ok
448696,1567713-9,21,1,2026-01-05T17:30:03.867468,ok
448697,1569618-7,21,1,2026-01-05T17:30:03.867468,ok
448698,1589241-2,21,1,2026-01-05T17:30:03.867468,ok
448699,1624357-9,24,1,2026-01-05T17:30:03.867468,ok
448700,1625522-0,24,1,2026-01-05T17:30:03.867468,ok
448701,5000272-29.2016.8.16.0000,24,1,2026-01-05T17:30:03.867468,ok
448702,1583884-3,24,1,2026-01-05T17:30:03.867468,ok
448703,1604054-7,24,1,2026-01-05T17:30:03.867468,ok
448704,1602117-1,24,1,2026-01-05T17:30:03.867468,ok
448705,1587171-7,24,1,2026-01-05T17:30:03.867468,ok
448706,1564938-4,24,1,2026-01-05T17:30:03.867468,ok
448707,1597902-5,24,1,2026-01-05T17:30:03.867468,ok
448708,1561102-2,24,1,2026-01-05T17:30:03.867468,ok
448709,1546367-7,24,1,2026-01-05T17:30:03.867468,ok
448710,1564367-5,24,1,2026-01-05T17:30:03.867468,ok
448711,1479654-4,24,1,2026-01-05T17:30:03.867468,ok
448712,1561761-1,24,1,2026-01-05T17:30:03.867468,ok
448713,1563756-8,24,1,2026-01-05T17:30:03.867468,ok
448714,1568094-3,24,1,2026-01-05T17:30:03.867468,ok
448715,1586271-8,24,1,2026-01-05T17:30:03.867468,ok
448716,1472067-3,24,1,2026-01-05T17:30:03.867468,ok
448717,1545300-8,24,1,2026-01-05T17:30:03.867468,ok
448718,1554749-4,24,1,2026-01-05T17:30:03.867468,ok
448719,1565763-1,24,1,2026-01-05T17:30:03.867468,ok
448720,1570098-2,24,1,2026-01-05T17:30:03.867468,ok
448721,1560109-7,24,1,2026-01-05T17:30:03.867468,ok
448722,1561180-6,24,1,2026-01-05T17:30:03.867468,ok
448723,1583018-9,24,1,2026-01-05T17:30:03.867468,ok
448724,1527385-3,24,1,2026-01-05T17:30:03.867468,ok
448725,1569227-6,24,1,2026-01-05T17:30:03.867468,ok
448726,1617938-3,24,1,2026-01-05T17:30:03.867468,ok
448727,1624863-2,24,1,2026-01-05T17:30:03.867468,ok
448728,1555799-8,24,1,2026-01-05T17:30:03.867468,ok
448729,1525063-4,24,1,2026-01-05T17:30:03.867468,ok
448730,1554240-6,24,1,2026-01-05T17:30:03.867468,ok
448731,1552677-5,24,1,2026-01-05T17:30:03.867468,ok
448732,1559541-8,24,1,2026-01-05T17:30:03.867468,ok
448733,1573373-2,24,1,2026-01-05T17:30:03.867468,ok
448734,1614007-1,24,1,2026-01-05T17:30:03.867468,ok
448735,1612784-5,24,1,2026-01-05T17:30:03.867468,ok
448736,1616707-4,24,1,2026-01-05T17:30:03.867468,ok
448737,1615341-2,24,1,2026-01-05T17:30:03.867468,ok
448738,1583472-3,24,1,2026-01-05T17:30:03.867468,ok
448739,1608696-1,24,1,2026-01-05T17:30:03.867468,ok
448740,1607876-5,24,1,2026-01-05T17:30:03.867468,ok
448741,1606913-9,24,1,2026-01-05T17:30:03.867468,ok
448742,1609499-6,24,1,2026-01-05T17:30:03.867468,ok
448743,1606935-5,24,1,2026-01-05T17:30:03.867468,ok
448744,1599436-4,24,1,2026-01-05T17:30:03.867468,ok
448745,1604745-3,24,1,2026-01-05T17:30:03.867468,ok
448746,1600209-6,24,1,2026-01-05T17:30:03.867468,ok
448747,1599123-2,25,1,2026-01-05T17:30:03.867468,ok
448748,1599512-9,25,1,2026-01-05T17:30:03.867468,ok
448749,1598357-4,25,1,2026-01-05T17:30:03.867468,ok
448750,1597033-5,25,1,2026-01-05T17:30:03.867468,ok
448751,1597294-8,25,1,2026-01-05T17:30:03.867468,ok
448752,1595487-5,25,1,2026-01-05T17:30:03.867468,ok
448753,1598871-9,25,1,2026-01-05T17:30:03.867468,ok
448754,1595363-0,25,1,2026-01-05T17:30:03.867468,ok
448755,1594409-7,25,1,2026-01-05T17:30:03.867468,ok
448756,1594943-4,25,1,2026-01-05T17:30:03.867468,ok
448757,1594885-7,25,1,2026-01-05T17:30:03.867468,ok
448758,1594006-6,25,1,2026-01-05T17:30:03.867468,ok
448759,1591271-1,25,1,2026-01-05T17:30:03.867468,ok
448760,1591906-9,25,1,2026-01-05T17:30:03.867468,ok
448761,1592789-2,25,1,2026-01-05T17:30:03.867468,ok
448762,1591635-5,25,1,2026-01-05T17:30:03.867468,ok
448763,1506702-4,25,1,2026-01-05T17:30:03.867468,ok
448764,1584004-9,25,1,2026-01-05T17:30:03.867468,ok
448765,1585584-6,25,1,2026-01-05T17:30:03.867468,ok
448766,1588601-4,25,1,2026-01-05T17:30:03.867468,ok
448767,1585217-0,25,1,2026-01-05T17:30:03.867468,ok
448768,1443764-2,25,1,2026-01-05T17:30:03.867468,ok
448769,1614430-0,25,1,2026-01-05T17:30:03.867468,ok
448770,1583453-8,25,1,2026-01-05T17:30:03.867468,ok
448771,1583952-6,25,1,2026-01-05T17:30:03.867468,ok
448772,1580777-1,25,1,2026-01-05T17:30:03.867468,ok
448773,1579165-4,25,1,2026-01-05T17:30:03.867468,ok
448774,1583266-5,25,1,2026-01-05T17:30:03.867468,ok
448775,1576143-6,25,1,2026-01-05T17:30:03.867468,ok
448776,1573870-6,25,1,2026-01-05T17:30:03.867468,ok
448777,1572237-7,25,1,2026-01-05T17:30:03.867468,ok
448778,1571489-7,25,1,2026-01-05T17:30:03.867468,ok
448779,1571255-1,25,1,2026-01-05T17:30:03.867468,ok
448780,1572867-5,25,1,2026-01-05T17:30:03.867468,ok
448781,1564858-1,25,1,2026-01-05T17:30:03.867468,ok
448782,1570823-5,25,1,2026-01-05T17:30:03.867468,ok
448783,1564459-8,25,1,2026-01-05T17:30:03.867468,ok
448784,1571252-0,25,1,2026-01-05T17:30:03.867468,ok
448785,1560261-2,25,1,2026-01-05T17:30:03.867468,ok
448786,1559323-0,25,1,2026-01-05T17:30:03.867468,ok
448787,1558120-5,25,1,2026-01-05T17:30:03.867468,ok
448788,1562829-2,25,1,2026-01-05T17:30:03.867468,ok
448789,1623281-6,25,1,2026-01-05T17:30:03.867468,ok
448790,1614721-6,25,1,2026-01-05T17:30:03.867468,ok
448791,1604131-9,25,1,2026-01-05T17:30:03.867468,ok
448792,1614225-9,25,1,2026-01-05T17:30:03.867468,ok
448793,1537388-7,25,1,2026-01-05T17:30:03.867468,ok
448794,1604062-9,25,1,2026-01-05T17:30:03.867468,ok
448795,1616483-9,25,1,2026-01-05T17:30:03.867468,ok
448796,5001396-47.2016.8.16.0000,25,1,2026-01-05T17:30:03.867468,ok
448797,1291674-6,31,1,2026-01-05T17:30:03.867468,ok
448798,1244534-4,31,1,2026-01-05T17:30:03.867468,ok
448799,1585167-5,31,1,2026-01-05T17:30:03.867468,ok
448800,1159733-8,31,1,2026-01-05T17:30:03.867468,ok
448801,1192092-6,31,1,2026-01-05T17:30:03.867468,ok
448802,1045628-1,31,1,2026-01-05T17:30:03.867468,ok
448803,905281-3,31,1,2026-01-05T17:30:03.867468,ok
448804,1535742-3,31,1,2026-01-05T17:30:03.867468,ok
448805,1550776-5,31,1,2026-01-05T17:30:03.867468,ok
448806,1576555-6,31,1,2026-01-05T17:30:03.867468,ok
448807,1527089-6,31,1,2026-01-05T17:30:03.867468,ok
448808,0001319-79.2015.8.16.0123,38,1,2026-01-05T17:30:03.867468,ok
448809,0003880-96.2015.8.16.0084,38,1,2026-01-05T17:30:03.867468,ok
448810,0000269-94.2016.8.16.0151,38,1,2026-01-05T17:30:03.867468,ok
448811,0001238-63.2015.8.16.0113,38,1,2026-01-05T17:30:03.867468,ok
448812,0016019-14.2016.8.16.0030,38,1,2026-01-05T17:30:03.867468,ok
448813,0016606-84.2016.8.16.0014,38,1,2026-01-05T17:30:03.867468,ok
448814,0029708-89.2015.8.16.0021,38,1,2026-01-05T17:30:03.867468,ok
448815,0005175-56.2015.8.16.0089,38,1,2026-01-05T17:30:03.867468,ok
448816,0038438-91.2015.8.16.0182,38,1,2026-01-05T17:30:03.867468,ok
448817,0000520-65.2016.8.16.0102,38,1,2026-01-05T17:30:03.867468,ok
448818,0000933-57.2016.8.16.0109,38,1,2026-01-05T17:30:03.867468,ok
448819,0001148-47.2016.8.16.0169,38,1,2026-01-05T17:30:03.867468,ok
448820,0010315-68.2016.8.16.0014,38,1,2026-01-05T17:30:03.867468,ok
448821,1580923-3,28,1,2026-01-05T17:30:03.867468,ok
448822,1587577-9,28,1,2026-01-05T17:30:03.867468,ok
448823,1598508-1,28,1,2026-01-05T17:30:03.867468,ok
448824,1356574-1,28,1,2026-01-05T17:30:03.867468,ok
448825,1323690-9,28,1,2026-01-05T17:30:03.867468,ok
448826,1563634-7,28,1,2026-01-05T17:30:03.867468,ok
448827,1586529-9,28,1,2026-01-05T17:30:03.867468,ok
448828,1286324-8,28,1,2026-01-05T17:30:03.867468,ok
448829,1593308-1,28,1,2026-01-05T17:30:03.867468,ok
448830,1592572-7,28,1,2026-01-05T17:30:03.867468,ok
448831,1234761-8,28,1,2026-01-05T17:30:03.867468,ok
448832,1277831-9,28,1,2026-01-05T17:30:03.867468,ok
448833,972229-2,28,1,2026-01-05T17:30:03.867468,ok
448834,1590283-7,28,1,2026-01-05T17:30:03.867468,ok
448835,1543454-3,28,1,2026-01-05T17:30:03.867468,ok
448836,1582983-7,28,1,2026-01-05T17:30:03.867468,ok
448837,1587861-6,28,1,2026-01-05T17:30:03.867468,ok
448838,1570981-2,28,1,2026-01-05T17:30:03.867468,ok
448839,858844-5,28,1,2026-01-05T17:30:03.867468,ok
448840,884649-3,28,1,2026-01-05T17:30:03.867468,ok
448841,1571800-6,28,1,2026-01-05T17:30:03.867468,ok
448842,1575932-9,28,1,2026-01-05T17:30:03.867468,ok
448843,1571428-4,28,1,2026-01-05T17:30:03.867468,ok
448844,1570639-3,28,1,2026-01-05T17:30:03.867468,ok
448845,1567652-1,28,1,2026-01-05T17:30:03.867468,ok
448846,1568118-8,28,1,2026-01-05T17:30:03.867468,ok
448847,1550113-8,28,1,2026-01-05T17:30:03.867468,ok
448848,1557447-7,28,1,2026-01-05T17:30:03.867468,ok
448849,1578649-1,28,1,2026-01-05T17:30:03.867468,ok
448850,1611779-0,28,1,2026-01-05T17:30:03.867468,ok
448851,1565688-3,28,1,2026-01-05T17:30:03.867468,ok
448852,1557997-2,28,1,2026-01-05T17:30:03.867468,ok
448853,1563574-6,28,1,2026-01-05T17:30:03.867468,ok
448854,1551598-5,28,1,2026-01-05T17:30:03.867468,ok
448855,1602838-5,28,1,2026-01-05T17:30:03.867468,ok
448856,1600134-4,28,1,2026-01-05T17:30:03.867468,ok
448857,1588534-8,28,1,2026-01-05T17:30:03.867468,ok
448858,1551158-1,28,1,2026-01-05T17:30:03.867468,ok
448859,1558352-7,28,1,2026-01-05T17:30:03.867468,ok
448860,1551068-2,28,1,2026-01-05T17:30:03.867468,ok
448861,1573400-4,28,1,2026-01-05T17:30:03.867468,ok
448862,1560366-2,28,1,2026-01-05T17:30:03.867468,ok
448863,1551951-2,28,1,2026-01-05T17:30:03.867468,ok
448864,1563572-2,28,1,2026-01-05T17:30:03.867468,ok
448865,1557219-3,28,1,2026-01-05T17:30:03.867468,ok
448866,1548603-6,28,1,2026-01-05T17:30:03.867468,ok
448867,1548344-2,28,1,2026-01-05T17:30:03.867468,ok
448868,1562531-7,28,1,2026-01-05T17:30:03.867468,ok
448869,1565815-0,28,1,2026-01-05T17:30:03.867468,ok
448870,0021662-16.2015.8.16.0182,40,1,2026-01-05T17:30:03.867468,ok
448871,0000558-15.2016.8.16.0058,40,1,2026-01-05T17:30:03.867468,ok
448872,0011184-35.2015.8.16.0024,40,1,2026-01-05T17:30:03.867468,ok
448873,0003529-93.2016.8.16.0018,40,1,2026-01-05T17:30:03.867468,ok
448874,0001695-67.2016.8.16.0014,40,1,2026-01-05T17:30:03.867468,ok
448875,0003152-66.2015.8.16.0048,40,1,2026-01-05T17:30:03.867468,ok
448876,0004718-76.2015.8.16.0104,40,1,2026-01-05T17:30:03.867468,ok
448877,0004735-15.2015.8.16.0104,40,1,2026-01-05T17:30:03.867468,ok
448878,0003271-78.2016.8.16.0052,40,1,2026-01-05T17:30:03.867468,ok
448879,0058008-82.2015.8.16.0014,40,1,2026-01-05T17:30:03.867468,ok
448880,0053036-69.2015.8.16.0014,40,1,2026-01-05T17:30:03.867468,ok
448881,0030988-82.2016.8.16.0014,40,1,2026-01-05T17:30:03.867468,ok
448882,0020867-77.2016.8.16.0019,40,1,2026-01-05T17:30:03.867468,ok
448883,0003838-12.2016.8.16.0052,40,1,2026-01-05T17:30:03.867468,ok
448884,0012188-27.2015.8.16.0083,40,1,2026-01-05T17:30:03.867468,ok
448885,0000561-45.2016.8.16.0033,40,1,2026-01-05T17:30:03.867468,ok
448886,0005232-29.2015.8.16.0104,40,1,2026-01-05T17:30:03.867468,ok
448887,0000878-05.2016.8.16.0175,40,1,2026-01-05T17:30:03.867468,ok
448888,0000411-33.2015.8.16.0184,40,1,2026-01-05T17:30:03.867468,ok
448889,0002075-98.2016.8.16.9000,40,1,2026-01-05T17:30:03.867468,ok
448890,0017515-63.2015.8.16.0014,40,1,2026-01-05T17:30:03.867468,ok
448891,0001992-19.2015.8.16.9000,40,1,2026-01-05T17:30:03.867468,ok
448892,1575816-0,37,1,2026-01-05T17:30:03.867468,ok
448893,1579022-4,37,1,2026-01-05T17:30:03.867468,ok
448894,1544831-4,37,1,2026-01-05T17:30:03.867468,ok
448895,1558134-9,37,1,2026-01-05T17:30:03.867468,ok
448896,1545130-6,37,1,2026-01-05T17:30:03.867468,ok
448897,1615333-0,37,1,2026-01-05T17:30:03.867468,ok
448898,1584801-8,37,1,2026-01-05T17:30:03.867468,ok
448899,1610148-1,37,1,2026-01-05T17:30:03.867468,ok
448900,1596610-8,37,1,2026-01-05T17:30:03.867468,ok
448901,1573573-2,37,1,2026-01-05T17:30:03.867468,ok
448902,1595609-1,37,1,2026-01-05T17:30:03.867468,ok
448903,1582237-0,37,1,2026-01-05T17:30:03.867468,ok
448904,1562932-4,37,1,2026-01-05T17:30:03.867468,ok
448905,1566241-4,37,1,2026-01-05T17:30:03.867468,ok
448906,1591184-3,37,1,2026-01-05T17:30:03.867468,ok
448907,1583385-5,37,1,2026-01-05T17:30:03.867468,ok
448908,1616572-1,37,1,2026-01-05T17:30:03.867468,ok
448909,1564444-7,37,1,2026-01-05T17:30:03.867468,ok
448910,1570532-9,37,1,2026-01-05T17:30:03.867468,ok
448911,1541628-5,37,1,2026-01-05T17:30:03.867468,ok
448912,1576312-1,37,1,2026-01-05T17:30:03.867468,ok
448913,5001971-55.2016.8.16.0000,37,1,2026-01-05T17:30:03.867468,ok
448914,0008287-62.2014.8.16.0026,37,1,2026-01-05T17:30:03.867468,ok
448915,0001057-31.2015.8.16.0188,37,1,2026-01-05T17:30:03.867468,ok
448916,0044196-36.2016.8.16.0014,37,1,2026-01-05T17:30:03.867468,ok
448917,0002635-40.2016.8.16.9000,37,1,2026-01-05T17:30:03.867468,ok
448918,0070128-60.2015.8.16.0014,37,1,2026-01-05T17:30:03.867468,ok
448919,0001898-96.2014.8.16.0176,37,1,2026-01-05T17:30:03.867468,ok
448920,0005752-80.2016.8.16.0030,39,1,2026-01-05T17:30:03.867468,ok
448921,0041661-50.2015.8.16.0021,39,1,2026-01-05T17:30:03.867468,ok
448922,0003401-68.2016.8.16.0052,39,1,2026-01-05T17:30:03.867468,ok
448923,0001883-42.2016.8.16.0117,39,1,2026-01-05T17:30:03.867468,ok
448924,0011559-20.2016.8.16.0018,39,1,2026-01-05T17:30:03.867468,ok
448925,0014178-20.2016.8.16.0018,39,1,2026-01-05T17:30:03.867468,ok
448926,0005138-70.2016.8.16.0064,39,1,2026-01-05T17:30:03.867468,ok
448927,0016179-75.2016.8.16.0018,39,1,2026-01-05T17:30:03.867468,ok
448928,0011875-33.2016.8.16.0018,39,1,2026-01-05T17:30:03.867468,ok
448929,0020605-33.2016.8.16.0018,39,1,2026-01-05T17:30:03.867468,ok
448930,0003642-47.2016.8.16.0018,39,1,2026-01-05T17:30:03.867468,ok
448931,0016571-15.2016.8.16.0018,39,1,2026-01-05T17:30:03.867468,ok
448932,0011344-44.2016.8.16.0018,39,1,2026-01-05T17:30:03.867468,ok
448933,0012193-16.2016.8.16.0018,39,1,2026-01-05T17:30:03.867468,ok
448934,0014194-71.2016.8.16.0018,39,1,2026-01-05T17:30:03.867468,ok
448935,0014369-65.2016.8.16.0018,39,1,2026-01-05T17:30:03.867468,ok
448936,0012223-51.2016.8.16.0018,39,1,2026-01-05T17:30:03.867468,ok
448937,0002799-33.2015.8.16.0175,39,1,2026-01-05T17:30:03.867468,ok
448938,0001645-77.2015.8.16.0175,39,1,2026-01-05T17:30:03.867468,ok
448939,0011766-19.2016.8.16.0018,39,1,2026-01-05T17:30:03.867468,ok
448940,0011759-27.2016.8.16.0018,39,1,2026-01-05T17:30:03.867468,ok
448941,0011713-38.2016.8.16.0018,39,1,2026-01-05T17:30:03.867468,ok
448942,0001233-49.2015.8.16.0175,39,1,2026-01-05T17:30:03.867468,ok
448943,0005619-91.2016.8.16.0174,39,1,2026-01-05T17:30:03.867468,ok
448944,0012408-89.2016.8.16.0018,39,1,2026-01-05T17:30:03.867468,ok
448945,0001174-03.2016.8.16.0086,39,1,2026-01-05T17:30:03.867468,ok
448946,0003599-66.2015.8.16.0141,39,1,2026-01-05T17:30:03.867468,ok
448947,0015893-97.2016.8.16.0018,39,1,2026-01-05T17:30:03.867468,ok
448948,0010702-71.2016.8.16.0018,39,1,2026-01-05T17:30:03.867468,ok
448949,0012517-06.2016.8.16.0018,39,1,2026-01-05T17:30:03.867468,ok
448950,0004755-45.2016.8.16.0112,39,1,2026-01-05T17:30:03.867468,ok
448951,0016787-73.2016.8.16.0018,39,1,2026-01-05T17:30:03.867468,ok
448952,0016190-07.2016.8.16.0018,39,1,2026-01-05T17:30:03.867468,ok
448953,0023207-94.2016.8.16.0018,39,1,2026-01-05T17:30:03.867468,ok
448954,0011947-20.2016.8.16.0018,39,1,2026-01-05T17:30:03.867468,ok
448955,0023486-80.2016.8.16.0018,39,1,2026-01-05T17:30:03.867468,ok
448956,0002319-27.2016.8.16.9000,39,1,2026-01-05T17:30:03.867468,ok
448957,0001438-90.2015.8.16.0171,39,1,2026-01-05T17:30:03.867468,ok
448958,0011310-86.2015.8.16.0056,39,1,2026-01-05T17:30:03.867468,ok
448959,0002337-48.2016.8.16.9000,39,1,2026-01-05T17:30:03.867468,ok
448960,0000976-81.2015.8.16.0156,39,1,2026-01-05T17:30:03.867468,ok
448961,0000210-91.2016.8.16.0156,39,1,2026-01-05T17:30:03.867468,ok
448962,0001279-95.2015.8.16.0156,39,1,2026-01-05T17:30:03.867468,ok
448963,0000207-39.2016.8.16.0156,39,1,2026-01-05T17:30:03.867468,ok
448964,0001306-26.2015.8.16.0141,39,1,2026-01-05T17:30:03.867468,ok
448965,0001150-57.2015.8.16.0167,39,1,2026-01-05T17:30:03.867468,ok
448966,0002545-30.2016.8.16.0109,39,1,2026-01-05T17:30:03.867468,ok
448967,1548951-7,32,1,2026-01-05T17:30:03.867468,ok
448968,1547932-8,32,1,2026-01-05T17:30:03.867468,ok
448969,1522146-6,32,1,2026-01-05T17:30:03.867468,ok
448970,1559203-3,32,1,2026-01-05T17:30:03.867468,ok
448971,1529601-0,32,1,2026-01-05T17:30:03.867468,ok
448972,1538504-5,32,1,2026-01-05T17:30:03.867468,ok
448973,1544917-9,32,1,2026-01-05T17:30:03.867468,ok
448974,1545901-5,32,1,2026-01-05T17:30:03.867468,ok
448975,1541730-0,32,1,2026-01-05T17:30:03.867468,ok
448976,1524047-6,32,1,2026-01-05T17:30:03.867468,ok
448977,1541759-5,32,1,2026-01-05T17:30:03.867468,ok
448978,1543348-0,32,1,2026-01-05T17:30:03.867468,ok
448979,1544381-9,32,1,2026-01-05T17:30:03.867468,ok
448980,1552447-7,32,1,2026-01-05T17:30:03.867468,ok
448981,1560356-6,32,1,2026-01-05T17:30:03.867468,ok
448982,1567982-4,32,1,2026-01-05T17:30:03.867468,ok
448983,1528098-9,32,1,2026-01-05T17:30:03.867468,ok
448984,1538410-8,32,1,2026-01-05T17:30:03.867468,ok
448985,1546474-7,32,1,2026-01-05T17:30:03.867468,ok
448986,1557670-6,32,1,2026-01-05T17:30:03.867468,ok
448987,1525578-0,32,1,2026-01-05T17:30:03.867468,ok
448988,1557597-2,32,1,2026-01-05T17:30:03.867468,ok
448989,1565190-8,32,1,2026-01-05T17:30:03.867468,ok
448990,1537858-4,32,1,2026-01-05T17:30:03.867468,ok
448991,1405958-0,33,1,2026-01-05T17:30:03.867468,ok
448992,1329928-2,33,1,2026-01-05T17:30:03.867468,ok
448993,1586662-9,33,1,2026-01-05T17:30:03.867468,ok
448994,1317310-9,33,1,2026-01-05T17:30:03.867468,ok
448995,1305712-2,33,1,2026-01-05T17:30:03.867468,ok
448996,1331637-7,33,1,2026-01-05T17:30:03.867468,ok
448997,1350387-4,33,1,2026-01-05T17:30:03.867468,ok
448998,1593046-6,33,1,2026-01-05T17:30:03.867468,ok
448999,1587817-8,33,1,2026-01-05T17:30:03.867468,ok
449000,1543967-5,33,1,2026-01-05T17:30:03.867468,ok
0,N/A,36,0,2026-01-05T17:30:03.865914,ignorado
0,N/A,36,0,2026-01-05T17:30:03.865924,ignorado
0,N/A,51,0,2026-01-05T17:30:04.443293,ignorado
0,N/A,51,0,2026-01-05T17:30:04.443327,ignorado
0,N/A,51,0,2026-01-05T17:30:04.443334,ignorado
0,N/A,51,0,2026-01-05T17:30:04.443340,ignorado
0,N/A,51,0,2026-01-05T17:30:04.443345,ignorado
0,N/A,51,0,2026-01-05T17:30:04.443350,ignorado
0,N/A,51,0,2026-01-05T17:30:04.443354,ignorado
0,N/A,51,0,2026-01-05T17:30:04.443359,ignorado
0,N/A,51,0,2026-01-05T17:30:04.443363,ignorado
0,N/A,51,0,2026-01-05T17:30:04.443367,ignorado
0,N/A,51,0,2026-01-05T17:30:04.443372,ignorado
0,N/A,51,0,2026-01-05T17:30:04.443376,ignorado
0,N/A,51,0,2026-01-05T17:30:04.443380,ignorado
0,N/A,51,0,2026-01-05T17:30:04.443384,ignorado
0,N/A,51,0,2026-01-05T17:30:04.443388,ignorado
0,N/A,51,0,2026-01-05T17:30:04.443392,ignorado
0,N/A,51,0,2026-01-05T17:30:04.443396,ignorado
0,N/A,51,0,2026-01-05T17:30:04.443399,ignorado
0,N/A,51,0,2026-01-05T17:30:04.443404,ignorado
0,N/A,51,0,2026-01-05T17:30:04.443408,ignorado
0,N/A,51,0,2026-01-05T17:30:04.443412,ignorado
0,N/A,51,0,2026-01-05T17:30:04.443416,ignorado
0,N/A,51,0,2026-01-05T17:30:04.443420,ignorado
0,N/A,51,0,2026-01-05T17:30:04.443424,ignorado
0,N/A,51,0,2026-01-05T17:30:04.443428,ignorado
0,N/A,51,0,2026-01-05T17:30:04.443432,ignorado
0,N/A,51,0,2026-01-05T17:30:04.443436,ignorado
0,N/A,51,0,2026-01-05T17:30:04.443440,ignorado
0,N/A,51,0,2026-01-05T17:30:04.443445,ignorado
0,N/A,51,0,2026-01-05T17:30:04.443449,ignorado
0,N/A,51,0,2026-01-05T17:30:04.443453,ignorado
0,N/A,51,0,2026-01-05T17:30:04.443456,ignorado
0,N/A,51,0,2026-01-05T17:30:04.443460,ignorado
0,N/A,51,0,2026-01-05T17:30:04.443465,ignorado
0,N/A,51,0,2026-01-05T17:30:04.443469,ignorado
0,N/A,51,0,2026-01-05T17:30:04.443473,ignorado
0,N/A,51,0,2026-01-05T17:30:04.443477,ignorado
0,N/A,51,0,2026-01-05T17:30:04.443481,ignorado
0,N/A,51,0,2026-01-05T17:30:04.443485,ignorado
0,N/A,51,0,2026-01-05T17:30:04.443489,ignorado
0,N/A,51,0,2026-01-05T17:30:04.443493,ignorado
0,N/A,51,0,2026-01-05T17:30:04.443497,ignorado
0,N/A,51,0,2026-01-05T17:30:04.443501,ignorado
0,N/A,51,0,2026-01-05T17:30:04.443506,ignorado
0,N/A,51,0,2026-01-05T17:30:04.443511,ignorado
0,N/A,51,0,2026-01-05T17:30:04.443516,ignorado
0,N/A,51,0,2026-01-05T17:30:04.443521,ignorado
0,N/A,51,0,2026-01-05T17:30:04.443525,ignorado
0,N/A,51,0,2026-01-05T17:30:04.443529,ignorado
0,N/A,51,0,2026-01-05T17:30:04.443533,ignorado
0,N/A,43,0,2026-01-05T17:30:05.810941,ignorado
0,N/A,43,0,2026-01-05T17:30:05.810976,ignorado
0,N/A,43,0,2026-01-05T17:30:05.810987,ignorado
0,N/A,43,0,2026-01-05T17:30:05.810995,ignorado
0,N/A,43,0,2026-01-05T17:30:05.811002,ignorado
0,N/A,43,0,2026-01-05T17:30:05.811009,ignorado
0,N/A,43,0,2026-01-05T17:30:05.811016,ignorado
0,N/A,43,0,2026-01-05T17:30:05.811023,ignorado
0,N/A,43,0,2026-01-05T17:30:05.811030,ignorado
0,N/A,43,0,2026-01-05T17:30:05.811036,ignorado
0,N/A,43,0,2026-01-05T17:30:05.811043,ignorado
0,N/A,43,0,2026-01-05T17:30:05.811050,ignorado
0,N/A,43,0,2026-01-05T17:30:05.811056,ignorado
0,N/A,43,0,2026-01-05T17:30:05.811063,ignorado
0,N/A,43,0,2026-01-05T17:30:05.811070,ignorado
0,N/A,43,0,2026-01-05T17:30:05.811076,ignorado
0,N/A,43,0,2026-01-05T17:30:05.811083,ignorado
0,N/A,43,0,2026-01-05T17:30:05.811089,ignorado
0,N/A,43,0,2026-01-05T17:30:05.811095,ignorado
0,N/A,43,0,2026-01-05T17:30:05.811125,ignorado
0,N/A,43,0,2026-01-05T17:30:05.811130,ignorado
0,N/A,43,0,2026-01-05T17:30:05.811135,ignorado
0,N/A,43,0,2026-01-05T17:30:05.811140,ignorado
0,N/A,43,0,2026-01-05T17:30:05.811144,ignorado
0,N/A,43,0,2026-01-05T17:30:05.811179,ignorado
0,N/A,43,0,2026-01-05T17:30:05.811226,ignorado
0,N/A,43,0,2026-01-05T17:30:05.811230,ignorado
0,N/A,52,0,2026-01-05T17:30:06.395680,ignorado
0,N/A,52,0,2026-01-05T17:30:06.395717,ignorado
0,N/A,52,0,2026-01-05T17:30:06.395729,ignorado
0,N/A,52,0,2026-01-05T17:30:06.395739,ignorado
0,N/A,52,0,2026-01-05T17:30:06.395747,ignorado
0,N/A,52,0,2026-01-05T17:30:06.395755,ignorado
0,N/A,52,0,2026-01-05T17:30:06.395762,ignorado
0,N/A,52,0,2026-01-05T17:30:06.395767,ignorado
0,N/A,52,0,2026-01-05T17:30:06.395772,ignorado
0,N/A,52,0,2026-01-05T17:30:06.395777,ignorado
0,N/A,52,0,2026-01-05T17:30:06.395782,ignorado
0,N/A,52,0,2026-01-05T17:30:06.395786,ignorado
0,N/A,52,0,2026-01-05T17:30:06.395791,ignorado
0,N/A,52,0,2026-01-05T17:30:06.395796,ignorado
0,N/A,52,0,2026-01-05T17:30:06.395800,ignorado
0,N/A,52,0,2026-01-05T17:30:06.395804,ignorado
0,N/A,52,0,2026-01-05T17:30:06.395809,ignorado
0,N/A,52,0,2026-01-05T17:30:06.395813,ignorado
0,N/A,52,0,2026-01-05T17:30:06.395818,ignorado
0,N/A,52,0,2026-01-05T17:30:06.395823,ignorado
0,N/A,52,0,2026-01-05T17:30:06.395827,ignorado
0,N/A,52,0,2026-01-05T17:30:06.395831,ignorado
0,N/A,52,0,2026-01-05T17:30:06.395835,ignorado
0,N/A,52,0,2026-01-05T17:30:06.395840,ignorado
0,N/A,52,0,2026-01-05T17:30:06.395844,ignorado
0,N/A,52,0,2026-01-05T17:30:06.395849,ignorado
0,N/A,52,0,2026-01-05T17:30:06.395853,ignorado
0,N/A,52,0,2026-01-05T17:30:06.395857,ignorado
0,N/A,52,0,2026-01-05T17:30:06.395862,ignorado
0,N/A,52,0,2026-01-05T17:30:06.395867,ignorado
0,N/A,52,0,2026-01-05T17:30:06.395871,ignorado
0,N/A,52,0,2026-01-05T17:30:06.395875,ignorado
0,N/A,52,0,2026-01-05T17:30:06.395879,ignorado
0,N/A,52,0,2026-01-05T17:30:06.395884,ignorado
0,N/A,52,0,2026-01-05T17:30:06.395889,ignorado
0,N/A,52,0,2026-01-05T17:30:06.395894,ignorado
0,N/A,52,0,2026-01-05T17:30:06.395899,ignorado
0,N/A,52,0,2026-01-05T17:30:06.395903,ignorado
0,N/A,52,0,2026-01-05T17:30:06.395907,ignorado
0,N/A,52,0,2026-01-05T17:30:06.395911,ignorado
0,N/A,52,0,2026-01-05T17:30:06.395915,ignorado
0,N/A,52,0,2026-01-05T17:30:06.395919,ignorado
0,N/A,52,0,2026-01-05T17:30:06.395924,ignorado
0,N/A,52,0,2026-01-05T17:30:06.395928,ignorado
0,N/A,52,0,2026-01-05T17:30:06.395932,ignorado
0,N/A,52,0,2026-01-05T17:30:06.395936,ignorado
0,N/A,52,0,2026-01-05T17:30:06.395940,ignorado
0,N/A,52,0,2026-01-05T17:30:06.395944,ignorado
0,N/A,52,0,2026-01-05T17:30:06.395948,ignorado
0,N/A,52,0,2026-01-05T17:30:06.395952,ignorado
0,N/A,49,0,2026-01-05T17:30:07.196907,ignorado
0,N/A,49,0,2026-01-05T17:30:07.196932,ignorado
0,N/A,49,0,2026-01-05T17:30:07.196947,ignorado
0,N/A,49,0,2026-01-05T17:30:07.197021,ignorado
0,N/A,49,0,2026-01-05T17:30:07.197037,ignorado
0,N/A,49,0,2026-01-05T17:30:07.197042,ignorado
0,N/A,49,0,2026-01-05T17:30:07.197046,ignorado
0,N/A,49,0,2026-01-05T17:30:07.197050,ignorado
0,N/A,49,0,2026-01-05T17:30:07.197054,ignorado
0,N/A,49,0,2026-01-05T17:30:07.197058,ignorado
0,N/A,49,0,2026-01-05T17:30:07.197062,ignorado
0,N/A,49,0,2026-01-05T17:30:07.197066,ignorado
0,N/A,49,0,2026-01-05T17:30:07.197072,ignorado
0,N/A,49,0,2026-01-05T17:30:07.197076,ignorado
0,N/A,49,0,2026-01-05T17:30:07.197080,ignorado
0,N/A,49,0,2026-01-05T17:30:07.197084,ignorado
0,N/A,49,0,2026-01-05T17:30:07.197088,ignorado
0,N/A,49,0,2026-01-05T17:30:07.197092,ignorado
0,N/A,49,0,2026-01-05T17:30:07.197095,ignorado
0,N/A,49,0,2026-01-05T17:30:07.197099,ignorado
0,N/A,45,0,2026-01-05T17:30:10.942539,ignorado
0,N/A,45,0,2026-01-05T17:30:10.942578,ignorado
0,N/A,45,0,2026-01-05T17:30:10.942597,ignorado
0,N/A,45,0,2026-01-05T17:30:10.942602,ignorado
0,N/A,45,0,2026-01-05T17:30:10.942901,ignorado
0,N/A,45,0,2026-01-05T17:30:10.942914,ignorado
0,N/A,45,0,2026-01-05T17:30:10.942919,ignorado
0,N/A,45,0,2026-01-05T17:30:10.942929,ignorado
0,N/A,45,0,2026-01-05T17:30:10.980675,ignorado
0,N/A,45,0,2026-01-05T17:30:10.980695,ignorado
0,N/A,45,0,2026-01-05T17:30:10.980715,ignorado
0,N/A,45,0,2026-01-05T17:30:10.980722,ignorado
0,N/A,45,0,2026-01-05T17:30:10.980735,ignorado
0,N/A,46,0,2026-01-05T17:30:11.637740,ignorado
0,N/A,46,0,2026-01-05T17:30:11.637812,ignorado
0,N/A,46,0,2026-01-05T17:30:11.637817,ignorado
0,N/A,46,0,2026-01-05T17:30:11.637826,ignorado
0,N/A,46,0,2026-01-05T17:30:11.637831,ignorado
0,N/A,46,0,2026-01-05T17:30:11.637871,ignorado
0,N/A,46,0,2026-01-05T17:30:11.637882,ignorado
0,N/A,46,0,2026-01-05T17:30:11.637885,ignorado
0,N/A,47,0,2026-01-05T17:30:11.734230,ignorado
0,N/A,47,0,2026-01-05T17:30:11.734305,ignorado
0,N/A,47,0,2026-01-05T17:30:11.734311,ignorado
0,N/A,47,0,2026-01-05T17:30:11.734329,ignorado
0,N/A,47,0,2026-01-05T17:30:11.734357,ignorado
0,N/A,47,0,2026-01-05T17:30:11.734366,ignorado
0,N/A,47,0,2026-01-05T17:30:11.734370,ignorado
0,N/A,47,0,2026-01-05T17:30:11.734375,ignorado
0,N/A,47,0,2026-01-05T17:30:11.734396,ignorado
0,N/A,47,0,2026-01-05T17:30:11.734409,ignorado
0,N/A,47,0,2026-01-05T17:30:11.734414,ignorado
0,N/A,47,0,2026-01-05T17:30:11.734419,ignorado
0,N/A,47,0,2026-01-05T17:30:11.734424,ignorado
0,N/A,47,0,2026-01-05T17:30:11.734452,ignorado
0,N/A,44,0,2026-01-05T17:30:12.758745,ignorado
0,N/A,44,0,2026-01-05T17:30:12.758751,ignorado
0,N/A,44,0,2026-01-05T17:30:12.758755,ignorado
0,N/A,44,0,2026-01-05T17:30:12.758760,ignorado
0,N/A,44,0,2026-01-05T17:30:12.758772,ignorado
0,N/A,44,0,2026-01-05T17:30:12.758801,ignorado
0,N/A,44,0,2026-01-05T17:30:12.758820,ignorado
0,N/A,48,0,2026-01-05T17:30:13.662587,ignorado
0,N/A,48,0,2026-01-05T17:30:13.662644,ignorado
0,N/A,48,0,2026-01-05T17:30:13.662651,ignorado
0,N/A,48,0,2026-01-05T17:30:13.662663,ignorado
0,N/A,48,0,2026-01-05T17:30:13.662669,ignorado
0,N/A,48,0,2026-01-05T17:30:13.662682,ignorado
0,N/A,48,0,2026-01-05T17:30:13.662697,ignorado
0,N/A,48,0,2026-01-05T17:30:13.662722,ignorado
0,N/A,48,0,2026-01-05T17:30:13.662728,ignorado
0,N/A,48,0,2026-01-05T17:30:13.662733,ignorado
0,N/A,48,0,2026-01-05T17:30:13.662739,ignorado
0,N/A,48,0,2026-01-05T17:30:13.662744,ignorado
0,N/A,48,0,2026-01-05T17:30:13.662750,ignorado
0,N/A,48,0,2026-01-05T17:30:13.662782,ignorado
0,N/A,48,0,2026-01-05T17:30:13.662787,ignorado
0,N/A,48,0,2026-01-05T17:30:13.662793,ignorado
0,N/A,48,0,2026-01-05T17:30:13.662798,ignorado
0,N/A,48,0,2026-01-05T17:30:13.662808,ignorado
0,N/A,48,0,2026-01-05T17:30:13.662832,ignorado
0,N/A,48,0,2026-01-05T17:30:13.662844,ignorado
0,N/A,48,0,2026-01-05T17:30:13.662849,ignorado
0,N/A,48,0,2026-01-05T17:30:13.662854,ignorado
0,N/A,48,0,2026-01-05T17:30:13.662865,ignorado
0,N/A,48,0,2026-01-05T17:30:13.662879,ignorado
0,N/A,53,0,2026-01-05T17:30:15.556684,ignorado
0,N/A,53,0,2026-01-05T17:30:15.556723,ignorado
0,N/A,53,0,2026-01-05T17:30:15.556732,ignorado
0,N/A,53,0,2026-01-05T17:30:15.556739,ignorado
0,N/A,53,0,2026-01-05T17:30:15.556745,ignorado
0,N/A,53,0,2026-01-05T17:30:15.556752,ignorado
0,N/A,53,0,2026-01-05T17:30:15.556758,ignorado
0,N/A,53,0,2026-01-05T17:30:15.556763,ignorado
0,N/A,53,0,2026-01-05T17:30:15.556768,ignorado
0,N/A,53,0,2026-01-05T17:30:15.556774,ignorado
0,N/A,53,0,2026-01-05T17:30:15.556822,ignorado
0,N/A,53,0,2026-01-05T17:30:15.556886,ignorado
0,N/A,53,0,2026-01-05T17:30:15.556932,ignorado
0,N/A,55,0,2026-01-05T17:30:18.017870,ignorado
0,N/A,55,0,2026-01-05T17:30:18.017877,ignorado
0,N/A,55,0,2026-01-05T17:30:18.017911,ignorado
0,1464704-6,55,0,2026-01-05T17:30:18.017930,ignorado
0,N/A,55,0,2026-01-05T17:30:18.017945,ignorado
0,N/A,55,0,2026-01-05T17:30:18.017984,ignorado
0,N/A,55,0,2026-01-05T17:30:18.018021,ignorado
0,N/A,54,0,2026-01-05T17:30:19.551070,ignorado
0,N/A,54,0,2026-01-05T17:30:19.551076,ignorado
0,N/A,54,0,2026-01-05T17:30:19.551083,ignorado
0,N/A,54,0,2026-01-05T17:30:19.551159,ignorado
0,N/A,56,0,2026-01-05T17:30:24.522119,ignorado
0,N/A,56,0,2026-01-05T17:30:24.522183,ignorado
0,N/A,56,0,2026-01-05T17:30:24.522213,ignorado
0,N/A,56,0,2026-01-05T17:30:24.522217,ignorado
0,N/A,56,0,2026-01-05T17:30:24.522222,ignorado
0,N/A,56,0,2026-01-05T17:30:24.522261,ignorado
0,N/A,56,0,2026-01-05T17:30:24.522278,ignorado
0,N/A,56,0,2026-01-05T17:30:24.522286,ignorado
0,N/A,57,0,2026-01-05T17:30:25.850034,ignorado
0,N/A,57,0,2026-01-05T17:30:25.850263,ignorado
0,N/A,57,0,2026-01-05T17:30:25.850284,ignorado
0,N/A,59,0,2026-01-05T17:30:29.028796,ignorado
0,N/A,59,0,2026-01-05T17:30:29.028803,ignorado
0,N/A,59,0,2026-01-05T17:30:29.028824,ignorado
0,N/A,59,0,2026-01-05T17:30:29.028830,ignorado
0,N/A,59,0,2026-01-05T17:30:29.028835,ignorado
0,N/A,59,0,2026-01-05T17:30:29.028868,ignorado
0,N/A,59,0,2026-01-05T17:30:29.028881,ignorado
0,N/A,59,0,2026-01-05T17:30:29.028925,ignorado
0,N/A,59,0,2026-01-05T17:30:29.028929,ignorado
0,N/A,63,0,2026-01-05T17:30:31.705292,ignorado
0,N/A,63,0,2026-01-05T17:30:31.705331,ignorado
0,N/A,63,0,2026-01-05T17:30:31.705341,ignorado
0,N/A,63,0,2026-01-05T17:30:31.705347,ignorado
0,N/A,63,0,2026-01-05T17:30:31.705360,ignorado
0,N/A,63,0,2026-01-05T17:30:31.705376,ignorado
0,1593008-6,63,0,2026-01-05T17:30:31.705414,ignorado
0,N/A,63,0,2026-01-05T17:30:31.705480,ignorado
0,N/A,60,0,2026-01-05T17:30:32.498153,ignorado
0,N/A,60,0,2026-01-05T17:30:32.498167,ignorado
0,N/A,60,0,2026-01-05T17:30:32.498177,ignorado
0,N/A,60,0,2026-01-05T17:30:32.498186,ignorado
0,N/A,60,0,2026-01-05T17:30:32.498281,ignorado
0,N/A,62,0,2026-01-05T17:30:34.218725,ignorado
0,N/A,62,0,2026-01-05T17:30:34.218766,ignorado
0,N/A,62,0,2026-01-05T17:30:34.218771,ignorado
0,N/A,62,0,2026-01-05T17:30:34.218778,ignorado
0,N/A,58,0,2026-01-05T17:30:34.666384,ignorado
0,N/A,58,0,2026-01-05T17:30:34.666427,ignorado
0,N/A,58,0,2026-01-05T17:30:34.666433,ignorado
0,N/A,58,0,2026-01-05T17:30:34.666461,ignorado
0,N/A,58,0,2026-01-05T17:30:34.666471,ignorado
0,N/A,58,0,2026-01-05T17:30:34.666491,ignorado
0,N/A,58,0,2026-01-05T17:30:34.666515,ignorado
0,N/A,58,0,2026-01-05T17:30:34.666591,ignorado
0,0032809-39.2015.8.16.0182,70,0,2026-01-05T17:30:35.188713,ignorado
0,0022291-94.2015.8.16.0018,70,0,2026-01-05T17:30:35.188738,ignorado
0,0000268-34.2014.8.16.0037,70,0,2026-01-05T17:30:35.188746,ignorado
0,0001790-64.2016.8.16.0025,70,0,2026-01-05T17:30:35.188751,ignorado
0,0024380-83.2015.8.16.0182,70,0,2026-01-05T17:30:35.188755,ignorado
0,0024390-30.2015.8.16.0182,70,0,2026-01-05T17:30:35.188759,ignorado
0,0008485-52.2016.8.16.0019,70,0,2026-01-05T17:30:35.188762,ignorado
0,0000159-89.2016.8.16.0056,70,0,2026-01-05T17:30:35.188765,ignorado
0,0003959-86.2016.8.16.0069,70,0,2026-01-05T17:30:35.188769,ignorado
0,0000642-32.2016.8.16.0085,70,0,2026-01-05T17:30:35.188772,ignorado
0,0018611-60.2016.8.16.0182,70,0,2026-01-05T17:30:35.188775,ignorado
0,0004183-75.2016.8.16.0052,70,0,2026-01-05T17:30:35.188779,ignorado
0,0001099-71.2016.8.16.0018,70,0,2026-01-05T17:30:35.188782,ignorado
0,0002013-58.2016.8.16.9000,70,0,2026-01-05T17:30:35.188785,ignorado
0,0002008-36.2016.8.16.9000,70,0,2026-01-05T17:30:35.188788,ignorado
0,0002004-96.2016.8.16.9000,70,0,2026-01-05T17:30:35.188791,ignorado
0,0002792-83.2016.8.16.0182,70,0,2026-01-05T17:30:35.188795,ignorado
0,0001881-78.2016.8.16.0018,70,0,2026-01-05T17:30:35.188798,ignorado
0,0022574-20.2015.8.16.0018,70,0,2026-01-05T17:30:35.188801,ignorado
0,0000887-94.2016.8.16.0068,70,0,2026-01-05T17:30:35.188804,ignorado
0,0000492-57.2011.8.16.0075,70,0,2026-01-05T17:30:35.188807,ignorado
0,0027751-21.2016.8.16.0182,70,0,2026-01-05T17:30:35.188811,ignorado
0,0000335-35.2012.8.16.0177,70,0,2026-01-05T17:30:35.188814,ignorado
0,0022566-43.2015.8.16.0018,70,0,2026-01-05T17:30:35.188817,ignorado
0,0004032-94.2015.8.16.0036,70,0,2026-01-05T17:30:35.188820,ignorado
0,0006125-54.2013.8.16.0083,70,0,2026-01-05T17:30:35.188824,ignorado
0,0000186-64.2011.8.16.0083,70,0,2026-01-05T17:30:35.188827,ignorado
0,0000574-84.2016.8.16.0052,70,0,2026-01-05T17:30:35.188831,ignorado
0,0016209-06.2016.8.16.0182,70,0,2026-01-05T17:30:35.188834,ignorado
0,0018081-56.2016.8.16.0182,70,0,2026-01-05T17:30:35.188838,ignorado
0,0002308-06.2011.8.16.0130,70,0,2026-01-05T17:30:35.188841,ignorado
0,0019003-41.2015.8.16.0018,70,0,2026-01-05T17:30:35.188844,ignorado
0,0009662-45.2016.8.16.0021,70,0,2026-01-05T17:30:35.188848,ignorado
0,0026976-11.2015.8.16.0030,70,0,2026-01-05T17:30:35.188851,ignorado
0,0012842-67.2015.8.16.0130,70,0,2026-01-05T17:30:35.188854,ignorado
0,0002374-96.2014.8.16.0124,70,0,2026-01-05T17:30:35.188857,ignorado
0,0000110-58.2016.8.16.0182,70,0,2026-01-05T17:30:35.188860,ignorado
0,0015635-24.2015.8.16.0018,70,0,2026-01-05T17:30:35.188863,ignorado
0,0002366-22.2014.8.16.0124,70,0,2026-01-05T17:30:35.188866,ignorado
0,0008621-13.2016.8.16.0031,70,0,2026-01-05T17:30:35.188869,ignorado
0,0001205-37.2013.8.16.0083,70,0,2026-01-05T17:30:35.188873,ignorado
0,0002052-92.2015.8.16.0172,70,0,2026-01-05T17:30:35.188876,ignorado
0,0069604-63.2015.8.16.0014,70,0,2026-01-05T17:30:35.188879,ignorado
0,0007867-70.2015.8.16.0075,70,0,2026-01-05T17:30:35.188882,ignorado
0,0001231-53.2015.8.16.0119,70,0,2026-01-05T17:30:35.188886,ignorado
0,0000263-76.2016.8.16.0187,70,0,2026-01-05T17:30:35.188889,ignorado
0,0016751-58.2015.8.16.0182,70,0,2026-01-05T17:30:35.188896,ignorado
0,0000568-41.2016.8.16.0064,70,0,2026-01-05T17:30:35.188899,ignorado
0,0000863-08.2015.8.16.0131,70,0,2026-01-05T17:30:35.188902,ignorado
0,N/A,61,0,2026-01-05T17:30:35.190695,ignorado
0,N/A,61,0,2026-01-05T17:30:35.190762,ignorado
0,N/A,61,0,2026-01-05T17:30:35.190771,ignorado
0,N/A,61,0,2026-01-05T17:30:35.190779,ignorado
0,N/A,61,0,2026-01-05T17:30:35.190787,ignorado
0,0001348-80.2016.8.16.0031,71,0,2026-01-05T17:30:35.888067,ignorado
0,0000709-32.2016.8.16.0041,71,0,2026-01-05T17:30:35.888099,ignorado
0,0002613-54.2016.8.16.0052,71,0,2026-01-05T17:30:35.888106,ignorado
0,0018298-95.2015.8.16.0130,71,0,2026-01-05T17:30:35.888111,ignorado
0,0002243-86.2015.8.16.0189,71,0,2026-01-05T17:30:35.888115,ignorado
0,0001053-64.2014.8.16.0079,71,0,2026-01-05T17:30:35.888118,ignorado
0,0045604-62.2016.8.16.0014,71,0,2026-01-05T17:30:35.888123,ignorado
0,0002933-60.2013.8.16.0036,71,0,2026-01-05T17:30:35.888127,ignorado
0,0000784-37.2016.8.16.0117,71,0,2026-01-05T17:30:35.888131,ignorado
0,0006806-96.2016.8.16.0025,71,0,2026-01-05T17:30:35.888135,ignorado
0,0002423-91.2016.8.16.0052,71,0,2026-01-05T17:30:35.888139,ignorado
0,0004577-14.2015.8.16.0086,71,0,2026-01-05T17:30:35.888142,ignorado
0,0038620-62.2016.8.16.0014,71,0,2026-01-05T17:30:35.888145,ignorado
0,0000016-60.2016.8.16.0037,71,0,2026-01-05T17:30:35.888149,ignorado
0,0002612-98.2015.8.16.0183,71,0,2026-01-05T17:30:35.888152,ignorado
0,0005444-07.2015.8.16.0086,71,0,2026-01-05T17:30:35.888156,ignorado
0,0001310-86.2016.8.16.0025,71,0,2026-01-05T17:30:35.888159,ignorado
0,0006102-07.2016.8.16.0018,71,0,2026-01-05T17:30:35.888164,ignorado
0,0000341-93.2015.8.16.0126,71,0,2026-01-05T17:30:35.888168,ignorado
0,0003539-75.2014.8.16.0126,71,0,2026-01-05T17:30:35.888172,ignorado
0,0000305-93.2016.8.16.0036,71,0,2026-01-05T17:30:35.888175,ignorado
0,0003103-67.2013.8.16.0089,71,0,2026-01-05T17:30:35.888178,ignorado
0,0004422-26.2015.8.16.0178,71,0,2026-01-05T17:30:35.888181,ignorado
0,0001095-69.2016.8.16.0071,71,0,2026-01-05T17:30:35.888184,ignorado
0,0008822-44.2016.8.16.0018,71,0,2026-01-05T17:30:35.888187,ignorado
0,0016693-17.2015.8.16.0130,71,0,2026-01-05T17:30:35.888191,ignorado
0,0007549-42.2016.8.16.0014,71,0,2026-01-05T17:30:35.888194,ignorado
0,0001197-41.2013.8.16.0057,71,0,2026-01-05T17:30:35.888197,ignorado
0,0007423-77.2016.8.16.0018,71,0,2026-01-05T17:30:35.888200,ignorado
0,0000265-36.2016.8.16.0158,71,0,2026-01-05T17:30:35.888204,ignorado
0,0007234-60.2016.8.16.0031,71,0,2026-01-05T17:30:35.888207,ignorado
0,0041076-97.2015.8.16.0182,71,0,2026-01-05T17:30:35.888211,ignorado
0,0002867-18.2013.8.16.0089,71,0,2026-01-05T17:30:35.888214,ignorado
0,0002614-39.2016.8.16.0052,71,0,2026-01-05T17:30:35.888217,ignorado
0,0002884-63.2016.8.16.0052,71,0,2026-01-05T17:30:35.888220,ignorado
0,0004173-29.2016.8.16.0182,71,0,2026-01-05T17:30:35.888224,ignorado
0,0004409-55.2014.8.16.0083,71,0,2026-01-05T17:30:35.888227,ignorado
0,0000544-17.2015.8.16.0074,71,0,2026-01-05T17:30:35.888231,ignorado
0,0001652-18.2016.8.16.0019,71,0,2026-01-05T17:30:35.888234,ignorado
0,0015524-40.2015.8.16.0018,71,0,2026-01-05T17:30:35.888237,ignorado
0,0069976-12.2015.8.16.0014,71,0,2026-01-05T17:30:35.888240,ignorado
0,0014874-47.2016.8.16.0021,71,0,2026-01-05T17:30:35.888243,ignorado
0,0002519-47.2015.8.16.0083,71,0,2026-01-05T17:30:35.888247,ignorado
0,0001741-20.2016.8.16.0026,71,0,2026-01-05T17:30:35.888250,ignorado
0,0028141-59.2014.8.16.0182,71,0,2026-01-05T17:30:35.888253,ignorado
0,0007145-73.2016.8.16.0019,71,0,2026-01-05T17:30:35.888256,ignorado
0,0000183-78.2016.8.16.0166,71,0,2026-01-05T17:30:35.888259,ignorado
0,0010197-44.2016.8.16.0030,71,0,2026-01-05T17:30:35.888262,ignorado
0,0003595-30.2015.8.16.0173,71,0,2026-01-05T17:30:35.888265,ignorado
0,0012036-89.2016.8.16.0035,71,0,2026-01-05T17:30:35.888268,ignorado
0,N/A,64,0,2026-01-05T17:30:35.970322,ignorado
0,N/A,64,0,2026-01-05T17:30:35.970365,ignorado
0,N/A,64,0,2026-01-05T17:30:35.970381,ignorado
0,N/A,64,0,2026-01-05T17:30:35.970444,ignorado
0,N/A,64,0,2026-01-05T17:30:35.970463,ignorado
0,N/A,64,0,2026-01-05T17:30:35.970481,ignorado
0,N/A,64,0,2026-01-05T17:30:35.970501,ignorado
0,0019704-58.2016.8.16.0182,72,0,2026-01-05T17:30:36.371014,ignorado
0,0005681-17.2016.8.16.0018,72,0,2026-01-05T17:30:36.371041,ignorado
0,0006009-44.2016.8.16.0018,72,0,2026-01-05T17:30:36.371048,ignorado
0,0010465-70.2015.8.16.0083,72,0,2026-01-05T17:30:36.371053,ignorado
0,0015352-47.2015.8.16.0035,72,0,2026-01-05T17:30:36.371056,ignorado
0,0014112-67.2015.8.16.0182,72,0,2026-01-05T17:30:36.371060,ignorado
0,0000371-17.2016.8.16.0184,72,0,2026-01-05T17:30:36.371063,ignorado
0,0014730-42.2015.8.16.0075,72,0,2026-01-05T17:30:36.371067,ignorado
0,0020319-49.2014.8.16.0075,72,0,2026-01-05T17:30:36.371070,ignorado
0,0003288-44.2015.8.16.0119,72,0,2026-01-05T17:30:36.371073,ignorado
0,0003271-95.2016.8.16.0014,72,0,2026-01-05T17:30:36.371076,ignorado
0,0013987-65.2016.8.16.0182,72,0,2026-01-05T17:30:36.371080,ignorado
0,0011927-67.2004.8.16.0012,72,0,2026-01-05T17:30:36.371083,ignorado
0,0024691-42.2015.8.16.0031,72,0,2026-01-05T17:30:36.371086,ignorado
0,0018024-38.2016.8.16.0182,72,0,2026-01-05T17:30:36.371090,ignorado
0,0006097-34.2006.8.16.0018,72,0,2026-01-05T17:30:36.371093,ignorado
0,0020802-22.2015.8.16.0018,72,0,2026-01-05T17:30:36.371096,ignorado
0,0019993-10.2016.8.16.0014,72,0,2026-01-05T17:30:36.371100,ignorado
0,0030109-94.2015.8.16.0019,72,0,2026-01-05T17:30:36.371103,ignorado
0,0003738-83.2015.8.16.0184,72,0,2026-01-05T17:30:36.371106,ignorado
0,0006545-55.2016.8.16.0018,72,0,2026-01-05T17:30:36.371109,ignorado
0,0004142-92.2015.8.16.0101,72,0,2026-01-05T17:30:36.371113,ignorado
0,0009910-13.2016.8.16.0182,72,0,2026-01-05T17:30:36.371116,ignorado
0,0000712-43.2016.8.16.0184,72,0,2026-01-05T17:30:36.371119,ignorado
0,0000495-92.2014.8.16.0079,72,0,2026-01-05T17:30:36.371122,ignorado
0,0000264-27.2016.8.16.0069,72,0,2026-01-05T17:30:36.371125,ignorado
0,0003028-28.2013.8.16.0089,72,0,2026-01-05T17:30:36.371129,ignorado
0,0002473-20.2016.8.16.0052,72,0,2026-01-05T17:30:36.371132,ignorado
0,0037973-51.2013.8.16.0021,72,0,2026-01-05T17:30:36.371135,ignorado
0,0044503-05.2015.8.16.0182,72,0,2026-01-05T17:30:36.371138,ignorado
0,0014519-29.2015.8.16.0035,72,0,2026-01-05T17:30:36.371141,ignorado
0,0009317-37.2016.8.16.0035,72,0,2026-01-05T17:30:36.371145,ignorado
0,0019777-30.2016.8.16.0182,72,0,2026-01-05T17:30:36.371148,ignorado
0,0014972-34.2016.8.16.0182,72,0,2026-01-05T17:30:36.371151,ignorado
0,0005775-05.2012.8.16.0050,72,0,2026-01-05T17:30:36.371154,ignorado
0,0001898-61.2015.8.16.0047,72,0,2026-01-05T17:30:36.371157,ignorado
0,0005947-94.2015.8.16.0064,72,0,2026-01-05T17:30:36.371160,ignorado
0,0002922-31.2013.8.16.0036,72,0,2026-01-05T17:30:36.371163,ignorado
0,0004573-22.2014.8.16.0050,72,0,2026-01-05T17:30:36.371171,ignorado
0,0001639-28.2014.8.16.0168,72,0,2026-01-05T17:30:36.371174,ignorado
0,0002197-09.2015.8.16.0186,72,0,2026-01-05T17:30:36.371178,ignorado
0,0004831-89.2015.8.16.0052,72,0,2026-01-05T17:30:36.371181,ignorado
0,0001968-54.2016.8.16.9000,72,0,2026-01-05T17:30:36.371184,ignorado
0,0004118-21.2015.8.16.0180,72,0,2026-01-05T17:30:36.371187,ignorado
0,0066982-11.2015.8.16.0014,72,0,2026-01-05T17:30:36.371190,ignorado
0,0002226-59.2015.8.16.0186,72,0,2026-01-05T17:30:36.371194,ignorado
0,0002234-36.2015.8.16.0186,72,0,2026-01-05T17:30:36.371197,ignorado
0,0001247-75.2016.8.16.0182,72,0,2026-01-05T17:30:36.371200,ignorado
0,0005403-32.2016.8.16.0045,72,0,2026-01-05T17:30:36.371203,ignorado
0,N/A,65,0,2026-01-05T17:30:37.114487,ignorado
0,N/A,65,0,2026-01-05T17:30:37.114503,ignorado
0,N/A,65,0,2026-01-05T17:30:37.114509,ignorado
0,N/A,65,0,2026-01-05T17:30:37.114571,ignorado
0,N/A,65,0,2026-01-05T17:30:37.114575,ignorado
0,N/A,65,0,2026-01-05T17:30:37.114585,ignorado
0,N/A,65,0,2026-01-05T17:30:37.114656,ignorado
0,N/A,65,0,2026-01-05T17:30:37.114660,ignorado
0,N/A,65,0,2026-01-05T17:30:37.114686,ignorado
0,N/A,69,0,2026-01-05T17:30:39.422721,ignorado
0,N/A,69,0,2026-01-05T17:30:39.422843,ignorado
0,N/A,69,0,2026-01-05T17:30:39.422847,ignorado
0,0002372-08.2016.8.16.9000,69,0,2026-01-05T17:30:39.422856,ignorado
0,0002390-29.2016.8.16.9000,69,0,2026-01-05T17:30:39.422859,ignorado
0,0002195-44.2016.8.16.9000,69,0,2026-01-05T17:30:39.422866,ignorado
0,0002547-58.2016.8.16.0025,69,0,2026-01-05T17:30:39.422872,ignorado
0,0009855-66.2016.8.16.0019,69,0,2026-01-05T17:30:39.422875,ignorado
0,0005109-40.2016.8.16.0025,69,0,2026-01-05T17:30:39.422878,ignorado
0,0007205-60.2015.8.16.0058,69,0,2026-01-05T17:30:39.422881,ignorado
0,0007612-55.2016.8.16.0018,69,0,2026-01-05T17:30:39.422884,ignorado
0,0000473-42.2016.8.16.0086,73,0,2026-01-05T17:30:39.534726,ignorado
0,0015029-23.2016.8.16.0030,73,0,2026-01-05T17:30:39.534749,ignorado
0,0004058-21.2014.8.16.0168,73,0,2026-01-05T17:30:39.534757,ignorado
0,0000864-16.2016.8.16.0112,73,0,2026-01-05T17:30:39.534803,ignorado
0,0001547-79.2015.8.16.0050,73,0,2026-01-05T17:30:39.534807,ignorado
0,0001918-14.2014.8.16.0168,73,0,2026-01-05T17:30:39.534811,ignorado
0,0033524-79.2015.8.16.0021,73,0,2026-01-05T17:30:39.534841,ignorado
0,0000885-07.2015.8.16.0086,73,0,2026-01-05T17:30:39.534845,ignorado
0,0000939-69.2016.8.16.0075,73,0,2026-01-05T17:30:39.534849,ignorado
0,0006085-61.2016.8.16.0182,73,0,2026-01-05T17:30:39.534853,ignorado
0,0001224-89.2015.8.16.0142,73,0,2026-01-05T17:30:39.534856,ignorado
0,0000683-56.2015.8.16.0142,73,0,2026-01-05T17:30:39.534859,ignorado
0,0018056-39.2015.8.16.0130,73,0,2026-01-05T17:30:39.534862,ignorado
0,0002289-22.2014.8.16.0121,73,0,2026-01-05T17:30:39.534864,ignorado
0,0000039-32.2016.8.16.0093,73,0,2026-01-05T17:30:39.534868,ignorado
0,0001039-77.2016.8.16.0025,73,0,2026-01-05T17:30:39.534870,ignorado
0,0012684-57.2015.8.16.0018,73,0,2026-01-05T17:30:39.534873,ignorado
0,0016081-61.2014.8.16.0018,73,0,2026-01-05T17:30:39.534876,ignorado
0,0004098-29.2015.8.16.0148,73,0,2026-01-05T17:30:39.534879,ignorado
0,0007129-16.2016.8.16.0021,73,0,2026-01-05T17:30:39.534882,ignorado
0,0013118-69.2015.8.16.0075,73,0,2026-01-05T17:30:39.534885,ignorado
0,0013737-66.2015.8.16.0182,73,0,2026-01-05T17:30:39.534888,ignorado
0,0000160-60.2016.8.16.0093,73,0,2026-01-05T17:30:39.534891,ignorado
0,0000467-14.2016.8.16.0093,73,0,2026-01-05T17:30:39.534894,ignorado
0,0000557-56.2015.8.16.0093,73,0,2026-01-05T17:30:39.534897,ignorado
0,0000248-98.2016.8.16.0093,73,0,2026-01-05T17:30:39.534900,ignorado
0,0000849-41.2015.8.16.0093,73,0,2026-01-05T17:30:39.534905,ignorado
0,0042849-78.2015.8.16.0021,73,0,2026-01-05T17:30:39.534908,ignorado
0,0006570-12.2016.8.16.0069,73,0,2026-01-05T17:30:39.534911,ignorado
0,0019669-42.2015.8.16.0018,73,0,2026-01-05T17:30:39.534914,ignorado
0,0000854-63.2015.8.16.0093,73,0,2026-01-05T17:30:39.534917,ignorado
0,0002105-82.2015.8.16.0169,73,0,2026-01-05T17:30:39.534920,ignorado
0,0000985-79.2015.8.16.0144,73,0,2026-01-05T17:30:39.534924,ignorado
0,0045566-84.2015.8.16.0014,73,0,2026-01-05T17:30:39.534928,ignorado
0,0013701-83.2015.8.16.0130,73,0,2026-01-05T17:30:39.534932,ignorado
0,0009076-66.2016.8.16.0034,78,0,2026-01-05T17:30:39.793618,ignorado
0,0001634-75.2016.8.16.0090,78,0,2026-01-05T17:30:39.793640,ignorado
0,0000423-05.2016.8.16.0025,78,0,2026-01-05T17:30:39.793648,ignorado
0,0002126-09.2016.8.16.0174,78,0,2026-01-05T17:30:39.793653,ignorado
0,0004290-20.2016.8.16.0182,78,0,2026-01-05T17:30:39.793657,ignorado
0,0019043-77.2016.8.16.0021,78,0,2026-01-05T17:30:39.793660,ignorado
0,0005599-62.2016.8.16.0025,78,0,2026-01-05T17:30:39.793663,ignorado
0,0001520-44.2016.8.16.0056,78,0,2026-01-05T17:30:39.793666,ignorado
0,0000863-23.2015.8.16.0029,78,0,2026-01-05T17:30:39.793669,ignorado
0,0029067-06.2015.8.16.0182,78,0,2026-01-05T17:30:39.793671,ignorado
0,0003872-47.2014.8.16.0184,78,0,2026-01-05T17:30:39.793674,ignorado
0,0018261-09.2015.8.16.0182,78,0,2026-01-05T17:30:39.793677,ignorado
0,0009271-63.2016.8.16.0030,78,0,2026-01-05T17:30:39.793680,ignorado
0,0010551-94.2015.8.16.0130,78,0,2026-01-05T17:30:39.793683,ignorado
0,0015097-21.2016.8.16.0014,78,0,2026-01-05T17:30:39.793686,ignorado
0,0020900-19.2015.8.16.0014,78,0,2026-01-05T17:30:39.793689,ignorado
0,0039251-21.2015.8.16.0182,78,0,2026-01-05T17:30:39.793692,ignorado
0,0002686-24.2016.8.16.0182,78,0,2026-01-05T17:30:39.793695,ignorado
0,0002044-53.2016.8.16.0052,78,0,2026-01-05T17:30:39.793698,ignorado
0,0004869-16.2016.8.16.0069,78,0,2026-01-05T17:30:39.793701,ignorado
0,0002002-04.2016.8.16.0052,78,0,2026-01-05T17:30:39.793704,ignorado
0,0003577-47.2016.8.16.0052,78,0,2026-01-05T17:30:39.793706,ignorado
0,0008235-22.2016.8.16.0018,78,0,2026-01-05T17:30:39.793709,ignorado
0,0071474-46.2015.8.16.0014,78,0,2026-01-05T17:30:39.793712,ignorado
0,0001408-97.2016.8.16.0178,78,0,2026-01-05T17:30:39.793715,ignorado
0,0006856-42.2013.8.16.0021,78,0,2026-01-05T17:30:39.793718,ignorado
0,0010213-51.2015.8.16.0056,78,0,2026-01-05T17:30:39.793720,ignorado
0,0004346-07.2015.8.16.0047,78,0,2026-01-05T17:30:39.793723,ignorado
0,0032912-31.2016.8.16.0014,78,0,2026-01-05T17:30:39.793726,ignorado
0,0039340-29.2016.8.16.0014,78,0,2026-01-05T17:30:39.793729,ignorado
0,0011983-11.2016.8.16.0035,78,0,2026-01-05T17:30:39.793732,ignorado
0,0003148-78.2016.8.16.0182,78,0,2026-01-05T17:30:39.793735,ignorado
0,0006445-20.2015.8.16.0056,78,0,2026-01-05T17:30:39.793738,ignorado
0,0018012-24.2016.8.16.0182,78,0,2026-01-05T17:30:39.793741,ignorado
0,0014427-95.2015.8.16.0182,78,0,2026-01-05T17:30:39.793744,ignorado
0,0000668-60.2015.8.16.0054,78,0,2026-01-05T17:30:39.793747,ignorado
0,0001534-49.2016.8.16.0146,78,0,2026-01-05T17:30:39.793750,ignorado
0,0003649-62.2016.8.16.0075,78,0,2026-01-05T17:30:39.793753,ignorado
0,0002183-05.2016.8.16.0052,78,0,2026-01-05T17:30:39.793756,ignorado
0,0000320-29.2016.8.16.0144,78,0,2026-01-05T17:30:39.793759,ignorado
0,0008210-03.2014.8.16.0075,78,0,2026-01-05T17:30:39.793762,ignorado
0,0004972-35.2015.8.16.0044,78,0,2026-01-05T17:30:39.793765,ignorado
0,0010836-35.2015.8.16.0018,78,0,2026-01-05T17:30:39.793768,ignorado
0,0005953-11.2016.8.16.0018,78,0,2026-01-05T17:30:39.793771,ignorado
0,0004266-57.2016.8.16.0031,78,0,2026-01-05T17:30:39.793774,ignorado
0,0012040-70.2014.8.16.0044,78,0,2026-01-05T17:30:39.793777,ignorado
0,0041543-74.2015.8.16.0021,78,0,2026-01-05T17:30:39.793780,ignorado
0,0008629-82.2015.8.16.0044,78,0,2026-01-05T17:30:39.793783,ignorado
0,0030171-33.2015.8.16.0182,78,0,2026-01-05T17:30:39.793786,ignorado
0,0068436-26.2015.8.16.0014,78,0,2026-01-05T17:30:39.793789,ignorado
0,0028398-35.2016.8.16.0014,77,0,2026-01-05T17:30:40.006684,ignorado
0,0024000-26.2016.8.16.0182,77,0,2026-01-05T17:30:40.006708,ignorado
0,0001762-40.2016.8.16.9000,77,0,2026-01-05T17:30:40.006714,ignorado
0,0041037-66.2016.8.16.0182,77,0,2026-01-05T17:30:40.006719,ignorado
0,0000169-24.2015.8.16.0039,77,0,2026-01-05T17:30:40.006723,ignorado
0,0002148-70.2016.8.16.9000,77,0,2026-01-05T17:30:40.006726,ignorado
0,0004870-12.2014.8.16.0088,77,0,2026-01-05T17:30:40.006730,ignorado
0,0035833-41.2016.8.16.0182,77,0,2026-01-05T17:30:40.006733,ignorado
0,0034519-60.2016.8.16.0182,77,0,2026-01-05T17:30:40.006736,ignorado
0,0002076-83.2016.8.16.9000,77,0,2026-01-05T17:30:40.006739,ignorado
0,0005106-63.2016.8.16.0097,77,0,2026-01-05T17:30:40.006742,ignorado
0,0007567-63.2016.8.16.0014,77,0,2026-01-05T17:30:40.006745,ignorado
0,0032284-23.2016.8.16.0182,77,0,2026-01-05T17:30:40.006748,ignorado
0,0035879-30.2016.8.16.0182,77,0,2026-01-05T17:30:40.006751,ignorado
0,0002625-74.2013.8.16.0084,77,0,2026-01-05T17:30:40.006754,ignorado
0,0016681-07.2016.8.16.0182,77,0,2026-01-05T17:30:40.006757,ignorado
0,0065975-81.2015.8.16.0014,77,0,2026-01-05T17:30:40.006761,ignorado
0,0001278-17.2014.8.16.0166,77,0,2026-01-05T17:30:40.006764,ignorado
0,0001244-32.2015.8.16.0061,77,0,2026-01-05T17:30:40.006767,ignorado
0,0031420-82.2016.8.16.0182,77,0,2026-01-05T17:30:40.006770,ignorado
0,0001117-94.2016.8.16.0179,77,0,2026-01-05T17:30:40.006773,ignorado
0,0022563-47.2016.8.16.0182,77,0,2026-01-05T17:30:40.006776,ignorado
0,0002494-71.2012.8.16.0137,77,0,2026-01-05T17:30:40.006780,ignorado
0,0014650-45.2013.8.16.0044,77,0,2026-01-05T17:30:40.006782,ignorado
0,0005378-95.2015.8.16.0128,77,0,2026-01-05T17:30:40.006785,ignorado
0,0005929-71.2014.8.16.0173,77,0,2026-01-05T17:30:40.006788,ignorado
0,0025226-07.2015.8.16.0019,77,0,2026-01-05T17:30:40.006791,ignorado
0,0024470-95.2015.8.16.0019,77,0,2026-01-05T17:30:40.006794,ignorado
0,0001367-86.2016.8.16.0128,77,0,2026-01-05T17:30:40.006797,ignorado
0,0003521-33.2014.8.16.0036,77,0,2026-01-05T17:30:40.006800,ignorado
0,0025623-96.2016.8.16.0030,77,0,2026-01-05T17:30:40.006803,ignorado
0,0029629-97.2016.8.16.0014,77,0,2026-01-05T17:30:40.006806,ignorado
0,0006541-30.2015.8.16.0090,77,0,2026-01-05T17:30:40.006809,ignorado
0,0012000-35.2015.8.16.0018,77,0,2026-01-05T17:30:40.006812,ignorado
0,0034187-49.2015.8.16.0014,77,0,2026-01-05T17:30:40.006816,ignorado
0,0002659-71.2016.8.16.0075,77,0,2026-01-05T17:30:40.006849,ignorado
0,0028384-51.2016.8.16.0014,77,0,2026-01-05T17:30:40.006852,ignorado
0,0009957-06.2016.8.16.0014,77,0,2026-01-05T17:30:40.006855,ignorado
0,0004566-82.2015.8.16.0086,77,0,2026-01-05T17:30:40.006858,ignorado
0,0003686-66.2016.8.16.0018,77,0,2026-01-05T17:30:40.006861,ignorado
0,0006383-72.2016.8.16.0014,77,0,2026-01-05T17:30:40.006864,ignorado
0,0002204-34.2015.8.16.0175,74,0,2026-01-05T17:30:40.555858,ignorado
0,0003846-42.2015.8.16.0175,74,0,2026-01-05T17:30:40.555881,ignorado
0,0001383-30.2015.8.16.0175,74,0,2026-01-05T17:30:40.555891,ignorado
0,0002329-02.2015.8.16.0175,74,0,2026-01-05T17:30:40.555895,ignorado
0,0001801-65.2015.8.16.0175,74,0,2026-01-05T17:30:40.555899,ignorado
0,0009458-73.2015.8.16.0170,74,0,2026-01-05T17:30:40.555903,ignorado
0,0004382-37.2015.8.16.0148,74,0,2026-01-05T17:30:40.555906,ignorado
0,0003397-36.2016.8.16.0018,74,0,2026-01-05T17:30:40.555910,ignorado
0,0023698-31.2015.8.16.0182,74,0,2026-01-05T17:30:40.555913,ignorado
0,0003136-66.2016.8.16.0052,74,0,2026-01-05T17:30:40.555916,ignorado
0,0002301-26.2015.8.16.0113,74,0,2026-01-05T17:30:40.555920,ignorado
0,0010060-98.2016.8.16.0018,74,0,2026-01-05T17:30:40.555923,ignorado
0,0034250-74.2015.8.16.0014,74,0,2026-01-05T17:30:40.555980,ignorado
0,0026636-96.2015.8.16.0182,74,0,2026-01-05T17:30:40.555984,ignorado
0,0021810-80.2015.8.16.0035,74,0,2026-01-05T17:30:40.555987,ignorado
0,0002200-56.2014.8.16.0102,74,0,2026-01-05T17:30:40.555990,ignorado
0,0003779-41.2015.8.16.0090,74,0,2026-01-05T17:30:40.555994,ignorado
0,0074193-98.2015.8.16.0014,74,0,2026-01-05T17:30:40.555997,ignorado
0,0004096-65.2015.8.16.0146,74,0,2026-01-05T17:30:40.556000,ignorado
0,0064682-76.2015.8.16.0014,74,0,2026-01-05T17:30:40.556003,ignorado
0,0015233-56.2015.8.16.0045,74,0,2026-01-05T17:30:40.556007,ignorado
0,0032201-41.2015.8.16.0182,74,0,2026-01-05T17:30:40.556010,ignorado
0,0000677-49.2015.8.16.0142,74,0,2026-01-05T17:30:40.556013,ignorado
0,0006332-10.2016.8.16.0031,74,0,2026-01-05T17:30:40.556017,ignorado
0,0010733-79.2015.8.16.0098,74,0,2026-01-05T17:30:40.556020,ignorado
0,0002798-92.2016.8.16.0052,74,0,2026-01-05T17:30:40.556024,ignorado
0,0002759-95.2016.8.16.0052,74,0,2026-01-05T17:30:40.556027,ignorado
0,0002519-78.2015.8.16.0105,74,0,2026-01-05T17:30:40.556030,ignorado
0,0003899-72.2016.8.16.0018,74,0,2026-01-05T17:30:40.556033,ignorado
0,N/A,66,0,2026-01-05T17:30:41.812741,ignorado
0,N/A,66,0,2026-01-05T17:30:41.812758,ignorado
0,N/A,66,0,2026-01-05T17:30:41.812821,ignorado
0,N/A,66,0,2026-01-05T17:30:41.812838,ignorado
0,N/A,66,0,2026-01-05T17:30:41.812878,ignorado
0,N/A,66,0,2026-01-05T17:30:41.812883,ignorado
0,N/A,66,0,2026-01-05T17:30:41.812919,ignorado
0,N/A,66,0,2026-01-05T17:30:41.812925,ignorado
0,0004417-55.2016.8.16.0182,79,0,2026-01-05T17:30:42.219561,ignorado
0,0043750-48.2015.8.16.0182,79,0,2026-01-05T17:30:42.219584,ignorado
0,0000833-06.2016.8.16.0044,79,0,2026-01-05T17:30:42.219592,ignorado
0,0001807-43.2016.8.16.0044,79,0,2026-01-05T17:30:42.219596,ignorado
0,0018549-61.2015.8.16.0018,79,0,2026-01-05T17:30:42.219600,ignorado
0,0004482-69.2015.8.16.0187,79,0,2026-01-05T17:30:42.219603,ignorado
0,0020578-42.2015.8.16.0129,79,0,2026-01-05T17:30:42.219607,ignorado
0,0001435-53.2016.8.16.0090,79,0,2026-01-05T17:30:42.219610,ignorado
0,0036983-91.2015.8.16.0182,79,0,2026-01-05T17:30:42.219614,ignorado
0,0004110-11.2016.8.16.0018,79,0,2026-01-05T17:30:42.219617,ignorado
0,0019561-13.2015.8.16.0018,79,0,2026-01-05T17:30:42.219620,ignorado
0,0002403-03.2016.8.16.0052,79,0,2026-01-05T17:30:42.219623,ignorado
0,0007027-15.2015.8.16.0090,79,0,2026-01-05T17:30:42.219627,ignorado
0,0028713-82.2015.8.16.0019,79,0,2026-01-05T17:30:42.219630,ignorado
0,0003607-21.2014.8.16.0095,79,0,2026-01-05T17:30:42.219634,ignorado
0,0001945-27.2016.8.16.0103,79,0,2026-01-05T17:30:42.219637,ignorado
0,0005978-85.2016.8.16.0030,79,0,2026-01-05T17:30:42.219640,ignorado
0,0003110-68.2016.8.16.0052,79,0,2026-01-05T17:30:42.219644,ignorado
0,0008161-36.2014.8.16.0018,79,0,2026-01-05T17:30:42.219647,ignorado
0,0000071-14.2016.8.16.0036,79,0,2026-01-05T17:30:42.219650,ignorado
0,0012244-13.2015.8.16.0034,79,0,2026-01-05T17:30:42.219654,ignorado
0,0003234-51.2016.8.16.0052,79,0,2026-01-05T17:30:42.219658,ignorado
0,0007827-43.2015.8.16.0090,79,0,2026-01-05T17:30:42.219661,ignorado
0,0014317-25.2015.8.16.0044,79,0,2026-01-05T17:30:42.219664,ignorado
0,0001711-85.2016.8.16.0025,79,0,2026-01-05T17:30:42.219668,ignorado
0,0005162-54.2015.8.16.0187,79,0,2026-01-05T17:30:42.219671,ignorado
0,0001976-23.2016.8.16.0014,79,0,2026-01-05T17:30:42.219674,ignorado
0,0001977-73.2015.8.16.0036,79,0,2026-01-05T17:30:42.219678,ignorado
0,0005349-61.2014.8.16.0037,79,0,2026-01-05T17:30:42.219681,ignorado
0,0016011-66.2016.8.16.0182,79,0,2026-01-05T17:30:42.219685,ignorado
0,0001115-45.2016.8.16.9000,79,0,2026-01-05T17:30:42.219688,ignorado
0,0012260-71.2016.8.16.0182,79,0,2026-01-05T17:30:42.219691,ignorado
0,0002692-50.2016.8.16.0014,79,0,2026-01-05T17:30:42.219694,ignorado
0,0023479-83.2015.8.16.0031,79,0,2026-01-05T17:30:42.219698,ignorado
0,0000321-25.2016.8.16.0108,79,0,2026-01-05T17:30:42.219702,ignorado
0,0001875-11.2016.8.16.0038,79,0,2026-01-05T17:30:42.219705,ignorado
0,0000275-34.2016.8.16.0141,79,0,2026-01-05T17:30:42.219709,ignorado
0,0001061-59.2015.8.16.0094,79,0,2026-01-05T17:30:42.219712,ignorado
0,0013619-97.2015.8.16.0018,79,0,2026-01-05T17:30:42.219716,ignorado
0,0033741-25.2015.8.16.0021,79,0,2026-01-05T17:30:42.219719,ignorado
0,0014784-41.2016.8.16.0182,79,0,2026-01-05T17:30:42.219723,ignorado
0,0005473-24.2016.8.16.0021,79,0,2026-01-05T17:30:42.219727,ignorado
0,0009305-35.2016.8.16.0031,79,0,2026-01-05T17:30:42.219730,ignorado
0,0021645-67.2013.8.16.0014,79,0,2026-01-05T17:30:42.219734,ignorado
0,0001552-86.2016.8.16.9000,79,0,2026-01-05T17:30:42.219737,ignorado
0,N/A,79,0,2026-01-05T17:30:42.219740,ignorado
0,N/A,79,0,2026-01-05T17:30:42.219748,ignorado
0,N/A,79,0,2026-01-05T17:30:42.219754,ignorado
0,N/A,79,0,2026-01-05T17:30:42.219760,ignorado
0,N/A,79,0,2026-01-05T17:30:42.219765,ignorado
0,N/A,68,0,2026-01-05T17:30:42.324142,ignorado
0,N/A,68,0,2026-01-05T17:30:42.324181,ignorado
0,N/A,68,0,2026-01-05T17:30:42.324186,ignorado
0,N/A,68,0,2026-01-05T17:30:42.324191,ignorado
0,N/A,68,0,2026-01-05T17:30:42.324197,ignorado
0,N/A,68,0,2026-01-05T17:30:42.324202,ignorado
0,N/A,68,0,2026-01-05T17:30:42.324208,ignorado
0,N/A,68,0,2026-01-05T17:30:42.324213,ignorado
0,N/A,68,0,2026-01-05T17:30:42.324217,ignorado
0,N/A,68,0,2026-01-05T17:30:42.324221,ignorado
0,N/A,68,0,2026-01-05T17:30:42.324226,ignorado
0,N/A,68,0,2026-01-05T17:30:42.324231,ignorado
0,N/A,68,0,2026-01-05T17:30:42.324236,ignorado
0,N/A,68,0,2026-01-05T17:30:42.324240,ignorado
0,N/A,68,0,2026-01-05T17:30:42.324244,ignorado
0,N/A,68,0,2026-01-05T17:30:42.324248,ignorado
0,N/A,68,0,2026-01-05T17:30:42.324253,ignorado
0,N/A,68,0,2026-01-05T17:30:42.324258,ignorado
0,N/A,68,0,2026-01-05T17:30:42.324262,ignorado
0,0003740-44.2016.8.16.0014,75,0,2026-01-05T17:30:43.373251,ignorado
0,0001137-98.2016.8.16.0110,75,0,2026-01-05T17:30:43.373255,ignorado
0,0000404-06.2016.8.16.0152,75,0,2026-01-05T17:30:43.373259,ignorado
0,0023182-93.2016.8.16.0014,75,0,2026-01-05T17:30:43.373262,ignorado
0,0001699-48.2015.8.16.0141,75,0,2026-01-05T17:30:43.373265,ignorado
0,0002170-67.2016.8.16.0064,75,0,2026-01-05T17:30:43.373268,ignorado
0,0001959-23.2015.8.16.0175,75,0,2026-01-05T17:30:43.373272,ignorado
0,0003833-69.2013.8.16.0092,75,0,2026-01-05T17:30:43.373275,ignorado
0,0000637-20.2015.8.16.0093,75,0,2026-01-05T17:30:43.373278,ignorado
0,0000148-46.2016.8.16.0093,75,0,2026-01-05T17:30:43.373281,ignorado
0,0000093-95.2016.8.16.0093,75,0,2026-01-05T17:30:43.373285,ignorado
0,0031098-03.2015.8.16.0019,75,0,2026-01-05T17:30:43.373288,ignorado
0,0005609-47.2015.8.16.0056,75,0,2026-01-05T17:30:43.373291,ignorado
0,0018727-29.2015.8.16.0044,75,0,2026-01-05T17:30:43.373294,ignorado
0,0015569-03.2016.8.16.0182,75,0,2026-01-05T17:30:43.373297,ignorado
0,0004568-89.2016.8.16.0030,75,0,2026-01-05T17:30:43.373301,ignorado
0,0044357-80.2015.8.16.0014,75,0,2026-01-05T17:30:43.373304,ignorado
0,0053812-69.2015.8.16.0014,75,0,2026-01-05T17:30:43.373307,ignorado
0,0049771-59.2015.8.16.0014,75,0,2026-01-05T17:30:43.373310,ignorado
0,0048816-28.2015.8.16.0014,75,0,2026-01-05T17:30:43.373312,ignorado
0,0024212-03.2015.8.16.0014,75,0,2026-01-05T17:30:43.373316,ignorado
0,0002047-04.2016.8.16.0021,75,0,2026-01-05T17:30:43.373319,ignorado
0,0009008-63.2015.8.16.0160,75,0,2026-01-05T17:30:43.373322,ignorado
0,0011032-61.2016.8.16.0182,75,0,2026-01-05T17:30:43.373326,ignorado
0,0003664-60.2016.8.16.0033,75,0,2026-01-05T17:30:43.373329,ignorado
0,0022435-61.2015.8.16.0182,75,0,2026-01-05T17:30:43.373332,ignorado
0,N/A,80,0,2026-01-05T17:30:44.085220,ignorado
0,N/A,80,0,2026-01-05T17:30:44.085252,ignorado
0,N/A,80,0,2026-01-05T17:30:44.085262,ignorado
0,N/A,80,0,2026-01-05T17:30:44.085270,ignorado
0,N/A,80,0,2026-01-05T17:30:44.085277,ignorado
0,N/A,80,0,2026-01-05T17:30:44.085284,ignorado
0,N/A,80,0,2026-01-05T17:30:44.085291,ignorado
0,N/A,80,0,2026-01-05T17:30:44.085298,ignorado
0,N/A,80,0,2026-01-05T17:30:44.085306,ignorado
0,N/A,80,0,2026-01-05T17:30:44.085312,ignorado
0,N/A,80,0,2026-01-05T17:30:44.085319,ignorado
0,N/A,80,0,2026-01-05T17:30:44.085326,ignorado
0,N/A,80,0,2026-01-05T17:30:44.085333,ignorado
0,N/A,80,0,2026-01-05T17:30:44.085339,ignorado
0,N/A,80,0,2026-01-05T17:30:44.085346,ignorado
0,N/A,80,0,2026-01-05T17:30:44.085352,ignorado
0,N/A,80,0,2026-01-05T17:30:44.085358,ignorado
0,N/A,80,0,2026-01-05T17:30:44.085364,ignorado
0,N/A,80,0,2026-01-05T17:30:44.085372,ignorado
0,N/A,80,0,2026-01-05T17:30:44.085379,ignorado
0,N/A,80,0,2026-01-05T17:30:44.085385,ignorado
0,N/A,80,0,2026-01-05T17:30:44.085391,ignorado
0,N/A,80,0,2026-01-05T17:30:44.085398,ignorado
0,N/A,80,0,2026-01-05T17:30:44.085404,ignorado
0,N/A,80,0,2026-01-05T17:30:44.085411,ignorado
0,N/A,80,0,2026-01-05T17:30:44.085417,ignorado
0,N/A,80,0,2026-01-05T17:30:44.085425,ignorado
0,N/A,80,0,2026-01-05T17:30:44.085432,ignorado
0,N/A,80,0,2026-01-05T17:30:44.085439,ignorado
0,N/A,80,0,2026-01-05T17:30:44.085445,ignorado
0,N/A,80,0,2026-01-05T17:30:44.085452,ignorado
0,N/A,80,0,2026-01-05T17:30:44.085459,ignorado
0,N/A,80,0,2026-01-05T17:30:44.085466,ignorado
0,N/A,80,0,2026-01-05T17:30:44.085473,ignorado
0,N/A,80,0,2026-01-05T17:30:44.085479,ignorado
0,N/A,80,0,2026-01-05T17:30:44.085486,ignorado
0,N/A,80,0,2026-01-05T17:30:44.085493,ignorado
0,N/A,80,0,2026-01-05T17:30:44.085499,ignorado
0,N/A,80,0,2026-01-05T17:30:44.085506,ignorado
0,N/A,80,0,2026-01-05T17:30:44.085512,ignorado
0,N/A,80,0,2026-01-05T17:30:44.085519,ignorado
0,N/A,80,0,2026-01-05T17:30:44.085526,ignorado
0,N/A,80,0,2026-01-05T17:30:44.085533,ignorado
0,N/A,80,0,2026-01-05T17:30:44.085539,ignorado
0,N/A,80,0,2026-01-05T17:30:44.085546,ignorado
0,0000664-76.2014.8.16.0080,76,0,2026-01-05T17:30:44.295355,ignorado
0,0004702-55.2016.8.16.0018,76,0,2026-01-05T17:30:44.295394,ignorado
0,0063130-76.2015.8.16.0014,76,0,2026-01-05T17:30:44.295402,ignorado
0,0002168-36.2016.8.16.0052,76,0,2026-01-05T17:30:44.295407,ignorado
0,0000092-43.2016.8.16.0180,76,0,2026-01-05T17:30:44.295411,ignorado
0,0063637-37.2015.8.16.0014,76,0,2026-01-05T17:30:44.295415,ignorado
0,0004174-36.2015.8.16.0089,76,0,2026-01-05T17:30:44.295419,ignorado
0,0000237-54.2016.8.16.0098,76,0,2026-01-05T17:30:44.295423,ignorado
0,0027435-42.2015.8.16.0182,76,0,2026-01-05T17:30:44.295427,ignorado
0,0037124-81.2015.8.16.0030,76,0,2026-01-05T17:30:44.295432,ignorado
0,0002497-48.2016.8.16.0052,76,0,2026-01-05T17:30:44.295436,ignorado
0,0002902-46.2016.8.16.0097,76,0,2026-01-05T17:30:44.295440,ignorado
0,0012662-62.2016.8.16.0018,76,0,2026-01-05T17:30:44.295444,ignorado
0,0002029-12.2016.8.16.9000,76,0,2026-01-05T17:30:44.295448,ignorado
0,0013415-19.2016.8.16.0018,76,0,2026-01-05T17:30:44.295452,ignorado
0,0014297-78.2016.8.16.0018,76,0,2026-01-05T17:30:44.295456,ignorado
0,0014256-14.2016.8.16.0018,76,0,2026-01-05T17:30:44.295461,ignorado
0,0013759-80.2015.8.16.0035,76,0,2026-01-05T17:30:44.295465,ignorado
0,0003840-11.2015.8.16.0086,76,0,2026-01-05T17:30:44.295514,ignorado
0,0001519-91.2015.8.16.0186,76,0,2026-01-05T17:30:44.295518,ignorado
0,0002603-35.2016.8.16.9000,76,0,2026-01-05T17:30:44.295598,ignorado
0,0029631-67.2016.8.16.0014,76,0,2026-01-05T17:30:44.295601,ignorado
449001,1555290-0,33,2,2026-01-05T17:30:44.439460,ok
449002,1548620-7,33,2,2026-01-05T17:30:44.439460,ok
449003,1554405-7,33,2,2026-01-05T17:30:44.439460,ok
449004,1335299-3,33,2,2026-01-05T17:30:44.439460,ok
449005,1587941-9,33,2,2026-01-05T17:30:44.439460,ok
449006,1584350-6,33,2,2026-01-05T17:30:44.439460,ok
449007,1504603-8,33,2,2026-01-05T17:30:44.439460,ok
449008,1607867-6,33,2,2026-01-05T17:30:44.439460,ok
449009,1614234-8,33,2,2026-01-05T17:30:44.439460,ok
449010,1587506-0,33,2,2026-01-05T17:30:44.439460,ok
449011,1622706-4,33,2,2026-01-05T17:30:44.439460,ok
449012,1602217-6,33,2,2026-01-05T17:30:44.439460,ok
449013,1614255-7,33,2,2026-01-05T17:30:44.439460,ok
449014,1536154-7,33,2,2026-01-05T17:30:44.439460,ok
449015,1548762-0,33,2,2026-01-05T17:30:44.439460,ok
449016,1613818-0,33,2,2026-01-05T17:30:44.439460,ok
449017,1613146-9,33,2,2026-01-05T17:30:44.439460,ok
449018,1387469-8,33,2,2026-01-05T17:30:44.439460,ok
449019,1613624-8,33,2,2026-01-05T17:30:44.439460,ok
449020,1620861-2,33,2,2026-01-05T17:30:44.439460,ok
449021,1619510-3,33,2,2026-01-05T17:30:44.439460,ok
449022,1619236-2,33,2,2026-01-05T17:30:44.439460,ok
449023,1618380-1,33,2,2026-01-05T17:30:44.439460,ok
449024,1293767-4,33,2,2026-01-05T17:30:44.439460,ok
449025,1616721-4,33,2,2026-01-05T17:30:44.439460,ok
449026,1607388-0,35,2,2026-01-05T17:30:44.439460,ok
449027,1266919-1,35,2,2026-01-05T17:30:44.439460,ok
449028,5001061-28.2016.8.16.0000,35,2,2026-01-05T17:30:44.439460,ok
449029,1623451-8,35,2,2026-01-05T17:30:44.439460,ok
449030,5000991-11.2016.8.16.0000,35,2,2026-01-05T17:30:44.439460,ok
449031,1616331-0,35,2,2026-01-05T17:30:44.439460,ok
449032,1551909-8,35,2,2026-01-05T17:30:44.439460,ok
449033,1623265-2,35,2,2026-01-05T17:30:44.439460,ok
449034,1615109-4,35,2,2026-01-05T17:30:44.439460,ok
449035,5001461-42.2016.8.16.0000,35,2,2026-01-05T17:30:44.439460,ok
449036,1613198-3,35,2,2026-01-05T17:30:44.439460,ok
449037,1610545-0,35,2,2026-01-05T17:30:44.439460,ok
449038,1614790-1,35,2,2026-01-05T17:30:44.439460,ok
449039,1617343-4,35,2,2026-01-05T17:30:44.439460,ok
449040,1614651-9,35,2,2026-01-05T17:30:44.439460,ok
449041,1603539-1,35,2,2026-01-05T17:30:44.439460,ok
449042,1591525-4,35,2,2026-01-05T17:30:44.439460,ok
449043,1606024-7,35,2,2026-01-05T17:30:44.439460,ok
449044,1604931-9,35,2,2026-01-05T17:30:44.439460,ok
449045,1607447-4,35,2,2026-01-05T17:30:44.439460,ok
449046,1607789-7,35,2,2026-01-05T17:30:44.439460,ok
449047,1611267-5,35,2,2026-01-05T17:30:44.439460,ok
449048,1610684-2,35,2,2026-01-05T17:30:44.439460,ok
449049,1611676-4,35,2,2026-01-05T17:30:44.439460,ok
449050,1612973-2,35,2,2026-01-05T17:30:44.439460,ok
449051,1614277-3,35,2,2026-01-05T17:30:44.439460,ok
449052,1614195-6,35,2,2026-01-05T17:30:44.439460,ok
449053,1613173-6,35,2,2026-01-05T17:30:44.439460,ok
449054,1610277-7,35,2,2026-01-05T17:30:44.439460,ok
449055,1612904-7,35,2,2026-01-05T17:30:44.439460,ok
449056,1605447-6,35,2,2026-01-05T17:30:44.439460,ok
449057,1605916-6,35,2,2026-01-05T17:30:44.439460,ok
449058,1611325-2,35,2,2026-01-05T17:30:44.439460,ok
449059,1613111-6,35,2,2026-01-05T17:30:44.439460,ok
449060,1612090-8,35,2,2026-01-05T17:30:44.439460,ok
449061,1612993-4,35,2,2026-01-05T17:30:44.439460,ok
449062,1602090-5,35,2,2026-01-05T17:30:44.439460,ok
449063,1506050-5,35,2,2026-01-05T17:30:44.439460,ok
449064,1612860-0,35,2,2026-01-05T17:30:44.439460,ok
449065,1499935-0,35,2,2026-01-05T17:30:44.439460,ok
449066,1489708-0,35,2,2026-01-05T17:30:44.439460,ok
449067,1586474-9,35,2,2026-01-05T17:30:44.439460,ok
449068,1567796-8,35,2,2026-01-05T17:30:44.439460,ok
449069,1553233-7,35,2,2026-01-05T17:30:44.439460,ok
449070,1593522-1,35,2,2026-01-05T17:30:44.439460,ok
449071,1607083-0,35,2,2026-01-05T17:30:44.439460,ok
449072,1614047-5,35,2,2026-01-05T17:30:44.439460,ok
449073,1580860-1,35,2,2026-01-05T17:30:44.439460,ok
449074,1617223-7,34,2,2026-01-05T17:30:44.439460,ok
449075,1616408-6,34,2,2026-01-05T17:30:44.439460,ok
449076,1602770-8,34,2,2026-01-05T17:30:44.439460,ok
449077,1617878-2,34,2,2026-01-05T17:30:44.439460,ok
449078,1617060-0,34,2,2026-01-05T17:30:44.439460,ok
449079,1315470-2,34,2,2026-01-05T17:30:44.439460,ok
449080,1623203-2,34,2,2026-01-05T17:30:44.439460,ok
449081,1614386-7,34,2,2026-01-05T17:30:44.439460,ok
449082,1612279-9,34,2,2026-01-05T17:30:44.439460,ok
449083,1609711-7,34,2,2026-01-05T17:30:44.439460,ok
449084,1553862-8,34,2,2026-01-05T17:30:44.439460,ok
449085,1604625-6,34,2,2026-01-05T17:30:44.439460,ok
449086,1606563-9,34,2,2026-01-05T17:30:44.439460,ok
449087,1525577-3,34,2,2026-01-05T17:30:44.439460,ok
449088,1619698-2,34,2,2026-01-05T17:30:44.439460,ok
449089,1320917-3,34,2,2026-01-05T17:30:44.439460,ok
449090,1617947-2,34,2,2026-01-05T17:30:44.439460,ok
449091,5001642-43.2016.8.16.0000,34,2,2026-01-05T17:30:44.439460,ok
449092,1619772-3,34,2,2026-01-05T17:30:44.439460,ok
449093,1598011-3,34,2,2026-01-05T17:30:44.439460,ok
449094,1312267-3,34,2,2026-01-05T17:30:44.439460,ok
449095,1569658-1,34,2,2026-01-05T17:30:44.439460,ok
449096,1570312-7,34,2,2026-01-05T17:30:44.439460,ok
449097,1577454-8,34,2,2026-01-05T17:30:44.439460,ok
449098,1620290-3,34,2,2026-01-05T17:30:44.439460,ok
449099,1567131-7,34,2,2026-01-05T17:30:44.439460,ok
449100,1451614-2,34,2,2026-01-05T17:30:44.439460,ok
449101,1586840-3,34,2,2026-01-05T17:30:44.439460,ok
449102,1579499-5,34,2,2026-01-05T17:30:44.439460,ok
449103,1578261-7,34,2,2026-01-05T17:30:44.439460,ok
449104,1604164-8,34,2,2026-01-05T17:30:44.439460,ok
449105,1575602-6,34,2,2026-01-05T17:30:44.439460,ok
449106,1559913-4,34,2,2026-01-05T17:30:44.439460,ok
449107,1560267-4,34,2,2026-01-05T17:30:44.439460,ok
449108,1528487-6,34,2,2026-01-05T17:30:44.439460,ok
449109,1594168-1,34,2,2026-01-05T17:30:44.439460,ok
449110,1563667-6,34,2,2026-01-05T17:30:44.439460,ok
449111,1567265-8,34,2,2026-01-05T17:30:44.439460,ok
449112,1522312-0,34,2,2026-01-05T17:30:44.439460,ok
449113,1556172-1,34,2,2026-01-05T17:30:44.439460,ok
449114,1571636-6,34,2,2026-01-05T17:30:44.439460,ok
449115,1541582-4,34,2,2026-01-05T17:30:44.439460,ok
449116,1334938-1,34,2,2026-01-05T17:30:44.439460,ok
449117,1612912-9,34,2,2026-01-05T17:30:44.439460,ok
449118,1594737-6,34,2,2026-01-05T17:30:44.439460,ok
449119,1605810-9,34,2,2026-01-05T17:30:44.439460,ok
449120,1314329-6,34,2,2026-01-05T17:30:44.439460,ok
449121,5000561-59.2016.8.16.0000,34,2,2026-01-05T17:30:44.439460,ok
449122,1623790-0,50,2,2026-01-05T17:30:44.439460,ok
449123,1570005-7,36,2,2026-01-05T17:30:44.439460,ok
449124,1569909-3,36,2,2026-01-05T17:30:44.439460,ok
449125,1606177-3,36,2,2026-01-05T17:30:44.439460,ok
449126,1613091-9,36,2,2026-01-05T17:30:44.439460,ok
449127,1602684-7,36,2,2026-01-05T17:30:44.439460,ok
449128,1612592-7,36,2,2026-01-05T17:30:44.439460,ok
449129,1529141-9,36,2,2026-01-05T17:30:44.439460,ok
449130,1585490-9,36,2,2026-01-05T17:30:44.439460,ok
449131,1581851-6,36,2,2026-01-05T17:30:44.439460,ok
449132,1590418-0,36,2,2026-01-05T17:30:44.439460,ok
449133,1559707-6,36,2,2026-01-05T17:30:44.439460,ok
449134,1575614-6,36,2,2026-01-05T17:30:44.439460,ok
449135,1588252-1,36,2,2026-01-05T17:30:44.439460,ok
449136,1578506-1,36,2,2026-01-05T17:30:44.439460,ok
449137,1593502-9,36,2,2026-01-05T17:30:44.439460,ok
449138,1557491-5,36,2,2026-01-05T17:30:44.439460,ok
449139,1537497-1,36,2,2026-01-05T17:30:44.439460,ok
449140,1566240-7,36,2,2026-01-05T17:30:44.439460,ok
449141,1540784-4,36,2,2026-01-05T17:30:44.439460,ok
449142,1566244-5,36,2,2026-01-05T17:30:44.439460,ok
449143,1577756-7,36,2,2026-01-05T17:30:44.439460,ok
449144,1545645-2,36,2,2026-01-05T17:30:44.439460,ok
449145,1612118-1,36,2,2026-01-05T17:30:44.439460,ok
449146,1614776-1,36,2,2026-01-05T17:30:44.439460,ok
449147,1554802-6,36,2,2026-01-05T17:30:44.439460,ok
449148,1607433-0,36,2,2026-01-05T17:30:44.439460,ok
449149,1612315-0,36,2,2026-01-05T17:30:44.439460,ok
449150,1591363-4,36,2,2026-01-05T17:30:44.439460,ok
449151,1600825-0,36,2,2026-01-05T17:30:44.439460,ok
449152,1589472-7,36,2,2026-01-05T17:30:44.439460,ok
449153,1598978-3,36,2,2026-01-05T17:30:44.439460,ok
449154,1586984-0,36,2,2026-01-05T17:30:44.439460,ok
449155,1614799-4,36,2,2026-01-05T17:30:44.439460,ok
449156,1598050-0,36,2,2026-01-05T17:30:44.439460,ok
449157,1583036-7,36,2,2026-01-05T17:30:44.439460,ok
449158,1579230-6,36,2,2026-01-05T17:30:44.439460,ok
449159,1569483-4,36,2,2026-01-05T17:30:44.439460,ok
449160,1604342-2,36,2,2026-01-05T17:30:44.439460,ok
449161,1585382-2,36,2,2026-01-05T17:30:44.439460,ok
449162,1570108-3,36,2,2026-01-05T17:30:44.439460,ok
449163,1600450-3,36,2,2026-01-05T17:30:44.439460,ok
449164,1583564-6,36,2,2026-01-05T17:30:44.439460,ok
449165,1582666-1,36,2,2026-01-05T17:30:44.439460,ok
449166,1502963-1,36,2,2026-01-05T17:30:44.439460,ok
449167,1542006-3,36,2,2026-01-05T17:30:44.439460,ok
449168,1610727-2,36,2,2026-01-05T17:30:44.439460,ok
449169,1541881-2,36,2,2026-01-05T17:30:44.439460,ok
449170,1564411-8,36,2,2026-01-05T17:30:44.439460,ok
449171,0002081-08.2016.8.16.9000,43,2,2026-01-05T17:30:44.439460,ok
449172,1402468-9,43,2,2026-01-05T17:30:44.439460,ok
449173,1578161-2,43,2,2026-01-05T17:30:44.439460,ok
449174,1578161-2,43,2,2026-01-05T17:30:44.439460,ok
449175,1586208-5,43,2,2026-01-05T17:30:44.439460,ok
449176,1536974-9,43,2,2026-01-05T17:30:44.439460,ok
449177,1445978-4,43,2,2026-01-05T17:30:44.439460,ok
449178,1540288-7,43,2,2026-01-05T17:30:44.439460,ok
449179,1552831-9,43,2,2026-01-05T17:30:44.439460,ok
449180,1588011-0,43,2,2026-01-05T17:30:44.439460,ok
449181,1502343-9,43,2,2026-01-05T17:30:44.439460,ok
449182,1579336-3,43,2,2026-01-05T17:30:44.439460,ok
449183,1557216-2,43,2,2026-01-05T17:30:44.439460,ok
449184,1584778-4,43,2,2026-01-05T17:30:44.439460,ok
449185,1370353-4,43,2,2026-01-05T17:30:44.439460,ok
449186,1560964-8,43,2,2026-01-05T17:30:44.439460,ok
449187,1571633-5,43,2,2026-01-05T17:30:44.439460,ok
449188,1568038-5,43,2,2026-01-05T17:30:44.439460,ok
449189,1539252-0,43,2,2026-01-05T17:30:44.439460,ok
449190,1546488-1,43,2,2026-01-05T17:30:44.439460,ok
449191,1564194-2,43,2,2026-01-05T17:30:44.439460,ok
449192,1535644-2,43,2,2026-01-05T17:30:44.439460,ok
449193,1575853-3,43,2,2026-01-05T17:30:44.439460,ok
449194,1531656-6,49,2,2026-01-05T17:30:44.439460,ok
449195,1535465-1,49,2,2026-01-05T17:30:44.439460,ok
449196,1522830-3,49,2,2026-01-05T17:30:44.439460,ok
449197,1554531-2,49,2,2026-01-05T17:30:44.439460,ok
449198,1590772-9,49,2,2026-01-05T17:30:44.439460,ok
449199,1590725-0,49,2,2026-01-05T17:30:44.439460,ok
449200,1590761-6,49,2,2026-01-05T17:30:44.439460,ok
449201,1619529-2,49,2,2026-01-05T17:30:44.439460,ok
449202,1623617-6,49,2,2026-01-05T17:30:44.439460,ok
449203,1622595-1,49,2,2026-01-05T17:30:44.439460,ok
449204,1612207-3,49,2,2026-01-05T17:30:44.439460,ok
449205,1612835-7,49,2,2026-01-05T17:30:44.439460,ok
449206,1573018-6,49,2,2026-01-05T17:30:44.439460,ok
449207,1621889-4,49,2,2026-01-05T17:30:44.439460,ok
449208,1570697-5,49,2,2026-01-05T17:30:44.439460,ok
449209,1511595-2,49,2,2026-01-05T17:30:44.439460,ok
449210,1615111-4,49,2,2026-01-05T17:30:44.439460,ok
449211,1516607-7,49,2,2026-01-05T17:30:44.439460,ok
449212,1605289-4,49,2,2026-01-05T17:30:44.439460,ok
449213,1517398-7,49,2,2026-01-05T17:30:44.439460,ok
449214,1240298-7,49,2,2026-01-05T17:30:44.439460,ok
449215,1583035-0,49,2,2026-01-05T17:30:44.439460,ok
449216,1605364-2,49,2,2026-01-05T17:30:44.439460,ok
449217,1605173-1,49,2,2026-01-05T17:30:44.439460,ok
449218,1610665-7,49,2,2026-01-05T17:30:44.439460,ok
449219,1311133-8,49,2,2026-01-05T17:30:44.439460,ok
449220,1619075-9,49,2,2026-01-05T17:30:44.439460,ok
449221,1619975-4,49,2,2026-01-05T17:30:44.439460,ok
449222,1619050-2,49,2,2026-01-05T17:30:44.439460,ok
449223,1623424-1,49,2,2026-01-05T17:30:44.439460,ok
449224,1590012-8,45,2,2026-01-05T17:30:44.439460,ok
449225,1584405-6,45,2,2026-01-05T17:30:44.439460,ok
449226,1596080-0,45,2,2026-01-05T17:30:44.439460,ok
449227,1588830-5,45,2,2026-01-05T17:30:44.439460,ok
449228,1589359-9,45,2,2026-01-05T17:30:44.439460,ok
449229,1584195-5,45,2,2026-01-05T17:30:44.439460,ok
449230,1536490-8,45,2,2026-01-05T17:30:44.439460,ok
449231,1591492-0,45,2,2026-01-05T17:30:44.439460,ok
449232,1579743-8,45,2,2026-01-05T17:30:44.439460,ok
449233,1587437-0,45,2,2026-01-05T17:30:44.439460,ok
449234,1600185-1,45,2,2026-01-05T17:30:44.439460,ok
449235,1592489-7,45,2,2026-01-05T17:30:44.439460,ok
449236,1591392-5,45,2,2026-01-05T17:30:44.439460,ok
449237,1595953-4,45,2,2026-01-05T17:30:44.439460,ok
449238,1601156-4,45,2,2026-01-05T17:30:44.439460,ok
449239,1588689-8,45,2,2026-01-05T17:30:44.439460,ok
449240,1585502-4,45,2,2026-01-05T17:30:44.439460,ok
449241,1544771-3,45,2,2026-01-05T17:30:44.439460,ok
449242,1477765-4,45,2,2026-01-05T17:30:44.439460,ok
449243,1584192-4,45,2,2026-01-05T17:30:44.439460,ok
449244,1550030-4,45,2,2026-01-05T17:30:44.439460,ok
449245,1493525-0,45,2,2026-01-05T17:30:44.439460,ok
449246,1526093-6,45,2,2026-01-05T17:30:44.439460,ok
449247,1530628-8,45,2,2026-01-05T17:30:44.439460,ok
449248,1530671-9,45,2,2026-01-05T17:30:44.439460,ok
449249,1559201-9,45,2,2026-01-05T17:30:44.439460,ok
449250,1512455-7,45,2,2026-01-05T17:30:44.439460,ok
449251,1574543-8,45,2,2026-01-05T17:30:44.439460,ok
449252,1422939-9,45,2,2026-01-05T17:30:44.439460,ok
449253,1478306-9,45,2,2026-01-05T17:30:44.439460,ok
449254,1512341-8,45,2,2026-01-05T17:30:44.439460,ok
449255,1569583-9,45,2,2026-01-05T17:30:44.439460,ok
449256,1470458-6,45,2,2026-01-05T17:30:44.439460,ok
449257,1522346-6,45,2,2026-01-05T17:30:44.439460,ok
449258,1568630-9,45,2,2026-01-05T17:30:44.439460,ok
449259,1561104-6,45,2,2026-01-05T17:30:44.439460,ok
449260,1456547-6,45,2,2026-01-05T17:30:44.439460,ok
449261,1553422-4,46,2,2026-01-05T17:30:44.439460,ok
449262,1550636-6,46,2,2026-01-05T17:30:44.439460,ok
449263,1522330-8,46,2,2026-01-05T17:30:44.439460,ok
449264,1557131-4,46,2,2026-01-05T17:30:44.439460,ok
449265,1561593-3,46,2,2026-01-05T17:30:44.439460,ok
449266,1565189-5,46,2,2026-01-05T17:30:44.439460,ok
449267,1493322-9,46,2,2026-01-05T17:30:44.439460,ok
449268,1555675-3,46,2,2026-01-05T17:30:44.439460,ok
449269,1557689-5,46,2,2026-01-05T17:30:44.439460,ok
449270,1452357-6,46,2,2026-01-05T17:30:44.439460,ok
449271,1535075-7,46,2,2026-01-05T17:30:44.439460,ok
449272,1528930-2,46,2,2026-01-05T17:30:44.439460,ok
449273,1555445-5,46,2,2026-01-05T17:30:44.439460,ok
449274,1571182-3,46,2,2026-01-05T17:30:44.439460,ok
449275,1524843-8,46,2,2026-01-05T17:30:44.439460,ok
449276,1553221-7,46,2,2026-01-05T17:30:44.439460,ok
449277,1564861-8,46,2,2026-01-05T17:30:44.439460,ok
449278,1574784-9,46,2,2026-01-05T17:30:44.439460,ok
449279,1580491-6,46,2,2026-01-05T17:30:44.439460,ok
449280,1493765-4,46,2,2026-01-05T17:30:44.439460,ok
449281,1532146-9,46,2,2026-01-05T17:30:44.439460,ok
449282,1550024-6,46,2,2026-01-05T17:30:44.439460,ok
449283,1537956-5,46,2,2026-01-05T17:30:44.439460,ok
449284,1501286-5,46,2,2026-01-05T17:30:44.439460,ok
449285,1534775-8,46,2,2026-01-05T17:30:44.439460,ok
449286,1567591-3,46,2,2026-01-05T17:30:44.439460,ok
449287,1574786-3,46,2,2026-01-05T17:30:44.439460,ok
449288,1579990-7,46,2,2026-01-05T17:30:44.439460,ok
449289,1537782-5,46,2,2026-01-05T17:30:44.439460,ok
449290,1485203-4,46,2,2026-01-05T17:30:44.439460,ok
449291,1555547-4,46,2,2026-01-05T17:30:44.439460,ok
449292,1539016-4,46,2,2026-01-05T17:30:44.439460,ok
449293,1559313-4,46,2,2026-01-05T17:30:44.439460,ok
449294,1462665-6,46,2,2026-01-05T17:30:44.439460,ok
449295,1555457-5,46,2,2026-01-05T17:30:44.439460,ok
449296,1559742-5,46,2,2026-01-05T17:30:44.439460,ok
449297,1565414-3,46,2,2026-01-05T17:30:44.439460,ok
449298,1567817-2,46,2,2026-01-05T17:30:44.439460,ok
449299,1575151-4,46,2,2026-01-05T17:30:44.439460,ok
449300,1599024-4,46,2,2026-01-05T17:30:44.439460,ok
449301,1549693-4,46,2,2026-01-05T17:30:44.439460,ok
449302,1498790-7,46,2,2026-01-05T17:30:44.439460,ok
449303,1486741-3,47,2,2026-01-05T17:30:44.439460,ok
449304,1540652-7,47,2,2026-01-05T17:30:44.439460,ok
449305,1568594-8,47,2,2026-01-05T17:30:44.439460,ok
449306,1575969-6,47,2,2026-01-05T17:30:44.439460,ok
449307,1549311-7,47,2,2026-01-05T17:30:44.439460,ok
449308,1542404-9,47,2,2026-01-05T17:30:44.439460,ok
449309,1579561-6,47,2,2026-01-05T17:30:44.439460,ok
449310,1443110-4,47,2,2026-01-05T17:30:44.439460,ok
449311,1496407-9,47,2,2026-01-05T17:30:44.439460,ok
449312,1528782-6,47,2,2026-01-05T17:30:44.439460,ok
449313,1566983-7,47,2,2026-01-05T17:30:44.439460,ok
449314,1596626-6,47,2,2026-01-05T17:30:44.439460,ok
449315,1542529-1,47,2,2026-01-05T17:30:44.439460,ok
449316,1576754-9,47,2,2026-01-05T17:30:44.439460,ok
449317,1581905-9,47,2,2026-01-05T17:30:44.439460,ok
449318,1581863-6,47,2,2026-01-05T17:30:44.439460,ok
449319,1578748-9,47,2,2026-01-05T17:30:44.439460,ok
449320,1571801-3,47,2,2026-01-05T17:30:44.439460,ok
449321,1559292-0,47,2,2026-01-05T17:30:44.439460,ok
449322,1542972-2,47,2,2026-01-05T17:30:44.439460,ok
449323,1570249-9,47,2,2026-01-05T17:30:44.439460,ok
449324,1552584-5,47,2,2026-01-05T17:30:44.439460,ok
449325,1556027-1,47,2,2026-01-05T17:30:44.439460,ok
449326,1567928-0,47,2,2026-01-05T17:30:44.439460,ok
449327,1568407-0,47,2,2026-01-05T17:30:44.439460,ok
449328,1587723-1,47,2,2026-01-05T17:30:44.439460,ok
449329,1145553-1,47,2,2026-01-05T17:30:44.439460,ok
449330,1516618-0,47,2,2026-01-05T17:30:44.439460,ok
449331,1567290-1,47,2,2026-01-05T17:30:44.439460,ok
449332,1551056-2,47,2,2026-01-05T17:30:44.439460,ok
449333,1481802-1,47,2,2026-01-05T17:30:44.439460,ok
449334,1034109-4,47,2,2026-01-05T17:30:44.439460,ok
449335,1531275-1,47,2,2026-01-05T17:30:44.439460,ok
449336,1562995-1,47,2,2026-01-05T17:30:44.439460,ok
449337,1571745-0,47,2,2026-01-05T17:30:44.439460,ok
449338,1559943-2,47,2,2026-01-05T17:30:44.439460,ok
449339,1588737-9,44,2,2026-01-05T17:30:44.439460,ok
449340,1584690-5,44,2,2026-01-05T17:30:44.439460,ok
449341,1563358-2,44,2,2026-01-05T17:30:44.439460,ok
449342,1553622-4,44,2,2026-01-05T17:30:44.439460,ok
449343,1577471-9,44,2,2026-01-05T17:30:44.439460,ok
449344,1557537-6,44,2,2026-01-05T17:30:44.439460,ok
449345,1557639-5,44,2,2026-01-05T17:30:44.439460,ok
449346,1569867-0,44,2,2026-01-05T17:30:44.439460,ok
449347,1423469-6,44,2,2026-01-05T17:30:44.439460,ok
449348,1536053-5,44,2,2026-01-05T17:30:44.439460,ok
449349,1536072-0,44,2,2026-01-05T17:30:44.439460,ok
449350,1557904-7,44,2,2026-01-05T17:30:44.439460,ok
449351,1555048-6,44,2,2026-01-05T17:30:44.439460,ok
449352,1590088-2,44,2,2026-01-05T17:30:44.439460,ok
449353,1593364-9,44,2,2026-01-05T17:30:44.439460,ok
449354,1572548-5,44,2,2026-01-05T17:30:44.439460,ok
449355,1511107-2,44,2,2026-01-05T17:30:44.439460,ok
449356,1548244-7,44,2,2026-01-05T17:30:44.439460,ok
449357,1540510-4,44,2,2026-01-05T17:30:44.439460,ok
449358,1568495-0,44,2,2026-01-05T17:30:44.439460,ok
449359,1560439-0,44,2,2026-01-05T17:30:44.439460,ok
449360,1546741-3,44,2,2026-01-05T17:30:44.439460,ok
449361,1548999-7,44,2,2026-01-05T17:30:44.439460,ok
449362,1398319-0,44,2,2026-01-05T17:30:44.439460,ok
449363,1449478-5,44,2,2026-01-05T17:30:44.439460,ok
449364,1520869-6,44,2,2026-01-05T17:30:44.439460,ok
449365,1539245-5,44,2,2026-01-05T17:30:44.439460,ok
449366,1507620-1,44,2,2026-01-05T17:30:44.439460,ok
449367,1509654-5,44,2,2026-01-05T17:30:44.439460,ok
449368,1583446-3,44,2,2026-01-05T17:30:44.439460,ok
449369,1593414-4,44,2,2026-01-05T17:30:44.439460,ok
449370,1542020-3,44,2,2026-01-05T17:30:44.439460,ok
449371,1552042-2,44,2,2026-01-05T17:30:44.439460,ok
449372,1584229-6,44,2,2026-01-05T17:30:44.439460,ok
449373,1585335-3,44,2,2026-01-05T17:30:44.439460,ok
449374,1578039-5,44,2,2026-01-05T17:30:44.439460,ok
449375,1580627-6,44,2,2026-01-05T17:30:44.439460,ok
449376,1578914-3,44,2,2026-01-05T17:30:44.439460,ok
449377,1588638-1,44,2,2026-01-05T17:30:44.439460,ok
449378,1515206-6,44,2,2026-01-05T17:30:44.439460,ok
449379,1579028-6,44,2,2026-01-05T17:30:44.439460,ok
449380,1505371-5,44,2,2026-01-05T17:30:44.439460,ok
449381,1593753-6,44,2,2026-01-05T17:30:44.439460,ok
449382,997621-2,48,2,2026-01-05T17:30:44.439460,ok
449383,1551211-3,48,2,2026-01-05T17:30:44.439460,ok
449384,1563241-2,48,2,2026-01-05T17:30:44.439460,ok
449385,1558880-6,48,2,2026-01-05T17:30:44.439460,ok
449386,1587359-1,48,2,2026-01-05T17:30:44.439460,ok
449387,1490502-5,48,2,2026-01-05T17:30:44.439460,ok
449388,1539827-7,48,2,2026-01-05T17:30:44.439460,ok
449389,1554449-9,48,2,2026-01-05T17:30:44.439460,ok
449390,1591385-0,48,2,2026-01-05T17:30:44.439460,ok
449391,1583561-5,48,2,2026-01-05T17:30:44.439460,ok
449392,1567160-8,48,2,2026-01-05T17:30:44.439460,ok
449393,1533935-0,48,2,2026-01-05T17:30:44.439460,ok
449394,1552627-5,48,2,2026-01-05T17:30:44.439460,ok
449395,1482720-8,48,2,2026-01-05T17:30:44.439460,ok
449396,1526331-1,48,2,2026-01-05T17:30:44.439460,ok
449397,1403756-8,48,2,2026-01-05T17:30:44.439460,ok
449398,1557391-0,48,2,2026-01-05T17:30:44.439460,ok
449399,1537760-9,48,2,2026-01-05T17:30:44.439460,ok
449400,1590184-9,48,2,2026-01-05T17:30:44.439460,ok
449401,1552133-8,48,2,2026-01-05T17:30:44.439460,ok
449402,1573867-9,48,2,2026-01-05T17:30:44.439460,ok
449403,1527099-2,48,2,2026-01-05T17:30:44.439460,ok
449404,1446934-6,48,2,2026-01-05T17:30:44.439460,ok
449405,1555148-1,48,2,2026-01-05T17:30:44.439460,ok
449406,1523101-1,48,2,2026-01-05T17:30:44.439460,ok
449407,1531623-7,48,2,2026-01-05T17:30:44.439460,ok
449408,1596056-4,53,2,2026-01-05T17:30:44.439460,ok
449409,1607982-8,53,2,2026-01-05T17:30:44.439460,ok
449410,1622142-0,53,2,2026-01-05T17:30:44.439460,ok
449411,1624200-5,53,2,2026-01-05T17:30:44.439460,ok
449412,1608257-4,53,2,2026-01-05T17:30:44.439460,ok
449413,1592884-2,53,2,2026-01-05T17:30:44.439460,ok
449414,1624596-6,53,2,2026-01-05T17:30:44.439460,ok
449415,1589853-2,53,2,2026-01-05T17:30:44.439460,ok
449416,1561834-9,53,2,2026-01-05T17:30:44.439460,ok
449417,1462622-1,53,2,2026-01-05T17:30:44.439460,ok
449418,1576527-2,53,2,2026-01-05T17:30:44.439460,ok
449419,1566976-2,53,2,2026-01-05T17:30:44.439460,ok
449420,1572103-6,53,2,2026-01-05T17:30:44.439460,ok
449421,1553067-3,53,2,2026-01-05T17:30:44.439460,ok
449422,1535627-1,53,2,2026-01-05T17:30:44.439460,ok
449423,1555991-2,53,2,2026-01-05T17:30:44.439460,ok
449424,1552827-5,53,2,2026-01-05T17:30:44.439460,ok
449425,1572848-0,53,2,2026-01-05T17:30:44.439460,ok
449426,1570725-4,53,2,2026-01-05T17:30:44.439460,ok
449427,1207219-2,53,2,2026-01-05T17:30:44.439460,ok
449428,1584551-3,53,2,2026-01-05T17:30:44.439460,ok
449429,1571553-2,53,2,2026-01-05T17:30:44.439460,ok
449430,1582098-3,53,2,2026-01-05T17:30:44.439460,ok
449431,1465763-9,53,2,2026-01-05T17:30:44.439460,ok
449432,1588115-3,53,2,2026-01-05T17:30:44.439460,ok
449433,1548158-6,53,2,2026-01-05T17:30:44.439460,ok
449434,1553959-6,53,2,2026-01-05T17:30:44.439460,ok
449435,1592444-8,53,2,2026-01-05T17:30:44.439460,ok
449436,1594188-3,53,2,2026-01-05T17:30:44.439460,ok
449437,1591935-0,53,2,2026-01-05T17:30:44.439460,ok
449438,1594204-2,53,2,2026-01-05T17:30:44.439460,ok
449439,1433024-0,53,2,2026-01-05T17:30:44.439460,ok
449440,1537078-6,53,2,2026-01-05T17:30:44.439460,ok
449441,1552214-8,53,2,2026-01-05T17:30:44.439460,ok
449442,1554220-4,53,2,2026-01-05T17:30:44.439460,ok
449443,1557463-1,53,2,2026-01-05T17:30:44.439460,ok
449444,1558993-8,53,2,2026-01-05T17:30:44.439460,ok
449445,1599359-2,55,2,2026-01-05T17:30:44.439460,ok
449446,1604010-5,55,2,2026-01-05T17:30:44.439460,ok
449447,1534675-3,55,2,2026-01-05T17:30:44.439460,ok
449448,1549742-2,55,2,2026-01-05T17:30:44.439460,ok
449449,1570262-2,55,2,2026-01-05T17:30:44.439460,ok
449450,1571970-3,55,2,2026-01-05T17:30:44.439460,ok
449451,1542250-1,55,2,2026-01-05T17:30:44.439460,ok
449452,1524002-7,55,2,2026-01-05T17:30:44.439460,ok
449453,1569965-1,55,2,2026-01-05T17:30:44.439460,ok
449454,1571208-2,55,2,2026-01-05T17:30:44.439460,ok
449455,694793-5,55,2,2026-01-05T17:30:44.439460,ok
449456,1476986-9,55,2,2026-01-05T17:30:44.439460,ok
449457,1583908-8,55,2,2026-01-05T17:30:44.439460,ok
449458,5000168-71.2015.8.16.0000,55,2,2026-01-05T17:30:44.439460,ok
449459,1559220-4,55,2,2026-01-05T17:30:44.439460,ok
449460,1580286-5,55,2,2026-01-05T17:30:44.439460,ok
449461,1578722-5,55,2,2026-01-05T17:30:44.439460,ok
449462,1546316-0,55,2,2026-01-05T17:30:44.439460,ok
449463,1572412-0,55,2,2026-01-05T17:30:44.439460,ok
449464,1580037-2,55,2,2026-01-05T17:30:44.439460,ok
449465,1587036-3,55,2,2026-01-05T17:30:44.439460,ok
449466,774033-0,55,2,2026-01-05T17:30:44.439460,ok
449467,1614563-4,55,2,2026-01-05T17:30:44.439460,ok
449468,1523524-4,55,2,2026-01-05T17:30:44.439460,ok
449469,696753-9,55,2,2026-01-05T17:30:44.439460,ok
449470,1613719-2,55,2,2026-01-05T17:30:44.439460,ok
449471,1612864-8,55,2,2026-01-05T17:30:44.439460,ok
449472,1622683-6,55,2,2026-01-05T17:30:44.439460,ok
449473,1611147-8,55,2,2026-01-05T17:30:44.439460,ok
449474,1611832-2,55,2,2026-01-05T17:30:44.439460,ok
449475,1606971-1,55,2,2026-01-05T17:30:44.439460,ok
449476,1610060-2,55,2,2026-01-05T17:30:44.439460,ok
449477,1606470-9,55,2,2026-01-05T17:30:44.439460,ok
449478,1606314-6,55,2,2026-01-05T17:30:44.439460,ok
449479,1606596-8,55,2,2026-01-05T17:30:44.439460,ok
449480,1473414-6,55,2,2026-01-05T17:30:44.439460,ok
449481,1622534-8,55,2,2026-01-05T17:30:44.439460,ok
449482,1561513-5,55,2,2026-01-05T17:30:44.439460,ok
449483,1604731-9,55,2,2026-01-05T17:30:44.439460,ok
449484,1606179-7,55,2,2026-01-05T17:30:44.439460,ok
449485,1605669-2,55,2,2026-01-05T17:30:44.439460,ok
449486,1394191-6,55,2,2026-01-05T17:30:44.439460,ok
449487,1604507-3,55,2,2026-01-05T17:30:44.439460,ok
449488,1571469-5,54,2,2026-01-05T17:30:44.439460,ok
449489,1584085-4,54,2,2026-01-05T17:30:44.439460,ok
449490,1409283-4,54,2,2026-01-05T17:30:44.439460,ok
449491,1547579-1,54,2,2026-01-05T17:30:44.439460,ok
449492,1570197-0,54,2,2026-01-05T17:30:44.439460,ok
449493,1586773-7,54,2,2026-01-05T17:30:44.439460,ok
449494,1588389-3,54,2,2026-01-05T17:30:44.439460,ok
449495,1589126-0,54,2,2026-01-05T17:30:44.439460,ok
449496,1508455-8,54,2,2026-01-05T17:30:44.439460,ok
449497,1532096-4,54,2,2026-01-05T17:30:44.439460,ok
449498,1532459-1,54,2,2026-01-05T17:30:44.439460,ok
449499,1535317-0,54,2,2026-01-05T17:30:44.439460,ok
449500,1561333-7,54,2,2026-01-05T17:30:44.439460,ok
449501,1562493-2,54,2,2026-01-05T17:30:44.439460,ok
449502,1564390-4,54,2,2026-01-05T17:30:44.439460,ok
449503,1565764-8,54,2,2026-01-05T17:30:44.439460,ok
449504,1568098-1,54,2,2026-01-05T17:30:44.439460,ok
449505,1568994-8,54,2,2026-01-05T17:30:44.439460,ok
449506,1528032-1,54,2,2026-01-05T17:30:44.439460,ok
449507,1541218-9,54,2,2026-01-05T17:30:44.439460,ok
449508,1553863-5,54,2,2026-01-05T17:30:44.439460,ok
449509,1555468-8,54,2,2026-01-05T17:30:44.439460,ok
449510,1567984-8,54,2,2026-01-05T17:30:44.439460,ok
449511,1568070-3,54,2,2026-01-05T17:30:44.439460,ok
449512,1587667-8,54,2,2026-01-05T17:30:44.439460,ok
449513,1583642-5,54,2,2026-01-05T17:30:44.439460,ok
449514,1546398-2,54,2,2026-01-05T17:30:44.439460,ok
449515,1573127-0,54,2,2026-01-05T17:30:44.439460,ok
449516,1588403-8,54,2,2026-01-05T17:30:44.439460,ok
449517,1608603-6,54,2,2026-01-05T17:30:44.439460,ok
449518,1571132-3,54,2,2026-01-05T17:30:44.439460,ok
449519,1418016-2,54,2,2026-01-05T17:30:44.439460,ok
449520,1591364-1,54,2,2026-01-05T17:30:44.439460,ok
449521,1601995-1,54,2,2026-01-05T17:30:44.439460,ok
449522,1604846-5,54,2,2026-01-05T17:30:44.439460,ok
449523,1577477-1,54,2,2026-01-05T17:30:44.439460,ok
449524,1580658-1,54,2,2026-01-05T17:30:44.439460,ok
449525,1588147-5,54,2,2026-01-05T17:30:44.439460,ok
449526,1590620-0,54,2,2026-01-05T17:30:44.439460,ok
449527,1596687-9,54,2,2026-01-05T17:30:44.439460,ok
449528,1599978-7,54,2,2026-01-05T17:30:44.439460,ok
449529,1580464-9,54,2,2026-01-05T17:30:44.439460,ok
449530,1588049-4,54,2,2026-01-05T17:30:44.439460,ok
449531,1589821-0,54,2,2026-01-05T17:30:44.439460,ok
449532,1581085-2,54,2,2026-01-05T17:30:44.439460,ok
449533,1588369-1,54,2,2026-01-05T17:30:44.439460,ok
449534,1430393-8,56,2,2026-01-05T17:30:44.439460,ok
449535,1446370-2,56,2,2026-01-05T17:30:44.439460,ok
449536,1592661-9,56,2,2026-01-05T17:30:44.439460,ok
449537,1613727-4,56,2,2026-01-05T17:30:44.439460,ok
449538,1608180-8,56,2,2026-01-05T17:30:44.439460,ok
449539,1588282-9,56,2,2026-01-05T17:30:44.439460,ok
449540,1600796-4,56,2,2026-01-05T17:30:44.439460,ok
449541,1532439-9,56,2,2026-01-05T17:30:44.439460,ok
449542,1595376-7,56,2,2026-01-05T17:30:44.439460,ok
449543,1593774-5,56,2,2026-01-05T17:30:44.439460,ok
449544,1572379-0,56,2,2026-01-05T17:30:44.439460,ok
449545,1608885-8,56,2,2026-01-05T17:30:44.439460,ok
449546,1568845-0,56,2,2026-01-05T17:30:44.439460,ok
449547,1475543-0,56,2,2026-01-05T17:30:44.439460,ok
449548,1599069-3,56,2,2026-01-05T17:30:44.439460,ok
449549,1592247-9,56,2,2026-01-05T17:30:44.439460,ok
449550,1586330-2,56,2,2026-01-05T17:30:44.439460,ok
449551,1604942-2,56,2,2026-01-05T17:30:44.439460,ok
449552,1593872-6,56,2,2026-01-05T17:30:44.439460,ok
449553,1596074-2,56,2,2026-01-05T17:30:44.439460,ok
449554,1609389-5,56,2,2026-01-05T17:30:44.439460,ok
449555,1571513-8,56,2,2026-01-05T17:30:44.439460,ok
449556,1475852-4,56,2,2026-01-05T17:30:44.439460,ok
449557,1578313-6,56,2,2026-01-05T17:30:44.439460,ok
449558,1534753-2,56,2,2026-01-05T17:30:44.439460,ok
449559,1589171-5,56,2,2026-01-05T17:30:44.439460,ok
449560,1599339-0,56,2,2026-01-05T17:30:44.439460,ok
449561,1605711-1,56,2,2026-01-05T17:30:44.439460,ok
449562,1477995-2,56,2,2026-01-05T17:30:44.439460,ok
449563,1552231-9,56,2,2026-01-05T17:30:44.439460,ok
449564,1482576-0,56,2,2026-01-05T17:30:44.439460,ok
449565,1551611-3,56,2,2026-01-05T17:30:44.439460,ok
449566,1573334-5,56,2,2026-01-05T17:30:44.439460,ok
449567,1580561-3,56,2,2026-01-05T17:30:44.439460,ok
449568,1592851-3,56,2,2026-01-05T17:30:44.439460,ok
449569,1601251-4,56,2,2026-01-05T17:30:44.439460,ok
449570,1597039-7,56,2,2026-01-05T17:30:44.439460,ok
449571,1598193-0,56,2,2026-01-05T17:30:44.439460,ok
449572,1599952-3,56,2,2026-01-05T17:30:44.439460,ok
449573,1601609-0,56,2,2026-01-05T17:30:44.439460,ok
449574,1602931-1,56,2,2026-01-05T17:30:44.439460,ok
449575,1604254-7,56,2,2026-01-05T17:30:44.439460,ok
449576,1561892-1,57,2,2026-01-05T17:30:44.439460,ok
449577,1563924-6,57,2,2026-01-05T17:30:44.439460,ok
449578,1575862-2,57,2,2026-01-05T17:30:44.439460,ok
449579,1581662-9,57,2,2026-01-05T17:30:44.439460,ok
449580,1595325-0,57,2,2026-01-05T17:30:44.439460,ok
449581,1595340-7,57,2,2026-01-05T17:30:44.439460,ok
449582,1564031-0,57,2,2026-01-05T17:30:44.439460,ok
449583,1602114-0,57,2,2026-01-05T17:30:44.439460,ok
449584,1603909-3,57,2,2026-01-05T17:30:44.439460,ok
449585,1609790-8,57,2,2026-01-05T17:30:44.439460,ok
449586,1569080-3,57,2,2026-01-05T17:30:44.439460,ok
449587,1585432-7,57,2,2026-01-05T17:30:44.439460,ok
449588,1588174-2,57,2,2026-01-05T17:30:44.439460,ok
449589,1592817-1,57,2,2026-01-05T17:30:44.439460,ok
449590,1593167-0,57,2,2026-01-05T17:30:44.439460,ok
449591,1605318-0,57,2,2026-01-05T17:30:44.439460,ok
449592,1611567-0,57,2,2026-01-05T17:30:44.439460,ok
449593,1580818-7,57,2,2026-01-05T17:30:44.439460,ok
449594,1596345-6,57,2,2026-01-05T17:30:44.439460,ok
449595,1610432-8,57,2,2026-01-05T17:30:44.439460,ok
449596,1583345-1,57,2,2026-01-05T17:30:44.439460,ok
449597,1586350-4,57,2,2026-01-05T17:30:44.439460,ok
449598,1590843-3,57,2,2026-01-05T17:30:44.439460,ok
449599,1592785-4,57,2,2026-01-05T17:30:44.439460,ok
449600,1594557-8,57,2,2026-01-05T17:30:44.439460,ok
449601,1604815-0,57,2,2026-01-05T17:30:44.439460,ok
449602,1606505-7,57,2,2026-01-05T17:30:44.439460,ok
449603,1584212-1,57,2,2026-01-05T17:30:44.439460,ok
449604,1586865-0,57,2,2026-01-05T17:30:44.439460,ok
449605,1589995-5,57,2,2026-01-05T17:30:44.439460,ok
449606,1579646-4,57,2,2026-01-05T17:30:44.439460,ok
449607,1582085-6,57,2,2026-01-05T17:30:44.439460,ok
449608,1580201-2,57,2,2026-01-05T17:30:44.439460,ok
449609,1579072-4,57,2,2026-01-05T17:30:44.439460,ok
449610,1602926-0,57,2,2026-01-05T17:30:44.439460,ok
449611,1592835-9,57,2,2026-01-05T17:30:44.439460,ok
449612,1603602-9,57,2,2026-01-05T17:30:44.439460,ok
449613,1591813-9,57,2,2026-01-05T17:30:44.439460,ok
449614,1613384-9,57,2,2026-01-05T17:30:44.439460,ok
449615,1585517-5,57,2,2026-01-05T17:30:44.439460,ok
449616,1599096-0,57,2,2026-01-05T17:30:44.439460,ok
449617,1603024-5,57,2,2026-01-05T17:30:44.439460,ok
449618,1572230-8,57,2,2026-01-05T17:30:44.439460,ok
449619,1590699-5,57,2,2026-01-05T17:30:44.439460,ok
449620,1520936-2,57,2,2026-01-05T17:30:44.439460,ok
449621,1572832-2,57,2,2026-01-05T17:30:44.439460,ok
449622,1582564-2,57,2,2026-01-05T17:30:44.439460,ok
449623,1594576-3,59,2,2026-01-05T17:30:44.439460,ok
449624,1604385-7,59,2,2026-01-05T17:30:44.439460,ok
449625,1592959-4,59,2,2026-01-05T17:30:44.439460,ok
449626,1604715-5,59,2,2026-01-05T17:30:44.439460,ok
449627,1583255-2,59,2,2026-01-05T17:30:44.439460,ok
449628,1592234-2,59,2,2026-01-05T17:30:44.439460,ok
449629,1579286-8,59,2,2026-01-05T17:30:44.439460,ok
449630,1612960-5,59,2,2026-01-05T17:30:44.439460,ok
449631,1566623-6,59,2,2026-01-05T17:30:44.439460,ok
449632,1598678-8,59,2,2026-01-05T17:30:44.439460,ok
449633,1531581-4,59,2,2026-01-05T17:30:44.439460,ok
449634,1594750-9,59,2,2026-01-05T17:30:44.439460,ok
449635,1600908-4,59,2,2026-01-05T17:30:44.439460,ok
449636,1584257-0,59,2,2026-01-05T17:30:44.439460,ok
449637,1408028-9,59,2,2026-01-05T17:30:44.439460,ok
449638,1547197-9,59,2,2026-01-05T17:30:44.439460,ok
449639,1585662-5,59,2,2026-01-05T17:30:44.439460,ok
449640,1579013-5,59,2,2026-01-05T17:30:44.439460,ok
449641,1560840-3,59,2,2026-01-05T17:30:44.439460,ok
449642,1602752-0,59,2,2026-01-05T17:30:44.439460,ok
449643,1598652-4,59,2,2026-01-05T17:30:44.439460,ok
449644,1572905-0,59,2,2026-01-05T17:30:44.439460,ok
449645,1600824-3,59,2,2026-01-05T17:30:44.439460,ok
449646,1593412-0,59,2,2026-01-05T17:30:44.439460,ok
449647,1580587-7,59,2,2026-01-05T17:30:44.439460,ok
449648,1507059-2,59,2,2026-01-05T17:30:44.439460,ok
449649,1507048-9,59,2,2026-01-05T17:30:44.439460,ok
449650,1567868-9,59,2,2026-01-05T17:30:44.439460,ok
449651,1317790-7,59,2,2026-01-05T17:30:44.439460,ok
449652,1595839-9,59,2,2026-01-05T17:30:44.439460,ok
449653,1600746-4,59,2,2026-01-05T17:30:44.439460,ok
449654,1600164-2,59,2,2026-01-05T17:30:44.439460,ok
449655,1599014-8,59,2,2026-01-05T17:30:44.439460,ok
449656,1598632-2,59,2,2026-01-05T17:30:44.439460,ok
449657,1598604-8,59,2,2026-01-05T17:30:44.439460,ok
449658,1598588-9,59,2,2026-01-05T17:30:44.439460,ok
449659,1598018-2,59,2,2026-01-05T17:30:44.439460,ok
449660,1597944-3,59,2,2026-01-05T17:30:44.439460,ok
449661,1598561-8,59,2,2026-01-05T17:30:44.439460,ok
449662,1522076-9,59,2,2026-01-05T17:30:44.439460,ok
449663,1597242-4,59,2,2026-01-05T17:30:44.439460,ok
449664,1591163-4,63,2,2026-01-05T17:30:44.439460,ok
449665,1177722-3,63,2,2026-01-05T17:30:44.439460,ok
449666,852583-3,63,2,2026-01-05T17:30:44.439460,ok
449667,1623013-8,63,2,2026-01-05T17:30:44.439460,ok
449668,1175911-2,63,2,2026-01-05T17:30:44.439460,ok
449669,958589-1,63,2,2026-01-05T17:30:44.439460,ok
449670,1173924-1,63,2,2026-01-05T17:30:44.439460,ok
449671,1280638-3,63,2,2026-01-05T17:30:44.439460,ok
449672,1445220-3,63,2,2026-01-05T17:30:44.439460,ok
449673,1587463-0,63,2,2026-01-05T17:30:44.439460,ok
449674,1203704-0,63,2,2026-01-05T17:30:44.439460,ok
449675,1614469-1,63,2,2026-01-05T17:30:44.439460,ok
449676,1136501-8,63,2,2026-01-05T17:30:44.439460,ok
449677,723903-8,63,2,2026-01-05T17:30:44.439460,ok
449678,849525-6,63,2,2026-01-05T17:30:44.439460,ok
449679,1557384-5,63,2,2026-01-05T17:30:44.439460,ok
449680,1610513-8,63,2,2026-01-05T17:30:44.439460,ok
449681,1607234-7,63,2,2026-01-05T17:30:44.439460,ok
449682,1608389-1,63,2,2026-01-05T17:30:44.439460,ok
449683,1598743-0,63,2,2026-01-05T17:30:44.439460,ok
449684,1611026-4,63,2,2026-01-05T17:30:44.439460,ok
449685,1600716-6,63,2,2026-01-05T17:30:44.439460,ok
449686,1597875-3,63,2,2026-01-05T17:30:44.439460,ok
449687,1588006-9,63,2,2026-01-05T17:30:44.439460,ok
449688,1599871-3,63,2,2026-01-05T17:30:44.439460,ok
449689,1609626-3,63,2,2026-01-05T17:30:44.439460,ok
449690,1585647-8,63,2,2026-01-05T17:30:44.439460,ok
449691,1586959-7,63,2,2026-01-05T17:30:44.439460,ok
449692,1596637-9,63,2,2026-01-05T17:30:44.439460,ok
449693,1614449-9,63,2,2026-01-05T17:30:44.439460,ok
449694,1602279-6,63,2,2026-01-05T17:30:44.439460,ok
449695,1595314-7,63,2,2026-01-05T17:30:44.439460,ok
449696,1587020-5,63,2,2026-01-05T17:30:44.439460,ok
449697,1593449-7,63,2,2026-01-05T17:30:44.439460,ok
449698,1575799-4,63,2,2026-01-05T17:30:44.439460,ok
449699,1594727-0,63,2,2026-01-05T17:30:44.439460,ok
449700,1599796-5,63,2,2026-01-05T17:30:44.439460,ok
449701,1611479-5,63,2,2026-01-05T17:30:44.439460,ok
449702,1576148-1,63,2,2026-01-05T17:30:44.439460,ok
449703,1575317-2,63,2,2026-01-05T17:30:44.439460,ok
449704,1597836-6,63,2,2026-01-05T17:30:44.439460,ok
449705,1598225-7,63,2,2026-01-05T17:30:44.439460,ok
449706,1597192-9,60,2,2026-01-05T17:30:44.439460,ok
449707,1622779-7,60,2,2026-01-05T17:30:44.439460,ok
449708,1597012-6,60,2,2026-01-05T17:30:44.439460,ok
449709,1596646-8,60,2,2026-01-05T17:30:44.439460,ok
449710,1621806-5,60,2,2026-01-05T17:30:44.439460,ok
449711,1595898-8,60,2,2026-01-05T17:30:44.439460,ok
449712,1596578-5,60,2,2026-01-05T17:30:44.439460,ok
449713,1610649-3,60,2,2026-01-05T17:30:44.439460,ok
449714,1570343-2,60,2,2026-01-05T17:30:44.439460,ok
449715,1595137-0,60,2,2026-01-05T17:30:44.439460,ok
449716,1594934-5,60,2,2026-01-05T17:30:44.439460,ok
449717,1588958-8,60,2,2026-01-05T17:30:44.439460,ok
449718,1576027-7,60,2,2026-01-05T17:30:44.439460,ok
449719,1567810-3,60,2,2026-01-05T17:30:44.439460,ok
449720,1590986-3,60,2,2026-01-05T17:30:44.439460,ok
449721,1590911-6,60,2,2026-01-05T17:30:44.439460,ok
449722,1539381-6,60,2,2026-01-05T17:30:44.439460,ok
449723,1554961-0,60,2,2026-01-05T17:30:44.439460,ok
449724,1575925-4,60,2,2026-01-05T17:30:44.439460,ok
449725,1528717-9,60,2,2026-01-05T17:30:44.439460,ok
449726,1559803-3,60,2,2026-01-05T17:30:44.439460,ok
449727,1604964-8,60,2,2026-01-05T17:30:44.439460,ok
449728,1523376-8,60,2,2026-01-05T17:30:44.439460,ok
449729,1604047-2,60,2,2026-01-05T17:30:44.439460,ok
449730,1603393-5,60,2,2026-01-05T17:30:44.439460,ok
449731,1524109-1,60,2,2026-01-05T17:30:44.439460,ok
449732,1523046-5,60,2,2026-01-05T17:30:44.439460,ok
449733,1596977-8,60,2,2026-01-05T17:30:44.439460,ok
449734,1596574-7,60,2,2026-01-05T17:30:44.439460,ok
449735,1601487-4,60,2,2026-01-05T17:30:44.439460,ok
449736,1517752-1,60,2,2026-01-05T17:30:44.439460,ok
449737,1583304-0,60,2,2026-01-05T17:30:44.439460,ok
449738,1526018-3,60,2,2026-01-05T17:30:44.439460,ok
449739,1582057-2,60,2,2026-01-05T17:30:44.439460,ok
449740,1587371-7,60,2,2026-01-05T17:30:44.439460,ok
449741,1500857-0,60,2,2026-01-05T17:30:44.439460,ok
449742,1599931-4,60,2,2026-01-05T17:30:44.439460,ok
449743,1519842-8,60,2,2026-01-05T17:30:44.439460,ok
449744,1584642-9,60,2,2026-01-05T17:30:44.439460,ok
449745,1514329-0,60,2,2026-01-05T17:30:44.439460,ok
449746,1584561-9,60,2,2026-01-05T17:30:44.439460,ok
449747,1513231-1,60,2,2026-01-05T17:30:44.439460,ok
449748,1484854-7,60,2,2026-01-05T17:30:44.439460,ok
449749,1423555-7,60,2,2026-01-05T17:30:44.439460,ok
449750,1396001-5,60,2,2026-01-05T17:30:44.439460,ok
449751,1568598-6,62,2,2026-01-05T17:30:44.439460,ok
449752,1514189-6,62,2,2026-01-05T17:30:44.439460,ok
449753,1513949-8,62,2,2026-01-05T17:30:44.439460,ok
449754,1528883-8,62,2,2026-01-05T17:30:44.439460,ok
449755,1485587-5,62,2,2026-01-05T17:30:44.439460,ok
449756,1517266-0,62,2,2026-01-05T17:30:44.439460,ok
449757,1528841-0,62,2,2026-01-05T17:30:44.439460,ok
449758,1607676-5,62,2,2026-01-05T17:30:44.439460,ok
449759,1536880-2,62,2,2026-01-05T17:30:44.439460,ok
449760,1537039-9,62,2,2026-01-05T17:30:44.439460,ok
449761,1389308-8,62,2,2026-01-05T17:30:44.439460,ok
449762,1553743-8,62,2,2026-01-05T17:30:44.439460,ok
449763,1562690-1,62,2,2026-01-05T17:30:44.439460,ok
449764,1543846-1,62,2,2026-01-05T17:30:44.439460,ok
449765,1579170-5,62,2,2026-01-05T17:30:44.439460,ok
449766,1578689-5,62,2,2026-01-05T17:30:44.439460,ok
449767,1547864-5,62,2,2026-01-05T17:30:44.439460,ok
449768,1542514-0,62,2,2026-01-05T17:30:44.439460,ok
449769,1562234-3,62,2,2026-01-05T17:30:44.439460,ok
449770,1542369-5,62,2,2026-01-05T17:30:44.439460,ok
449771,1562472-3,62,2,2026-01-05T17:30:44.439460,ok
449772,1569724-0,62,2,2026-01-05T17:30:44.439460,ok
449773,1511131-8,62,2,2026-01-05T17:30:44.439460,ok
449774,1575873-5,62,2,2026-01-05T17:30:44.439460,ok
449775,1590571-2,62,2,2026-01-05T17:30:44.439460,ok
449776,1601528-0,62,2,2026-01-05T17:30:44.439460,ok
449777,1536906-1,62,2,2026-01-05T17:30:44.439460,ok
449778,1575890-6,62,2,2026-01-05T17:30:44.439460,ok
449779,1481906-4,62,2,2026-01-05T17:30:44.439460,ok
449780,1520084-3,62,2,2026-01-05T17:30:44.439460,ok
449781,1602096-7,62,2,2026-01-05T17:30:44.439460,ok
449782,1558806-0,62,2,2026-01-05T17:30:44.439460,ok
449783,1561092-1,62,2,2026-01-05T17:30:44.439460,ok
449784,1511757-2,62,2,2026-01-05T17:30:44.439460,ok
449785,1495350-1,62,2,2026-01-05T17:30:44.439460,ok
449786,1591469-1,62,2,2026-01-05T17:30:44.439460,ok
449787,1592028-4,62,2,2026-01-05T17:30:44.439460,ok
449788,1535993-0,62,2,2026-01-05T17:30:44.439460,ok
449789,1566122-4,62,2,2026-01-05T17:30:44.439460,ok
449790,1576956-3,62,2,2026-01-05T17:30:44.439460,ok
449791,1519650-0,62,2,2026-01-05T17:30:44.439460,ok
449792,1443965-9,62,2,2026-01-05T17:30:44.439460,ok
449793,1548264-9,62,2,2026-01-05T17:30:44.439460,ok
449794,1565347-7,62,2,2026-01-05T17:30:44.439460,ok
449795,1384203-8,62,2,2026-01-05T17:30:44.439460,ok
449796,1593906-7,62,2,2026-01-05T17:30:44.439460,ok
449797,1581887-6,58,2,2026-01-05T17:30:44.439460,ok
449798,1592399-8,58,2,2026-01-05T17:30:44.439460,ok
449799,1515070-6,58,2,2026-01-05T17:30:44.439460,ok
449800,1572801-7,58,2,2026-01-05T17:30:44.439460,ok
449801,1441095-4,58,2,2026-01-05T17:30:44.439460,ok
449802,1572283-9,58,2,2026-01-05T17:30:44.439460,ok
449803,1592905-6,58,2,2026-01-05T17:30:44.439460,ok
449804,1569166-8,58,2,2026-01-05T17:30:44.439460,ok
449805,1568316-4,58,2,2026-01-05T17:30:44.439460,ok
449806,1601747-5,58,2,2026-01-05T17:30:44.439460,ok
449807,1594222-0,58,2,2026-01-05T17:30:44.439460,ok
449808,1594927-0,58,2,2026-01-05T17:30:44.439460,ok
449809,1599975-6,58,2,2026-01-05T17:30:44.439460,ok
449810,1328012-5,58,2,2026-01-05T17:30:44.439460,ok
449811,1555471-5,58,2,2026-01-05T17:30:44.439460,ok
449812,1541926-6,58,2,2026-01-05T17:30:44.439460,ok
449813,1585681-0,58,2,2026-01-05T17:30:44.439460,ok
449814,1590542-1,58,2,2026-01-05T17:30:44.439460,ok
449815,1591484-8,58,2,2026-01-05T17:30:44.439460,ok
449816,1570362-7,58,2,2026-01-05T17:30:44.439460,ok
449817,1578147-2,58,2,2026-01-05T17:30:44.439460,ok
449818,1603793-5,58,2,2026-01-05T17:30:44.439460,ok
449819,1601475-4,58,2,2026-01-05T17:30:44.439460,ok
449820,1449585-5,58,2,2026-01-05T17:30:44.439460,ok
449821,1566232-5,58,2,2026-01-05T17:30:44.439460,ok
449822,1565538-8,58,2,2026-01-05T17:30:44.439460,ok
449823,1570596-3,58,2,2026-01-05T17:30:44.439460,ok
449824,1571889-7,58,2,2026-01-05T17:30:44.439460,ok
449825,1597076-0,58,2,2026-01-05T17:30:44.439460,ok
449826,1599104-7,58,2,2026-01-05T17:30:44.439460,ok
449827,1596736-7,58,2,2026-01-05T17:30:44.439460,ok
449828,1597063-3,58,2,2026-01-05T17:30:44.439460,ok
449829,1598661-3,58,2,2026-01-05T17:30:44.439460,ok
449830,1603521-9,58,2,2026-01-05T17:30:44.439460,ok
449831,1562619-6,58,2,2026-01-05T17:30:44.439460,ok
449832,1571072-2,58,2,2026-01-05T17:30:44.439460,ok
449833,1594755-4,58,2,2026-01-05T17:30:44.439460,ok
449834,1610408-2,58,2,2026-01-05T17:30:44.439460,ok
449835,1572390-9,58,2,2026-01-05T17:30:44.439460,ok
449836,1570106-9,58,2,2026-01-05T17:30:44.439460,ok
449837,1593834-6,58,2,2026-01-05T17:30:44.439460,ok
449838,1593080-8,58,2,2026-01-05T17:30:44.439460,ok
449839,0005615-29.2015.8.16.0129,70,2,2026-01-05T17:30:44.439460,ok
449840,1588100-2,61,2,2026-01-05T17:30:44.439460,ok
449841,1601675-4,61,2,2026-01-05T17:30:44.439460,ok
449842,1604076-3,61,2,2026-01-05T17:30:44.439460,ok
449843,1380049-8,61,2,2026-01-05T17:30:44.439460,ok
449844,1505120-8,61,2,2026-01-05T17:30:44.439460,ok
449845,1595862-8,61,2,2026-01-05T17:30:44.439460,ok
449846,1324263-6,61,2,2026-01-05T17:30:44.439460,ok
449847,1372017-1,61,2,2026-01-05T17:30:44.439460,ok
449848,1586481-4,61,2,2026-01-05T17:30:44.439460,ok
449849,1539371-0,61,2,2026-01-05T17:30:44.439460,ok
449850,1579806-0,61,2,2026-01-05T17:30:44.439460,ok
449851,1337699-1,61,2,2026-01-05T17:30:44.439460,ok
449852,1596689-3,61,2,2026-01-05T17:30:44.439460,ok
449853,1576314-5,61,2,2026-01-05T17:30:44.439460,ok
449854,1588108-8,61,2,2026-01-05T17:30:44.439460,ok
449855,1579505-8,61,2,2026-01-05T17:30:44.439460,ok
449856,1169433-6,61,2,2026-01-05T17:30:44.439460,ok
449857,1571377-2,61,2,2026-01-05T17:30:44.439460,ok
449858,1565348-4,61,2,2026-01-05T17:30:44.439460,ok
449859,1124417-0,61,2,2026-01-05T17:30:44.439460,ok
449860,1518316-9,61,2,2026-01-05T17:30:44.439460,ok
449861,1061589-9,61,2,2026-01-05T17:30:44.439460,ok
449862,1423359-5,61,2,2026-01-05T17:30:44.439460,ok
449863,1035112-5,61,2,2026-01-05T17:30:44.439460,ok
449864,1444806-9,61,2,2026-01-05T17:30:44.439460,ok
449865,1549881-4,61,2,2026-01-05T17:30:44.439460,ok
449866,1535088-4,61,2,2026-01-05T17:30:44.439460,ok
449867,1564476-9,61,2,2026-01-05T17:30:44.439460,ok
449868,1527263-2,61,2,2026-01-05T17:30:44.439460,ok
449869,1517536-7,61,2,2026-01-05T17:30:44.439460,ok
449870,1585520-2,61,2,2026-01-05T17:30:44.439460,ok
449871,1569670-7,61,2,2026-01-05T17:30:44.439460,ok
449872,1525603-8,61,2,2026-01-05T17:30:44.439460,ok
449873,1599940-3,61,2,2026-01-05T17:30:44.439460,ok
449874,1529448-3,61,2,2026-01-05T17:30:44.439460,ok
449875,1455252-8,61,2,2026-01-05T17:30:44.439460,ok
449876,1390713-6,61,2,2026-01-05T17:30:44.439460,ok
449877,1564879-0,61,2,2026-01-05T17:30:44.439460,ok
449878,1531693-9,61,2,2026-01-05T17:30:44.439460,ok
449879,1546902-6,61,2,2026-01-05T17:30:44.439460,ok
449880,1566127-9,61,2,2026-01-05T17:30:44.439460,ok
449881,1573017-9,61,2,2026-01-05T17:30:44.439460,ok
449882,1534171-0,61,2,2026-01-05T17:30:44.439460,ok
449883,1532669-7,61,2,2026-01-05T17:30:44.439460,ok
449884,1535605-5,61,2,2026-01-05T17:30:44.439460,ok
449885,1595789-4,64,2,2026-01-05T17:30:44.439460,ok
449886,1590094-0,64,2,2026-01-05T17:30:44.439460,ok
449887,1603329-5,64,2,2026-01-05T17:30:44.439460,ok
449888,1611463-7,64,2,2026-01-05T17:30:44.439460,ok
449889,1591773-0,64,2,2026-01-05T17:30:44.439460,ok
449890,1596793-2,64,2,2026-01-05T17:30:44.439460,ok
449891,1597329-6,64,2,2026-01-05T17:30:44.439460,ok
449892,1600048-3,64,2,2026-01-05T17:30:44.439460,ok
449893,1608663-2,64,2,2026-01-05T17:30:44.439460,ok
449894,1613069-7,64,2,2026-01-05T17:30:44.439460,ok
449895,1612138-3,64,2,2026-01-05T17:30:44.439460,ok
449896,1606898-7,64,2,2026-01-05T17:30:44.439460,ok
449897,1606427-8,64,2,2026-01-05T17:30:44.439460,ok
449898,1612891-5,64,2,2026-01-05T17:30:44.439460,ok
449899,1596752-1,64,2,2026-01-05T17:30:44.439460,ok
449900,1543476-9,64,2,2026-01-05T17:30:44.439460,ok
449901,1617511-2,64,2,2026-01-05T17:30:44.439460,ok
449902,1618890-2,64,2,2026-01-05T17:30:44.439460,ok
449903,1590539-4,64,2,2026-01-05T17:30:44.439460,ok
449904,1583538-6,64,2,2026-01-05T17:30:44.439460,ok
449905,1589195-5,64,2,2026-01-05T17:30:44.439460,ok
449906,1563226-5,64,2,2026-01-05T17:30:44.439460,ok
449907,1590867-3,64,2,2026-01-05T17:30:44.439460,ok
449908,1612797-2,64,2,2026-01-05T17:30:44.439460,ok
449909,1606099-4,64,2,2026-01-05T17:30:44.439460,ok
449910,1607137-3,64,2,2026-01-05T17:30:44.439460,ok
449911,5001155-73.2016.8.16.0000,64,2,2026-01-05T17:30:44.439460,ok
449912,5001367-94.2016.8.16.0000,64,2,2026-01-05T17:30:44.439460,ok
449913,1614332-9,64,2,2026-01-05T17:30:44.439460,ok
449914,1604879-4,64,2,2026-01-05T17:30:44.439460,ok
449915,1573686-4,64,2,2026-01-05T17:30:44.439460,ok
449916,1602545-5,64,2,2026-01-05T17:30:44.439460,ok
449917,1490481-1,64,2,2026-01-05T17:30:44.439460,ok
449918,880363-2,64,2,2026-01-05T17:30:44.439460,ok
449919,1572142-3,64,2,2026-01-05T17:30:44.439460,ok
449920,1607069-0,64,2,2026-01-05T17:30:44.439460,ok
449921,1586786-4,64,2,2026-01-05T17:30:44.439460,ok
449922,1599606-6,64,2,2026-01-05T17:30:44.439460,ok
449923,1582223-6,64,2,2026-01-05T17:30:44.439460,ok
449924,1597803-7,64,2,2026-01-05T17:30:44.439460,ok
449925,1046597-5,64,2,2026-01-05T17:30:44.439460,ok
449926,1602295-0,64,2,2026-01-05T17:30:44.439460,ok
449927,1604664-3,64,2,2026-01-05T17:30:44.439460,ok
449928,0001722-58.2016.8.16.9000,72,2,2026-01-05T17:30:44.439460,ok
449929,1574834-4,65,2,2026-01-05T17:30:44.439460,ok
449930,1593900-5,65,2,2026-01-05T17:30:44.439460,ok
449931,1575118-9,65,2,2026-01-05T17:30:44.439460,ok
449932,1262180-4,65,2,2026-01-05T17:30:44.439460,ok
449933,1175598-9,65,2,2026-01-05T17:30:44.439460,ok
449934,1226818-7,65,2,2026-01-05T17:30:44.439460,ok
449935,1604147-7,65,2,2026-01-05T17:30:44.439460,ok
449936,1581230-7,65,2,2026-01-05T17:30:44.439460,ok
449937,1585441-6,65,2,2026-01-05T17:30:44.439460,ok
449938,1589210-7,65,2,2026-01-05T17:30:44.439460,ok
449939,1595302-7,65,2,2026-01-05T17:30:44.439460,ok
449940,1598699-7,65,2,2026-01-05T17:30:44.439460,ok
449941,1609331-9,65,2,2026-01-05T17:30:44.439460,ok
449942,1043442-3,65,2,2026-01-05T17:30:44.439460,ok
449943,1568690-5,65,2,2026-01-05T17:30:44.439460,ok
449944,1593041-1,65,2,2026-01-05T17:30:44.439460,ok
449945,730873-6,65,2,2026-01-05T17:30:44.439460,ok
449946,1175901-6,65,2,2026-01-05T17:30:44.439460,ok
449947,1571516-9,65,2,2026-01-05T17:30:44.439460,ok
449948,1598793-0,65,2,2026-01-05T17:30:44.439460,ok
449949,896044-9,65,2,2026-01-05T17:30:44.439460,ok
449950,1577706-7,65,2,2026-01-05T17:30:44.439460,ok
449951,1579616-6,65,2,2026-01-05T17:30:44.439460,ok
449952,1581221-8,65,2,2026-01-05T17:30:44.439460,ok
449953,1564420-7,65,2,2026-01-05T17:30:44.439460,ok
449954,1583441-8,65,2,2026-01-05T17:30:44.439460,ok
449955,1587324-8,65,2,2026-01-05T17:30:44.439460,ok
449956,1591429-7,65,2,2026-01-05T17:30:44.439460,ok
449957,1599500-9,65,2,2026-01-05T17:30:44.439460,ok
449958,1025291-8,65,2,2026-01-05T17:30:44.439460,ok
449959,894997-7,65,2,2026-01-05T17:30:44.439460,ok
449960,1574849-5,65,2,2026-01-05T17:30:44.439460,ok
449961,1185232-9,65,2,2026-01-05T17:30:44.439460,ok
449962,1561204-1,65,2,2026-01-05T17:30:44.439460,ok
449963,1569532-2,65,2,2026-01-05T17:30:44.439460,ok
449964,1572857-9,65,2,2026-01-05T17:30:44.439460,ok
449965,1582637-0,65,2,2026-01-05T17:30:44.439460,ok
449966,1589488-5,65,2,2026-01-05T17:30:44.439460,ok
449967,1597311-4,65,2,2026-01-05T17:30:44.439460,ok
449968,1584191-7,65,2,2026-01-05T17:30:44.439460,ok
449969,1591663-9,65,2,2026-01-05T17:30:44.439460,ok
449970,5001012-84.2016.8.16.0000,69,2,2026-01-05T17:30:44.439460,ok
449971,5000428-17.2016.8.16.0000,69,2,2026-01-05T17:30:44.439460,ok
449972,5000165-19.2015.8.16.0000,69,2,2026-01-05T17:30:44.439460,ok
449973,1188889-0,69,2,2026-01-05T17:30:44.439460,ok
449974,1135052-6,69,2,2026-01-05T17:30:44.439460,ok
449975,1622308-8,69,2,2026-01-05T17:30:44.439460,ok
449976,1594012-4,69,2,2026-01-05T17:30:44.439460,ok
449977,1606625-4,69,2,2026-01-05T17:30:44.439460,ok
449978,1610801-3,69,2,2026-01-05T17:30:44.439460,ok
449979,1620202-3,69,2,2026-01-05T17:30:44.439460,ok
449980,1597852-0,69,2,2026-01-05T17:30:44.439460,ok
449981,1617416-2,69,2,2026-01-05T17:30:44.439460,ok
449982,1610460-2,69,2,2026-01-05T17:30:44.439460,ok
449983,1607687-8,69,2,2026-01-05T17:30:44.439460,ok
449984,1614123-0,69,2,2026-01-05T17:30:44.439460,ok
449985,1593391-6,69,2,2026-01-05T17:30:44.439460,ok
449986,1600574-8,69,2,2026-01-05T17:30:44.439460,ok
449987,1574445-7,69,2,2026-01-05T17:30:44.439460,ok
449988,1600411-6,69,2,2026-01-05T17:30:44.439460,ok
449989,1608545-9,69,2,2026-01-05T17:30:44.439460,ok
449990,1621940-2,69,2,2026-01-05T17:30:44.439460,ok
449991,1621920-0,69,2,2026-01-05T17:30:44.439460,ok
449992,1621421-2,69,2,2026-01-05T17:30:44.439460,ok
449993,1622511-5,69,2,2026-01-05T17:30:44.439460,ok
449994,5000456-82.2016.8.16.0000,69,2,2026-01-05T17:30:44.439460,ok
449995,1592152-5,69,2,2026-01-05T17:30:44.439460,ok
449996,1620429-4,69,2,2026-01-05T17:30:44.439460,ok
449997,1578241-5,69,2,2026-01-05T17:30:44.439460,ok
449998,1621388-2,69,2,2026-01-05T17:30:44.439460,ok
449999,1594584-5,69,2,2026-01-05T17:30:44.439460,ok
450000,1558840-2,69,2,2026-01-05T17:30:44.439460,ok
