Id_processo,processo_25,pagina_extraida,chunk_inserida,timestamp,status
0,N/A,5,0,2026-01-05T20:19:00.693183,ignorado
0,N/A,5,0,2026-01-05T20:19:00.693803,ignorado
0,N/A,5,0,2026-01-05T20:19:00.693814,ignorado
0,N/A,5,0,2026-01-05T20:19:00.693821,ignorado
0,N/A,5,0,2026-01-05T20:19:00.693826,ignorado
0,N/A,5,0,2026-01-05T20:19:00.693831,ignorado
0,N/A,5,0,2026-01-05T20:19:00.693835,ignorado
0,N/A,5,0,2026-01-05T20:19:00.693839,ignorado
0,N/A,5,0,2026-01-05T20:19:00.693845,ignorado
0,N/A,5,0,2026-01-05T20:19:00.693849,ignorado
0,N/A,5,0,2026-01-05T20:19:00.693853,ignorado
0,N/A,5,0,2026-01-05T20:19:00.693857,ignorado
0,N/A,5,0,2026-01-05T20:19:00.693860,ignorado
0,N/A,5,0,2026-01-05T20:19:00.693864,ignorado
0,N/A,5,0,2026-01-05T20:19:00.693868,ignorado
0,N/A,5,0,2026-01-05T20:19:00.693872,ignorado
0,N/A,5,0,2026-01-05T20:19:00.693876,ignorado
0,N/A,5,0,2026-01-05T20:19:00.693879,ignorado
0,N/A,5,0,2026-01-05T20:19:00.693883,ignorado
0,N/A,5,0,2026-01-05T20:19:00.693887,ignorado
0,N/A,5,0,2026-01-05T20:19:00.693890,ignorado
0,N/A,5,0,2026-01-05T20:19:00.693893,ignorado
0,N/A,5,0,2026-01-05T20:19:00.693897,ignorado
0,N/A,5,0,2026-01-05T20:19:00.693900,ignorado
0,N/A,5,0,2026-01-05T20:19:00.693904,ignorado
0,N/A,5,0,2026-01-05T20:19:00.693907,ignorado
0,N/A,5,0,2026-01-05T20:19:00.693911,ignorado
0,N/A,5,0,2026-01-05T20:19:00.693915,ignorado
0,N/A,5,0,2026-01-05T20:19:00.693919,ignorado
0,N/A,5,0,2026-01-05T20:19:00.693922,ignorado
0,N/A,5,0,2026-01-05T20:19:00.693926,ignorado
0,N/A,5,0,2026-01-05T20:19:00.693930,ignorado
0,N/A,5,0,2026-01-05T20:19:00.693933,ignorado
0,N/A,5,0,2026-01-05T20:19:00.693937,ignorado
0,N/A,5,0,2026-01-05T20:19:00.693941,ignorado
0,N/A,5,0,2026-01-05T20:19:00.693949,ignorado
0,N/A,5,0,2026-01-05T20:19:00.693953,ignorado
0,N/A,5,0,2026-01-05T20:19:00.693956,ignorado
0,N/A,5,0,2026-01-05T20:19:00.693960,ignorado
0,N/A,5,0,2026-01-05T20:19:00.693963,ignorado
0,N/A,5,0,2026-01-05T20:19:00.693967,ignorado
0,N/A,5,0,2026-01-05T20:19:00.693970,ignorado
0,N/A,5,0,2026-01-05T20:19:00.693974,ignorado
0,N/A,5,0,2026-01-05T20:19:00.693978,ignorado
0,N/A,5,0,2026-01-05T20:19:00.693984,ignorado
0,N/A,5,0,2026-01-05T20:19:00.693987,ignorado
0,N/A,5,0,2026-01-05T20:19:00.693991,ignorado
0,N/A,5,0,2026-01-05T20:19:00.693994,ignorado
0,N/A,5,0,2026-01-05T20:19:00.693997,ignorado
0,N/A,5,0,2026-01-05T20:19:00.694001,ignorado
0,N/A,6,0,2026-01-05T20:19:00.803342,ignorado
0,N/A,6,0,2026-01-05T20:19:00.803374,ignorado
0,N/A,6,0,2026-01-05T20:19:00.803381,ignorado
0,N/A,6,0,2026-01-05T20:19:00.803386,ignorado
0,N/A,6,0,2026-01-05T20:19:00.803390,ignorado
0,N/A,6,0,2026-01-05T20:19:00.803394,ignorado
0,N/A,6,0,2026-01-05T20:19:00.803398,ignorado
0,N/A,6,0,2026-01-05T20:19:00.803402,ignorado
0,N/A,6,0,2026-01-05T20:19:00.803406,ignorado
0,N/A,6,0,2026-01-05T20:19:00.803410,ignorado
0,N/A,6,0,2026-01-05T20:19:00.803414,ignorado
0,N/A,6,0,2026-01-05T20:19:00.803417,ignorado
0,N/A,6,0,2026-01-05T20:19:00.803421,ignorado
0,N/A,6,0,2026-01-05T20:19:00.803425,ignorado
0,N/A,6,0,2026-01-05T20:19:00.803429,ignorado
0,N/A,6,0,2026-01-05T20:19:00.803433,ignorado
0,N/A,6,0,2026-01-05T20:19:00.803436,ignorado
0,N/A,6,0,2026-01-05T20:19:00.803440,ignorado
0,N/A,6,0,2026-01-05T20:19:00.803444,ignorado
0,N/A,6,0,2026-01-05T20:19:00.803448,ignorado
0,N/A,6,0,2026-01-05T20:19:00.803452,ignorado
0,N/A,6,0,2026-01-05T20:19:00.803456,ignorado
0,N/A,6,0,2026-01-05T20:19:00.803460,ignorado
0,N/A,6,0,2026-01-05T20:19:00.803464,ignorado
0,N/A,6,0,2026-01-05T20:19:00.803468,ignorado
0,N/A,6,0,2026-01-05T20:19:00.803472,ignorado
0,N/A,6,0,2026-01-05T20:19:00.803477,ignorado
0,N/A,6,0,2026-01-05T20:19:00.803481,ignorado
0,N/A,6,0,2026-01-05T20:19:00.803485,ignorado
0,N/A,6,0,2026-01-05T20:19:00.803489,ignorado
0,N/A,6,0,2026-01-05T20:19:00.803493,ignorado
0,N/A,6,0,2026-01-05T20:19:00.803507,ignorado
0,N/A,6,0,2026-01-05T20:19:00.803535,ignorado
0,N/A,6,0,2026-01-05T20:19:00.803541,ignorado
0,N/A,6,0,2026-01-05T20:19:00.803545,ignorado
0,N/A,6,0,2026-01-05T20:19:00.803549,ignorado
0,N/A,6,0,2026-01-05T20:19:00.803553,ignorado
0,N/A,6,0,2026-01-05T20:19:00.803557,ignorado
0,N/A,6,0,2026-01-05T20:19:00.803561,ignorado
0,N/A,6,0,2026-01-05T20:19:00.803565,ignorado
0,N/A,6,0,2026-01-05T20:19:00.803569,ignorado
0,N/A,6,0,2026-01-05T20:19:00.803573,ignorado
0,N/A,6,0,2026-01-05T20:19:00.803578,ignorado
0,N/A,6,0,2026-01-05T20:19:00.803582,ignorado
0,N/A,6,0,2026-01-05T20:19:00.803586,ignorado
0,N/A,6,0,2026-01-05T20:19:00.803591,ignorado
0,N/A,6,0,2026-01-05T20:19:00.803595,ignorado
0,N/A,6,0,2026-01-05T20:19:00.803599,ignorado
0,N/A,6,0,2026-01-05T20:19:00.803617,ignorado
0,N/A,6,0,2026-01-05T20:19:00.803622,ignorado
0,N/A,9,0,2026-01-05T20:19:00.895042,ignorado
0,N/A,9,0,2026-01-05T20:19:00.895066,ignorado
0,N/A,9,0,2026-01-05T20:19:00.895073,ignorado
0,N/A,9,0,2026-01-05T20:19:00.895077,ignorado
0,N/A,9,0,2026-01-05T20:19:00.895082,ignorado
0,N/A,9,0,2026-01-05T20:19:00.895086,ignorado
0,N/A,9,0,2026-01-05T20:19:00.895090,ignorado
0,N/A,9,0,2026-01-05T20:19:00.895094,ignorado
0,N/A,9,0,2026-01-05T20:19:00.895098,ignorado
0,N/A,9,0,2026-01-05T20:19:00.895103,ignorado
0,N/A,9,0,2026-01-05T20:19:00.895107,ignorado
0,N/A,9,0,2026-01-05T20:19:00.895111,ignorado
0,N/A,9,0,2026-01-05T20:19:00.895116,ignorado
0,N/A,9,0,2026-01-05T20:19:00.895120,ignorado
0,N/A,9,0,2026-01-05T20:19:00.895124,ignorado
0,N/A,9,0,2026-01-05T20:19:00.895128,ignorado
0,N/A,9,0,2026-01-05T20:19:00.895132,ignorado
0,N/A,9,0,2026-01-05T20:19:00.895137,ignorado
0,N/A,9,0,2026-01-05T20:19:00.895140,ignorado
0,N/A,9,0,2026-01-05T20:19:00.895144,ignorado
0,N/A,9,0,2026-01-05T20:19:00.895149,ignorado
0,N/A,9,0,2026-01-05T20:19:00.895153,ignorado
0,N/A,9,0,2026-01-05T20:19:00.895157,ignorado
0,N/A,9,0,2026-01-05T20:19:00.895161,ignorado
0,N/A,9,0,2026-01-05T20:19:00.895165,ignorado
0,N/A,9,0,2026-01-05T20:19:00.895169,ignorado
0,N/A,9,0,2026-01-05T20:19:00.895173,ignorado
0,N/A,9,0,2026-01-05T20:19:00.895177,ignorado
0,N/A,9,0,2026-01-05T20:19:00.895181,ignorado
0,N/A,9,0,2026-01-05T20:19:00.895185,ignorado
0,N/A,9,0,2026-01-05T20:19:00.895189,ignorado
0,N/A,9,0,2026-01-05T20:19:00.895194,ignorado
0,N/A,9,0,2026-01-05T20:19:00.895198,ignorado
0,N/A,9,0,2026-01-05T20:19:00.895203,ignorado
0,N/A,9,0,2026-01-05T20:19:00.895207,ignorado
0,N/A,9,0,2026-01-05T20:19:00.895211,ignorado
0,N/A,9,0,2026-01-05T20:19:00.895215,ignorado
0,N/A,9,0,2026-01-05T20:19:00.895219,ignorado
0,N/A,9,0,2026-01-05T20:19:00.895223,ignorado
0,N/A,9,0,2026-01-05T20:19:00.895227,ignorado
0,N/A,9,0,2026-01-05T20:19:00.895231,ignorado
0,N/A,9,0,2026-01-05T20:19:00.895235,ignorado
0,N/A,9,0,2026-01-05T20:19:00.895239,ignorado
0,N/A,9,0,2026-01-05T20:19:00.895243,ignorado
0,N/A,9,0,2026-01-05T20:19:00.895247,ignorado
0,N/A,9,0,2026-01-05T20:19:00.895251,ignorado
0,N/A,9,0,2026-01-05T20:19:00.895261,ignorado
0,N/A,9,0,2026-01-05T20:19:00.895265,ignorado
0,N/A,9,0,2026-01-05T20:19:00.895269,ignorado
0,N/A,9,0,2026-01-05T20:19:00.895273,ignorado
0,N/A,7,0,2026-01-05T20:19:01.069947,ignorado
0,N/A,7,0,2026-01-05T20:19:01.069974,ignorado
0,N/A,7,0,2026-01-05T20:19:01.069981,ignorado
0,N/A,7,0,2026-01-05T20:19:01.069986,ignorado
0,N/A,7,0,2026-01-05T20:19:01.069990,ignorado
0,N/A,7,0,2026-01-05T20:19:01.069994,ignorado
0,N/A,7,0,2026-01-05T20:19:01.069999,ignorado
0,N/A,7,0,2026-01-05T20:19:01.070003,ignorado
0,N/A,7,0,2026-01-05T20:19:01.070008,ignorado
0,N/A,7,0,2026-01-05T20:19:01.070013,ignorado
0,N/A,7,0,2026-01-05T20:19:01.070017,ignorado
0,N/A,7,0,2026-01-05T20:19:01.070021,ignorado
0,N/A,7,0,2026-01-05T20:19:01.070026,ignorado
0,N/A,7,0,2026-01-05T20:19:01.070030,ignorado
0,N/A,7,0,2026-01-05T20:19:01.070034,ignorado
0,N/A,7,0,2026-01-05T20:19:01.070038,ignorado
0,N/A,7,0,2026-01-05T20:19:01.070043,ignorado
0,N/A,7,0,2026-01-05T20:19:01.070046,ignorado
0,N/A,7,0,2026-01-05T20:19:01.070051,ignorado
0,N/A,7,0,2026-01-05T20:19:01.070055,ignorado
0,N/A,7,0,2026-01-05T20:19:01.070059,ignorado
0,N/A,7,0,2026-01-05T20:19:01.070063,ignorado
0,N/A,7,0,2026-01-05T20:19:01.070067,ignorado
0,N/A,7,0,2026-01-05T20:19:01.070071,ignorado
0,N/A,7,0,2026-01-05T20:19:01.070075,ignorado
0,N/A,7,0,2026-01-05T20:19:01.070079,ignorado
0,N/A,7,0,2026-01-05T20:19:01.070083,ignorado
0,N/A,7,0,2026-01-05T20:19:01.070087,ignorado
0,N/A,7,0,2026-01-05T20:19:01.070092,ignorado
0,N/A,7,0,2026-01-05T20:19:01.070096,ignorado
0,N/A,7,0,2026-01-05T20:19:01.070100,ignorado
0,N/A,7,0,2026-01-05T20:19:01.070135,ignorado
0,N/A,7,0,2026-01-05T20:19:01.070139,ignorado
0,N/A,7,0,2026-01-05T20:19:01.070146,ignorado
0,N/A,7,0,2026-01-05T20:19:01.070150,ignorado
0,N/A,7,0,2026-01-05T20:19:01.070154,ignorado
0,N/A,7,0,2026-01-05T20:19:01.070158,ignorado
0,N/A,7,0,2026-01-05T20:19:01.070161,ignorado
0,N/A,7,0,2026-01-05T20:19:01.070166,ignorado
0,N/A,7,0,2026-01-05T20:19:01.070169,ignorado
0,N/A,10,0,2026-01-05T20:19:01.571025,ignorado
0,N/A,10,0,2026-01-05T20:19:01.571053,ignorado
0,N/A,10,0,2026-01-05T20:19:01.571061,ignorado
0,N/A,10,0,2026-01-05T20:19:01.571066,ignorado
0,N/A,10,0,2026-01-05T20:19:01.571071,ignorado
0,N/A,10,0,2026-01-05T20:19:01.571076,ignorado
0,N/A,10,0,2026-01-05T20:19:01.571081,ignorado
0,N/A,10,0,2026-01-05T20:19:01.571085,ignorado
0,N/A,10,0,2026-01-05T20:19:01.571090,ignorado
0,N/A,10,0,2026-01-05T20:19:01.571094,ignorado
0,N/A,10,0,2026-01-05T20:19:01.571098,ignorado
0,N/A,10,0,2026-01-05T20:19:01.571103,ignorado
0,N/A,10,0,2026-01-05T20:19:01.571107,ignorado
0,N/A,10,0,2026-01-05T20:19:01.571113,ignorado
0,N/A,10,0,2026-01-05T20:19:01.571117,ignorado
0,N/A,10,0,2026-01-05T20:19:01.571122,ignorado
0,N/A,10,0,2026-01-05T20:19:01.571127,ignorado
0,N/A,10,0,2026-01-05T20:19:01.571131,ignorado
0,N/A,10,0,2026-01-05T20:19:01.571136,ignorado
0,N/A,10,0,2026-01-05T20:19:01.571139,ignorado
0,N/A,10,0,2026-01-05T20:19:01.571144,ignorado
0,N/A,10,0,2026-01-05T20:19:01.571148,ignorado
0,N/A,10,0,2026-01-05T20:19:01.571153,ignorado
0,N/A,10,0,2026-01-05T20:19:01.571157,ignorado
0,N/A,10,0,2026-01-05T20:19:01.571162,ignorado
0,N/A,10,0,2026-01-05T20:19:01.571182,ignorado
0,1728557-7,10,0,2026-01-05T20:19:01.571186,ignorado
0,N/A,10,0,2026-01-05T20:19:01.571204,ignorado
0,N/A,10,0,2026-01-05T20:19:01.571212,ignorado
0,N/A,10,0,2026-01-05T20:19:01.571232,ignorado
0,N/A,10,0,2026-01-05T20:19:01.571244,ignorado
0,N/A,10,0,2026-01-05T20:19:01.571255,ignorado
0,N/A,4,0,2026-01-05T20:19:02.578243,ignorado
0,N/A,4,0,2026-01-05T20:19:02.578448,ignorado
0,N/A,4,0,2026-01-05T20:19:02.578468,ignorado
0,N/A,4,0,2026-01-05T20:19:02.578479,ignorado
0,1607160-2,4,0,2026-01-05T20:19:02.578489,ignorado
0,N/A,4,0,2026-01-05T20:19:02.578496,ignorado
0,N/A,4,0,2026-01-05T20:19:02.578506,ignorado
0,N/A,4,0,2026-01-05T20:19:02.578516,ignorado
0,N/A,4,0,2026-01-05T20:19:02.578525,ignorado
0,N/A,4,0,2026-01-05T20:19:02.578543,ignorado
0,N/A,4,0,2026-01-05T20:19:02.578553,ignorado
0,1697180-1,4,0,2026-01-05T20:19:02.578584,ignorado
0,N/A,4,0,2026-01-05T20:19:02.578636,ignorado
0,N/A,4,0,2026-01-05T20:19:02.578645,ignorado
0,N/A,4,0,2026-01-05T20:19:02.578655,ignorado
0,N/A,4,0,2026-01-05T20:19:02.578665,ignorado
0,N/A,4,0,2026-01-05T20:19:02.578675,ignorado
0,N/A,4,0,2026-01-05T20:19:02.578684,ignorado
0,N/A,4,0,2026-01-05T20:19:02.578701,ignorado
0,N/A,4,0,2026-01-05T20:19:02.578711,ignorado
0,N/A,4,0,2026-01-05T20:19:02.578720,ignorado
0,N/A,4,0,2026-01-05T20:19:02.578729,ignorado
0,N/A,4,0,2026-01-05T20:19:02.578737,ignorado
0,N/A,3,0,2026-01-05T20:19:02.977581,ignorado
0,N/A,3,0,2026-01-05T20:19:02.977587,ignorado
0,N/A,3,0,2026-01-05T20:19:02.977599,ignorado
0,N/A,3,0,2026-01-05T20:19:02.977603,ignorado
0,N/A,3,0,2026-01-05T20:19:02.977608,ignorado
0,N/A,3,0,2026-01-05T20:19:02.977612,ignorado
0,N/A,3,0,2026-01-05T20:19:02.977617,ignorado
0,N/A,3,0,2026-01-05T20:19:02.977621,ignorado
0,N/A,3,0,2026-01-05T20:19:02.977625,ignorado
0,N/A,3,0,2026-01-05T20:19:02.977630,ignorado
0,N/A,3,0,2026-01-05T20:19:02.977635,ignorado
0,N/A,3,0,2026-01-05T20:19:02.977640,ignorado
0,N/A,3,0,2026-01-05T20:19:02.977644,ignorado
0,N/A,3,0,2026-01-05T20:19:02.977648,ignorado
0,N/A,3,0,2026-01-05T20:19:02.977698,ignorado
0,N/A,3,0,2026-01-05T20:19:02.977715,ignorado
0,1726335-3,8,0,2026-01-05T20:19:03.919453,ignorado
0,N/A,8,0,2026-01-05T20:19:03.919458,ignorado
0,N/A,8,0,2026-01-05T20:19:03.919463,ignorado
0,N/A,8,0,2026-01-05T20:19:03.919486,ignorado
0,N/A,8,0,2026-01-05T20:19:03.919490,ignorado
0,N/A,8,0,2026-01-05T20:19:03.919494,ignorado
0,N/A,8,0,2026-01-05T20:19:03.919547,ignorado
0,N/A,8,0,2026-01-05T20:19:03.919551,ignorado
0,N/A,8,0,2026-01-05T20:19:03.919558,ignorado
0,N/A,8,0,2026-01-05T20:19:03.919581,ignorado
0,N/A,8,0,2026-01-05T20:19:03.919585,ignorado
0,N/A,8,0,2026-01-05T20:19:03.919589,ignorado
0,N/A,8,0,2026-01-05T20:19:03.919593,ignorado
0,N/A,8,0,2026-01-05T20:19:03.919597,ignorado
0,N/A,8,0,2026-01-05T20:19:03.919601,ignorado
0,N/A,8,0,2026-01-05T20:19:03.919604,ignorado
0,N/A,8,0,2026-01-05T20:19:03.919608,ignorado
0,N/A,8,0,2026-01-05T20:19:03.919612,ignorado
0,N/A,8,0,2026-01-05T20:19:03.919615,ignorado
0,N/A,8,0,2026-01-05T20:19:03.919619,ignorado
0,N/A,8,0,2026-01-05T20:19:03.919622,ignorado
0,N/A,2,0,2026-01-05T20:19:03.923892,ignorado
0,N/A,2,0,2026-01-05T20:19:03.923932,ignorado
0,N/A,2,0,2026-01-05T20:19:03.923985,ignorado
0,N/A,2,0,2026-01-05T20:19:03.923998,ignorado
0,N/A,2,0,2026-01-05T20:19:03.924001,ignorado
0,N/A,2,0,2026-01-05T20:19:03.924006,ignorado
0,N/A,2,0,2026-01-05T20:19:03.924010,ignorado
0,N/A,2,0,2026-01-05T20:19:03.924020,ignorado
0,N/A,18,0,2026-01-05T20:19:05.137114,ignorado
0,N/A,18,0,2026-01-05T20:19:05.137153,ignorado
0,N/A,18,0,2026-01-05T20:19:05.137159,ignorado
0,N/A,18,0,2026-01-05T20:19:05.137165,ignorado
0,N/A,18,0,2026-01-05T20:19:05.137169,ignorado
0,N/A,18,0,2026-01-05T20:19:05.137173,ignorado
0,N/A,18,0,2026-01-05T20:19:05.137177,ignorado
0,N/A,18,0,2026-01-05T20:19:05.137182,ignorado
0,N/A,18,0,2026-01-05T20:19:05.137186,ignorado
0,N/A,18,0,2026-01-05T20:19:05.137190,ignorado
0,N/A,18,0,2026-01-05T20:19:05.137194,ignorado
0,N/A,18,0,2026-01-05T20:19:05.137198,ignorado
0,N/A,18,0,2026-01-05T20:19:05.137202,ignorado
0,N/A,18,0,2026-01-05T20:19:05.137207,ignorado
0,N/A,18,0,2026-01-05T20:19:05.137211,ignorado
0,N/A,18,0,2026-01-05T20:19:05.137219,ignorado
0,N/A,18,0,2026-01-05T20:19:05.137223,ignorado
0,N/A,18,0,2026-01-05T20:19:05.137227,ignorado
0,N/A,18,0,2026-01-05T20:19:05.137231,ignorado
0,N/A,18,0,2026-01-05T20:19:05.137237,ignorado
0,N/A,18,0,2026-01-05T20:19:05.137241,ignorado
0,N/A,18,0,2026-01-05T20:19:05.137246,ignorado
0,N/A,18,0,2026-01-05T20:19:05.137251,ignorado
0,N/A,18,0,2026-01-05T20:19:05.137255,ignorado
0,N/A,18,0,2026-01-05T20:19:05.137260,ignorado
0,N/A,18,0,2026-01-05T20:19:05.137263,ignorado
0,N/A,18,0,2026-01-05T20:19:05.137268,ignorado
0,N/A,18,0,2026-01-05T20:19:05.137272,ignorado
0,N/A,18,0,2026-01-05T20:19:05.137276,ignorado
0,N/A,18,0,2026-01-05T20:19:05.137280,ignorado
0,N/A,18,0,2026-01-05T20:19:05.137283,ignorado
0,N/A,18,0,2026-01-05T20:19:05.137287,ignorado
0,N/A,18,0,2026-01-05T20:19:05.137291,ignorado
0,N/A,18,0,2026-01-05T20:19:05.137295,ignorado
0,N/A,18,0,2026-01-05T20:19:05.137299,ignorado
0,N/A,18,0,2026-01-05T20:19:05.137302,ignorado
0,N/A,18,0,2026-01-05T20:19:05.137306,ignorado
0,N/A,18,0,2026-01-05T20:19:05.137310,ignorado
0,N/A,18,0,2026-01-05T20:19:05.137314,ignorado
0,N/A,18,0,2026-01-05T20:19:05.137318,ignorado
0,N/A,18,0,2026-01-05T20:19:05.137322,ignorado
0,N/A,18,0,2026-01-05T20:19:05.137326,ignorado
0,N/A,18,0,2026-01-05T20:19:05.137329,ignorado
0,N/A,18,0,2026-01-05T20:19:05.137333,ignorado
0,N/A,18,0,2026-01-05T20:19:05.137337,ignorado
0,N/A,18,0,2026-01-05T20:19:05.137341,ignorado
0,N/A,18,0,2026-01-05T20:19:05.137345,ignorado
0,N/A,18,0,2026-01-05T20:19:05.137348,ignorado
0,N/A,11,0,2026-01-05T20:19:05.602252,ignorado
0,N/A,11,0,2026-01-05T20:19:05.602296,ignorado
0,N/A,11,0,2026-01-05T20:19:05.602313,ignorado
0,N/A,11,0,2026-01-05T20:19:05.602322,ignorado
0,N/A,11,0,2026-01-05T20:19:05.602327,ignorado
0,N/A,11,0,2026-01-05T20:19:05.602332,ignorado
0,N/A,11,0,2026-01-05T20:19:05.602337,ignorado
0,N/A,11,0,2026-01-05T20:19:05.602373,ignorado
0,N/A,11,0,2026-01-05T20:19:05.602377,ignorado
0,N/A,11,0,2026-01-05T20:19:05.602382,ignorado
0,N/A,11,0,2026-01-05T20:19:05.602396,ignorado
0,N/A,11,0,2026-01-05T20:19:05.602400,ignorado
0,N/A,11,0,2026-01-05T20:19:05.602427,ignorado
0,N/A,17,0,2026-01-05T20:19:05.689304,ignorado
0,N/A,17,0,2026-01-05T20:19:05.689332,ignorado
0,N/A,17,0,2026-01-05T20:19:05.689354,ignorado
0,N/A,17,0,2026-01-05T20:19:05.689367,ignorado
0,N/A,17,0,2026-01-05T20:19:05.689389,ignorado
0,N/A,17,0,2026-01-05T20:19:05.689393,ignorado
0,N/A,17,0,2026-01-05T20:19:05.689398,ignorado
0,N/A,17,0,2026-01-05T20:19:05.689403,ignorado
0,N/A,17,0,2026-01-05T20:19:05.689407,ignorado
0,N/A,17,0,2026-01-05T20:19:05.689411,ignorado
0,N/A,17,0,2026-01-05T20:19:05.689416,ignorado
0,N/A,17,0,2026-01-05T20:19:05.689420,ignorado
0,N/A,17,0,2026-01-05T20:19:05.689424,ignorado
0,N/A,17,0,2026-01-05T20:19:05.689428,ignorado
0,N/A,17,0,2026-01-05T20:19:05.689433,ignorado
0,N/A,17,0,2026-01-05T20:19:05.689441,ignorado
0,N/A,17,0,2026-01-05T20:19:05.689445,ignorado
0,N/A,17,0,2026-01-05T20:19:05.689450,ignorado
0,N/A,17,0,2026-01-05T20:19:05.689454,ignorado
0,N/A,17,0,2026-01-05T20:19:05.689458,ignorado
0,N/A,17,0,2026-01-05T20:19:05.689462,ignorado
0,N/A,17,0,2026-01-05T20:19:05.689466,ignorado
0,N/A,17,0,2026-01-05T20:19:05.689470,ignorado
0,N/A,17,0,2026-01-05T20:19:05.689474,ignorado
0,N/A,17,0,2026-01-05T20:19:05.689478,ignorado
0,N/A,17,0,2026-01-05T20:19:05.689481,ignorado
0,N/A,17,0,2026-01-05T20:19:05.689485,ignorado
0,N/A,17,0,2026-01-05T20:19:05.689490,ignorado
0,N/A,17,0,2026-01-05T20:19:05.689494,ignorado
0,N/A,17,0,2026-01-05T20:19:05.689498,ignorado
0,N/A,17,0,2026-01-05T20:19:05.689501,ignorado
0,N/A,17,0,2026-01-05T20:19:05.689505,ignorado
0,N/A,17,0,2026-01-05T20:19:05.689509,ignorado
0,N/A,17,0,2026-01-05T20:19:05.689512,ignorado
0,N/A,17,0,2026-01-05T20:19:05.689516,ignorado
0,N/A,17,0,2026-01-05T20:19:05.689520,ignorado
0,N/A,17,0,2026-01-05T20:19:05.689524,ignorado
0,N/A,17,0,2026-01-05T20:19:05.689528,ignorado
0,N/A,17,0,2026-01-05T20:19:05.689532,ignorado
0,N/A,19,0,2026-01-05T20:19:06.405374,ignorado
0,N/A,19,0,2026-01-05T20:19:06.405406,ignorado
0,N/A,19,0,2026-01-05T20:19:06.405413,ignorado
0,N/A,19,0,2026-01-05T20:19:06.405419,ignorado
0,N/A,19,0,2026-01-05T20:19:06.405424,ignorado
0,N/A,19,0,2026-01-05T20:19:06.405429,ignorado
0,N/A,19,0,2026-01-05T20:19:06.405433,ignorado
0,N/A,19,0,2026-01-05T20:19:06.405438,ignorado
0,N/A,19,0,2026-01-05T20:19:06.405442,ignorado
0,N/A,19,0,2026-01-05T20:19:06.405448,ignorado
0,N/A,19,0,2026-01-05T20:19:06.405453,ignorado
0,N/A,19,0,2026-01-05T20:19:06.405457,ignorado
0,N/A,19,0,2026-01-05T20:19:06.405462,ignorado
0,N/A,19,0,2026-01-05T20:19:06.405466,ignorado
0,N/A,19,0,2026-01-05T20:19:06.405471,ignorado
0,N/A,19,0,2026-01-05T20:19:06.405475,ignorado
0,N/A,19,0,2026-01-05T20:19:06.405480,ignorado
0,N/A,19,0,2026-01-05T20:19:06.405484,ignorado
0,N/A,19,0,2026-01-05T20:19:06.405488,ignorado
0,N/A,19,0,2026-01-05T20:19:06.405493,ignorado
0,N/A,19,0,2026-01-05T20:19:06.405497,ignorado
0,N/A,19,0,2026-01-05T20:19:06.405502,ignorado
0,N/A,19,0,2026-01-05T20:19:06.405506,ignorado
0,N/A,19,0,2026-01-05T20:19:06.405511,ignorado
0,N/A,19,0,2026-01-05T20:19:06.405515,ignorado
0,N/A,19,0,2026-01-05T20:19:06.405519,ignorado
0,N/A,19,0,2026-01-05T20:19:06.405524,ignorado
0,N/A,19,0,2026-01-05T20:19:06.405528,ignorado
0,N/A,19,0,2026-01-05T20:19:06.405533,ignorado
0,N/A,19,0,2026-01-05T20:19:06.405537,ignorado
0,N/A,19,0,2026-01-05T20:19:06.405541,ignorado
0,N/A,19,0,2026-01-05T20:19:06.405545,ignorado
0,N/A,19,0,2026-01-05T20:19:06.405550,ignorado
0,N/A,19,0,2026-01-05T20:19:06.405554,ignorado
0,N/A,19,0,2026-01-05T20:19:06.405558,ignorado
0,N/A,19,0,2026-01-05T20:19:06.405561,ignorado
0,N/A,19,0,2026-01-05T20:19:06.405566,ignorado
0,N/A,19,0,2026-01-05T20:19:06.405570,ignorado
0,N/A,19,0,2026-01-05T20:19:06.405574,ignorado
0,N/A,19,0,2026-01-05T20:19:06.405579,ignorado
0,N/A,19,0,2026-01-05T20:19:06.405583,ignorado
0,N/A,19,0,2026-01-05T20:19:06.405586,ignorado
0,N/A,19,0,2026-01-05T20:19:06.405590,ignorado
0,N/A,19,0,2026-01-05T20:19:06.405595,ignorado
0,N/A,19,0,2026-01-05T20:19:06.405599,ignorado
0,N/A,19,0,2026-01-05T20:19:06.405603,ignorado
0,N/A,19,0,2026-01-05T20:19:06.405607,ignorado
0,N/A,19,0,2026-01-05T20:19:06.405611,ignorado
0,N/A,19,0,2026-01-05T20:19:06.405615,ignorado
0,N/A,19,0,2026-01-05T20:19:06.405619,ignorado
0,N/A,20,0,2026-01-05T20:19:07.652132,ignorado
0,N/A,20,0,2026-01-05T20:19:07.652161,ignorado
0,N/A,20,0,2026-01-05T20:19:07.652169,ignorado
0,N/A,20,0,2026-01-05T20:19:07.652175,ignorado
0,N/A,20,0,2026-01-05T20:19:07.652180,ignorado
0,N/A,20,0,2026-01-05T20:19:07.652184,ignorado
0,N/A,20,0,2026-01-05T20:19:07.652188,ignorado
0,N/A,20,0,2026-01-05T20:19:07.652193,ignorado
0,N/A,20,0,2026-01-05T20:19:07.652198,ignorado
0,N/A,20,0,2026-01-05T20:19:07.652203,ignorado
0,N/A,20,0,2026-01-05T20:19:07.652207,ignorado
0,N/A,20,0,2026-01-05T20:19:07.652211,ignorado
0,N/A,20,0,2026-01-05T20:19:07.652215,ignorado
0,N/A,20,0,2026-01-05T20:19:07.652219,ignorado
0,N/A,20,0,2026-01-05T20:19:07.652223,ignorado
0,N/A,20,0,2026-01-05T20:19:07.652228,ignorado
0,N/A,20,0,2026-01-05T20:19:07.652232,ignorado
0,N/A,20,0,2026-01-05T20:19:07.652236,ignorado
0,N/A,20,0,2026-01-05T20:19:07.652240,ignorado
0,N/A,20,0,2026-01-05T20:19:07.652244,ignorado
0,N/A,20,0,2026-01-05T20:19:07.652249,ignorado
0,N/A,20,0,2026-01-05T20:19:07.652252,ignorado
0,N/A,20,0,2026-01-05T20:19:07.652257,ignorado
0,N/A,20,0,2026-01-05T20:19:07.652261,ignorado
0,N/A,20,0,2026-01-05T20:19:07.652265,ignorado
0,N/A,20,0,2026-01-05T20:19:07.652269,ignorado
0,N/A,20,0,2026-01-05T20:19:07.652273,ignorado
0,N/A,20,0,2026-01-05T20:19:07.652277,ignorado
0,N/A,20,0,2026-01-05T20:19:07.652281,ignorado
0,N/A,20,0,2026-01-05T20:19:07.652285,ignorado
0,N/A,20,0,2026-01-05T20:19:07.652289,ignorado
0,N/A,20,0,2026-01-05T20:19:07.652293,ignorado
0,N/A,20,0,2026-01-05T20:19:07.652297,ignorado
0,N/A,20,0,2026-01-05T20:19:07.652302,ignorado
0,N/A,20,0,2026-01-05T20:19:07.652306,ignorado
0,N/A,20,0,2026-01-05T20:19:07.652310,ignorado
0,N/A,20,0,2026-01-05T20:19:07.652314,ignorado
0,N/A,20,0,2026-01-05T20:19:07.652318,ignorado
0,N/A,20,0,2026-01-05T20:19:07.652322,ignorado
0,N/A,20,0,2026-01-05T20:19:07.652327,ignorado
0,N/A,20,0,2026-01-05T20:19:07.652331,ignorado
0,N/A,20,0,2026-01-05T20:19:07.652335,ignorado
0,N/A,20,0,2026-01-05T20:19:07.652339,ignorado
0,N/A,20,0,2026-01-05T20:19:07.652343,ignorado
0,N/A,20,0,2026-01-05T20:19:07.652347,ignorado
0,N/A,20,0,2026-01-05T20:19:07.652351,ignorado
0,N/A,20,0,2026-01-05T20:19:07.652355,ignorado
0,N/A,20,0,2026-01-05T20:19:07.652359,ignorado
0,N/A,20,0,2026-01-05T20:19:07.652363,ignorado
0,N/A,20,0,2026-01-05T20:19:07.652367,ignorado
0,N/A,21,0,2026-01-05T20:19:08.696330,ignorado
0,N/A,21,0,2026-01-05T20:19:08.696365,ignorado
0,N/A,21,0,2026-01-05T20:19:08.696373,ignorado
0,N/A,21,0,2026-01-05T20:19:08.696378,ignorado
0,N/A,21,0,2026-01-05T20:19:08.696383,ignorado
0,N/A,21,0,2026-01-05T20:19:08.696388,ignorado
0,N/A,21,0,2026-01-05T20:19:08.696392,ignorado
0,N/A,21,0,2026-01-05T20:19:08.696397,ignorado
0,N/A,21,0,2026-01-05T20:19:08.696401,ignorado
0,N/A,21,0,2026-01-05T20:19:08.696412,ignorado
0,N/A,21,0,2026-01-05T20:19:08.696416,ignorado
0,N/A,21,0,2026-01-05T20:19:08.696421,ignorado
0,N/A,21,0,2026-01-05T20:19:08.696427,ignorado
0,N/A,21,0,2026-01-05T20:19:08.696432,ignorado
0,N/A,21,0,2026-01-05T20:19:08.696437,ignorado
0,N/A,21,0,2026-01-05T20:19:08.696441,ignorado
0,N/A,21,0,2026-01-05T20:19:08.696446,ignorado
0,N/A,21,0,2026-01-05T20:19:08.696451,ignorado
0,N/A,21,0,2026-01-05T20:19:08.696455,ignorado
0,N/A,21,0,2026-01-05T20:19:08.696460,ignorado
0,N/A,21,0,2026-01-05T20:19:08.696464,ignorado
0,N/A,21,0,2026-01-05T20:19:08.696468,ignorado
0,N/A,21,0,2026-01-05T20:19:08.696473,ignorado
0,N/A,21,0,2026-01-05T20:19:08.696476,ignorado
0,N/A,21,0,2026-01-05T20:19:08.696480,ignorado
0,N/A,21,0,2026-01-05T20:19:08.696485,ignorado
0,N/A,21,0,2026-01-05T20:19:08.696488,ignorado
0,N/A,21,0,2026-01-05T20:19:08.696493,ignorado
0,N/A,21,0,2026-01-05T20:19:08.696497,ignorado
0,N/A,21,0,2026-01-05T20:19:08.696500,ignorado
0,N/A,21,0,2026-01-05T20:19:08.696505,ignorado
0,N/A,21,0,2026-01-05T20:19:08.696509,ignorado
0,N/A,21,0,2026-01-05T20:19:08.696513,ignorado
0,N/A,21,0,2026-01-05T20:19:08.696517,ignorado
0,N/A,21,0,2026-01-05T20:19:08.696521,ignorado
0,N/A,21,0,2026-01-05T20:19:08.696525,ignorado
0,N/A,21,0,2026-01-05T20:19:08.696529,ignorado
0,N/A,21,0,2026-01-05T20:19:08.696533,ignorado
0,N/A,21,0,2026-01-05T20:19:08.696536,ignorado
0,N/A,21,0,2026-01-05T20:19:08.696540,ignorado
0,N/A,21,0,2026-01-05T20:19:08.696545,ignorado
0,N/A,21,0,2026-01-05T20:19:08.696549,ignorado
0,N/A,21,0,2026-01-05T20:19:08.696553,ignorado
0,N/A,21,0,2026-01-05T20:19:08.696557,ignorado
0,N/A,21,0,2026-01-05T20:19:08.696561,ignorado
0,N/A,21,0,2026-01-05T20:19:08.696565,ignorado
0,N/A,21,0,2026-01-05T20:19:08.696777,ignorado
0,N/A,21,0,2026-01-05T20:19:08.696784,ignorado
0,N/A,21,0,2026-01-05T20:19:08.696788,ignorado
0,N/A,22,0,2026-01-05T20:19:09.928229,ignorado
0,N/A,22,0,2026-01-05T20:19:09.928269,ignorado
0,N/A,22,0,2026-01-05T20:19:09.928276,ignorado
0,N/A,22,0,2026-01-05T20:19:09.928282,ignorado
0,N/A,22,0,2026-01-05T20:19:09.928288,ignorado
0,N/A,22,0,2026-01-05T20:19:09.928299,ignorado
0,N/A,22,0,2026-01-05T20:19:09.928305,ignorado
0,N/A,22,0,2026-01-05T20:19:09.928310,ignorado
0,N/A,22,0,2026-01-05T20:19:09.928315,ignorado
0,N/A,22,0,2026-01-05T20:19:09.928320,ignorado
0,N/A,22,0,2026-01-05T20:19:09.928325,ignorado
0,N/A,22,0,2026-01-05T20:19:09.928329,ignorado
0,N/A,22,0,2026-01-05T20:19:09.928334,ignorado
0,N/A,22,0,2026-01-05T20:19:09.928338,ignorado
0,N/A,22,0,2026-01-05T20:19:09.928342,ignorado
0,N/A,22,0,2026-01-05T20:19:09.928347,ignorado
0,N/A,22,0,2026-01-05T20:19:09.928352,ignorado
0,N/A,22,0,2026-01-05T20:19:09.928357,ignorado
0,N/A,22,0,2026-01-05T20:19:09.928361,ignorado
0,N/A,22,0,2026-01-05T20:19:09.928365,ignorado
0,N/A,22,0,2026-01-05T20:19:09.928370,ignorado
0,N/A,22,0,2026-01-05T20:19:09.928375,ignorado
0,N/A,22,0,2026-01-05T20:19:09.928380,ignorado
0,N/A,22,0,2026-01-05T20:19:09.928384,ignorado
0,N/A,22,0,2026-01-05T20:19:09.928388,ignorado
0,N/A,22,0,2026-01-05T20:19:09.928393,ignorado
0,N/A,22,0,2026-01-05T20:19:09.928397,ignorado
0,N/A,22,0,2026-01-05T20:19:09.928401,ignorado
0,N/A,22,0,2026-01-05T20:19:09.928405,ignorado
0,N/A,22,0,2026-01-05T20:19:09.928409,ignorado
0,N/A,22,0,2026-01-05T20:19:09.928413,ignorado
0,N/A,22,0,2026-01-05T20:19:09.928417,ignorado
0,N/A,22,0,2026-01-05T20:19:09.928421,ignorado
0,N/A,22,0,2026-01-05T20:19:09.928425,ignorado
0,N/A,22,0,2026-01-05T20:19:09.928429,ignorado
0,N/A,22,0,2026-01-05T20:19:09.928433,ignorado
0,N/A,22,0,2026-01-05T20:19:09.928438,ignorado
0,N/A,22,0,2026-01-05T20:19:09.928442,ignorado
0,N/A,22,0,2026-01-05T20:19:09.928446,ignorado
0,N/A,22,0,2026-01-05T20:19:09.928451,ignorado
0,N/A,22,0,2026-01-05T20:19:09.928455,ignorado
0,N/A,22,0,2026-01-05T20:19:09.928459,ignorado
0,N/A,22,0,2026-01-05T20:19:09.928464,ignorado
0,N/A,22,0,2026-01-05T20:19:09.928468,ignorado
0,N/A,22,0,2026-01-05T20:19:09.928472,ignorado
0,N/A,22,0,2026-01-05T20:19:09.928477,ignorado
0,N/A,22,0,2026-01-05T20:19:09.928481,ignorado
0,N/A,22,0,2026-01-05T20:19:09.928485,ignorado
0,N/A,24,0,2026-01-05T20:19:09.948798,ignorado
0,N/A,24,0,2026-01-05T20:19:09.948826,ignorado
0,N/A,24,0,2026-01-05T20:19:09.948833,ignorado
0,N/A,24,0,2026-01-05T20:19:09.948838,ignorado
0,N/A,24,0,2026-01-05T20:19:09.948844,ignorado
0,N/A,24,0,2026-01-05T20:19:09.948849,ignorado
0,N/A,24,0,2026-01-05T20:19:09.948854,ignorado
0,N/A,24,0,2026-01-05T20:19:09.948859,ignorado
0,N/A,24,0,2026-01-05T20:19:09.948864,ignorado
0,N/A,24,0,2026-01-05T20:19:09.948869,ignorado
0,N/A,24,0,2026-01-05T20:19:09.948874,ignorado
0,N/A,24,0,2026-01-05T20:19:09.948879,ignorado
0,N/A,24,0,2026-01-05T20:19:09.948884,ignorado
0,N/A,24,0,2026-01-05T20:19:09.948889,ignorado
0,N/A,24,0,2026-01-05T20:19:09.948894,ignorado
0,N/A,24,0,2026-01-05T20:19:09.948899,ignorado
0,N/A,24,0,2026-01-05T20:19:09.948904,ignorado
0,N/A,24,0,2026-01-05T20:19:09.948908,ignorado
0,N/A,24,0,2026-01-05T20:19:09.948912,ignorado
0,N/A,24,0,2026-01-05T20:19:09.948917,ignorado
0,N/A,24,0,2026-01-05T20:19:09.948922,ignorado
0,N/A,24,0,2026-01-05T20:19:09.948926,ignorado
0,N/A,24,0,2026-01-05T20:19:09.948931,ignorado
0,N/A,24,0,2026-01-05T20:19:09.948936,ignorado
0,N/A,24,0,2026-01-05T20:19:09.948940,ignorado
0,N/A,24,0,2026-01-05T20:19:09.948945,ignorado
0,N/A,24,0,2026-01-05T20:19:09.948949,ignorado
0,N/A,24,0,2026-01-05T20:19:09.948954,ignorado
0,N/A,24,0,2026-01-05T20:19:09.948959,ignorado
0,N/A,24,0,2026-01-05T20:19:09.948963,ignorado
0,N/A,24,0,2026-01-05T20:19:09.948967,ignorado
0,N/A,24,0,2026-01-05T20:19:09.948972,ignorado
0,N/A,24,0,2026-01-05T20:19:09.948976,ignorado
0,N/A,24,0,2026-01-05T20:19:09.948980,ignorado
0,N/A,24,0,2026-01-05T20:19:09.948985,ignorado
0,N/A,24,0,2026-01-05T20:19:09.948989,ignorado
0,N/A,24,0,2026-01-05T20:19:09.948994,ignorado
0,N/A,24,0,2026-01-05T20:19:09.948998,ignorado
0,N/A,24,0,2026-01-05T20:19:09.949003,ignorado
0,N/A,24,0,2026-01-05T20:19:09.949007,ignorado
0,N/A,24,0,2026-01-05T20:19:09.949012,ignorado
0,N/A,24,0,2026-01-05T20:19:09.949016,ignorado
0,N/A,24,0,2026-01-05T20:19:09.949021,ignorado
0,N/A,24,0,2026-01-05T20:19:09.949025,ignorado
0,N/A,24,0,2026-01-05T20:19:09.949030,ignorado
0,N/A,24,0,2026-01-05T20:19:09.949034,ignorado
0,N/A,24,0,2026-01-05T20:19:09.949038,ignorado
0,N/A,24,0,2026-01-05T20:19:09.949042,ignorado
0,N/A,24,0,2026-01-05T20:19:09.949046,ignorado
0,N/A,24,0,2026-01-05T20:19:09.949049,ignorado
0,0064511-22.2015.8.16.0014,16,0,2026-01-05T20:19:10.464939,ignorado
0,N/A,16,0,2026-01-05T20:19:10.465040,ignorado
0,N/A,16,0,2026-01-05T20:19:10.465046,ignorado
0,N/A,16,0,2026-01-05T20:19:10.465079,ignorado
0,N/A,16,0,2026-01-05T20:19:10.465091,ignorado
0,N/A,16,0,2026-01-05T20:19:10.465114,ignorado
0,N/A,16,0,2026-01-05T20:19:10.465122,ignorado
0,N/A,25,0,2026-01-05T20:19:10.840554,ignorado
0,N/A,25,0,2026-01-05T20:19:10.840575,ignorado
0,N/A,25,0,2026-01-05T20:19:10.840583,ignorado
0,N/A,25,0,2026-01-05T20:19:10.840589,ignorado
0,N/A,25,0,2026-01-05T20:19:10.840594,ignorado
0,N/A,25,0,2026-01-05T20:19:10.840599,ignorado
0,N/A,25,0,2026-01-05T20:19:10.840603,ignorado
0,N/A,25,0,2026-01-05T20:19:10.840608,ignorado
0,N/A,25,0,2026-01-05T20:19:10.840612,ignorado
0,N/A,25,0,2026-01-05T20:19:10.840616,ignorado
0,N/A,25,0,2026-01-05T20:19:10.840620,ignorado
0,N/A,25,0,2026-01-05T20:19:10.840624,ignorado
0,N/A,25,0,2026-01-05T20:19:10.840628,ignorado
0,N/A,25,0,2026-01-05T20:19:10.840633,ignorado
0,N/A,25,0,2026-01-05T20:19:10.840637,ignorado
0,N/A,25,0,2026-01-05T20:19:10.840641,ignorado
0,N/A,25,0,2026-01-05T20:19:10.840645,ignorado
0,N/A,25,0,2026-01-05T20:19:10.840649,ignorado
0,N/A,25,0,2026-01-05T20:19:10.840653,ignorado
0,N/A,25,0,2026-01-05T20:19:10.840657,ignorado
0,N/A,25,0,2026-01-05T20:19:10.840661,ignorado
0,N/A,25,0,2026-01-05T20:19:10.840665,ignorado
0,N/A,25,0,2026-01-05T20:19:10.840669,ignorado
0,N/A,25,0,2026-01-05T20:19:10.840673,ignorado
0,N/A,25,0,2026-01-05T20:19:10.840677,ignorado
0,N/A,25,0,2026-01-05T20:19:10.840681,ignorado
0,N/A,25,0,2026-01-05T20:19:10.840685,ignorado
0,N/A,25,0,2026-01-05T20:19:10.840689,ignorado
0,N/A,25,0,2026-01-05T20:19:10.840693,ignorado
0,N/A,25,0,2026-01-05T20:19:10.840698,ignorado
0,N/A,25,0,2026-01-05T20:19:10.840701,ignorado
0,N/A,25,0,2026-01-05T20:19:10.840706,ignorado
0,N/A,25,0,2026-01-05T20:19:10.840710,ignorado
0,N/A,25,0,2026-01-05T20:19:10.840714,ignorado
0,N/A,25,0,2026-01-05T20:19:10.840718,ignorado
0,N/A,25,0,2026-01-05T20:19:10.840721,ignorado
0,N/A,25,0,2026-01-05T20:19:10.840726,ignorado
0,N/A,25,0,2026-01-05T20:19:10.840730,ignorado
0,N/A,25,0,2026-01-05T20:19:10.840733,ignorado
0,N/A,25,0,2026-01-05T20:19:10.840737,ignorado
0,N/A,25,0,2026-01-05T20:19:10.840741,ignorado
0,N/A,25,0,2026-01-05T20:19:10.840746,ignorado
0,N/A,25,0,2026-01-05T20:19:10.840750,ignorado
0,N/A,25,0,2026-01-05T20:19:10.840753,ignorado
0,N/A,25,0,2026-01-05T20:19:10.840757,ignorado
0,N/A,25,0,2026-01-05T20:19:10.840761,ignorado
0,N/A,25,0,2026-01-05T20:19:10.840765,ignorado
0,N/A,25,0,2026-01-05T20:19:10.840768,ignorado
0,N/A,25,0,2026-01-05T20:19:10.840772,ignorado
0,N/A,25,0,2026-01-05T20:19:10.840776,ignorado
0,N/A,26,0,2026-01-05T20:19:11.277195,ignorado
0,N/A,26,0,2026-01-05T20:19:11.277218,ignorado
0,N/A,26,0,2026-01-05T20:19:11.277227,ignorado
0,N/A,26,0,2026-01-05T20:19:11.277232,ignorado
0,N/A,26,0,2026-01-05T20:19:11.277237,ignorado
0,N/A,26,0,2026-01-05T20:19:11.277242,ignorado
0,N/A,26,0,2026-01-05T20:19:11.277246,ignorado
0,N/A,26,0,2026-01-05T20:19:11.277250,ignorado
0,N/A,26,0,2026-01-05T20:19:11.277254,ignorado
0,N/A,26,0,2026-01-05T20:19:11.277258,ignorado
0,N/A,26,0,2026-01-05T20:19:11.277263,ignorado
0,N/A,26,0,2026-01-05T20:19:11.277267,ignorado
0,N/A,26,0,2026-01-05T20:19:11.277271,ignorado
0,N/A,26,0,2026-01-05T20:19:11.277275,ignorado
0,N/A,26,0,2026-01-05T20:19:11.277279,ignorado
0,N/A,26,0,2026-01-05T20:19:11.277283,ignorado
0,N/A,26,0,2026-01-05T20:19:11.277288,ignorado
0,N/A,26,0,2026-01-05T20:19:11.277292,ignorado
0,N/A,26,0,2026-01-05T20:19:11.277296,ignorado
0,N/A,26,0,2026-01-05T20:19:11.277300,ignorado
0,N/A,26,0,2026-01-05T20:19:11.277303,ignorado
0,N/A,26,0,2026-01-05T20:19:11.277307,ignorado
0,N/A,26,0,2026-01-05T20:19:11.277311,ignorado
0,N/A,26,0,2026-01-05T20:19:11.277315,ignorado
0,N/A,26,0,2026-01-05T20:19:11.277320,ignorado
0,N/A,26,0,2026-01-05T20:19:11.277323,ignorado
0,N/A,26,0,2026-01-05T20:19:11.277327,ignorado
0,N/A,26,0,2026-01-05T20:19:11.277331,ignorado
0,N/A,26,0,2026-01-05T20:19:11.277335,ignorado
0,N/A,26,0,2026-01-05T20:19:11.277338,ignorado
0,N/A,26,0,2026-01-05T20:19:11.277342,ignorado
0,N/A,26,0,2026-01-05T20:19:11.277346,ignorado
0,N/A,26,0,2026-01-05T20:19:11.277350,ignorado
0,N/A,26,0,2026-01-05T20:19:11.277354,ignorado
0,N/A,26,0,2026-01-05T20:19:11.277358,ignorado
0,N/A,26,0,2026-01-05T20:19:11.277362,ignorado
0,N/A,26,0,2026-01-05T20:19:11.277365,ignorado
0,N/A,26,0,2026-01-05T20:19:11.277369,ignorado
0,N/A,26,0,2026-01-05T20:19:11.277373,ignorado
0,N/A,26,0,2026-01-05T20:19:11.277377,ignorado
0,N/A,26,0,2026-01-05T20:19:11.277381,ignorado
0,N/A,26,0,2026-01-05T20:19:11.277385,ignorado
0,N/A,26,0,2026-01-05T20:19:11.277388,ignorado
0,N/A,26,0,2026-01-05T20:19:11.277392,ignorado
0,N/A,26,0,2026-01-05T20:19:11.277396,ignorado
0,N/A,26,0,2026-01-05T20:19:11.277400,ignorado
0,N/A,26,0,2026-01-05T20:19:11.277404,ignorado
0,N/A,26,0,2026-01-05T20:19:11.277407,ignorado
0,N/A,26,0,2026-01-05T20:19:11.277411,ignorado
0,N/A,26,0,2026-01-05T20:19:11.277415,ignorado
0,N/A,23,0,2026-01-05T20:19:11.406089,ignorado
0,N/A,23,0,2026-01-05T20:19:11.406104,ignorado
0,N/A,23,0,2026-01-05T20:19:11.406109,ignorado
0,N/A,23,0,2026-01-05T20:19:11.406123,ignorado
0,N/A,23,0,2026-01-05T20:19:11.406128,ignorado
0,N/A,23,0,2026-01-05T20:19:11.406145,ignorado
0,N/A,23,0,2026-01-05T20:19:11.406157,ignorado
0,N/A,23,0,2026-01-05T20:19:11.406162,ignorado
0,N/A,23,0,2026-01-05T20:19:11.406170,ignorado
0,N/A,23,0,2026-01-05T20:19:11.406194,ignorado
0,N/A,23,0,2026-01-05T20:19:11.406199,ignorado
0,N/A,23,0,2026-01-05T20:19:11.406203,ignorado
0,N/A,23,0,2026-01-05T20:19:11.406209,ignorado
0,N/A,23,0,2026-01-05T20:19:11.406213,ignorado
0,N/A,23,0,2026-01-05T20:19:11.406217,ignorado
0,N/A,23,0,2026-01-05T20:19:11.406221,ignorado
0,N/A,23,0,2026-01-05T20:19:11.406225,ignorado
0,N/A,23,0,2026-01-05T20:19:11.406229,ignorado
0,N/A,23,0,2026-01-05T20:19:11.406233,ignorado
0,N/A,23,0,2026-01-05T20:19:11.406237,ignorado
0,N/A,23,0,2026-01-05T20:19:11.406240,ignorado
0,N/A,23,0,2026-01-05T20:19:11.406244,ignorado
0,N/A,23,0,2026-01-05T20:19:11.406249,ignorado
0,N/A,23,0,2026-01-05T20:19:11.406252,ignorado
0,N/A,23,0,2026-01-05T20:19:11.406256,ignorado
0,N/A,23,0,2026-01-05T20:19:11.406261,ignorado
0,N/A,23,0,2026-01-05T20:19:11.406264,ignorado
0,N/A,23,0,2026-01-05T20:19:11.406269,ignorado
0,N/A,23,0,2026-01-05T20:19:11.406273,ignorado
0,N/A,23,0,2026-01-05T20:19:11.406277,ignorado
0,N/A,23,0,2026-01-05T20:19:11.406281,ignorado
0,N/A,23,0,2026-01-05T20:19:11.406285,ignorado
0,N/A,23,0,2026-01-05T20:19:11.406289,ignorado
0,N/A,23,0,2026-01-05T20:19:11.406293,ignorado
0,N/A,15,0,2026-01-05T20:19:11.439690,ignorado
0,N/A,15,0,2026-01-05T20:19:11.439698,ignorado
0,N/A,15,0,2026-01-05T20:19:11.439706,ignorado
0,N/A,15,0,2026-01-05T20:19:11.439713,ignorado
0,N/A,15,0,2026-01-05T20:19:11.439720,ignorado
0,N/A,15,0,2026-01-05T20:19:11.439726,ignorado
0,N/A,15,0,2026-01-05T20:19:11.439733,ignorado
0,N/A,15,0,2026-01-05T20:19:11.439739,ignorado
0,N/A,15,0,2026-01-05T20:19:11.439745,ignorado
0,N/A,15,0,2026-01-05T20:19:11.439751,ignorado
0,N/A,15,0,2026-01-05T20:19:11.439757,ignorado
0,N/A,15,0,2026-01-05T20:19:11.439763,ignorado
0,N/A,15,0,2026-01-05T20:19:11.439769,ignorado
0,N/A,15,0,2026-01-05T20:19:11.439776,ignorado
0,N/A,15,0,2026-01-05T20:19:11.439782,ignorado
0,N/A,15,0,2026-01-05T20:19:11.439788,ignorado
0,N/A,15,0,2026-01-05T20:19:11.439794,ignorado
0,N/A,15,0,2026-01-05T20:19:11.439800,ignorado
0,N/A,15,0,2026-01-05T20:19:11.439807,ignorado
0,N/A,15,0,2026-01-05T20:19:11.439813,ignorado
0,N/A,15,0,2026-01-05T20:19:11.439819,ignorado
0,N/A,15,0,2026-01-05T20:19:11.439824,ignorado
0,N/A,15,0,2026-01-05T20:19:11.439831,ignorado
0,N/A,15,0,2026-01-05T20:19:11.439836,ignorado
0,N/A,15,0,2026-01-05T20:19:11.439843,ignorado
0,N/A,15,0,2026-01-05T20:19:11.439849,ignorado
0,N/A,15,0,2026-01-05T20:19:11.439855,ignorado
0,N/A,15,0,2026-01-05T20:19:11.439882,ignorado
0,N/A,27,0,2026-01-05T20:19:11.845861,ignorado
0,N/A,27,0,2026-01-05T20:19:11.845892,ignorado
0,N/A,27,0,2026-01-05T20:19:11.845900,ignorado
0,N/A,27,0,2026-01-05T20:19:11.845906,ignorado
0,N/A,27,0,2026-01-05T20:19:11.845913,ignorado
0,N/A,27,0,2026-01-05T20:19:11.845919,ignorado
0,N/A,27,0,2026-01-05T20:19:11.845924,ignorado
0,N/A,27,0,2026-01-05T20:19:11.845930,ignorado
0,N/A,27,0,2026-01-05T20:19:11.845936,ignorado
0,N/A,27,0,2026-01-05T20:19:11.845942,ignorado
0,N/A,27,0,2026-01-05T20:19:11.845948,ignorado
0,N/A,27,0,2026-01-05T20:19:11.845976,ignorado
0,N/A,27,0,2026-01-05T20:19:11.846001,ignorado
0,N/A,27,0,2026-01-05T20:19:11.846037,ignorado
0,N/A,27,0,2026-01-05T20:19:11.846070,ignorado
0,N/A,27,0,2026-01-05T20:19:11.846094,ignorado
0,N/A,27,0,2026-01-05T20:19:11.846104,ignorado
0,N/A,27,0,2026-01-05T20:19:11.846122,ignorado
0,N/A,27,0,2026-01-05T20:19:11.846127,ignorado
0,N/A,27,0,2026-01-05T20:19:11.846146,ignorado
0,N/A,30,0,2026-01-05T20:19:15.125900,ignorado
0,N/A,30,0,2026-01-05T20:19:15.125952,ignorado
0,N/A,30,0,2026-01-05T20:19:15.125990,ignorado
0,N/A,30,0,2026-01-05T20:19:15.126077,ignorado
0,N/A,30,0,2026-01-05T20:19:15.158439,ignorado
0,N/A,30,0,2026-01-05T20:19:15.158449,ignorado
0,1746478-9,30,0,2026-01-05T20:19:15.158463,ignorado
0,N/A,30,0,2026-01-05T20:19:15.158478,ignorado
0,N/A,30,0,2026-01-05T20:19:15.158484,ignorado
0,1727042-7,30,0,2026-01-05T20:19:15.158528,ignorado
0,N/A,28,0,2026-01-05T20:19:15.318282,ignorado
0,N/A,28,0,2026-01-05T20:19:15.318307,ignorado
0,N/A,29,0,2026-01-05T20:19:16.481222,ignorado
0,N/A,29,0,2026-01-05T20:19:16.481231,ignorado
0,N/A,29,0,2026-01-05T20:19:16.481240,ignorado
0,N/A,29,0,2026-01-05T20:19:16.481247,ignorado
0,N/A,29,0,2026-01-05T20:19:16.481254,ignorado
0,N/A,29,0,2026-01-05T20:19:16.481261,ignorado
0,N/A,29,0,2026-01-05T20:19:16.481268,ignorado
0,N/A,29,0,2026-01-05T20:19:16.481276,ignorado
0,N/A,29,0,2026-01-05T20:19:16.481284,ignorado
0,N/A,29,0,2026-01-05T20:19:16.481291,ignorado
0,N/A,29,0,2026-01-05T20:19:16.481298,ignorado
0,N/A,29,0,2026-01-05T20:19:16.481306,ignorado
0,N/A,31,0,2026-01-05T20:19:16.816123,ignorado
0,N/A,31,0,2026-01-05T20:19:16.816142,ignorado
0,N/A,31,0,2026-01-05T20:19:16.816153,ignorado
0,N/A,31,0,2026-01-05T20:19:16.816158,ignorado
0,N/A,31,0,2026-01-05T20:19:16.816163,ignorado
0,N/A,31,0,2026-01-05T20:19:16.816180,ignorado
0,N/A,31,0,2026-01-05T20:19:16.816185,ignorado
0,N/A,31,0,2026-01-05T20:19:16.816191,ignorado
0,N/A,31,0,2026-01-05T20:19:16.816200,ignorado
0,N/A,31,0,2026-01-05T20:19:16.816205,ignorado
0,N/A,31,0,2026-01-05T20:19:16.816222,ignorado
0,N/A,31,0,2026-01-05T20:19:16.816238,ignorado
0,1746382-8,31,0,2026-01-05T20:19:16.816254,ignorado
0,N/A,31,0,2026-01-05T20:19:16.816258,ignorado
0,N/A,31,0,2026-01-05T20:19:16.816269,ignorado
0,N/A,31,0,2026-01-05T20:19:16.816277,ignorado
0,N/A,31,0,2026-01-05T20:19:16.816285,ignorado
0,N/A,31,0,2026-01-05T20:19:16.816289,ignorado
0,N/A,31,0,2026-01-05T20:19:16.816297,ignorado
0,N/A,31,0,2026-01-05T20:19:16.816302,ignorado
0,N/A,31,0,2026-01-05T20:19:16.816306,ignorado
0,N/A,31,0,2026-01-05T20:19:16.816310,ignorado
0,N/A,31,0,2026-01-05T20:19:16.816320,ignorado
0,N/A,31,0,2026-01-05T20:19:16.816324,ignorado
0,N/A,33,0,2026-01-05T20:19:19.969761,ignorado
0,N/A,33,0,2026-01-05T20:19:19.969767,ignorado
0,N/A,33,0,2026-01-05T20:19:19.969777,ignorado
0,N/A,33,0,2026-01-05T20:19:19.969782,ignorado
0,N/A,33,0,2026-01-05T20:19:19.969791,ignorado
0,N/A,32,0,2026-01-05T20:19:20.862075,ignorado
0,N/A,32,0,2026-01-05T20:19:20.862122,ignorado
0,N/A,32,0,2026-01-05T20:19:20.862127,ignorado
0,N/A,32,0,2026-01-05T20:19:20.862131,ignorado
0,N/A,32,0,2026-01-05T20:19:20.862149,ignorado
0,N/A,32,0,2026-01-05T20:19:20.862152,ignorado
0,N/A,32,0,2026-01-05T20:19:20.862156,ignorado
0,N/A,32,0,2026-01-05T20:19:20.862160,ignorado
0,1684048-3,32,0,2026-01-05T20:19:20.862201,ignorado
0,N/A,34,0,2026-01-05T20:19:24.002764,ignorado
0,N/A,34,0,2026-01-05T20:19:24.002772,ignorado
0,N/A,34,0,2026-01-05T20:19:24.002779,ignorado
0,N/A,34,0,2026-01-05T20:19:24.002787,ignorado
0,N/A,34,0,2026-01-05T20:19:24.002794,ignorado
0,N/A,34,0,2026-01-05T20:19:24.002802,ignorado
0,N/A,34,0,2026-01-05T20:19:24.002809,ignorado
0,N/A,35,0,2026-01-05T20:19:24.167068,ignorado
0,N/A,35,0,2026-01-05T20:19:24.167102,ignorado
0,N/A,35,0,2026-01-05T20:19:24.167112,ignorado
0,N/A,35,0,2026-01-05T20:19:24.167120,ignorado
0,N/A,35,0,2026-01-05T20:19:24.167127,ignorado
0,N/A,35,0,2026-01-05T20:19:24.167135,ignorado
0,N/A,35,0,2026-01-05T20:19:24.167143,ignorado
0,N/A,35,0,2026-01-05T20:19:24.167150,ignorado
0,N/A,35,0,2026-01-05T20:19:24.167157,ignorado
0,N/A,35,0,2026-01-05T20:19:24.167165,ignorado
0,N/A,35,0,2026-01-05T20:19:24.167172,ignorado
0,N/A,35,0,2026-01-05T20:19:24.167179,ignorado
0,N/A,35,0,2026-01-05T20:19:24.167187,ignorado
0,N/A,35,0,2026-01-05T20:19:24.167194,ignorado
0,N/A,35,0,2026-01-05T20:19:24.167212,ignorado
0,N/A,35,0,2026-01-05T20:19:24.167220,ignorado
0,N/A,35,0,2026-01-05T20:19:24.167226,ignorado
0,N/A,35,0,2026-01-05T20:19:24.167233,ignorado
0,N/A,35,0,2026-01-05T20:19:24.167241,ignorado
0,N/A,35,0,2026-01-05T20:19:24.167283,ignorado
0,N/A,35,0,2026-01-05T20:19:24.167288,ignorado
0,N/A,35,0,2026-01-05T20:19:24.167293,ignorado
0,N/A,35,0,2026-01-05T20:19:24.167297,ignorado
0,N/A,37,0,2026-01-05T20:19:25.733810,ignorado
0,N/A,37,0,2026-01-05T20:19:25.733868,ignorado
0,N/A,37,0,2026-01-05T20:19:25.733873,ignorado
0,N/A,37,0,2026-01-05T20:19:25.733883,ignorado
0,N/A,37,0,2026-01-05T20:19:25.733892,ignorado
0,N/A,37,0,2026-01-05T20:19:25.733897,ignorado
0,N/A,37,0,2026-01-05T20:19:25.733901,ignorado
0,N/A,37,0,2026-01-05T20:19:25.733906,ignorado
0,N/A,37,0,2026-01-05T20:19:25.733915,ignorado
0,N/A,37,0,2026-01-05T20:19:25.733920,ignorado
0,N/A,37,0,2026-01-05T20:19:25.733960,ignorado
0,N/A,37,0,2026-01-05T20:19:25.733965,ignorado
0,N/A,37,0,2026-01-05T20:19:25.733971,ignorado
0,N/A,37,0,2026-01-05T20:19:25.733976,ignorado
0,N/A,37,0,2026-01-05T20:19:25.733982,ignorado
0,N/A,37,0,2026-01-05T20:19:25.733990,ignorado
0,N/A,37,0,2026-01-05T20:19:25.733995,ignorado
0,N/A,37,0,2026-01-05T20:19:25.734004,ignorado
0,N/A,37,0,2026-01-05T20:19:25.734008,ignorado
0,N/A,37,0,2026-01-05T20:19:25.734012,ignorado
0,N/A,37,0,2026-01-05T20:19:25.734016,ignorado
0,N/A,40,0,2026-01-05T20:19:29.013210,ignorado
0,N/A,40,0,2026-01-05T20:19:29.013215,ignorado
0,N/A,40,0,2026-01-05T20:19:29.013225,ignorado
0,N/A,40,0,2026-01-05T20:19:29.013235,ignorado
0,N/A,40,0,2026-01-05T20:19:29.013244,ignorado
0,N/A,40,0,2026-01-05T20:19:29.013252,ignorado
0,N/A,40,0,2026-01-05T20:19:29.013261,ignorado
0,N/A,40,0,2026-01-05T20:19:29.013269,ignorado
0,N/A,40,0,2026-01-05T20:19:29.013277,ignorado
0,N/A,40,0,2026-01-05T20:19:29.013286,ignorado
0,N/A,40,0,2026-01-05T20:19:29.013290,ignorado
0,N/A,40,0,2026-01-05T20:19:29.013295,ignorado
0,N/A,40,0,2026-01-05T20:19:29.013299,ignorado
0,N/A,40,0,2026-01-05T20:19:29.013318,ignorado
0,N/A,40,0,2026-01-05T20:19:29.013330,ignorado
0,N/A,40,0,2026-01-05T20:19:29.013347,ignorado
0,N/A,40,0,2026-01-05T20:19:29.013355,ignorado
0,N/A,40,0,2026-01-05T20:19:29.013362,ignorado
0,N/A,39,0,2026-01-05T20:19:30.210485,ignorado
0,N/A,39,0,2026-01-05T20:19:30.210506,ignorado
0,N/A,39,0,2026-01-05T20:19:30.210521,ignorado
0,N/A,39,0,2026-01-05T20:19:30.210539,ignorado
0,N/A,39,0,2026-01-05T20:19:30.210572,ignorado
0,N/A,39,0,2026-01-05T20:19:30.210597,ignorado
0,N/A,39,0,2026-01-05T20:19:30.210650,ignorado
0,N/A,39,0,2026-01-05T20:19:30.210673,ignorado
0,N/A,39,0,2026-01-05T20:19:30.210677,ignorado
0,N/A,38,0,2026-01-05T20:19:30.717545,ignorado
0,N/A,38,0,2026-01-05T20:19:30.717555,ignorado
0,N/A,38,0,2026-01-05T20:19:30.717563,ignorado
0,N/A,38,0,2026-01-05T20:19:30.717603,ignorado
0,N/A,38,0,2026-01-05T20:19:30.717609,ignorado
0,N/A,38,0,2026-01-05T20:19:30.717641,ignorado
0,N/A,38,0,2026-01-05T20:19:30.717677,ignorado
0,N/A,38,0,2026-01-05T20:19:30.717705,ignorado
0,N/A,38,0,2026-01-05T20:19:30.717719,ignorado
0,N/A,38,0,2026-01-05T20:19:30.717753,ignorado
0,N/A,38,0,2026-01-05T20:19:30.717768,ignorado
0,N/A,38,0,2026-01-05T20:19:30.717773,ignorado
0,N/A,36,0,2026-01-05T20:19:31.880238,ignorado
0,N/A,36,0,2026-01-05T20:19:31.880286,ignorado
0,N/A,36,0,2026-01-05T20:19:31.880299,ignorado
0,N/A,41,0,2026-01-05T20:19:33.493615,ignorado
0,N/A,41,0,2026-01-05T20:19:33.493625,ignorado
643000,1741862-1,7,1,2026-01-05T20:19:33.507984,ok
643001,1737721-6,7,1,2026-01-05T20:19:33.507984,ok
643002,1729445-6,7,1,2026-01-05T20:19:33.507984,ok
643003,1717382-3,7,1,2026-01-05T20:19:33.507984,ok
643004,1727875-6,7,1,2026-01-05T20:19:33.507984,ok
643005,1735978-7,7,1,2026-01-05T20:19:33.507984,ok
643006,1706092-7,7,1,2026-01-05T20:19:33.507984,ok
643007,1746423-4,7,1,2026-01-05T20:19:33.507984,ok
643008,1738705-6,7,1,2026-01-05T20:19:33.507984,ok
643009,1673609-9,7,1,2026-01-05T20:19:33.507984,ok
643010,1712511-4,10,1,2026-01-05T20:19:33.507984,ok
643011,1547425-8,10,1,2026-01-05T20:19:33.507984,ok
643012,1603071-4,10,1,2026-01-05T20:19:33.507984,ok
643013,1712750-1,10,1,2026-01-05T20:19:33.507984,ok
643014,1736175-0,10,1,2026-01-05T20:19:33.507984,ok
643015,1707107-7,10,1,2026-01-05T20:19:33.507984,ok
643016,1727446-5,10,1,2026-01-05T20:19:33.507984,ok
643017,1729633-6,10,1,2026-01-05T20:19:33.507984,ok
643018,1724545-1,10,1,2026-01-05T20:19:33.507984,ok
643019,1656419-1,10,1,2026-01-05T20:19:33.507984,ok
643020,1746506-8,10,1,2026-01-05T20:19:33.507984,ok
643021,1691661-7,10,1,2026-01-05T20:19:33.507984,ok
643022,1722403-0,10,1,2026-01-05T20:19:33.507984,ok
643023,1729190-6,10,1,2026-01-05T20:19:33.507984,ok
643024,1716193-2,10,1,2026-01-05T20:19:33.507984,ok
643025,1731711-6,10,1,2026-01-05T20:19:33.507984,ok
643026,801188-9,10,1,2026-01-05T20:19:33.507984,ok
643027,1527673-8,10,1,2026-01-05T20:19:33.507984,ok
643028,1718707-4,4,1,2026-01-05T20:19:33.507984,ok
643029,1713603-1,4,1,2026-01-05T20:19:33.507984,ok
643030,1730207-3,4,1,2026-01-05T20:19:33.507984,ok
643031,1739733-4,4,1,2026-01-05T20:19:33.507984,ok
643032,1733727-2,4,1,2026-01-05T20:19:33.507984,ok
643033,1735478-2,4,1,2026-01-05T20:19:33.507984,ok
643034,1731730-1,4,1,2026-01-05T20:19:33.507984,ok
643035,1728651-0,4,1,2026-01-05T20:19:33.507984,ok
643036,1738834-2,4,1,2026-01-05T20:19:33.507984,ok
643037,1731685-1,4,1,2026-01-05T20:19:33.507984,ok
643038,1716481-7,4,1,2026-01-05T20:19:33.507984,ok
643039,1715999-0,4,1,2026-01-05T20:19:33.507984,ok
643040,1744973-1,4,1,2026-01-05T20:19:33.507984,ok
643041,1743251-6,4,1,2026-01-05T20:19:33.507984,ok
643042,1727092-7,4,1,2026-01-05T20:19:33.507984,ok
643043,1727552-8,4,1,2026-01-05T20:19:33.507984,ok
643044,1745732-4,4,1,2026-01-05T20:19:33.507984,ok
643045,1746227-2,4,1,2026-01-05T20:19:33.507984,ok
643046,1745873-0,4,1,2026-01-05T20:19:33.507984,ok
643047,1506847-8,4,1,2026-01-05T20:19:33.507984,ok
643048,1735951-6,4,1,2026-01-05T20:19:33.507984,ok
643049,1673004-4,4,1,2026-01-05T20:19:33.507984,ok
643050,1678950-1,4,1,2026-01-05T20:19:33.507984,ok
643051,1745480-5,4,1,2026-01-05T20:19:33.507984,ok
643052,1745480-5,4,1,2026-01-05T20:19:33.507984,ok
643053,1745566-0,4,1,2026-01-05T20:19:33.507984,ok
643054,1745070-9,4,1,2026-01-05T20:19:33.507984,ok
643055,1713770-7,3,1,2026-01-05T20:19:33.507984,ok
643056,1744713-5,3,1,2026-01-05T20:19:33.507984,ok
643057,1722225-6,3,1,2026-01-05T20:19:33.507984,ok
643058,1721750-0,3,1,2026-01-05T20:19:33.507984,ok
643059,1725085-4,3,1,2026-01-05T20:19:33.507984,ok
643060,1714130-7,3,1,2026-01-05T20:19:33.507984,ok
643061,1621344-0,3,1,2026-01-05T20:19:33.507984,ok
643062,1636966-9,3,1,2026-01-05T20:19:33.507984,ok
643063,1700968-2,3,1,2026-01-05T20:19:33.507984,ok
643064,1743793-9,3,1,2026-01-05T20:19:33.507984,ok
643065,1698265-3,3,1,2026-01-05T20:19:33.507984,ok
643066,1745138-6,3,1,2026-01-05T20:19:33.507984,ok
643067,1655827-9,3,1,2026-01-05T20:19:33.507984,ok
643068,930215-8,3,1,2026-01-05T20:19:33.507984,ok
643069,1018358-7,3,1,2026-01-05T20:19:33.507984,ok
643070,851402-9,3,1,2026-01-05T20:19:33.507984,ok
643071,854549-9,3,1,2026-01-05T20:19:33.507984,ok
643072,852718-6,3,1,2026-01-05T20:19:33.507984,ok
643073,884549-8,3,1,2026-01-05T20:19:33.507984,ok
643074,867376-1,3,1,2026-01-05T20:19:33.507984,ok
643075,1049137-1,3,1,2026-01-05T20:19:33.507984,ok
643076,1016032-0,3,1,2026-01-05T20:19:33.507984,ok
643077,1723141-9,3,1,2026-01-05T20:19:33.507984,ok
643078,1643636-7,3,1,2026-01-05T20:19:33.507984,ok
643079,1667943-9,3,1,2026-01-05T20:19:33.507984,ok
643080,1708662-7,3,1,2026-01-05T20:19:33.507984,ok
643081,1507845-8,3,1,2026-01-05T20:19:33.507984,ok
643082,1745954-0,3,1,2026-01-05T20:19:33.507984,ok
643083,1602140-0,3,1,2026-01-05T20:19:33.507984,ok
643084,1690564-9,3,1,2026-01-05T20:19:33.507984,ok
643085,1704046-7,3,1,2026-01-05T20:19:33.507984,ok
643086,1732639-3,3,1,2026-01-05T20:19:33.507984,ok
643087,1720578-4,3,1,2026-01-05T20:19:33.507984,ok
643088,1719876-8,3,1,2026-01-05T20:19:33.507984,ok
643089,1536922-5,8,1,2026-01-05T20:19:33.507984,ok
643090,1735702-3,8,1,2026-01-05T20:19:33.507984,ok
643091,1569559-3,8,1,2026-01-05T20:19:33.507984,ok
643092,1745945-1,8,1,2026-01-05T20:19:33.507984,ok
643093,1716110-3,8,1,2026-01-05T20:19:33.507984,ok
643094,896470-9,8,1,2026-01-05T20:19:33.507984,ok
643095,1016718-5,8,1,2026-01-05T20:19:33.507984,ok
643096,1720037-8,8,1,2026-01-05T20:19:33.507984,ok
643097,1649867-6,8,1,2026-01-05T20:19:33.507984,ok
643098,1645695-4,8,1,2026-01-05T20:19:33.507984,ok
643099,1728477-4,8,1,2026-01-05T20:19:33.507984,ok
643100,1726073-8,8,1,2026-01-05T20:19:33.507984,ok
643101,1652729-6,8,1,2026-01-05T20:19:33.507984,ok
643102,1656636-2,8,1,2026-01-05T20:19:33.507984,ok
643103,1676913-0,8,1,2026-01-05T20:19:33.507984,ok
643104,1687993-5,8,1,2026-01-05T20:19:33.507984,ok
643105,1722521-3,8,1,2026-01-05T20:19:33.507984,ok
643106,1676622-4,8,1,2026-01-05T20:19:33.507984,ok
643107,1639829-3,8,1,2026-01-05T20:19:33.507984,ok
643108,1676617-3,8,1,2026-01-05T20:19:33.507984,ok
643109,1742982-2,8,1,2026-01-05T20:19:33.507984,ok
643110,1444665-8,8,1,2026-01-05T20:19:33.507984,ok
643111,1732439-3,8,1,2026-01-05T20:19:33.507984,ok
643112,1727478-7,8,1,2026-01-05T20:19:33.507984,ok
643113,1734537-2,8,1,2026-01-05T20:19:33.507984,ok
643114,1725297-4,8,1,2026-01-05T20:19:33.507984,ok
643115,1675065-5,8,1,2026-01-05T20:19:33.507984,ok
643116,1735950-9,8,1,2026-01-05T20:19:33.507984,ok
643117,1720348-6,8,1,2026-01-05T20:19:33.507984,ok
643118,0001249-37.2017.8.16.0044,2,1,2026-01-05T20:19:33.507984,ok
643119,0001263-17.2016.8.16.0089,2,1,2026-01-05T20:19:33.507984,ok
643120,0005379-66.2016.8.16.0089,2,1,2026-01-05T20:19:33.507984,ok
643121,0003600-81.2017.8.16.9000,2,1,2026-01-05T20:19:33.507984,ok
643122,0034452-61.2017.8.16.0182,2,1,2026-01-05T20:19:33.507984,ok
643123,0003403-52.2017.8.16.0036,2,1,2026-01-05T20:19:33.507984,ok
643124,0044928-25.2017.8.16.0000,2,1,2026-01-05T20:19:33.507984,ok
643125,0044762-90.2017.8.16.0000,2,1,2026-01-05T20:19:33.507984,ok
643126,1742535-3,2,1,2026-01-05T20:19:33.507984,ok
643127,1696355-4,2,1,2026-01-05T20:19:33.507984,ok
643128,1746146-2,2,1,2026-01-05T20:19:33.507984,ok
643129,1743804-7,2,1,2026-01-05T20:19:33.507984,ok
643130,1745617-2,2,1,2026-01-05T20:19:33.507984,ok
643131,1745995-1,2,1,2026-01-05T20:19:33.507984,ok
643132,1745763-9,2,1,2026-01-05T20:19:33.507984,ok
643133,1723557-7,2,1,2026-01-05T20:19:33.507984,ok
643134,1703499-4,2,1,2026-01-05T20:19:33.507984,ok
643135,1746134-2,2,1,2026-01-05T20:19:33.507984,ok
643136,1745450-7,2,1,2026-01-05T20:19:33.507984,ok
643137,1746007-0,2,1,2026-01-05T20:19:33.507984,ok
643138,1744448-3,2,1,2026-01-05T20:19:33.507984,ok
643139,1746226-5,2,1,2026-01-05T20:19:33.507984,ok
643140,1746514-0,2,1,2026-01-05T20:19:33.507984,ok
643141,1745851-4,2,1,2026-01-05T20:19:33.507984,ok
643142,1678111-4,2,1,2026-01-05T20:19:33.507984,ok
643143,1635186-7,2,1,2026-01-05T20:19:33.507984,ok
643144,1709751-3,2,1,2026-01-05T20:19:33.507984,ok
643145,1438070-2,2,1,2026-01-05T20:19:33.507984,ok
643146,1746541-7,2,1,2026-01-05T20:19:33.507984,ok
643147,1712922-7,2,1,2026-01-05T20:19:33.507984,ok
643148,1722380-2,2,1,2026-01-05T20:19:33.507984,ok
643149,1701003-0,2,1,2026-01-05T20:19:33.507984,ok
643150,1696315-0,2,1,2026-01-05T20:19:33.507984,ok
643151,1740767-7,2,1,2026-01-05T20:19:33.507984,ok
643152,1732239-3,2,1,2026-01-05T20:19:33.507984,ok
643153,1734141-6,2,1,2026-01-05T20:19:33.507984,ok
643154,1740104-0,2,1,2026-01-05T20:19:33.507984,ok
643155,1423061-0,2,1,2026-01-05T20:19:33.507984,ok
643156,1626119-7,2,1,2026-01-05T20:19:33.507984,ok
643157,1745325-9,2,1,2026-01-05T20:19:33.507984,ok
643158,1736634-4,2,1,2026-01-05T20:19:33.507984,ok
643159,1730786-9,2,1,2026-01-05T20:19:33.507984,ok
643160,1745762-2,18,1,2026-01-05T20:19:33.507984,ok
643161,1679686-0,18,1,2026-01-05T20:19:33.507984,ok
643162,1711732-9,11,1,2026-01-05T20:19:33.507984,ok
643163,909554-7,11,1,2026-01-05T20:19:33.507984,ok
643164,876689-2,11,1,2026-01-05T20:19:33.507984,ok
643165,1741633-0,11,1,2026-01-05T20:19:33.507984,ok
643166,1708165-3,11,1,2026-01-05T20:19:33.507984,ok
643167,1741113-3,11,1,2026-01-05T20:19:33.507984,ok
643168,1351817-1,11,1,2026-01-05T20:19:33.507984,ok
643169,1745825-4,11,1,2026-01-05T20:19:33.507984,ok
643170,918727-9,11,1,2026-01-05T20:19:33.507984,ok
643171,1713547-8,11,1,2026-01-05T20:19:33.507984,ok
643172,875157-1,11,1,2026-01-05T20:19:33.507984,ok
643173,912706-6,11,1,2026-01-05T20:19:33.507984,ok
643174,848975-2,11,1,2026-01-05T20:19:33.507984,ok
643175,1688042-7,11,1,2026-01-05T20:19:33.507984,ok
643176,1703942-0,11,1,2026-01-05T20:19:33.507984,ok
643177,1552927-0,11,1,2026-01-05T20:19:33.507984,ok
643178,1703343-7,11,1,2026-01-05T20:19:33.507984,ok
643179,1555811-9,11,1,2026-01-05T20:19:33.507984,ok
643180,1711755-2,11,1,2026-01-05T20:19:33.507984,ok
643181,1716005-7,11,1,2026-01-05T20:19:33.507984,ok
643182,1711498-2,11,1,2026-01-05T20:19:33.507984,ok
643183,5001680-21.2017.8.16.0000,11,1,2026-01-05T20:19:33.507984,ok
643184,1743907-3,11,1,2026-01-05T20:19:33.507984,ok
643185,1741750-6,11,1,2026-01-05T20:19:33.507984,ok
643186,0003145-19.2017.8.16.9000,11,1,2026-01-05T20:19:33.507984,ok
643187,0002589-66.2014.8.16.0126,11,1,2026-01-05T20:19:33.507984,ok
643188,0003460-96.2014.8.16.0126,11,1,2026-01-05T20:19:33.507984,ok
643189,0044852-98.2017.8.16.0000,11,1,2026-01-05T20:19:33.507984,ok
643190,0040822-17.2013.8.16.0014,11,1,2026-01-05T20:19:33.507984,ok
643191,0039389-78.2017.8.16.0000,11,1,2026-01-05T20:19:33.507984,ok
643192,0039802-91.2017.8.16.0000,11,1,2026-01-05T20:19:33.507984,ok
643193,0041794-87.2017.8.16.0000,11,1,2026-01-05T20:19:33.507984,ok
643194,0042547-44.2017.8.16.0000,11,1,2026-01-05T20:19:33.507984,ok
643195,0042924-15.2017.8.16.0000,11,1,2026-01-05T20:19:33.507984,ok
643196,0043393-61.2017.8.16.0000,11,1,2026-01-05T20:19:33.507984,ok
643197,0044371-38.2017.8.16.0000,11,1,2026-01-05T20:19:33.507984,ok
643198,0044425-04.2017.8.16.0000,11,1,2026-01-05T20:19:33.507984,ok
643199,1730160-5,17,1,2026-01-05T20:19:33.507984,ok
643200,1024813-0,17,1,2026-01-05T20:19:33.507984,ok
643201,860645-3,17,1,2026-01-05T20:19:33.507984,ok
643202,1049293-4,17,1,2026-01-05T20:19:33.507984,ok
643203,1124477-6,17,1,2026-01-05T20:19:33.507984,ok
643204,1700817-0,17,1,2026-01-05T20:19:33.507984,ok
643205,1737344-9,17,1,2026-01-05T20:19:33.507984,ok
643206,1646900-4,17,1,2026-01-05T20:19:33.507984,ok
643207,1723321-7,17,1,2026-01-05T20:19:33.507984,ok
643208,1721932-2,17,1,2026-01-05T20:19:33.507984,ok
643209,1718740-9,17,1,2026-01-05T20:19:33.507984,ok
643210,1746502-0,21,1,2026-01-05T20:19:33.507984,ok
643211,0005544-77.2017.8.16.0025,13,1,2026-01-05T20:19:33.507984,ok
643212,0005546-47.2017.8.16.0025,13,1,2026-01-05T20:19:33.507984,ok
643213,0006015-93.2017.8.16.0025,13,1,2026-01-05T20:19:33.507984,ok
643214,0031142-51.2017.8.16.0019,13,1,2026-01-05T20:19:33.507984,ok
643215,0031779-02.2017.8.16.0019,13,1,2026-01-05T20:19:33.507984,ok
643216,0004314-02.2016.8.16.0165,13,1,2026-01-05T20:19:33.507984,ok
643217,0000553-23.2016.8.16.0048,13,1,2026-01-05T20:19:33.507984,ok
643218,0019516-33.2016.8.16.0031,13,1,2026-01-05T20:19:33.507984,ok
643219,0070471-22.2016.8.16.0014,13,1,2026-01-05T20:19:33.507984,ok
643220,0000631-77.2017.8.16.0049,13,1,2026-01-05T20:19:33.507984,ok
643221,0022327-61.2017.8.16.0182,13,1,2026-01-05T20:19:33.507984,ok
643222,0002122-57.2016.8.16.0178,13,1,2026-01-05T20:19:33.507984,ok
643223,0023462-11.2017.8.16.0182,13,1,2026-01-05T20:19:33.507984,ok
643224,0032038-94.2017.8.16.0019,13,1,2026-01-05T20:19:33.507984,ok
643225,0009709-06.2015.8.16.0069,13,1,2026-01-05T20:19:33.507984,ok
643226,0020569-37.2016.8.16.0035,13,1,2026-01-05T20:19:33.507984,ok
643227,0002233-82.2017.8.16.0153,13,1,2026-01-05T20:19:33.507984,ok
643228,0003591-22.2017.8.16.9000,13,1,2026-01-05T20:19:33.507984,ok
643229,0002589-77.2017.8.16.0153,13,1,2026-01-05T20:19:33.507984,ok
643230,0013067-57.2017.8.16.0182,13,1,2026-01-05T20:19:33.507984,ok
643231,0002334-59.2017.8.16.9000,13,1,2026-01-05T20:19:33.507984,ok
643232,0001974-95.2015.8.16.9000,13,1,2026-01-05T20:19:33.507984,ok
643233,0016420-61.2016.8.16.0014,13,1,2026-01-05T20:19:33.507984,ok
643234,0001046-76.2017.8.16.9000,13,1,2026-01-05T20:19:33.507984,ok
643235,0008828-66.2015.8.16.0089,13,1,2026-01-05T20:19:33.507984,ok
643236,0006761-62.2015.8.16.0014,13,1,2026-01-05T20:19:33.507984,ok
643237,0037273-02.2017.8.16.0000,13,1,2026-01-05T20:19:33.507984,ok
643238,0043894-15.2017.8.16.0000,13,1,2026-01-05T20:19:33.507984,ok
643239,0044544-62.2017.8.16.0000,13,1,2026-01-05T20:19:33.507984,ok
643240,0032322-35.2012.8.16.0001,13,1,2026-01-05T20:19:33.507984,ok
643241,0044621-71.2017.8.16.0000,13,1,2026-01-05T20:19:33.507984,ok
643242,0044553-24.2017.8.16.0000,13,1,2026-01-05T20:19:33.507984,ok
643243,0043655-11.2017.8.16.0000,13,1,2026-01-05T20:19:33.507984,ok
643244,0044221-57.2017.8.16.0000,13,1,2026-01-05T20:19:33.507984,ok
643245,0044289-07.2017.8.16.0000,13,1,2026-01-05T20:19:33.507984,ok
643246,0044305-58.2017.8.16.0000,13,1,2026-01-05T20:19:33.507984,ok
643247,0044530-78.2017.8.16.0000,13,1,2026-01-05T20:19:33.507984,ok
643248,0042407-10.2017.8.16.0000,13,1,2026-01-05T20:19:33.507984,ok
643249,0044620-86.2017.8.16.0000,13,1,2026-01-05T20:19:33.507984,ok
643250,0000406-78.1969.8.16.0004,13,1,2026-01-05T20:19:33.507984,ok
643251,0000153-04.2012.8.16.0095,13,1,2026-01-05T20:19:33.507984,ok
643252,0041057-84.2017.8.16.0000,13,1,2026-01-05T20:19:33.507984,ok
643253,0044478-82.2017.8.16.0000,13,1,2026-01-05T20:19:33.507984,ok
643254,0044532-48.2017.8.16.0000,13,1,2026-01-05T20:19:33.507984,ok
643255,0011883-02.2015.8.16.0129,13,1,2026-01-05T20:19:33.507984,ok
643256,0041296-88.2017.8.16.0000,13,1,2026-01-05T20:19:33.507984,ok
643257,0005450-50.2013.8.16.0129,13,1,2026-01-05T20:19:33.507984,ok
643258,0043312-15.2017.8.16.0000,13,1,2026-01-05T20:19:33.507984,ok
643259,0043144-13.2017.8.16.0000,13,1,2026-01-05T20:19:33.507984,ok
643260,0020968-76.2013.8.16.0001,13,1,2026-01-05T20:19:33.507984,ok
643261,1746531-1,22,1,2026-01-05T20:19:33.507984,ok
643262,1731131-8,22,1,2026-01-05T20:19:33.507984,ok
643263,0044487-44.2017.8.16.0000,12,1,2026-01-05T20:19:33.507984,ok
643264,0044502-13.2017.8.16.0000,12,1,2026-01-05T20:19:33.507984,ok
643265,0044538-55.2017.8.16.0000,12,1,2026-01-05T20:19:33.507984,ok
643266,0044554-09.2017.8.16.0000,12,1,2026-01-05T20:19:33.507984,ok
643267,0044629-48.2017.8.16.0000,12,1,2026-01-05T20:19:33.507984,ok
643268,0044694-43.2017.8.16.0000,12,1,2026-01-05T20:19:33.507984,ok
643269,0044725-63.2017.8.16.0000,12,1,2026-01-05T20:19:33.507984,ok
643270,0044838-17.2017.8.16.0000,12,1,2026-01-05T20:19:33.507984,ok
643271,0044843-39.2017.8.16.0000,12,1,2026-01-05T20:19:33.507984,ok
643272,0044849-46.2017.8.16.0000,12,1,2026-01-05T20:19:33.507984,ok
643273,0037261-85.2017.8.16.0000,12,1,2026-01-05T20:19:33.507984,ok
643274,0001808-12.2016.8.16.0017,12,1,2026-01-05T20:19:33.507984,ok
643275,0044707-42.2017.8.16.0000,12,1,2026-01-05T20:19:33.507984,ok
643276,0044324-64.2017.8.16.0000,12,1,2026-01-05T20:19:33.507984,ok
643277,0044571-45.2017.8.16.0000,12,1,2026-01-05T20:19:33.507984,ok
643278,0044686-66.2017.8.16.0000,12,1,2026-01-05T20:19:33.507984,ok
643279,0044831-25.2017.8.16.0000,12,1,2026-01-05T20:19:33.507984,ok
643280,0039419-16.2017.8.16.0000,12,1,2026-01-05T20:19:33.507984,ok
643281,0028285-91.2014.8.16.0001,12,1,2026-01-05T20:19:33.507984,ok
643282,0006051-06.2015.8.16.0123,12,1,2026-01-05T20:19:33.507984,ok
643283,0003288-66.2016.8.16.0165,12,1,2026-01-05T20:19:33.507984,ok
643284,0001615-59.2016.8.16.0158,12,1,2026-01-05T20:19:33.507984,ok
643285,0002294-15.2015.8.16.0184,12,1,2026-01-05T20:19:33.507984,ok
643286,0003853-90.2017.8.16.0069,12,1,2026-01-05T20:19:33.507984,ok
643287,0000774-24.2017.8.16.0160,12,1,2026-01-05T20:19:33.507984,ok
643288,0010951-85.2017.8.16.0018,12,1,2026-01-05T20:19:33.507984,ok
643289,0071937-51.2016.8.16.0014,12,1,2026-01-05T20:19:33.507984,ok
643290,0012852-88.2017.8.16.0018,12,1,2026-01-05T20:19:33.507984,ok
643291,0003492-52.2017.8.16.9000,12,1,2026-01-05T20:19:33.507984,ok
643292,0048108-22.2016.8.16.0182,12,1,2026-01-05T20:19:33.507984,ok
643293,0038251-49.2016.8.16.0182,12,1,2026-01-05T20:19:33.507984,ok
643294,0043201-04.2016.8.16.0182,12,1,2026-01-05T20:19:33.507984,ok
643295,0003585-15.2017.8.16.9000,12,1,2026-01-05T20:19:33.507984,ok
643296,0024114-28.2017.8.16.0182,12,1,2026-01-05T20:19:33.507984,ok
643297,0000792-06.2017.8.16.9000,12,1,2026-01-05T20:19:33.507984,ok
643298,0002540-73.2017.8.16.9000,12,1,2026-01-05T20:19:33.507984,ok
643299,0002809-15.2017.8.16.9000,12,1,2026-01-05T20:19:33.507984,ok
643300,0020570-32.2017.8.16.0182,12,1,2026-01-05T20:19:33.507984,ok
643301,0015658-89.2017.8.16.0182,12,1,2026-01-05T20:19:33.507984,ok
643302,0023341-15.2016.8.16.0021,12,1,2026-01-05T20:19:33.507984,ok
643303,0000891-52.2017.8.16.0180,12,1,2026-01-05T20:19:33.507984,ok
643304,0010221-26.2017.8.16.0034,12,1,2026-01-05T20:19:33.507984,ok
643305,0001374-70.2017.8.16.0087,12,1,2026-01-05T20:19:33.507984,ok
643306,0054955-25.2017.8.16.0014,12,1,2026-01-05T20:19:33.507984,ok
643307,0003583-45.2017.8.16.9000,12,1,2026-01-05T20:19:33.507984,ok
643308,0003421-50.2017.8.16.9000,12,1,2026-01-05T20:19:33.507984,ok
643309,0000384-77.2015.8.16.0078,12,1,2026-01-05T20:19:33.507984,ok
643310,0000187-87.2017.8.16.0067,12,1,2026-01-05T20:19:33.507984,ok
643311,0000690-04.2016.8.16.0113,12,1,2026-01-05T20:19:33.507984,ok
643312,0011985-29.2016.8.16.0019,12,1,2026-01-05T20:19:33.507984,ok
643313,0006133-75.1997.8.16.0185,16,1,2026-01-05T20:19:33.507984,ok
643314,0000813-79.2017.8.16.9000,16,1,2026-01-05T20:19:33.507984,ok
643315,0004280-18.2014.8.16.0126,16,1,2026-01-05T20:19:33.507984,ok
643316,0000283-68.2017.8.16.0143,16,1,2026-01-05T20:19:33.507984,ok
643317,0007559-54.1999.8.16.0185,16,1,2026-01-05T20:19:33.507984,ok
643318,0007422-72.1999.8.16.0185,16,1,2026-01-05T20:19:33.507984,ok
643319,0006027-91.2014.8.16.0129,16,1,2026-01-05T20:19:33.507984,ok
643320,0005686-65.2014.8.16.0129,16,1,2026-01-05T20:19:33.507984,ok
643321,0002133-06.1997.8.16.0129,16,1,2026-01-05T20:19:33.507984,ok
643322,0011666-92.2009.8.16.0088,16,1,2026-01-05T20:19:33.507984,ok
643323,0010751-04.2013.8.16.0088,16,1,2026-01-05T20:19:33.507984,ok
643324,0002844-45.2015.8.16.0043,16,1,2026-01-05T20:19:33.507984,ok
643325,0002013-13.1999.8.16.0025,16,1,2026-01-05T20:19:33.507984,ok
643326,0044438-03.2017.8.16.0000,16,1,2026-01-05T20:19:33.507984,ok
643327,0044451-02.2017.8.16.0000,16,1,2026-01-05T20:19:33.507984,ok
643328,0044464-98.2017.8.16.0000,16,1,2026-01-05T20:19:33.507984,ok
643329,0044297-81.2017.8.16.0000,16,1,2026-01-05T20:19:33.507984,ok
643330,0044587-96.2017.8.16.0000,16,1,2026-01-05T20:19:33.507984,ok
643331,0042542-22.2017.8.16.0000,16,1,2026-01-05T20:19:33.507984,ok
643332,0043003-91.2017.8.16.0000,16,1,2026-01-05T20:19:33.507984,ok
643333,0043785-98.2017.8.16.0000,16,1,2026-01-05T20:19:33.507984,ok
643334,0043920-13.2017.8.16.0000,16,1,2026-01-05T20:19:33.507984,ok
643335,0002482-86.2015.8.16.0158,16,1,2026-01-05T20:19:33.507984,ok
643336,0038054-24.2017.8.16.0000,16,1,2026-01-05T20:19:33.507984,ok
643337,0039300-55.2017.8.16.0000,16,1,2026-01-05T20:19:33.507984,ok
643338,1728948-8,16,1,2026-01-05T20:19:33.507984,ok
643339,1718673-3,16,1,2026-01-05T20:19:33.507984,ok
643340,1728028-1,16,1,2026-01-05T20:19:33.507984,ok
643341,1726892-3,16,1,2026-01-05T20:19:33.507984,ok
643342,1654892-2,16,1,2026-01-05T20:19:33.507984,ok
643343,1496483-9,16,1,2026-01-05T20:19:33.507984,ok
643344,1673648-6,16,1,2026-01-05T20:19:33.507984,ok
643345,954524-4,16,1,2026-01-05T20:19:33.507984,ok
643346,1665946-2,16,1,2026-01-05T20:19:33.507984,ok
643347,912195-3,16,1,2026-01-05T20:19:33.507984,ok
643348,881948-9,16,1,2026-01-05T20:19:33.507984,ok
643349,758701-3,16,1,2026-01-05T20:19:33.507984,ok
643350,1692723-6,16,1,2026-01-05T20:19:33.507984,ok
643351,1358474-4,16,1,2026-01-05T20:19:33.507984,ok
643352,1696099-1,16,1,2026-01-05T20:19:33.507984,ok
643353,1673884-2,16,1,2026-01-05T20:19:33.507984,ok
643354,1600935-1,16,1,2026-01-05T20:19:33.507984,ok
643355,1656808-8,16,1,2026-01-05T20:19:33.507984,ok
643356,0043678-54.2017.8.16.0000,14,1,2026-01-05T20:19:33.507984,ok
643357,0044383-52.2017.8.16.0000,14,1,2026-01-05T20:19:33.507984,ok
643358,0068206-47.2016.8.16.0014,14,1,2026-01-05T20:19:33.507984,ok
643359,0043658-63.2017.8.16.0000,14,1,2026-01-05T20:19:33.507984,ok
643360,0044417-27.2017.8.16.0000,14,1,2026-01-05T20:19:33.507984,ok
643361,0051734-49.2012.8.16.0001,14,1,2026-01-05T20:19:33.507984,ok
643362,0005081-71.2015.8.16.0069,14,1,2026-01-05T20:19:33.507984,ok
643363,0044256-17.2017.8.16.0000,14,1,2026-01-05T20:19:33.507984,ok
643364,0005275-30.2012.8.16.0052,14,1,2026-01-05T20:19:33.507984,ok
643365,0002052-69.2012.8.16.0052,14,1,2026-01-05T20:19:33.507984,ok
643366,0042266-88.2017.8.16.0000,14,1,2026-01-05T20:19:33.507984,ok
643367,0042311-92.2017.8.16.0000,14,1,2026-01-05T20:19:33.507984,ok
643368,0042343-97.2017.8.16.0000,14,1,2026-01-05T20:19:33.507984,ok
643369,0042639-22.2017.8.16.0000,14,1,2026-01-05T20:19:33.507984,ok
643370,0044070-91.2017.8.16.0000,14,1,2026-01-05T20:19:33.507984,ok
643371,0010849-60.2017.8.16.0019,14,1,2026-01-05T20:19:33.507984,ok
643372,0005225-22.2016.8.16.0033,14,1,2026-01-05T20:19:33.507984,ok
643373,0042123-72.2016.8.16.0182,14,1,2026-01-05T20:19:33.507984,ok
643374,0042657-16.2016.8.16.0182,14,1,2026-01-05T20:19:33.507984,ok
643375,0007582-29.2016.8.16.0112,14,1,2026-01-05T20:19:33.507984,ok
643376,0038775-53.2016.8.16.0018,14,1,2026-01-05T20:19:33.507984,ok
643377,0041369-40.2016.8.16.0018,14,1,2026-01-05T20:19:33.507984,ok
643378,0006021-24.2017.8.16.0018,14,1,2026-01-05T20:19:33.507984,ok
643379,0039732-47.2016.8.16.0182,14,1,2026-01-05T20:19:33.507984,ok
643380,0002943-75.2016.8.16.0141,14,1,2026-01-05T20:19:33.507984,ok
643381,0044419-67.2016.8.16.0182,14,1,2026-01-05T20:19:33.507984,ok
643382,0004192-20.2016.8.16.0187,14,1,2026-01-05T20:19:33.507984,ok
643383,0000303-49.2017.8.16.0114,14,1,2026-01-05T20:19:33.507984,ok
643384,0001355-33.2013.8.16.0078,14,1,2026-01-05T20:19:33.507984,ok
643385,0044291-54.2016.8.16.0018,14,1,2026-01-05T20:19:33.507984,ok
643386,0035223-80.2016.8.16.0018,14,1,2026-01-05T20:19:33.507984,ok
643387,0042909-26.2016.8.16.0018,14,1,2026-01-05T20:19:33.507984,ok
643388,0041084-47.2016.8.16.0018,14,1,2026-01-05T20:19:33.507984,ok
643389,0001955-17.2017.8.16.0045,14,1,2026-01-05T20:19:33.507984,ok
643390,0001305-77.2017.8.16.0171,14,1,2026-01-05T20:19:33.507984,ok
643391,0001165-88.2017.8.16.0156,14,1,2026-01-05T20:19:33.507984,ok
643392,0000081-80.2015.8.16.0040,14,1,2026-01-05T20:19:33.507984,ok
643393,0002220-49.2017.8.16.0035,14,1,2026-01-05T20:19:33.507984,ok
643394,0002793-55.2016.8.16.0154,14,1,2026-01-05T20:19:33.507984,ok
643395,0002378-37.2015.8.16.0080,14,1,2026-01-05T20:19:33.507984,ok
643396,0003783-66.2016.8.16.0115,14,1,2026-01-05T20:19:33.507984,ok
643397,0031122-97.2016.8.16.0018,14,1,2026-01-05T20:19:33.507984,ok
643398,0003195-02.2015.8.16.0113,14,1,2026-01-05T20:19:33.507984,ok
643399,0001575-72.2016.8.16.0192,14,1,2026-01-05T20:19:33.507984,ok
643400,0002909-03.2016.8.16.0141,14,1,2026-01-05T20:19:33.507984,ok
643401,0005685-49.2016.8.16.0052,14,1,2026-01-05T20:19:33.507984,ok
643402,0000384-38.2017.8.16.0036,14,1,2026-01-05T20:19:33.507984,ok
643403,0001417-13.2017.8.16.0182,14,1,2026-01-05T20:19:33.507984,ok
643404,0002676-59.2015.8.16.0070,14,1,2026-01-05T20:19:33.507984,ok
643405,0042042-33.2016.8.16.0018,14,1,2026-01-05T20:19:33.507984,ok
643406,1746246-7,23,1,2026-01-05T20:19:33.507984,ok
643407,1736554-1,23,1,2026-01-05T20:19:33.507984,ok
643408,1522027-6,23,1,2026-01-05T20:19:33.507984,ok
643409,1663337-5,23,1,2026-01-05T20:19:33.507984,ok
643410,5002362-73.2017.8.16.0000,23,1,2026-01-05T20:19:33.507984,ok
643411,1745891-8,23,1,2026-01-05T20:19:33.507984,ok
643412,1745188-6,23,1,2026-01-05T20:19:33.507984,ok
643413,1735593-4,23,1,2026-01-05T20:19:33.507984,ok
643414,1725275-8,23,1,2026-01-05T20:19:33.507984,ok
643415,1746513-3,23,1,2026-01-05T20:19:33.507984,ok
643416,1732822-8,23,1,2026-01-05T20:19:33.507984,ok
643417,1728973-1,23,1,2026-01-05T20:19:33.507984,ok
643418,1721428-3,23,1,2026-01-05T20:19:33.507984,ok
643419,1723853-4,23,1,2026-01-05T20:19:33.507984,ok
643420,1664192-0,23,1,2026-01-05T20:19:33.507984,ok
643421,1719778-7,23,1,2026-01-05T20:19:33.507984,ok
643422,0035779-82.2016.8.16.0018,15,1,2026-01-05T20:19:33.507984,ok
643423,0001583-85.2016.8.16.0180,15,1,2026-01-05T20:19:33.507984,ok
643424,0002169-38.2016.8.16.0111,15,1,2026-01-05T20:19:33.507984,ok
643425,0009975-98.2015.8.16.0131,15,1,2026-01-05T20:19:33.507984,ok
643426,0014575-13.2015.8.16.0019,15,1,2026-01-05T20:19:33.507984,ok
643427,0006907-74.2016.8.16.0174,15,1,2026-01-05T20:19:33.507984,ok
643428,0001918-11.2016.8.16.0114,15,1,2026-01-05T20:19:33.507984,ok
643429,0002723-45.2016.8.16.0087,15,1,2026-01-05T20:19:33.507984,ok
643430,0004130-78.2015.8.16.0101,15,1,2026-01-05T20:19:33.507984,ok
643431,0001393-86.2017.8.16.0019,15,1,2026-01-05T20:19:33.507984,ok
643432,0002507-35.2014.8.16.0126,15,1,2026-01-05T20:19:33.507984,ok
643433,0003590-37.2017.8.16.9000,15,1,2026-01-05T20:19:33.507984,ok
643434,0020600-67.2017.8.16.0182,15,1,2026-01-05T20:19:33.507984,ok
643435,0044578-37.2017.8.16.0000,15,1,2026-01-05T20:19:33.507984,ok
643436,0004443-82.1997.8.16.0129,15,1,2026-01-05T20:19:33.507984,ok
643437,0006311-43.2005.8.16.0185,15,1,2026-01-05T20:19:33.507984,ok
643438,0011895-87.2013.8.16.0031,15,1,2026-01-05T20:19:33.507984,ok
643439,0025631-40.2009.8.16.0185,15,1,2026-01-05T20:19:33.507984,ok
643440,0001751-58.2005.8.16.0185,15,1,2026-01-05T20:19:33.507984,ok
643441,0001619-98.2005.8.16.0185,15,1,2026-01-05T20:19:33.507984,ok
643442,0011126-50.2007.8.16.0044,15,1,2026-01-05T20:19:33.507984,ok
643443,0037046-82.2008.8.16.0014,15,1,2026-01-05T20:19:33.507984,ok
643444,1691340-3,27,1,2026-01-05T20:19:33.507984,ok
643445,1708048-7,27,1,2026-01-05T20:19:33.507984,ok
643446,1706548-4,27,1,2026-01-05T20:19:33.507984,ok
643447,1716665-3,27,1,2026-01-05T20:19:33.507984,ok
643448,877879-0,27,1,2026-01-05T20:19:33.507984,ok
643449,925685-7,27,1,2026-01-05T20:19:33.507984,ok
643450,885523-8,27,1,2026-01-05T20:19:33.507984,ok
643451,1443078-1,27,1,2026-01-05T20:19:33.507984,ok
643452,910151-3,27,1,2026-01-05T20:19:33.507984,ok
643453,1297931-0,27,1,2026-01-05T20:19:33.507984,ok
643454,1294256-0,27,1,2026-01-05T20:19:33.507984,ok
643455,1738433-5,27,1,2026-01-05T20:19:33.507984,ok
643456,1733232-8,27,1,2026-01-05T20:19:33.507984,ok
643457,1746462-1,27,1,2026-01-05T20:19:33.507984,ok
643458,962737-6,27,1,2026-01-05T20:19:33.507984,ok
643459,1743394-6,27,1,2026-01-05T20:19:33.507984,ok
643460,1702032-5,27,1,2026-01-05T20:19:33.507984,ok
643461,1669732-4,27,1,2026-01-05T20:19:33.507984,ok
643462,907126-5,27,1,2026-01-05T20:19:33.507984,ok
643463,1692380-1,27,1,2026-01-05T20:19:33.507984,ok
643464,1652966-9,27,1,2026-01-05T20:19:33.507984,ok
643465,1663112-8,27,1,2026-01-05T20:19:33.507984,ok
643466,1715085-1,27,1,2026-01-05T20:19:33.507984,ok
643467,1672584-3,27,1,2026-01-05T20:19:33.507984,ok
643468,1746498-1,27,1,2026-01-05T20:19:33.507984,ok
643469,1738420-8,27,1,2026-01-05T20:19:33.507984,ok
643470,1678337-8,27,1,2026-01-05T20:19:33.507984,ok
643471,1614215-3,27,1,2026-01-05T20:19:33.507984,ok
643472,1691574-9,27,1,2026-01-05T20:19:33.507984,ok
643473,1657547-4,27,1,2026-01-05T20:19:33.507984,ok
643474,0003068-48.2015.8.16.0086,30,1,2026-01-05T20:19:33.507984,ok
643475,0025596-80.2009.8.16.0185,30,1,2026-01-05T20:19:33.507984,ok
643476,0029942-74.2009.8.16.0185,30,1,2026-01-05T20:19:33.507984,ok
643477,0028720-71.2009.8.16.0185,30,1,2026-01-05T20:19:33.507984,ok
643478,0029246-38.2009.8.16.0185,30,1,2026-01-05T20:19:33.507984,ok
643479,0025633-97.2015.8.16.0185,30,1,2026-01-05T20:19:33.507984,ok
643480,0048878-68.2015.8.16.0014,30,1,2026-01-05T20:19:33.507984,ok
643481,0016112-07.2014.8.16.0075,30,1,2026-01-05T20:19:33.507984,ok
643482,0002471-22.2016.8.16.0126,30,1,2026-01-05T20:19:33.507984,ok
643483,0002129-28.2017.8.16.0109,30,1,2026-01-05T20:19:33.507984,ok
643484,0043261-04.2017.8.16.0000,30,1,2026-01-05T20:19:33.507984,ok
643485,0043680-24.2017.8.16.0000,30,1,2026-01-05T20:19:33.507984,ok
643486,0037663-69.2017.8.16.0000,30,1,2026-01-05T20:19:33.507984,ok
643487,0043630-95.2017.8.16.0000,30,1,2026-01-05T20:19:33.507984,ok
643488,0012562-35.2015.8.16.0021,30,1,2026-01-05T20:19:33.507984,ok
643489,0000543-90.2015.8.16.0184,30,1,2026-01-05T20:19:33.507984,ok
643490,0023455-09.2015.8.16.0014,30,1,2026-01-05T20:19:33.507984,ok
643491,0035697-44.2016.8.16.0182,30,1,2026-01-05T20:19:33.507984,ok
643492,0000266-62.2017.8.16.0036,30,1,2026-01-05T20:19:33.507984,ok
643493,0002677-25.2016.8.16.0162,30,1,2026-01-05T20:19:33.507984,ok
643494,0003116-66.2017.8.16.9000,30,1,2026-01-05T20:19:33.507984,ok
643495,0013418-30.2017.8.16.0182,30,1,2026-01-05T20:19:33.507984,ok
643496,0003417-17.2016.8.16.0183,30,1,2026-01-05T20:19:33.507984,ok
643497,0002614-30.2017.8.16.9000,30,1,2026-01-05T20:19:33.507984,ok
643498,0043707-07.2017.8.16.0000,30,1,2026-01-05T20:19:33.507984,ok
643499,0043336-43.2017.8.16.0000,30,1,2026-01-05T20:19:33.507984,ok
643500,1721217-0,30,1,2026-01-05T20:19:33.507984,ok
643501,1745830-5,30,1,2026-01-05T20:19:33.507984,ok
643502,1724731-7,30,1,2026-01-05T20:19:33.507984,ok
643503,1734008-6,30,1,2026-01-05T20:19:33.507984,ok
643504,1738688-0,30,1,2026-01-05T20:19:33.507984,ok
643505,1725616-9,30,1,2026-01-05T20:19:33.507984,ok
643506,1679857-9,30,1,2026-01-05T20:19:33.507984,ok
643507,1718706-7,30,1,2026-01-05T20:19:33.507984,ok
643508,1732940-1,30,1,2026-01-05T20:19:33.507984,ok
643509,1705220-7,30,1,2026-01-05T20:19:33.507984,ok
643510,1740234-3,30,1,2026-01-05T20:19:33.507984,ok
643511,1737609-5,30,1,2026-01-05T20:19:33.507984,ok
643512,1710446-4,30,1,2026-01-05T20:19:33.507984,ok
643513,1703812-7,30,1,2026-01-05T20:19:33.507984,ok
643514,1694366-9,28,1,2026-01-05T20:19:33.507984,ok
643515,1527589-1,28,1,2026-01-05T20:19:33.507984,ok
643516,1724798-2,28,1,2026-01-05T20:19:33.507984,ok
643517,1685179-7,28,1,2026-01-05T20:19:33.507984,ok
643518,1683237-6,28,1,2026-01-05T20:19:33.507984,ok
643519,1173749-8,28,1,2026-01-05T20:19:33.507984,ok
643520,0027032-39.2016.8.16.0182,28,1,2026-01-05T20:19:33.507984,ok
643521,0007402-66.2008.8.16.0185,28,1,2026-01-05T20:19:33.507984,ok
643522,0032941-62.2016.8.16.0182,28,1,2026-01-05T20:19:33.507984,ok
643523,0011260-95.2016.8.16.0130,28,1,2026-01-05T20:19:33.507984,ok
643524,0002475-33.2016.8.16.0167,28,1,2026-01-05T20:19:33.507984,ok
643525,0003891-46.2015.8.16.0175,28,1,2026-01-05T20:19:33.507984,ok
643526,0006395-29.2016.8.16.0130,28,1,2026-01-05T20:19:33.507984,ok
643527,0002160-79.2015.8.16.0089,28,1,2026-01-05T20:19:33.507984,ok
643528,0002370-96.2016.8.16.0089,28,1,2026-01-05T20:19:33.507984,ok
643529,0009200-52.2016.8.16.0130,28,1,2026-01-05T20:19:33.507984,ok
643530,0007309-93.2016.8.16.0130,28,1,2026-01-05T20:19:33.507984,ok
643531,0003495-07.2017.8.16.9000,28,1,2026-01-05T20:19:33.507984,ok
643532,0003564-39.2017.8.16.9000,28,1,2026-01-05T20:19:33.507984,ok
643533,0005905-52.2016.8.16.0018,28,1,2026-01-05T20:19:33.507984,ok
643534,0020961-89.2016.8.16.0030,28,1,2026-01-05T20:19:33.507984,ok
643535,0005950-18.2016.8.16.0160,28,1,2026-01-05T20:19:33.507984,ok
643536,0012633-85.2016.8.16.0026,28,1,2026-01-05T20:19:33.507984,ok
643537,0009559-06.2017.8.16.0182,28,1,2026-01-05T20:19:33.507984,ok
643538,0005934-68.2017.8.16.0018,28,1,2026-01-05T20:19:33.507984,ok
643539,0006183-68.2017.8.16.0034,28,1,2026-01-05T20:19:33.507984,ok
643540,0003379-98.2017.8.16.9000,28,1,2026-01-05T20:19:33.507984,ok
643541,0002884-15.2017.8.16.0089,28,1,2026-01-05T20:19:33.507984,ok
643542,0000455-15.2014.8.16.0046,28,1,2026-01-05T20:19:33.507984,ok
643543,0000687-31.2017.8.16.0043,28,1,2026-01-05T20:19:33.507984,ok
643544,0043435-13.2017.8.16.0000,28,1,2026-01-05T20:19:33.507984,ok
643545,0042347-37.2017.8.16.0000,28,1,2026-01-05T20:19:33.507984,ok
643546,0004436-90.1997.8.16.0129,28,1,2026-01-05T20:19:33.507984,ok
643547,0006083-61.2013.8.16.0129,28,1,2026-01-05T20:19:33.507984,ok
643548,0011243-96.2015.8.16.0129,28,1,2026-01-05T20:19:33.507984,ok
643549,0044517-79.2017.8.16.0000,28,1,2026-01-05T20:19:33.507984,ok
643550,0013293-58.2014.8.16.0088,28,1,2026-01-05T20:19:33.507984,ok
643551,0011212-76.2015.8.16.0129,28,1,2026-01-05T20:19:33.507984,ok
643552,0012790-76.2010.8.16.0088,28,1,2026-01-05T20:19:33.507984,ok
643553,0012709-30.2010.8.16.0088,28,1,2026-01-05T20:19:33.507984,ok
643554,0043987-75.2017.8.16.0000,28,1,2026-01-05T20:19:33.507984,ok
643555,0007159-20.2013.8.16.0130,28,1,2026-01-05T20:19:33.507984,ok
643556,0000347-50.1997.8.16.0185,28,1,2026-01-05T20:19:33.507984,ok
643557,0005914-40.2014.8.16.0129,28,1,2026-01-05T20:19:33.507984,ok
643558,0003389-24.2008.8.16.0088,28,1,2026-01-05T20:19:33.507984,ok
643559,0000186-51.1992.8.16.0044,28,1,2026-01-05T20:19:33.507984,ok
643560,0043805-89.2017.8.16.0000,28,1,2026-01-05T20:19:33.507984,ok
643561,0039366-35.2017.8.16.0000,28,1,2026-01-05T20:19:33.507984,ok
643562,0002401-72.2016.8.16.0039,29,1,2026-01-05T20:19:33.507984,ok
643563,0043750-41.2017.8.16.0000,29,1,2026-01-05T20:19:33.507984,ok
643564,0043667-25.2017.8.16.0000,29,1,2026-01-05T20:19:33.507984,ok
643565,0041936-91.2017.8.16.0000,29,1,2026-01-05T20:19:33.507984,ok
643566,0018628-34.2009.8.16.0185,29,1,2026-01-05T20:19:33.507984,ok
643567,0042690-33.2017.8.16.0000,29,1,2026-01-05T20:19:33.507984,ok
643568,0043233-36.2017.8.16.0000,29,1,2026-01-05T20:19:33.507984,ok
643569,0005711-15.2013.8.16.0129,29,1,2026-01-05T20:19:33.507984,ok
643570,0006080-09.2013.8.16.0129,29,1,2026-01-05T20:19:33.507984,ok
643571,0043834-49.2011.8.16.0001,29,1,2026-01-05T20:19:33.507984,ok
643572,0002083-73.2015.8.16.0088,29,1,2026-01-05T20:19:33.507984,ok
643573,0011892-61.2015.8.16.0129,29,1,2026-01-05T20:19:33.507984,ok
643574,0002084-58.2015.8.16.0088,29,1,2026-01-05T20:19:33.507984,ok
643575,0002089-80.2015.8.16.0088,29,1,2026-01-05T20:19:33.507984,ok
643576,0002090-65.2015.8.16.0088,29,1,2026-01-05T20:19:33.507984,ok
643577,0007405-65.2001.8.16.0185,29,1,2026-01-05T20:19:33.507984,ok
643578,0002085-43.2015.8.16.0088,29,1,2026-01-05T20:19:33.507984,ok
643579,0044171-31.2017.8.16.0000,29,1,2026-01-05T20:19:33.507984,ok
643580,0004732-27.2011.8.16.0031,29,1,2026-01-05T20:19:33.507984,ok
643581,0043501-90.2017.8.16.0000,29,1,2026-01-05T20:19:33.507984,ok
643582,0041356-61.2017.8.16.0000,29,1,2026-01-05T20:19:33.507984,ok
643583,0005972-43.2014.8.16.0129,29,1,2026-01-05T20:19:33.507984,ok
643584,0003339-59.2014.8.16.0129,29,1,2026-01-05T20:19:33.507984,ok
643585,0044194-74.2017.8.16.0000,29,1,2026-01-05T20:19:33.507984,ok
643586,0042461-73.2017.8.16.0000,29,1,2026-01-05T20:19:33.507984,ok
643587,0042755-28.2017.8.16.0000,29,1,2026-01-05T20:19:33.507984,ok
643588,0047356-50.2016.8.16.0182,29,1,2026-01-05T20:19:33.507984,ok
643589,0001261-73.2016.8.16.0048,29,1,2026-01-05T20:19:33.507984,ok
643590,0000284-68.2017.8.16.0041,29,1,2026-01-05T20:19:33.507984,ok
643591,0013058-91.2016.8.16.0130,29,1,2026-01-05T20:19:33.507984,ok
643592,0015251-79.2016.8.16.0130,29,1,2026-01-05T20:19:33.507984,ok
643593,0010260-90.2017.8.16.0044,29,1,2026-01-05T20:19:33.507984,ok
643594,0001102-04.2017.8.16.0014,29,1,2026-01-05T20:19:33.507984,ok
643595,0028389-25.2016.8.16.0030,29,1,2026-01-05T20:19:33.507984,ok
643596,0000093-14.2017.8.16.0044,29,1,2026-01-05T20:19:33.507984,ok
643597,0002728-66.2017.8.16.9000,29,1,2026-01-05T20:19:33.507984,ok
643598,0002729-51.2017.8.16.9000,29,1,2026-01-05T20:19:33.507984,ok
643599,0003367-84.2017.8.16.9000,29,1,2026-01-05T20:19:33.507984,ok
643600,1744534-4,31,1,2026-01-05T20:19:33.507984,ok
643601,1734309-8,31,1,2026-01-05T20:19:33.507984,ok
643602,1736739-4,31,1,2026-01-05T20:19:33.507984,ok
643603,1718710-1,31,1,2026-01-05T20:19:33.507984,ok
643604,1745419-6,31,1,2026-01-05T20:19:33.507984,ok
643605,1714588-3,31,1,2026-01-05T20:19:33.507984,ok
643606,1741652-5,31,1,2026-01-05T20:19:33.507984,ok
643607,1635499-9,31,1,2026-01-05T20:19:33.507984,ok
643608,1678410-2,31,1,2026-01-05T20:19:33.507984,ok
643609,1645231-0,31,1,2026-01-05T20:19:33.507984,ok
643610,1669408-3,31,1,2026-01-05T20:19:33.507984,ok
643611,1553341-4,31,1,2026-01-05T20:19:33.507984,ok
643612,1728559-1,31,1,2026-01-05T20:19:33.507984,ok
643613,1209822-7,31,1,2026-01-05T20:19:33.507984,ok
643614,5000879-08.2017.8.16.0000,31,1,2026-01-05T20:19:33.507984,ok
643615,1707119-7,31,1,2026-01-05T20:19:33.507984,ok
643616,1733550-1,31,1,2026-01-05T20:19:33.507984,ok
643617,1743023-2,31,1,2026-01-05T20:19:33.507984,ok
643618,1671409-1,31,1,2026-01-05T20:19:33.507984,ok
643619,1741319-5,31,1,2026-01-05T20:19:33.507984,ok
643620,1746507-5,31,1,2026-01-05T20:19:33.507984,ok
643621,1742570-2,31,1,2026-01-05T20:19:33.507984,ok
643622,1647065-4,31,1,2026-01-05T20:19:33.507984,ok
643623,1735370-1,31,1,2026-01-05T20:19:33.507984,ok
643624,1746532-8,31,1,2026-01-05T20:19:33.507984,ok
643625,1727080-7,31,1,2026-01-05T20:19:33.507984,ok
643626,1686106-8,33,1,2026-01-05T20:19:33.507984,ok
643627,1711171-6,33,1,2026-01-05T20:19:33.507984,ok
643628,1652481-1,33,1,2026-01-05T20:19:33.507984,ok
643629,1727443-4,33,1,2026-01-05T20:19:33.507984,ok
643630,1727495-8,33,1,2026-01-05T20:19:33.507984,ok
643631,1725504-4,33,1,2026-01-05T20:19:33.507984,ok
643632,1711268-4,33,1,2026-01-05T20:19:33.507984,ok
643633,1635573-0,33,1,2026-01-05T20:19:33.507984,ok
643634,1662207-8,33,1,2026-01-05T20:19:33.507984,ok
643635,1672668-4,33,1,2026-01-05T20:19:33.507984,ok
643636,1743305-9,33,1,2026-01-05T20:19:33.507984,ok
643637,1725280-9,33,1,2026-01-05T20:19:33.507984,ok
643638,1745699-4,33,1,2026-01-05T20:19:33.507984,ok
643639,1669519-1,33,1,2026-01-05T20:19:33.507984,ok
643640,1673711-4,33,1,2026-01-05T20:19:33.507984,ok
643641,1746454-9,33,1,2026-01-05T20:19:33.507984,ok
643642,1626023-6,33,1,2026-01-05T20:19:33.507984,ok
643643,1620948-4,33,1,2026-01-05T20:19:33.507984,ok
643644,5002539-37.2017.8.16.0000,33,1,2026-01-05T20:19:33.507984,ok
643645,0002291-94.2010.8.16.0100,33,1,2026-01-05T20:19:33.507984,ok
643646,0042238-23.2017.8.16.0000,33,1,2026-01-05T20:19:33.507984,ok
643647,0001001-81.2012.8.16.0065,33,1,2026-01-05T20:19:33.507984,ok
643648,0027307-32.2015.8.16.0017,33,1,2026-01-05T20:19:33.507984,ok
643649,0008059-62.2016.8.16.0044,33,1,2026-01-05T20:19:33.507984,ok
643650,0010656-67.2017.8.16.0044,33,1,2026-01-05T20:19:33.507984,ok
643651,0042537-97.2017.8.16.0000,33,1,2026-01-05T20:19:33.507984,ok
643652,0000690-71.2016.8.16.0123,33,1,2026-01-05T20:19:33.507984,ok
643653,0002579-70.2017.8.16.9000,33,1,2026-01-05T20:19:33.507984,ok
643654,0003395-52.2017.8.16.9000,33,1,2026-01-05T20:19:33.507984,ok
643655,0003539-26.2017.8.16.9000,33,1,2026-01-05T20:19:33.507984,ok
643656,0028763-36.2017.8.16.0182,33,1,2026-01-05T20:19:33.507984,ok
643657,0003352-18.2017.8.16.9000,33,1,2026-01-05T20:19:33.507984,ok
643658,0032495-29.2017.8.16.0019,33,1,2026-01-05T20:19:33.507984,ok
643659,0003287-23.2017.8.16.9000,33,1,2026-01-05T20:19:33.507984,ok
643660,0005226-94.2017.8.16.0025,33,1,2026-01-05T20:19:33.507984,ok
643661,0001639-08.2017.8.16.9000,33,1,2026-01-05T20:19:33.507984,ok
643662,0004626-73.2016.8.16.0101,33,1,2026-01-05T20:19:33.507984,ok
643663,0003337-49.2017.8.16.9000,33,1,2026-01-05T20:19:33.507984,ok
643664,0004207-49.2015.8.16.0146,33,1,2026-01-05T20:19:33.507984,ok
643665,0003504-66.2017.8.16.9000,33,1,2026-01-05T20:19:33.507984,ok
643666,0003505-51.2017.8.16.9000,33,1,2026-01-05T20:19:33.507984,ok
643667,0003511-58.2017.8.16.9000,33,1,2026-01-05T20:19:33.507984,ok
643668,0003522-87.2017.8.16.9000,33,1,2026-01-05T20:19:33.507984,ok
643669,0003537-56.2017.8.16.9000,33,1,2026-01-05T20:19:33.507984,ok
643670,0001675-10.2016.8.16.0036,33,1,2026-01-05T20:19:33.507984,ok
643671,1707318-0,32,1,2026-01-05T20:19:33.507984,ok
643672,1653031-5,32,1,2026-01-05T20:19:33.507984,ok
643673,1714709-2,32,1,2026-01-05T20:19:33.507984,ok
643674,1484230-7,32,1,2026-01-05T20:19:33.507984,ok
643675,1625079-4,32,1,2026-01-05T20:19:33.507984,ok
643676,1678666-4,32,1,2026-01-05T20:19:33.507984,ok
643677,1721526-4,32,1,2026-01-05T20:19:33.507984,ok
643678,1709502-0,32,1,2026-01-05T20:19:33.507984,ok
643679,1739638-4,32,1,2026-01-05T20:19:33.507984,ok
643680,5001584-06.2017.8.16.0000,32,1,2026-01-05T20:19:33.507984,ok
643681,1696634-0,32,1,2026-01-05T20:19:33.507984,ok
643682,1715406-0,32,1,2026-01-05T20:19:33.507984,ok
643683,1718908-1,32,1,2026-01-05T20:19:33.507984,ok
643684,1725122-2,32,1,2026-01-05T20:19:33.507984,ok
643685,1720949-3,32,1,2026-01-05T20:19:33.507984,ok
643686,1733163-8,32,1,2026-01-05T20:19:33.507984,ok
643687,1734672-6,32,1,2026-01-05T20:19:33.507984,ok
643688,1724941-3,32,1,2026-01-05T20:19:33.507984,ok
643689,1713197-8,32,1,2026-01-05T20:19:33.507984,ok
643690,1519056-2,32,1,2026-01-05T20:19:33.507984,ok
643691,1734303-6,32,1,2026-01-05T20:19:33.507984,ok
643692,1737686-2,32,1,2026-01-05T20:19:33.507984,ok
643693,1687331-5,32,1,2026-01-05T20:19:33.507984,ok
643694,1738088-0,32,1,2026-01-05T20:19:33.507984,ok
643695,1714256-6,32,1,2026-01-05T20:19:33.507984,ok
643696,1681515-7,32,1,2026-01-05T20:19:33.507984,ok
643697,1642722-4,32,1,2026-01-05T20:19:33.507984,ok
643698,1736143-8,32,1,2026-01-05T20:19:33.507984,ok
643699,1731507-2,32,1,2026-01-05T20:19:33.507984,ok
643700,1733079-1,32,1,2026-01-05T20:19:33.507984,ok
643701,1686283-0,32,1,2026-01-05T20:19:33.507984,ok
643702,1728524-8,32,1,2026-01-05T20:19:33.507984,ok
643703,1681755-1,32,1,2026-01-05T20:19:33.507984,ok
643704,1725036-1,32,1,2026-01-05T20:19:33.507984,ok
643705,1691485-7,32,1,2026-01-05T20:19:33.507984,ok
643706,1673746-7,32,1,2026-01-05T20:19:33.507984,ok
643707,1677128-5,32,1,2026-01-05T20:19:33.507984,ok
643708,1723020-5,32,1,2026-01-05T20:19:33.507984,ok
643709,1713413-7,32,1,2026-01-05T20:19:33.507984,ok
643710,1484941-5,32,1,2026-01-05T20:19:33.507984,ok
643711,1731091-9,32,1,2026-01-05T20:19:33.507984,ok
643712,0003406-81.2017.8.16.9000,34,1,2026-01-05T20:19:33.507984,ok
643713,0008393-62.2017.8.16.0044,34,1,2026-01-05T20:19:33.507984,ok
643714,0043396-16.2017.8.16.0000,34,1,2026-01-05T20:19:33.507984,ok
643715,0036205-17.2017.8.16.0000,34,1,2026-01-05T20:19:33.507984,ok
643716,0043760-85.2017.8.16.0000,34,1,2026-01-05T20:19:33.507984,ok
643717,0043611-89.2017.8.16.0000,34,1,2026-01-05T20:19:33.507984,ok
643718,0043446-42.2017.8.16.0000,34,1,2026-01-05T20:19:33.507984,ok
643719,0037882-89.2007.8.16.0014,34,1,2026-01-05T20:19:33.507984,ok
643720,0037686-15.2017.8.16.0000,34,1,2026-01-05T20:19:33.507984,ok
643721,0037741-63.2017.8.16.0000,34,1,2026-01-05T20:19:33.507984,ok
643722,0043774-69.2017.8.16.0000,34,1,2026-01-05T20:19:33.507984,ok
643723,0000072-41.2015.8.16.0001,34,1,2026-01-05T20:19:33.507984,ok
643724,0006962-93.2015.8.16.0001,34,1,2026-01-05T20:19:33.507984,ok
643725,0017704-42.2009.8.16.0017,34,1,2026-01-05T20:19:33.507984,ok
643726,0000233-17.1978.8.16.0173,34,1,2026-01-05T20:19:33.507984,ok
643727,0040514-81.2017.8.16.0000,34,1,2026-01-05T20:19:33.507984,ok
643728,0043267-11.2017.8.16.0000,34,1,2026-01-05T20:19:33.507984,ok
643729,0043368-48.2017.8.16.0000,34,1,2026-01-05T20:19:33.507984,ok
643730,0043427-36.2017.8.16.0000,34,1,2026-01-05T20:19:33.507984,ok
643731,0043727-95.2017.8.16.0000,34,1,2026-01-05T20:19:33.507984,ok
643732,0043763-40.2017.8.16.0000,34,1,2026-01-05T20:19:33.507984,ok
643733,0043829-20.2017.8.16.0000,34,1,2026-01-05T20:19:33.507984,ok
643734,0043917-58.2017.8.16.0000,34,1,2026-01-05T20:19:33.507984,ok
643735,0027602-60.2009.8.16.0185,34,1,2026-01-05T20:19:33.507984,ok
643736,0044222-42.2017.8.16.0000,34,1,2026-01-05T20:19:33.507984,ok
643737,0044269-16.2017.8.16.0000,34,1,2026-01-05T20:19:33.507984,ok
643738,0044224-12.2017.8.16.0000,34,1,2026-01-05T20:19:33.507984,ok
643739,0043787-68.2017.8.16.0000,34,1,2026-01-05T20:19:33.507984,ok
643740,0042130-91.2017.8.16.0000,34,1,2026-01-05T20:19:33.507984,ok
643741,0041365-23.2017.8.16.0000,34,1,2026-01-05T20:19:33.507984,ok
643742,0023766-46.2015.8.16.0031,34,1,2026-01-05T20:19:33.507984,ok
643743,0004591-08.2011.8.16.0031,34,1,2026-01-05T20:19:33.507984,ok
643744,0044169-61.2017.8.16.0000,34,1,2026-01-05T20:19:33.507984,ok
643745,0003921-11.2017.8.16.0014,34,1,2026-01-05T20:19:33.507984,ok
643746,0042927-67.2017.8.16.0000,34,1,2026-01-05T20:19:33.507984,ok
643747,0003410-77.2016.8.16.0004,34,1,2026-01-05T20:19:33.507984,ok
643748,0042257-29.2017.8.16.0000,34,1,2026-01-05T20:19:33.507984,ok
643749,0042576-94.2017.8.16.0000,34,1,2026-01-05T20:19:33.507984,ok
643750,0042792-55.2017.8.16.0000,34,1,2026-01-05T20:19:33.507984,ok
643751,0043174-48.2017.8.16.0000,34,1,2026-01-05T20:19:33.507984,ok
643752,0050820-82.2016.8.16.0182,34,1,2026-01-05T20:19:33.507984,ok
643753,0013480-89.2017.8.16.0014,34,1,2026-01-05T20:19:33.507984,ok
643754,0043278-40.2017.8.16.0000,34,1,2026-01-05T20:19:33.507984,ok
643755,0001655-52.2014.8.16.0080,35,1,2026-01-05T20:19:33.507984,ok
643756,0001129-59.2009.8.16.0113,35,1,2026-01-05T20:19:33.507984,ok
643757,0038287-21.2017.8.16.0000,35,1,2026-01-05T20:19:33.507984,ok
643758,0024728-19.2012.8.16.0017,35,1,2026-01-05T20:19:33.507984,ok
643759,0043163-19.2017.8.16.0000,35,1,2026-01-05T20:19:33.507984,ok
643760,0042812-46.2017.8.16.0000,35,1,2026-01-05T20:19:33.507984,ok
643761,0043708-89.2017.8.16.0000,35,1,2026-01-05T20:19:33.507984,ok
643762,0002568-90.2014.8.16.0126,35,1,2026-01-05T20:19:33.507984,ok
643763,0044018-95.2017.8.16.0000,35,1,2026-01-05T20:19:33.507984,ok
643764,0017386-38.2014.8.16.0129,35,1,2026-01-05T20:19:33.507984,ok
643765,0037951-17.2017.8.16.0000,35,1,2026-01-05T20:19:33.507984,ok
643766,1740454-5,35,1,2026-01-05T20:19:33.507984,ok
643767,1733103-2,35,1,2026-01-05T20:19:33.507984,ok
643768,1721595-9,35,1,2026-01-05T20:19:33.507984,ok
643769,1692891-9,35,1,2026-01-05T20:19:33.507984,ok
643770,1728221-2,35,1,2026-01-05T20:19:33.507984,ok
643771,1729707-1,35,1,2026-01-05T20:19:33.507984,ok
643772,1678262-6,35,1,2026-01-05T20:19:33.507984,ok
643773,1731581-8,35,1,2026-01-05T20:19:33.507984,ok
643774,1732128-5,35,1,2026-01-05T20:19:33.507984,ok
643775,1724493-2,35,1,2026-01-05T20:19:33.507984,ok
643776,1725087-8,35,1,2026-01-05T20:19:33.507984,ok
643777,1719484-0,35,1,2026-01-05T20:19:33.507984,ok
643778,1721739-1,35,1,2026-01-05T20:19:33.507984,ok
643779,1724409-0,35,1,2026-01-05T20:19:33.507984,ok
643780,1722246-5,35,1,2026-01-05T20:19:33.507984,ok
643781,1693788-1,35,1,2026-01-05T20:19:33.507984,ok
643782,1565197-7,37,1,2026-01-05T20:19:33.507984,ok
643783,1573416-2,37,1,2026-01-05T20:19:33.507984,ok
643784,1743950-4,37,1,2026-01-05T20:19:33.507984,ok
643785,1744673-6,37,1,2026-01-05T20:19:33.507984,ok
643786,1699844-8,37,1,2026-01-05T20:19:33.507984,ok
643787,1726522-6,37,1,2026-01-05T20:19:33.507984,ok
643788,1680904-0,37,1,2026-01-05T20:19:33.507984,ok
643789,1746125-3,37,1,2026-01-05T20:19:33.507984,ok
643790,1745521-1,37,1,2026-01-05T20:19:33.507984,ok
643791,1744523-1,37,1,2026-01-05T20:19:33.507984,ok
643792,1745658-3,37,1,2026-01-05T20:19:33.507984,ok
643793,1744157-7,37,1,2026-01-05T20:19:33.507984,ok
643794,1745870-9,37,1,2026-01-05T20:19:33.507984,ok
643795,1745356-4,37,1,2026-01-05T20:19:33.507984,ok
643796,1745744-4,37,1,2026-01-05T20:19:33.507984,ok
643797,1745314-6,37,1,2026-01-05T20:19:33.507984,ok
643798,1744141-9,37,1,2026-01-05T20:19:33.507984,ok
643799,1669877-8,37,1,2026-01-05T20:19:33.507984,ok
643800,1650222-4,37,1,2026-01-05T20:19:33.507984,ok
643801,1739038-4,37,1,2026-01-05T20:19:33.507984,ok
643802,1717227-7,37,1,2026-01-05T20:19:33.507984,ok
643803,1648037-4,37,1,2026-01-05T20:19:33.507984,ok
643804,1697532-5,37,1,2026-01-05T20:19:33.507984,ok
643805,1703984-8,37,1,2026-01-05T20:19:33.507984,ok
643806,1217120-3,37,1,2026-01-05T20:19:33.507984,ok
643807,1730754-7,37,1,2026-01-05T20:19:33.507984,ok
643808,1733721-0,37,1,2026-01-05T20:19:33.507984,ok
643809,1725411-4,37,1,2026-01-05T20:19:33.507984,ok
643810,1595921-2,37,1,2026-01-05T20:19:33.507984,ok
643811,1702020-5,40,1,2026-01-05T20:19:33.507984,ok
643812,1216105-2,40,1,2026-01-05T20:19:33.507984,ok
643813,1717801-3,40,1,2026-01-05T20:19:33.507984,ok
643814,1727527-5,40,1,2026-01-05T20:19:33.507984,ok
643815,1726232-7,40,1,2026-01-05T20:19:33.507984,ok
643816,1717480-4,40,1,2026-01-05T20:19:33.507984,ok
643817,1739931-0,40,1,2026-01-05T20:19:33.507984,ok
643818,1723911-1,40,1,2026-01-05T20:19:33.507984,ok
643819,1718671-9,40,1,2026-01-05T20:19:33.507984,ok
643820,1724770-4,40,1,2026-01-05T20:19:33.507984,ok
643821,1680543-7,40,1,2026-01-05T20:19:33.507984,ok
643822,1706908-0,40,1,2026-01-05T20:19:33.507984,ok
643823,1741460-7,40,1,2026-01-05T20:19:33.507984,ok
643824,1711763-4,40,1,2026-01-05T20:19:33.507984,ok
643825,1675708-5,40,1,2026-01-05T20:19:33.507984,ok
643826,1717216-4,40,1,2026-01-05T20:19:33.507984,ok
643827,1735988-3,40,1,2026-01-05T20:19:33.507984,ok
643828,1736508-9,40,1,2026-01-05T20:19:33.507984,ok
643829,1746404-9,40,1,2026-01-05T20:19:33.507984,ok
643830,859790-6,40,1,2026-01-05T20:19:33.507984,ok
643831,1729910-8,40,1,2026-01-05T20:19:33.507984,ok
643832,1740119-1,40,1,2026-01-05T20:19:33.507984,ok
643833,1745739-3,40,1,2026-01-05T20:19:33.507984,ok
643834,1745920-4,40,1,2026-01-05T20:19:33.507984,ok
643835,1745652-1,40,1,2026-01-05T20:19:33.507984,ok
643836,1745701-9,40,1,2026-01-05T20:19:33.507984,ok
643837,1745701-9,40,1,2026-01-05T20:19:33.507984,ok
643838,1745707-1,40,1,2026-01-05T20:19:33.507984,ok
643839,1731528-1,40,1,2026-01-05T20:19:33.507984,ok
643840,1733265-7,40,1,2026-01-05T20:19:33.507984,ok
643841,1745128-0,40,1,2026-01-05T20:19:33.507984,ok
643842,1736036-8,40,1,2026-01-05T20:19:33.507984,ok
643843,1725578-4,39,1,2026-01-05T20:19:33.507984,ok
643844,1719960-5,39,1,2026-01-05T20:19:33.507984,ok
643845,1713124-5,39,1,2026-01-05T20:19:33.507984,ok
643846,1729184-8,39,1,2026-01-05T20:19:33.507984,ok
643847,1739549-2,39,1,2026-01-05T20:19:33.507984,ok
643848,1724989-3,39,1,2026-01-05T20:19:33.507984,ok
643849,678480-3,39,1,2026-01-05T20:19:33.507984,ok
643850,1687984-6,39,1,2026-01-05T20:19:33.507984,ok
643851,1725823-4,39,1,2026-01-05T20:19:33.507984,ok
643852,1700420-7,39,1,2026-01-05T20:19:33.507984,ok
643853,1738347-4,39,1,2026-01-05T20:19:33.507984,ok
643854,1251608-0,39,1,2026-01-05T20:19:33.507984,ok
643855,1235967-4,39,1,2026-01-05T20:19:33.507984,ok
643856,1647178-6,39,1,2026-01-05T20:19:33.507984,ok
643857,1732351-4,39,1,2026-01-05T20:19:33.507984,ok
643858,1727569-3,39,1,2026-01-05T20:19:33.507984,ok
643859,1712819-5,39,1,2026-01-05T20:19:33.507984,ok
643860,1721052-9,39,1,2026-01-05T20:19:33.507984,ok
643861,1606265-8,39,1,2026-01-05T20:19:33.507984,ok
643862,1742710-6,39,1,2026-01-05T20:19:33.507984,ok
643863,1736683-7,39,1,2026-01-05T20:19:33.507984,ok
643864,1683890-3,39,1,2026-01-05T20:19:33.507984,ok
643865,1731023-1,39,1,2026-01-05T20:19:33.507984,ok
643866,1194651-3,39,1,2026-01-05T20:19:33.507984,ok
643867,1653407-9,39,1,2026-01-05T20:19:33.507984,ok
643868,1163386-8,39,1,2026-01-05T20:19:33.507984,ok
643869,1705693-0,39,1,2026-01-05T20:19:33.507984,ok
643870,1634164-7,39,1,2026-01-05T20:19:33.507984,ok
643871,1725408-7,39,1,2026-01-05T20:19:33.507984,ok
643872,1694713-8,39,1,2026-01-05T20:19:33.507984,ok
643873,1723789-9,39,1,2026-01-05T20:19:33.507984,ok
643874,1724871-6,39,1,2026-01-05T20:19:33.507984,ok
643875,1606665-8,39,1,2026-01-05T20:19:33.507984,ok
643876,1731953-4,39,1,2026-01-05T20:19:33.507984,ok
643877,1714018-6,39,1,2026-01-05T20:19:33.507984,ok
643878,1656282-4,39,1,2026-01-05T20:19:33.507984,ok
643879,1053735-6,39,1,2026-01-05T20:19:33.507984,ok
643880,1133886-4,39,1,2026-01-05T20:19:33.507984,ok
643881,1715559-6,39,1,2026-01-05T20:19:33.507984,ok
643882,1718370-7,39,1,2026-01-05T20:19:33.507984,ok
643883,1718295-9,39,1,2026-01-05T20:19:33.507984,ok
643884,1738030-4,38,1,2026-01-05T20:19:33.507984,ok
643885,1733167-6,38,1,2026-01-05T20:19:33.507984,ok
643886,1263022-1,38,1,2026-01-05T20:19:33.507984,ok
643887,1220698-1,38,1,2026-01-05T20:19:33.507984,ok
643888,1736680-6,38,1,2026-01-05T20:19:33.507984,ok
643889,1737159-0,38,1,2026-01-05T20:19:33.507984,ok
643890,1716913-4,38,1,2026-01-05T20:19:33.507984,ok
643891,1580532-2,38,1,2026-01-05T20:19:33.507984,ok
643892,1730528-7,38,1,2026-01-05T20:19:33.507984,ok
643893,1725803-2,38,1,2026-01-05T20:19:33.507984,ok
643894,1663874-3,38,1,2026-01-05T20:19:33.507984,ok
643895,1727854-7,38,1,2026-01-05T20:19:33.507984,ok
643896,1726404-3,38,1,2026-01-05T20:19:33.507984,ok
643897,1733757-0,38,1,2026-01-05T20:19:33.507984,ok
643898,1270593-6,38,1,2026-01-05T20:19:33.507984,ok
643899,1695511-8,38,1,2026-01-05T20:19:33.507984,ok
643900,1712832-8,38,1,2026-01-05T20:19:33.507984,ok
643901,1731161-6,38,1,2026-01-05T20:19:33.507984,ok
643902,1678596-7,38,1,2026-01-05T20:19:33.507984,ok
643903,1688562-4,38,1,2026-01-05T20:19:33.507984,ok
643904,1726210-1,38,1,2026-01-05T20:19:33.507984,ok
643905,1736260-4,38,1,2026-01-05T20:19:33.507984,ok
643906,1730065-5,38,1,2026-01-05T20:19:33.507984,ok
643907,1732890-6,38,1,2026-01-05T20:19:33.507984,ok
643908,1723484-9,38,1,2026-01-05T20:19:33.507984,ok
643909,1707405-8,38,1,2026-01-05T20:19:33.507984,ok
643910,1721829-0,38,1,2026-01-05T20:19:33.507984,ok
643911,1723611-6,38,1,2026-01-05T20:19:33.507984,ok
643912,1335129-6,38,1,2026-01-05T20:19:33.507984,ok
643913,1697370-5,38,1,2026-01-05T20:19:33.507984,ok
643914,1725378-4,38,1,2026-01-05T20:19:33.507984,ok
643915,1729283-6,38,1,2026-01-05T20:19:33.507984,ok
643916,1738864-0,38,1,2026-01-05T20:19:33.507984,ok
643917,1731342-1,38,1,2026-01-05T20:19:33.507984,ok
643918,1210530-1,38,1,2026-01-05T20:19:33.507984,ok
643919,1727962-4,38,1,2026-01-05T20:19:33.507984,ok
643920,1725746-2,38,1,2026-01-05T20:19:33.507984,ok
643921,1702130-6,38,1,2026-01-05T20:19:33.507984,ok
643922,1713793-0,36,1,2026-01-05T20:19:33.507984,ok
643923,1713793-0,36,1,2026-01-05T20:19:33.507984,ok
643924,1706426-3,36,1,2026-01-05T20:19:33.507984,ok
643925,1690634-6,36,1,2026-01-05T20:19:33.507984,ok
643926,1691994-1,36,1,2026-01-05T20:19:33.507984,ok
643927,1688268-1,36,1,2026-01-05T20:19:33.507984,ok
643928,1686229-6,36,1,2026-01-05T20:19:33.507984,ok
643929,1682523-3,36,1,2026-01-05T20:19:33.507984,ok
643930,1678713-8,36,1,2026-01-05T20:19:33.507984,ok
643931,1681668-3,36,1,2026-01-05T20:19:33.507984,ok
643932,1678169-0,36,1,2026-01-05T20:19:33.507984,ok
643933,1661992-8,36,1,2026-01-05T20:19:33.507984,ok
643934,1674380-3,36,1,2026-01-05T20:19:33.507984,ok
643935,1628484-7,36,1,2026-01-05T20:19:33.507984,ok
643936,1610974-1,36,1,2026-01-05T20:19:33.507984,ok
643937,1626203-4,36,1,2026-01-05T20:19:33.507984,ok
643938,1741757-5,36,1,2026-01-05T20:19:33.507984,ok
643939,1711404-0,36,1,2026-01-05T20:19:33.507984,ok
643940,1606598-2,36,1,2026-01-05T20:19:33.507984,ok
643941,1733570-3,36,1,2026-01-05T20:19:33.507984,ok
643942,1730813-1,36,1,2026-01-05T20:19:33.507984,ok
643943,1682723-3,36,1,2026-01-05T20:19:33.507984,ok
643944,1726356-2,36,1,2026-01-05T20:19:33.507984,ok
643945,1691301-6,36,1,2026-01-05T20:19:33.507984,ok
643946,1685193-7,36,1,2026-01-05T20:19:33.507984,ok
643947,1702030-1,36,1,2026-01-05T20:19:33.507984,ok
643948,1693305-2,36,1,2026-01-05T20:19:33.507984,ok
643949,1704625-8,36,1,2026-01-05T20:19:33.507984,ok
643950,1673279-1,36,1,2026-01-05T20:19:33.507984,ok
643951,1677434-8,36,1,2026-01-05T20:19:33.507984,ok
643952,1681723-9,36,1,2026-01-05T20:19:33.507984,ok
643953,1698775-4,36,1,2026-01-05T20:19:33.507984,ok
643954,1676186-3,36,1,2026-01-05T20:19:33.507984,ok
643955,1685007-6,36,1,2026-01-05T20:19:33.507984,ok
643956,1744750-8,36,1,2026-01-05T20:19:33.507984,ok
643957,1653528-3,36,1,2026-01-05T20:19:33.507984,ok
643958,1744508-4,36,1,2026-01-05T20:19:33.507984,ok
643959,1744073-6,36,1,2026-01-05T20:19:33.507984,ok
643960,1741859-4,36,1,2026-01-05T20:19:33.507984,ok
643961,1742532-2,36,1,2026-01-05T20:19:33.507984,ok
643962,1699434-2,36,1,2026-01-05T20:19:33.507984,ok
643963,1739300-5,36,1,2026-01-05T20:19:33.507984,ok
643964,1722850-9,36,1,2026-01-05T20:19:33.507984,ok
643965,1727221-8,36,1,2026-01-05T20:19:33.507984,ok
643966,1635778-5,36,1,2026-01-05T20:19:33.507984,ok
643967,1694083-5,36,1,2026-01-05T20:19:33.507984,ok
643968,1691768-1,36,1,2026-01-05T20:19:33.507984,ok
643969,1715675-5,41,1,2026-01-05T20:19:33.507984,ok
643970,1714008-0,41,1,2026-01-05T20:19:33.507984,ok
643971,1703511-5,41,1,2026-01-05T20:19:33.507984,ok
643972,1713499-7,41,1,2026-01-05T20:19:33.507984,ok
643973,1710145-2,41,1,2026-01-05T20:19:33.507984,ok
643974,1709721-5,41,1,2026-01-05T20:19:33.507984,ok
643975,1736456-0,41,1,2026-01-05T20:19:33.507984,ok
643976,1738764-5,41,1,2026-01-05T20:19:33.507984,ok
643977,1745823-0,41,1,2026-01-05T20:19:33.507984,ok
643978,1732861-5,41,1,2026-01-05T20:19:33.507984,ok
643979,1744605-8,41,1,2026-01-05T20:19:33.507984,ok
643980,1745551-9,41,1,2026-01-05T20:19:33.507984,ok
643981,1745672-3,41,1,2026-01-05T20:19:33.507984,ok
643982,1743716-2,41,1,2026-01-05T20:19:33.507984,ok
643983,1659288-8,41,1,2026-01-05T20:19:33.507984,ok
643984,1693851-9,41,1,2026-01-05T20:19:33.507984,ok
643985,1745297-0,41,1,2026-01-05T20:19:33.507984,ok
643986,1703236-7,41,1,2026-01-05T20:19:33.507984,ok
643987,1745550-2,41,1,2026-01-05T20:19:33.507984,ok
643988,1745731-7,41,1,2026-01-05T20:19:33.507984,ok
643989,1745623-0,41,1,2026-01-05T20:19:33.507984,ok
643990,1716143-2,41,1,2026-01-05T20:19:33.507984,ok
643991,1718499-7,41,1,2026-01-05T20:19:33.507984,ok
643992,1665057-0,41,1,2026-01-05T20:19:33.507984,ok
643993,1722043-4,41,1,2026-01-05T20:19:33.507984,ok
643994,1699655-1,41,1,2026-01-05T20:19:33.507984,ok
643995,1704806-3,41,1,2026-01-05T20:19:33.507984,ok
643996,1712895-5,41,1,2026-01-05T20:19:33.507984,ok
643997,1703922-8,41,1,2026-01-05T20:19:33.507984,ok
643998,1702694-5,41,1,2026-01-05T20:19:33.507984,ok
643999,1710086-8,41,1,2026-01-05T20:19:33.507984,ok
