Id_processo,processo_25,pagina_extraida,chunk_inserida,timestamp,status
0,N/A,4,0,2026-01-06T01:18:19.052193,ignorado
0,N/A,4,0,2026-01-06T01:18:19.052203,ignorado
0,N/A,4,0,2026-01-06T01:18:19.052209,ignorado
0,N/A,4,0,2026-01-06T01:18:19.052213,ignorado
0,N/A,4,0,2026-01-06T01:18:19.052217,ignorado
0,N/A,4,0,2026-01-06T01:18:19.052221,ignorado
0,N/A,4,0,2026-01-06T01:18:19.052225,ignorado
0,N/A,4,0,2026-01-06T01:18:19.052230,ignorado
0,N/A,4,0,2026-01-06T01:18:19.052234,ignorado
0,N/A,4,0,2026-01-06T01:18:19.052238,ignorado
0,N/A,4,0,2026-01-06T01:18:19.052242,ignorado
0,N/A,4,0,2026-01-06T01:18:19.052246,ignorado
0,N/A,4,0,2026-01-06T01:18:19.052250,ignorado
0,N/A,4,0,2026-01-06T01:18:19.052254,ignorado
0,N/A,4,0,2026-01-06T01:18:19.052257,ignorado
0,N/A,4,0,2026-01-06T01:18:19.052261,ignorado
0,N/A,4,0,2026-01-06T01:18:19.052264,ignorado
0,N/A,4,0,2026-01-06T01:18:19.052268,ignorado
0,N/A,4,0,2026-01-06T01:18:19.052272,ignorado
0,N/A,4,0,2026-01-06T01:18:19.052276,ignorado
0,N/A,4,0,2026-01-06T01:18:19.052279,ignorado
0,N/A,4,0,2026-01-06T01:18:19.052283,ignorado
0,N/A,4,0,2026-01-06T01:18:19.052286,ignorado
0,N/A,4,0,2026-01-06T01:18:19.052290,ignorado
0,N/A,4,0,2026-01-06T01:18:19.052294,ignorado
0,N/A,4,0,2026-01-06T01:18:19.052298,ignorado
0,N/A,4,0,2026-01-06T01:18:19.052302,ignorado
0,N/A,4,0,2026-01-06T01:18:19.052305,ignorado
0,N/A,4,0,2026-01-06T01:18:19.052309,ignorado
0,N/A,4,0,2026-01-06T01:18:19.052313,ignorado
0,N/A,4,0,2026-01-06T01:18:19.052317,ignorado
0,N/A,4,0,2026-01-06T01:18:19.052321,ignorado
0,N/A,4,0,2026-01-06T01:18:19.052325,ignorado
0,N/A,4,0,2026-01-06T01:18:19.052329,ignorado
0,N/A,4,0,2026-01-06T01:18:19.052333,ignorado
0,N/A,4,0,2026-01-06T01:18:19.052336,ignorado
0,N/A,4,0,2026-01-06T01:18:19.052340,ignorado
0,N/A,4,0,2026-01-06T01:18:19.052344,ignorado
0,N/A,4,0,2026-01-06T01:18:19.052347,ignorado
0,N/A,4,0,2026-01-06T01:18:19.052351,ignorado
0,N/A,4,0,2026-01-06T01:18:19.052354,ignorado
0,N/A,4,0,2026-01-06T01:18:19.052358,ignorado
0,N/A,4,0,2026-01-06T01:18:19.052361,ignorado
0,N/A,4,0,2026-01-06T01:18:19.052365,ignorado
0,N/A,4,0,2026-01-06T01:18:19.052369,ignorado
0,N/A,4,0,2026-01-06T01:18:19.052377,ignorado
0,N/A,4,0,2026-01-06T01:18:19.052381,ignorado
0,N/A,4,0,2026-01-06T01:18:19.052385,ignorado
0,N/A,4,0,2026-01-06T01:18:19.052388,ignorado
0,N/A,5,0,2026-01-06T01:18:20.876667,ignorado
0,N/A,5,0,2026-01-06T01:18:20.876706,ignorado
0,N/A,5,0,2026-01-06T01:18:20.876718,ignorado
0,N/A,5,0,2026-01-06T01:18:20.876729,ignorado
0,N/A,5,0,2026-01-06T01:18:20.876740,ignorado
0,N/A,5,0,2026-01-06T01:18:20.876748,ignorado
0,N/A,5,0,2026-01-06T01:18:20.876752,ignorado
0,N/A,5,0,2026-01-06T01:18:20.876756,ignorado
0,N/A,5,0,2026-01-06T01:18:20.876760,ignorado
0,N/A,5,0,2026-01-06T01:18:20.876764,ignorado
0,N/A,5,0,2026-01-06T01:18:20.876768,ignorado
0,N/A,5,0,2026-01-06T01:18:20.876772,ignorado
0,N/A,5,0,2026-01-06T01:18:20.876777,ignorado
0,N/A,5,0,2026-01-06T01:18:20.876781,ignorado
0,N/A,5,0,2026-01-06T01:18:20.876785,ignorado
0,N/A,5,0,2026-01-06T01:18:20.876789,ignorado
0,N/A,5,0,2026-01-06T01:18:20.876793,ignorado
0,N/A,5,0,2026-01-06T01:18:20.876797,ignorado
0,N/A,5,0,2026-01-06T01:18:20.876800,ignorado
0,N/A,5,0,2026-01-06T01:18:20.876804,ignorado
0,N/A,5,0,2026-01-06T01:18:20.876808,ignorado
0,N/A,5,0,2026-01-06T01:18:20.876812,ignorado
0,N/A,5,0,2026-01-06T01:18:20.876816,ignorado
0,N/A,5,0,2026-01-06T01:18:20.876820,ignorado
0,N/A,5,0,2026-01-06T01:18:20.876824,ignorado
0,N/A,5,0,2026-01-06T01:18:20.876827,ignorado
0,N/A,5,0,2026-01-06T01:18:20.876831,ignorado
0,1639106-5,5,0,2026-01-06T01:18:20.876839,ignorado
0,N/A,5,0,2026-01-06T01:18:20.876848,ignorado
0,N/A,5,0,2026-01-06T01:18:20.876855,ignorado
0,N/A,5,0,2026-01-06T01:18:20.876859,ignorado
0,N/A,5,0,2026-01-06T01:18:20.876863,ignorado
0,N/A,5,0,2026-01-06T01:18:20.876867,ignorado
0,N/A,5,0,2026-01-06T01:18:20.876874,ignorado
0,N/A,3,0,2026-01-06T01:18:30.701509,ignorado
0,N/A,3,0,2026-01-06T01:18:30.701518,ignorado
0,N/A,3,0,2026-01-06T01:18:30.701525,ignorado
0,N/A,3,0,2026-01-06T01:18:30.701533,ignorado
0,N/A,3,0,2026-01-06T01:18:30.701539,ignorado
0,N/A,3,0,2026-01-06T01:18:30.701546,ignorado
0,N/A,3,0,2026-01-06T01:18:30.701553,ignorado
0,N/A,3,0,2026-01-06T01:18:30.701560,ignorado
0,N/A,3,0,2026-01-06T01:18:30.701586,ignorado
0,N/A,3,0,2026-01-06T01:18:30.701600,ignorado
0,N/A,3,0,2026-01-06T01:18:30.701607,ignorado
0,N/A,3,0,2026-01-06T01:18:30.701611,ignorado
0,N/A,3,0,2026-01-06T01:18:30.701616,ignorado
0,N/A,3,0,2026-01-06T01:18:30.701620,ignorado
0,N/A,3,0,2026-01-06T01:18:30.701625,ignorado
0,N/A,3,0,2026-01-06T01:18:30.701633,ignorado
0,N/A,3,0,2026-01-06T01:18:30.701637,ignorado
0,1306579-1,3,0,2026-01-06T01:18:30.701666,ignorado
0,N/A,3,0,2026-01-06T01:18:30.701845,ignorado
0,N/A,3,0,2026-01-06T01:18:30.701849,ignorado
0,N/A,3,0,2026-01-06T01:18:30.701854,ignorado
0,N/A,3,0,2026-01-06T01:18:30.701858,ignorado
0,N/A,3,0,2026-01-06T01:18:30.701861,ignorado
0,N/A,1,0,2026-01-06T01:18:32.397226,ignorado
0,N/A,1,0,2026-01-06T01:18:32.397234,ignorado
0,N/A,1,0,2026-01-06T01:18:32.397292,ignorado
0,N/A,1,0,2026-01-06T01:18:32.397299,ignorado
0,N/A,1,0,2026-01-06T01:18:32.397339,ignorado
0,N/A,2,0,2026-01-06T01:18:33.393828,ignorado
0,N/A,2,0,2026-01-06T01:18:33.393836,ignorado
0,N/A,2,0,2026-01-06T01:18:33.393844,ignorado
0,N/A,2,0,2026-01-06T01:18:33.393936,ignorado
0,N/A,2,0,2026-01-06T01:18:33.393943,ignorado
0,N/A,2,0,2026-01-06T01:18:33.393956,ignorado
833000,1747983-9,4,1,2026-01-06T01:20:05.578458,ok
833001,1728587-5,5,1,2026-01-06T01:20:05.578458,ok
833002,1582114-2,5,1,2026-01-06T01:20:05.578458,ok
833003,1738356-3,5,1,2026-01-06T01:20:05.578458,ok
833004,1730928-7,5,1,2026-01-06T01:20:05.578458,ok
833005,5002921-30.2017.8.16.0000,5,1,2026-01-06T01:20:05.578458,ok
833006,5001578-96.2017.8.16.0000,5,1,2026-01-06T01:20:05.578458,ok
833007,1747984-6,5,1,2026-01-06T01:20:05.578458,ok
833008,1685042-5,5,1,2026-01-06T01:20:05.578458,ok
833009,1702146-4,5,1,2026-01-06T01:20:05.578458,ok
833010,809021-1,5,1,2026-01-06T01:20:05.578458,ok
833011,1511902-7,5,1,2026-01-06T01:20:05.578458,ok
833012,5002238-90.2017.8.16.0000,5,1,2026-01-06T01:20:05.578458,ok
833013,1747788-4,5,1,2026-01-06T01:20:05.578458,ok
833014,0041944-70.2014.8.16.0001,5,1,2026-01-06T01:20:05.578458,ok
833015,0000816-97.2014.8.16.0186,5,1,2026-01-06T01:20:05.578458,ok
833016,0044216-98.2018.8.16.0000,5,1,2026-01-06T01:20:05.578458,ok
833017,0003991-54.2017.8.16.0167,9,1,2026-01-06T01:20:05.578458,ok
833018,0003725-75.2018.8.16.0056,9,1,2026-01-06T01:20:05.578458,ok
833019,0032681-19.2017.8.16.0030,9,1,2026-01-06T01:20:05.578458,ok
833020,0041856-51.2018.8.16.0014,9,1,2026-01-06T01:20:05.578458,ok
833021,0080082-62.2017.8.16.0014,9,1,2026-01-06T01:20:05.578458,ok
833022,0013640-04.2017.8.16.0083,9,1,2026-01-06T01:20:05.578458,ok
833023,0008138-63.2017.8.16.0090,9,1,2026-01-06T01:20:05.578458,ok
833024,0006854-08.2018.8.16.0018,9,1,2026-01-06T01:20:05.578458,ok
833025,0008701-36.2018.8.16.0021,9,1,2026-01-06T01:20:05.578458,ok
833026,0038217-81.2016.8.16.0018,9,1,2026-01-06T01:20:05.578458,ok
833027,0008665-96.2017.8.16.0160,9,1,2026-01-06T01:20:05.578458,ok
833028,0000783-87.2018.8.16.0018,9,1,2026-01-06T01:20:05.578458,ok
833029,0001508-79.2016.8.16.0169,9,1,2026-01-06T01:20:05.578458,ok
833030,0032359-35.2017.8.16.0018,9,1,2026-01-06T01:20:05.578458,ok
833031,0015150-08.2017.8.16.0130,9,1,2026-01-06T01:20:05.578458,ok
833032,0017679-97.2017.8.16.0130,9,1,2026-01-06T01:20:05.578458,ok
833033,0000231-48.2018.8.16.0075,9,1,2026-01-06T01:20:05.578458,ok
833034,0020782-22.2015.8.16.0021,9,1,2026-01-06T01:20:05.578458,ok
833035,0003081-74.2017.8.16.0119,9,1,2026-01-06T01:20:05.578458,ok
833036,0031316-63.2017.8.16.0018,9,1,2026-01-06T01:20:05.578458,ok
833037,0001597-56.2016.8.16.0055,9,1,2026-01-06T01:20:05.578458,ok
833038,0004583-43.2017.8.16.0153,9,1,2026-01-06T01:20:05.578458,ok
833039,0001160-27.2017.8.16.0072,9,1,2026-01-06T01:20:05.578458,ok
833040,0000351-58.2017.8.16.0162,9,1,2026-01-06T01:20:05.578458,ok
833041,0005386-05.2017.8.16.0160,9,1,2026-01-06T01:20:05.578458,ok
833042,0008396-49.2017.8.16.0098,9,1,2026-01-06T01:20:05.578458,ok
833043,0016759-60.2016.8.16.0130,9,1,2026-01-06T01:20:05.578458,ok
833044,0005611-18.2017.8.16.0130,9,1,2026-01-06T01:20:05.578458,ok
833045,0017505-25.2016.8.16.0130,9,1,2026-01-06T01:20:05.578458,ok
833046,0006591-62.2017.8.16.0130,9,1,2026-01-06T01:20:05.578458,ok
833047,0005857-37.2017.8.16.0090,9,1,2026-01-06T01:20:05.578458,ok
833048,0018761-72.2017.8.16.0031,9,1,2026-01-06T01:20:05.578458,ok
833049,0002265-14.2016.8.16.0124,9,1,2026-01-06T01:20:05.578458,ok
833050,0007350-31.2016.8.16.0075,9,1,2026-01-06T01:20:05.578458,ok
833051,0000540-36.2017.8.16.0162,9,1,2026-01-06T01:20:05.578458,ok
833052,0001617-04.2017.8.16.0058,9,1,2026-01-06T01:20:05.578458,ok
833053,0006335-22.2017.8.16.0130,9,1,2026-01-06T01:20:05.578458,ok
833054,0018844-19.2016.8.16.0130,9,1,2026-01-06T01:20:05.578458,ok
833055,0018144-43.2016.8.16.0130,9,1,2026-01-06T01:20:05.578458,ok
833056,0016398-43.2016.8.16.0130,9,1,2026-01-06T01:20:05.578458,ok
833057,0001475-97.2017.8.16.0058,9,1,2026-01-06T01:20:05.578458,ok
833058,0012398-52.2017.8.16.0069,9,1,2026-01-06T01:20:05.578458,ok
833059,0004805-87.2017.8.16.0160,9,1,2026-01-06T01:20:05.578458,ok
833060,0010721-97.2016.8.16.0173,9,1,2026-01-06T01:20:05.578458,ok
833061,0001668-79.2017.8.16.0166,9,1,2026-01-06T01:20:05.578458,ok
833062,0012549-38.2017.8.16.0030,9,1,2026-01-06T01:20:05.578458,ok
833063,0000158-74.2016.8.16.0066,9,1,2026-01-06T01:20:05.578458,ok
833064,0000155-22.2016.8.16.0066,9,1,2026-01-06T01:20:05.578458,ok
833065,0000575-85.2018.8.16.0024,9,1,2026-01-06T01:20:05.578458,ok
833066,0050070-73.2018.8.16.0000,9,1,2026-01-06T01:20:05.578458,ok
833067,0002422-28.2009.8.16.0028,3,1,2026-01-06T01:20:05.578458,ok
833068,0000083-89.2018.8.16.0090,3,1,2026-01-06T01:20:05.578458,ok
833069,0005831-20.1997.8.16.0129,3,1,2026-01-06T01:20:05.578458,ok
833070,0013313-39.2017.8.16.0025,3,1,2026-01-06T01:20:05.578458,ok
833071,0039942-30.2018.8.16.0182,3,1,2026-01-06T01:20:05.578458,ok
833072,0046201-60.2018.8.16.0014,3,1,2026-01-06T01:20:05.578458,ok
833073,0005046-85.2018.8.16.9000,3,1,2026-01-06T01:20:05.578458,ok
833074,5000150-45.2018.8.16.0000,3,1,2026-01-06T01:20:05.578458,ok
833075,5003350-94.2017.8.16.0000,3,1,2026-01-06T01:20:05.578458,ok
833076,5002386-04.2017.8.16.0000,3,1,2026-01-06T01:20:05.578458,ok
833077,5000742-89.2018.8.16.0000,3,1,2026-01-06T01:20:05.578458,ok
833078,1746961-9,3,1,2026-01-06T01:20:05.578458,ok
833079,1616918-7,3,1,2026-01-06T01:20:05.578458,ok
833080,1748143-9,3,1,2026-01-06T01:20:05.578458,ok
833081,1748133-3,3,1,2026-01-06T01:20:05.578458,ok
833082,1433232-2,3,1,2026-01-06T01:20:05.578458,ok
833083,1645437-2,3,1,2026-01-06T01:20:05.578458,ok
833084,878323-7,3,1,2026-01-06T01:20:05.578458,ok
833085,1323755-5,3,1,2026-01-06T01:20:05.578458,ok
833086,749694-4,3,1,2026-01-06T01:20:05.578458,ok
833087,1328864-9,3,1,2026-01-06T01:20:05.578458,ok
833088,5001994-98.2016.8.16.0000,3,1,2026-01-06T01:20:05.578458,ok
833089,1582366-6,3,1,2026-01-06T01:20:05.578458,ok
833090,1582875-0,3,1,2026-01-06T01:20:05.578458,ok
833091,1031573-2,3,1,2026-01-06T01:20:05.578458,ok
833092,1639980-1,3,1,2026-01-06T01:20:05.578458,ok
833093,1748196-0,3,1,2026-01-06T01:20:05.578458,ok
833094,0008769-49.2017.8.16.0173,8,1,2026-01-06T01:20:05.578458,ok
833095,0011557-57.2017.8.16.0069,8,1,2026-01-06T01:20:05.578458,ok
833096,0010175-44.2018.8.16.0182,8,1,2026-01-06T01:20:05.578458,ok
833097,0036179-21.2018.8.16.0182,8,1,2026-01-06T01:20:05.578458,ok
833098,0034838-35.2016.8.16.0018,8,1,2026-01-06T01:20:05.578458,ok
833099,0001152-35.2018.8.16.0098,8,1,2026-01-06T01:20:05.578458,ok
833100,0002558-49.2018.8.16.0112,8,1,2026-01-06T01:20:05.578458,ok
833101,0001216-69.2018.8.16.0090,8,1,2026-01-06T01:20:05.578458,ok
833102,0007472-79.2018.8.16.0170,8,1,2026-01-06T01:20:05.578458,ok
833103,0007963-69.2017.8.16.0090,8,1,2026-01-06T01:20:05.578458,ok
833104,0013627-58.2017.8.16.0130,8,1,2026-01-06T01:20:05.578458,ok
833105,0034844-64.2018.8.16.0182,8,1,2026-01-06T01:20:05.578458,ok
833106,0005180-06.2016.8.16.0037,8,1,2026-01-06T01:20:05.578458,ok
833107,0000059-97.2018.8.16.0175,8,1,2026-01-06T01:20:05.578458,ok
833108,0084567-08.2017.8.16.0014,8,1,2026-01-06T01:20:05.578458,ok
833109,0004393-34.2017.8.16.0039,8,1,2026-01-06T01:20:05.578458,ok
833110,0001035-86.2018.8.16.0084,8,1,2026-01-06T01:20:05.578458,ok
833111,0002706-51.2018.8.16.0018,8,1,2026-01-06T01:20:05.578458,ok
833112,0003216-52.2017.8.16.0195,8,1,2026-01-06T01:20:05.578458,ok
833113,0006189-03.2016.8.16.0037,8,1,2026-01-06T01:20:05.578458,ok
833114,0005837-90.2016.8.16.0119,8,1,2026-01-06T01:20:05.578458,ok
833115,0023221-90.2017.8.16.0035,8,1,2026-01-06T01:20:05.578458,ok
833116,0030502-42.2017.8.16.0021,8,1,2026-01-06T01:20:05.578458,ok
833117,0000981-15.2017.8.16.0195,8,1,2026-01-06T01:20:05.578458,ok
833118,0000271-87.2018.8.16.0056,8,1,2026-01-06T01:20:05.578458,ok
833119,0047413-34.2017.8.16.0182,8,1,2026-01-06T01:20:05.578458,ok
833120,0004100-54.2018.8.16.0031,8,1,2026-01-06T01:20:05.578458,ok
833121,0000515-74.2017.8.16.0145,8,1,2026-01-06T01:20:05.578458,ok
833122,0005214-83.2017.8.16.0024,8,1,2026-01-06T01:20:05.578458,ok
833123,0046131-58.2017.8.16.0182,8,1,2026-01-06T01:20:05.578458,ok
833124,0009849-84.2018.8.16.0182,8,1,2026-01-06T01:20:05.578458,ok
833125,0002500-25.2017.8.16.0195,8,1,2026-01-06T01:20:05.578458,ok
833126,0001556-66.2016.8.16.0192,8,1,2026-01-06T01:20:05.578458,ok
833127,0052399-31.2017.8.16.0182,8,1,2026-01-06T01:20:05.578458,ok
833128,0013736-37.2017.8.16.0174,8,1,2026-01-06T01:20:05.578458,ok
833129,0004753-39.2018.8.16.0069,8,1,2026-01-06T01:20:05.578458,ok
833130,0056957-46.2017.8.16.0182,8,1,2026-01-06T01:20:05.578458,ok
833131,0002843-10.2018.8.16.0058,8,1,2026-01-06T01:20:05.578458,ok
833132,0010266-37.2018.8.16.0182,8,1,2026-01-06T01:20:05.578458,ok
833133,0009945-84.2017.8.16.0069,8,1,2026-01-06T01:20:05.578458,ok
833134,0013353-20.2018.8.16.0014,8,1,2026-01-06T01:20:05.578458,ok
833135,0009391-70.2017.8.16.0160,8,1,2026-01-06T01:20:05.578458,ok
833136,0001077-35.2018.8.16.0182,8,1,2026-01-06T01:20:05.578458,ok
833137,0000385-19.2018.8.16.0026,8,1,2026-01-06T01:20:05.578458,ok
833138,0008010-74.2017.8.16.0112,8,1,2026-01-06T01:20:05.578458,ok
833139,0003689-23.2017.8.16.0200,8,1,2026-01-06T01:20:05.578458,ok
833140,0002988-71.2018.8.16.0024,8,1,2026-01-06T01:20:05.578458,ok
833141,0035948-32.2017.8.16.0019,8,1,2026-01-06T01:20:05.578458,ok
833142,0033031-43.2017.8.16.0018,8,1,2026-01-06T01:20:05.578458,ok
833143,0013362-77.2017.8.16.0026,8,1,2026-01-06T01:20:05.578458,ok
833144,1748212-9,1,1,2026-01-06T01:20:05.578458,ok
833145,0055566-83.2018.8.16.0000,1,1,2026-01-06T01:20:05.578458,ok
833146,0055555-54.2018.8.16.0000,1,1,2026-01-06T01:20:05.578458,ok
833147,0055572-90.2018.8.16.0000,1,1,2026-01-06T01:20:05.578458,ok
833148,0055413-50.2018.8.16.0000,1,1,2026-01-06T01:20:05.578458,ok
833149,0055408-28.2018.8.16.0000,1,1,2026-01-06T01:20:05.578458,ok
833150,0055574-60.2018.8.16.0000,1,1,2026-01-06T01:20:05.578458,ok
833151,0055563-31.2018.8.16.0000,1,1,2026-01-06T01:20:05.578458,ok
833152,0028633-73.2018.8.16.0000,1,1,2026-01-06T01:20:05.578458,ok
833153,0055516-57.2018.8.16.0000,1,1,2026-01-06T01:20:05.578458,ok
833154,0055538-18.2018.8.16.0000,1,1,2026-01-06T01:20:05.578458,ok
833155,0055432-56.2018.8.16.0000,1,1,2026-01-06T01:20:05.578458,ok
833156,0055469-83.2018.8.16.0000,1,1,2026-01-06T01:20:05.578458,ok
833157,0055536-48.2018.8.16.0000,1,1,2026-01-06T01:20:05.578458,ok
833158,0050752-28.2018.8.16.0000,1,1,2026-01-06T01:20:05.578458,ok
833159,0055483-67.2018.8.16.0000,1,1,2026-01-06T01:20:05.578458,ok
833160,0055177-98.2018.8.16.0000,1,1,2026-01-06T01:20:05.578458,ok
833161,0006614-16.2009.8.16.0024,1,1,2026-01-06T01:20:05.578458,ok
833162,0055163-17.2018.8.16.0000,1,1,2026-01-06T01:20:05.578458,ok
833163,0055303-51.2018.8.16.0000,1,1,2026-01-06T01:20:05.578458,ok
833164,0055417-87.2018.8.16.0000,1,1,2026-01-06T01:20:05.578458,ok
833165,0055492-29.2018.8.16.0000,1,1,2026-01-06T01:20:05.578458,ok
833166,0055193-52.2018.8.16.0000,1,1,2026-01-06T01:20:05.578458,ok
833167,0055291-37.2018.8.16.0000,1,1,2026-01-06T01:20:05.578458,ok
833168,0055292-22.2018.8.16.0000,1,1,2026-01-06T01:20:05.578458,ok
833169,0055320-87.2018.8.16.0000,1,1,2026-01-06T01:20:05.578458,ok
833170,0055353-77.2018.8.16.0000,1,1,2026-01-06T01:20:05.578458,ok
833171,0055367-61.2018.8.16.0000,1,1,2026-01-06T01:20:05.578458,ok
833172,0055400-51.2018.8.16.0000,1,1,2026-01-06T01:20:05.578458,ok
833173,0055420-42.2018.8.16.0000,1,1,2026-01-06T01:20:05.578458,ok
833174,0055380-60.2018.8.16.0000,1,1,2026-01-06T01:20:05.578458,ok
833175,0003815-23.2018.8.16.9000,1,1,2026-01-06T01:20:05.578458,ok
833176,0042066-83.2018.8.16.0182,1,1,2026-01-06T01:20:05.578458,ok
833177,0036157-60.2018.8.16.0182,1,1,2026-01-06T01:20:05.578458,ok
833178,0042050-32.2018.8.16.0182,1,1,2026-01-06T01:20:05.578458,ok
833179,0037076-49.2018.8.16.0182,1,1,2026-01-06T01:20:05.578458,ok
833180,0007748-13.2018.8.16.0170,1,1,2026-01-06T01:20:05.578458,ok
833181,0031851-48.2018.8.16.0182,1,1,2026-01-06T01:20:05.578458,ok
833182,0001126-63.2018.8.16.0057,1,1,2026-01-06T01:20:05.578458,ok
833183,0004630-20.2018.8.16.9000,1,1,2026-01-06T01:20:05.578458,ok
833184,0037816-07.2018.8.16.0182,1,1,2026-01-06T01:20:05.578458,ok
833185,0026431-62.2018.8.16.0182,1,1,2026-01-06T01:20:05.578458,ok
833186,0029076-60.2018.8.16.0182,1,1,2026-01-06T01:20:05.578458,ok
833187,0043513-09.2018.8.16.0182,1,1,2026-01-06T01:20:05.578458,ok
833188,0035333-04.2018.8.16.0182,1,1,2026-01-06T01:20:05.578458,ok
833189,0049446-24.2018.8.16.0000,6,1,2026-01-06T01:20:05.578458,ok
833190,0003311-47.2016.8.16.0024,6,1,2026-01-06T01:20:05.578458,ok
833191,0040989-03.2018.8.16.0000,6,1,2026-01-06T01:20:05.578458,ok
833192,0044202-17.2018.8.16.0000,6,1,2026-01-06T01:20:05.578458,ok
833193,0050737-59.2018.8.16.0000,6,1,2026-01-06T01:20:05.578458,ok
833194,0050813-83.2018.8.16.0000,6,1,2026-01-06T01:20:05.578458,ok
833195,0051362-93.2018.8.16.0000,6,1,2026-01-06T01:20:05.578458,ok
833196,0051916-28.2018.8.16.0000,6,1,2026-01-06T01:20:05.578458,ok
833197,0052669-82.2018.8.16.0000,6,1,2026-01-06T01:20:05.578458,ok
833198,0052917-48.2018.8.16.0000,6,1,2026-01-06T01:20:05.578458,ok
833199,0053082-95.2018.8.16.0000,6,1,2026-01-06T01:20:05.578458,ok
833200,0054004-39.2018.8.16.0000,6,1,2026-01-06T01:20:05.578458,ok
833201,0051561-18.2018.8.16.0000,6,1,2026-01-06T01:20:05.578458,ok
833202,0041028-07.2016.8.16.0182,6,1,2026-01-06T01:20:05.578458,ok
833203,0047490-77.2016.8.16.0182,6,1,2026-01-06T01:20:05.578458,ok
833204,0023833-28.2016.8.16.0014,6,1,2026-01-06T01:20:05.578458,ok
833205,0004994-18.2016.8.16.0187,6,1,2026-01-06T01:20:05.578458,ok
833206,0005459-92.2016.8.16.0036,6,1,2026-01-06T01:20:05.578458,ok
833207,0005124-08.2016.8.16.0090,6,1,2026-01-06T01:20:05.578458,ok
833208,0024417-18.2014.8.16.0030,6,1,2026-01-06T01:20:05.578458,ok
833209,0007595-55.2012.8.16.0019,6,1,2026-01-06T01:20:05.578458,ok
833210,0009373-97.2016.8.16.0026,6,1,2026-01-06T01:20:05.578458,ok
833211,0003018-36.2016.8.16.0167,6,1,2026-01-06T01:20:05.578458,ok
833212,0008185-13.2015.8.16.0056,6,1,2026-01-06T01:20:05.578458,ok
833213,0007588-03.2016.8.16.0026,6,1,2026-01-06T01:20:05.578458,ok
833214,0005571-06.2016.8.16.0119,6,1,2026-01-06T01:20:05.578458,ok
833215,0029508-21.2016.8.16.0030,6,1,2026-01-06T01:20:05.578458,ok
833216,0001575-20.2016.8.16.0080,6,1,2026-01-06T01:20:05.578458,ok
833217,0002024-19.2016.8.16.0034,6,1,2026-01-06T01:20:05.578458,ok
833218,0000102-09.2017.8.16.0130,6,1,2026-01-06T01:20:05.578458,ok
833219,0004230-72.2017.8.16.0130,6,1,2026-01-06T01:20:05.578458,ok
833220,0012676-22.2016.8.16.0026,6,1,2026-01-06T01:20:05.578458,ok
833221,0009557-32.2016.8.16.0130,6,1,2026-01-06T01:20:05.578458,ok
833222,0010924-91.2016.8.16.0130,6,1,2026-01-06T01:20:05.578458,ok
833223,0011245-29.2016.8.16.0130,6,1,2026-01-06T01:20:05.578458,ok
833224,0006019-43.2016.8.16.0130,6,1,2026-01-06T01:20:05.578458,ok
833225,0016046-85.2016.8.16.0130,6,1,2026-01-06T01:20:05.578458,ok
833226,0015654-48.2016.8.16.0130,6,1,2026-01-06T01:20:05.578458,ok
833227,0011462-72.2016.8.16.0130,6,1,2026-01-06T01:20:05.578458,ok
833228,0004875-25.2016.8.16.0036,6,1,2026-01-06T01:20:05.578458,ok
833229,0036818-17.2016.8.16.0018,6,1,2026-01-06T01:20:05.578458,ok
833230,0010085-66.2016.8.16.0130,6,1,2026-01-06T01:20:05.578458,ok
833231,0008218-98.2015.8.16.0089,6,1,2026-01-06T01:20:05.578458,ok
833232,0000683-84.2016.8.16.0089,6,1,2026-01-06T01:20:05.578458,ok
833233,0002154-72.2015.8.16.0089,6,1,2026-01-06T01:20:05.578458,ok
833234,0000223-97.2016.8.16.0089,6,1,2026-01-06T01:20:05.578458,ok
833235,0015710-81.2016.8.16.0130,6,1,2026-01-06T01:20:05.578458,ok
833236,0016676-44.2016.8.16.0130,6,1,2026-01-06T01:20:05.578458,ok
833237,0003349-43.2017.8.16.0018,6,1,2026-01-06T01:20:05.578458,ok
833238,0002463-59.2016.8.16.0089,6,1,2026-01-06T01:20:05.578458,ok
833239,0041550-63.2018.8.16.0182,2,1,2026-01-06T01:20:05.578458,ok
833240,0040764-19.2018.8.16.0182,2,1,2026-01-06T01:20:05.578458,ok
833241,0034309-38.2018.8.16.0182,2,1,2026-01-06T01:20:05.578458,ok
833242,0055321-72.2018.8.16.0000,2,1,2026-01-06T01:20:05.578458,ok
833243,1748208-5,2,1,2026-01-06T01:20:05.578458,ok
833244,0055175-31.2018.8.16.0000,2,1,2026-01-06T01:20:05.578458,ok
833245,0051089-17.2018.8.16.0000,2,1,2026-01-06T01:20:05.578458,ok
833246,0000144-02.2018.8.16.0202,2,1,2026-01-06T01:20:05.578458,ok
833247,0055201-29.2018.8.16.0000,2,1,2026-01-06T01:20:05.578458,ok
833248,0044005-96.2017.8.16.0000,2,1,2026-01-06T01:20:05.578458,ok
833249,0045766-31.2018.8.16.0000,2,1,2026-01-06T01:20:05.578458,ok
833250,0055003-89.2018.8.16.0000,2,1,2026-01-06T01:20:05.578458,ok
833251,0054984-83.2018.8.16.0000,2,1,2026-01-06T01:20:05.578458,ok
833252,0055327-79.2018.8.16.0000,2,1,2026-01-06T01:20:05.578458,ok
833253,0055135-49.2018.8.16.0000,2,1,2026-01-06T01:20:05.578458,ok
833254,0024579-32.2013.8.16.0035,2,1,2026-01-06T01:20:05.578458,ok
833255,0055230-79.2018.8.16.0000,2,1,2026-01-06T01:20:05.578458,ok
833256,0055077-46.2018.8.16.0000,2,1,2026-01-06T01:20:05.578458,ok
833257,0055049-78.2018.8.16.0000,2,1,2026-01-06T01:20:05.578458,ok
833258,0055053-18.2018.8.16.0000,2,1,2026-01-06T01:20:05.578458,ok
833259,0055369-31.2018.8.16.0000,2,1,2026-01-06T01:20:05.578458,ok
833260,0055075-76.2018.8.16.0000,2,1,2026-01-06T01:20:05.578458,ok
833261,0055373-68.2018.8.16.0000,2,1,2026-01-06T01:20:05.578458,ok
833262,0055154-55.2018.8.16.0000,2,1,2026-01-06T01:20:05.578458,ok
833263,0055059-25.2018.8.16.0000,2,1,2026-01-06T01:20:05.578458,ok
833264,0055070-54.2018.8.16.0000,2,1,2026-01-06T01:20:05.578458,ok
833265,0055198-74.2018.8.16.0000,2,1,2026-01-06T01:20:05.578458,ok
833266,0005127-34.2018.8.16.9000,2,1,2026-01-06T01:20:05.578458,ok
833267,0005717-92.2010.8.16.0075,2,1,2026-01-06T01:20:05.578458,ok
833268,1748048-9,2,1,2026-01-06T01:20:05.578458,ok
833269,0054879-09.2018.8.16.0000,2,1,2026-01-06T01:20:05.578458,ok
833270,0054956-18.2018.8.16.0000,2,1,2026-01-06T01:20:05.578458,ok
833271,0031938-70.2016.8.16.0021,2,1,2026-01-06T01:20:05.578458,ok
833272,0055001-22.2018.8.16.0000,2,1,2026-01-06T01:20:05.578458,ok
833273,0055195-22.2018.8.16.0000,2,1,2026-01-06T01:20:05.578458,ok
833274,0055183-08.2018.8.16.0000,2,1,2026-01-06T01:20:05.578458,ok
833275,0001395-35.2016.8.16.0102,2,1,2026-01-06T01:20:05.578458,ok
833276,0004688-07.2016.8.16.0104,2,1,2026-01-06T01:20:05.578458,ok
833277,0047449-06.2018.8.16.0000,2,1,2026-01-06T01:20:05.578458,ok
833278,0038244-50.2018.8.16.0000,2,1,2026-01-06T01:20:05.578458,ok
833279,0026129-62.2016.8.16.0001,2,1,2026-01-06T01:20:05.578458,ok
833280,0029600-21.2018.8.16.0000,2,1,2026-01-06T01:20:05.578458,ok
833281,0027719-09.2018.8.16.0000,2,1,2026-01-06T01:20:05.578458,ok
833282,0054065-94.2018.8.16.0000,2,1,2026-01-06T01:20:05.578458,ok
833283,0054394-09.2018.8.16.0000,10,1,2026-01-06T01:20:05.578458,ok
833284,0004348-21.2015.8.16.0194,10,1,2026-01-06T01:20:05.578458,ok
833285,0039017-68.2013.8.16.0001,10,1,2026-01-06T01:20:05.578458,ok
833286,0000927-47.2018.8.16.0055,10,1,2026-01-06T01:20:05.578458,ok
833287,0051394-98.2018.8.16.0000,10,1,2026-01-06T01:20:05.578458,ok
833288,0001187-96.2014.8.16.0045,10,1,2026-01-06T01:20:05.578458,ok
833289,0001339-49.2018.8.16.0193,10,1,2026-01-06T01:20:05.578458,ok
833290,0054584-69.2018.8.16.0000,10,1,2026-01-06T01:20:05.578458,ok
833291,0052544-17.2018.8.16.0000,10,1,2026-01-06T01:20:05.578458,ok
833292,0050413-69.2018.8.16.0000,10,1,2026-01-06T01:20:05.578458,ok
833293,0031758-46.2014.8.16.0014,10,1,2026-01-06T01:20:05.578458,ok
833294,0040258-07.2018.8.16.0000,10,1,2026-01-06T01:20:05.578458,ok
833295,0045282-16.2018.8.16.0000,10,1,2026-01-06T01:20:05.578458,ok
833296,0050743-66.2018.8.16.0000,10,1,2026-01-06T01:20:05.578458,ok
833297,0054810-74.2018.8.16.0000,10,1,2026-01-06T01:20:05.578458,ok
833298,0000752-83.2013.8.16.0134,10,1,2026-01-06T01:20:05.578458,ok
833299,0054073-71.2018.8.16.0000,10,1,2026-01-06T01:20:05.578458,ok
833300,0054736-20.2018.8.16.0000,10,1,2026-01-06T01:20:05.578458,ok
833301,0054737-05.2018.8.16.0000,10,1,2026-01-06T01:20:05.578458,ok
833302,0054741-42.2018.8.16.0000,10,1,2026-01-06T01:20:05.578458,ok
833303,0054743-12.2018.8.16.0000,10,1,2026-01-06T01:20:05.578458,ok
833304,0003513-95.2015.8.16.0141,10,1,2026-01-06T01:20:05.578458,ok
833305,0034929-69.2018.8.16.0014,10,1,2026-01-06T01:20:05.578458,ok
833306,0054435-73.2018.8.16.0000,10,1,2026-01-06T01:20:05.578458,ok
833307,0012653-57.2016.8.16.0194,10,1,2026-01-06T01:20:05.578458,ok
833308,0002621-22.2018.8.16.0000,10,1,2026-01-06T01:20:05.578458,ok
833309,0017530-08.2014.8.16.0001,10,1,2026-01-06T01:20:05.578458,ok
833310,0008825-58.2016.8.16.0160,10,1,2026-01-06T01:20:05.578458,ok
833311,0007844-87.2017.8.16.0194,10,1,2026-01-06T01:20:05.578458,ok
833312,0022639-71.2012.8.16.0001,10,1,2026-01-06T01:20:05.578458,ok
833313,0054681-69.2018.8.16.0000,10,1,2026-01-06T01:20:05.578458,ok
833314,0054715-44.2018.8.16.0000,10,1,2026-01-06T01:20:05.578458,ok
833315,0054875-69.2018.8.16.0000,10,1,2026-01-06T01:20:05.578458,ok
833316,0044722-74.2018.8.16.0000,10,1,2026-01-06T01:20:05.578458,ok
833317,0048356-78.2018.8.16.0000,10,1,2026-01-06T01:20:05.578458,ok
833318,0052168-31.2018.8.16.0000,10,1,2026-01-06T01:20:05.578458,ok
833319,0052696-65.2018.8.16.0000,10,1,2026-01-06T01:20:05.578458,ok
833320,0053776-64.2018.8.16.0000,10,1,2026-01-06T01:20:05.578458,ok
833321,0003272-30.2017.8.16.0181,10,1,2026-01-06T01:20:05.578458,ok
833322,0049238-40.2018.8.16.0000,10,1,2026-01-06T01:20:05.578458,ok
833323,0052976-36.2018.8.16.0000,10,1,2026-01-06T01:20:05.578458,ok
833324,0053516-84.2018.8.16.0000,10,1,2026-01-06T01:20:05.578458,ok
833325,0061499-29.2017.8.16.0014,10,1,2026-01-06T01:20:05.578458,ok
833326,0053869-53.2016.8.16.0014,10,1,2026-01-06T01:20:05.578458,ok
833327,0007970-63.2015.8.16.0112,10,1,2026-01-06T01:20:05.578458,ok
833328,0000435-66.2015.8.16.0053,10,1,2026-01-06T01:20:05.578458,ok
833329,0050702-02.2018.8.16.0000,10,1,2026-01-06T01:20:05.578458,ok
833330,0052705-27.2018.8.16.0000,10,1,2026-01-06T01:20:05.578458,ok
833331,0011628-13.2016.8.16.0031,10,1,2026-01-06T01:20:05.578458,ok
833332,0006053-63.2016.8.16.0018,10,1,2026-01-06T01:20:05.578458,ok
833333,0010052-76.2016.8.16.0130,7,1,2026-01-06T01:20:05.578458,ok
833334,0012313-14.2016.8.16.0130,7,1,2026-01-06T01:20:05.578458,ok
833335,0026772-25.2017.8.16.0182,7,1,2026-01-06T01:20:05.578458,ok
833336,0020300-73.2017.8.16.0031,7,1,2026-01-06T01:20:05.578458,ok
833337,0020580-44.2017.8.16.0031,7,1,2026-01-06T01:20:05.578458,ok
833338,0002512-20.2017.8.16.0072,7,1,2026-01-06T01:20:05.578458,ok
833339,0018621-38.2017.8.16.0031,7,1,2026-01-06T01:20:05.578458,ok
833340,0020940-76.2017.8.16.0031,7,1,2026-01-06T01:20:05.578458,ok
833341,0000928-47.2017.8.16.0029,7,1,2026-01-06T01:20:05.578458,ok
833342,0018389-26.2017.8.16.0031,7,1,2026-01-06T01:20:05.578458,ok
833343,0004018-65.2016.8.16.0072,7,1,2026-01-06T01:20:05.578458,ok
833344,0017512-86.2017.8.16.0031,7,1,2026-01-06T01:20:05.578458,ok
833345,0021916-83.2017.8.16.0031,7,1,2026-01-06T01:20:05.578458,ok
833346,0043060-48.2017.8.16.0182,7,1,2026-01-06T01:20:05.578458,ok
833347,0017165-53.2017.8.16.0031,7,1,2026-01-06T01:20:05.578458,ok
833348,0022089-10.2017.8.16.0031,7,1,2026-01-06T01:20:05.578458,ok
833349,0000169-43.2018.8.16.0031,7,1,2026-01-06T01:20:05.578458,ok
833350,0021056-82.2017.8.16.0031,7,1,2026-01-06T01:20:05.578458,ok
833351,0000225-45.2017.8.16.0182,7,1,2026-01-06T01:20:05.578458,ok
833352,0002101-23.2017.8.16.0089,7,1,2026-01-06T01:20:05.578458,ok
833353,0016785-33.2017.8.16.0030,7,1,2026-01-06T01:20:05.578458,ok
833354,0011029-16.2016.8.16.0018,7,1,2026-01-06T01:20:05.578458,ok
833355,0003637-46.2015.8.16.0184,7,1,2026-01-06T01:20:05.578458,ok
833356,0019023-61.2017.8.16.0018,7,1,2026-01-06T01:20:05.578458,ok
833357,0003238-02.2016.8.16.0113,7,1,2026-01-06T01:20:05.578458,ok
833358,0014815-95.2017.8.16.0030,7,1,2026-01-06T01:20:05.578458,ok
833359,0000556-15.2018.8.16.0110,7,1,2026-01-06T01:20:05.578458,ok
833360,0001575-50.2018.8.16.0112,7,1,2026-01-06T01:20:05.578458,ok
833361,0005011-09.2017.8.16.0029,7,1,2026-01-06T01:20:05.578458,ok
833362,0001269-96.2018.8.16.0204,7,1,2026-01-06T01:20:05.578458,ok
833363,0000007-19.2017.8.16.0149,7,1,2026-01-06T01:20:05.578458,ok
833364,0010972-20.2018.8.16.0182,7,1,2026-01-06T01:20:05.578458,ok
833365,0005306-46.2017.8.16.0029,7,1,2026-01-06T01:20:05.578458,ok
833366,0010469-81.2017.8.16.0069,7,1,2026-01-06T01:20:05.578458,ok
833367,0011054-51.2018.8.16.0182,7,1,2026-01-06T01:20:05.578458,ok
833368,0010071-23.2018.8.16.0030,7,1,2026-01-06T01:20:05.578458,ok
833369,0030377-76.2017.8.16.0182,7,1,2026-01-06T01:20:05.578458,ok
833370,0001223-50.2017.8.16.0105,7,1,2026-01-06T01:20:05.578458,ok
833371,0014658-95.2016.8.16.0018,7,1,2026-01-06T01:20:05.578458,ok
833372,0003633-52.2017.8.16.0050,7,1,2026-01-06T01:20:05.578458,ok
833373,0011724-85.2017.8.16.0130,7,1,2026-01-06T01:20:05.578458,ok
833374,0036813-92.2016.8.16.0018,7,1,2026-01-06T01:20:05.578458,ok
833375,0036377-36.2016.8.16.0018,7,1,2026-01-06T01:20:05.578458,ok
833376,0001449-81.2018.8.16.0182,7,1,2026-01-06T01:20:05.578458,ok
833377,0001017-62.2018.8.16.0182,7,1,2026-01-06T01:20:05.578458,ok
833378,0001443-74.2018.8.16.0182,7,1,2026-01-06T01:20:05.578458,ok
833379,0007595-44.2017.8.16.0160,7,1,2026-01-06T01:20:05.578458,ok
833380,0038132-95.2016.8.16.0018,7,1,2026-01-06T01:20:05.578458,ok
833381,0037369-19.2018.8.16.0182,7,1,2026-01-06T01:20:05.578458,ok
833382,0006520-67.2017.8.16.0160,7,1,2026-01-06T01:20:05.578458,ok
833383,0031228-37.2017.8.16.0014,11,1,2026-01-06T01:20:05.578458,ok
833384,0001106-67.2017.8.16.0167,11,1,2026-01-06T01:20:05.578458,ok
833385,0000349-09.2017.8.16.0059,11,1,2026-01-06T01:20:05.578458,ok
833386,0003877-18.2017.8.16.0167,11,1,2026-01-06T01:20:05.578458,ok
833387,0001411-13.2017.8.16.0018,11,1,2026-01-06T01:20:05.578458,ok
833388,0009602-39.2016.8.16.0129,11,1,2026-01-06T01:20:05.578458,ok
833389,0003192-88.2017.8.16.0109,11,1,2026-01-06T01:20:05.578458,ok
833390,0016737-71.2017.8.16.0031,11,1,2026-01-06T01:20:05.578458,ok
833391,0008410-34.2017.8.16.0130,11,1,2026-01-06T01:20:05.578458,ok
833392,0019813-06.2017.8.16.0031,11,1,2026-01-06T01:20:05.578458,ok
833393,0017997-86.2017.8.16.0031,11,1,2026-01-06T01:20:05.578458,ok
833394,0019075-76.2017.8.16.0044,11,1,2026-01-06T01:20:05.578458,ok
833395,0026857-18.2017.8.16.0018,11,1,2026-01-06T01:20:05.578458,ok
833396,0002038-16.2017.8.16.0180,11,1,2026-01-06T01:20:05.578458,ok
833397,0002037-14.2017.8.16.0121,11,1,2026-01-06T01:20:05.578458,ok
833398,0004050-22.2017.8.16.0109,11,1,2026-01-06T01:20:05.578458,ok
833399,0039829-13.2017.8.16.0182,11,1,2026-01-06T01:20:05.578458,ok
833400,0013923-89.2017.8.16.0030,11,1,2026-01-06T01:20:05.578458,ok
833401,0003186-77.2016.8.16.0154,11,1,2026-01-06T01:20:05.578458,ok
833402,0002742-44.2016.8.16.0154,11,1,2026-01-06T01:20:05.578458,ok
833403,0032050-75.2017.8.16.0030,11,1,2026-01-06T01:20:05.578458,ok
833404,0008799-18.2017.8.16.0098,11,1,2026-01-06T01:20:05.578458,ok
833405,0024048-55.2017.8.16.0018,11,1,2026-01-06T01:20:05.578458,ok
833406,0003968-53.2017.8.16.0153,11,1,2026-01-06T01:20:05.578458,ok
833407,0009307-89.2017.8.16.0024,11,1,2026-01-06T01:20:05.578458,ok
833408,0001829-83.2017.8.16.0071,11,1,2026-01-06T01:20:05.578458,ok
833409,0036861-14.2017.8.16.0019,11,1,2026-01-06T01:20:05.578458,ok
833410,0003433-62.2017.8.16.0109,11,1,2026-01-06T01:20:05.578458,ok
833411,0016929-04.2017.8.16.0031,11,1,2026-01-06T01:20:05.578458,ok
833412,0003602-54.2017.8.16.0172,11,1,2026-01-06T01:20:05.578458,ok
833413,0001841-97.2017.8.16.0071,11,1,2026-01-06T01:20:05.578458,ok
833414,0005327-07.2017.8.16.0131,11,1,2026-01-06T01:20:05.578458,ok
833415,0003301-72.2017.8.16.0119,11,1,2026-01-06T01:20:05.578458,ok
833416,0006354-57.2017.8.16.0088,11,1,2026-01-06T01:20:05.578458,ok
833417,0005349-72.2018.8.16.0182,11,1,2026-01-06T01:20:05.578458,ok
833418,0005798-14.2017.8.16.0037,11,1,2026-01-06T01:20:05.578458,ok
833419,0002014-92.2018.8.16.0037,11,1,2026-01-06T01:20:05.578458,ok
833420,0001906-41.2018.8.16.0109,11,1,2026-01-06T01:20:05.578458,ok
833421,0030006-20.2016.8.16.0030,11,1,2026-01-06T01:20:05.578458,ok
833422,0000847-49.2018.8.16.0131,11,1,2026-01-06T01:20:05.578458,ok
833423,0001068-67.2016.8.16.0045,11,1,2026-01-06T01:20:05.578458,ok
833424,0040686-93.2016.8.16.0182,11,1,2026-01-06T01:20:05.578458,ok
833425,0007667-65.2016.8.16.0160,11,1,2026-01-06T01:20:05.578458,ok
833426,0010130-18.2016.8.16.0018,11,1,2026-01-06T01:20:05.578458,ok
833427,0002753-20.2017.8.16.0031,11,1,2026-01-06T01:20:05.578458,ok
833428,0001613-74.2017.8.16.0184,11,1,2026-01-06T01:20:05.578458,ok
833429,0003299-32.2016.8.16.0089,11,1,2026-01-06T01:20:05.578458,ok
833430,0006116-71.2016.8.16.0056,11,1,2026-01-06T01:20:05.578458,ok
833431,0000021-72.2017.8.16.0029,11,1,2026-01-06T01:20:05.578458,ok
833432,0003465-88.2016.8.16.0178,11,1,2026-01-06T01:20:05.578458,ok
833433,0023326-21.2017.8.16.0018,12,1,2026-01-06T01:20:05.578458,ok
833434,0022716-53.2017.8.16.0018,12,1,2026-01-06T01:20:05.578458,ok
833435,0004448-29.2016.8.16.0165,12,1,2026-01-06T01:20:05.578458,ok
833436,0010162-50.2017.8.16.0030,12,1,2026-01-06T01:20:05.578458,ok
833437,0001222-81.2017.8.16.0132,12,1,2026-01-06T01:20:05.578458,ok
833438,0004233-09.2016.8.16.0018,12,1,2026-01-06T01:20:05.578458,ok
833439,0002240-68.2017.8.16.0058,12,1,2026-01-06T01:20:05.578458,ok
833440,0077068-07.2016.8.16.0014,12,1,2026-01-06T01:20:05.578458,ok
833441,0027076-31.2017.8.16.0018,12,1,2026-01-06T01:20:05.578458,ok
833442,0036876-20.2016.8.16.0018,12,1,2026-01-06T01:20:05.578458,ok
833443,0003083-29.2010.8.16.0074,12,1,2026-01-06T01:20:05.578458,ok
833444,0005166-06.2017.8.16.0031,12,1,2026-01-06T01:20:05.578458,ok
833445,0009412-50.2016.8.16.0170,12,1,2026-01-06T01:20:05.578458,ok
833446,0006340-89.2017.8.16.0018,12,1,2026-01-06T01:20:05.578458,ok
833447,0036894-41.2016.8.16.0018,12,1,2026-01-06T01:20:05.578458,ok
833448,0002361-66.2016.8.16.0047,12,1,2026-01-06T01:20:05.578458,ok
833449,0027194-07.2017.8.16.0018,12,1,2026-01-06T01:20:05.578458,ok
833450,0016698-16.2017.8.16.0018,12,1,2026-01-06T01:20:05.578458,ok
833451,0059381-17.2016.8.16.0014,12,1,2026-01-06T01:20:05.578458,ok
833452,0013540-50.2017.8.16.0018,12,1,2026-01-06T01:20:05.578458,ok
833453,0006301-92.2017.8.16.0018,12,1,2026-01-06T01:20:05.578458,ok
833454,0019073-78.2017.8.16.0021,12,1,2026-01-06T01:20:05.578458,ok
833455,0001404-81.2016.8.16.0074,12,1,2026-01-06T01:20:05.578458,ok
833456,0000079-19.2017.8.16.0177,12,1,2026-01-06T01:20:05.578458,ok
833457,0061650-29.2016.8.16.0014,12,1,2026-01-06T01:20:05.578458,ok
833458,0025951-28.2017.8.16.0018,12,1,2026-01-06T01:20:05.578458,ok
833459,0000486-61.2017.8.16.0068,12,1,2026-01-06T01:20:05.578458,ok
833460,0012822-19.2016.8.16.0170,12,1,2026-01-06T01:20:05.578458,ok
833461,0003640-58.2016.8.16.0089,12,1,2026-01-06T01:20:05.578458,ok
833462,0009736-74.2017.8.16.0018,12,1,2026-01-06T01:20:05.578458,ok
833463,0000499-32.2017.8.16.0045,12,1,2026-01-06T01:20:05.578458,ok
833464,0010264-69.2017.8.16.0031,12,1,2026-01-06T01:20:05.578458,ok
833465,0032664-31.2017.8.16.0014,12,1,2026-01-06T01:20:05.578458,ok
833466,0001626-25.2017.8.16.0103,12,1,2026-01-06T01:20:05.578458,ok
833467,0001463-50.2015.8.16.0124,12,1,2026-01-06T01:20:05.578458,ok
833468,0002316-56.2017.8.16.0070,12,1,2026-01-06T01:20:05.578458,ok
833469,0026938-64.2017.8.16.0018,12,1,2026-01-06T01:20:05.578458,ok
833470,0054758-78.2018.8.16.0000,12,1,2026-01-06T01:20:05.578458,ok
833471,0041131-07.2018.8.16.0000,12,1,2026-01-06T01:20:05.578458,ok
833472,0053682-19.2018.8.16.0000,12,1,2026-01-06T01:20:05.578458,ok
833473,0053983-63.2018.8.16.0000,12,1,2026-01-06T01:20:05.578458,ok
833474,0054400-16.2018.8.16.0000,12,1,2026-01-06T01:20:05.578458,ok
833475,0054617-59.2018.8.16.0000,12,1,2026-01-06T01:20:05.578458,ok
833476,0037834-89.2018.8.16.0000,12,1,2026-01-06T01:20:05.578458,ok
833477,0011355-94.2013.8.16.0045,12,1,2026-01-06T01:20:05.578458,ok
833478,0004629-14.2011.8.16.0033,12,1,2026-01-06T01:20:05.578458,ok
833479,0003834-34.2016.8.16.0194,12,1,2026-01-06T01:20:05.578458,ok
833480,0005074-53.2018.8.16.9000,12,1,2026-01-06T01:20:05.578458,ok
833481,0005076-23.2018.8.16.9000,12,1,2026-01-06T01:20:05.578458,ok
833482,0001606-62.2017.8.16.0029,12,1,2026-01-06T01:20:05.578458,ok
833483,0017170-63.2017.8.16.0035,14,1,2026-01-06T01:20:05.578458,ok
833484,0021365-45.2017.8.16.0018,14,1,2026-01-06T01:20:05.578458,ok
833485,0003252-12.2016.8.16.0072,14,1,2026-01-06T01:20:05.578458,ok
833486,0049079-07.2016.8.16.0182,14,1,2026-01-06T01:20:05.578458,ok
833487,0007019-51.2017.8.16.0160,14,1,2026-01-06T01:20:05.578458,ok
833488,0003296-50.2016.8.16.0098,14,1,2026-01-06T01:20:05.578458,ok
833489,0030364-84.2017.8.16.0018,14,1,2026-01-06T01:20:05.578458,ok
833490,0001549-40.2015.8.16.0053,14,1,2026-01-06T01:20:05.578458,ok
833491,0004266-25.2017.8.16.0095,14,1,2026-01-06T01:20:05.578458,ok
833492,0021991-13.2017.8.16.0035,14,1,2026-01-06T01:20:05.578458,ok
833493,0054219-85.2017.8.16.0182,14,1,2026-01-06T01:20:05.578458,ok
833494,0003896-80.2017.8.16.0019,14,1,2026-01-06T01:20:05.578458,ok
833495,0006221-86.2017.8.16.0129,14,1,2026-01-06T01:20:05.578458,ok
833496,0000669-51.2017.8.16.0191,14,1,2026-01-06T01:20:05.578458,ok
833497,0017612-41.2017.8.16.0031,14,1,2026-01-06T01:20:05.578458,ok
833498,0026183-33.2017.8.16.0182,14,1,2026-01-06T01:20:05.578458,ok
833499,0050799-91.2017.8.16.0014,14,1,2026-01-06T01:20:05.578458,ok
833500,0025599-70.2017.8.16.0018,14,1,2026-01-06T01:20:05.578458,ok
833501,0032558-50.2017.8.16.0182,14,1,2026-01-06T01:20:05.578458,ok
833502,0012030-36.2016.8.16.0018,14,1,2026-01-06T01:20:05.578458,ok
833503,0005740-17.2017.8.16.0035,14,1,2026-01-06T01:20:05.578458,ok
833504,0030263-47.2017.8.16.0018,14,1,2026-01-06T01:20:05.578458,ok
833505,0003025-74.2017.8.16.0108,14,1,2026-01-06T01:20:05.578458,ok
833506,0008429-81.2016.8.16.0160,14,1,2026-01-06T01:20:05.578458,ok
833507,0044814-29.2017.8.16.0019,14,1,2026-01-06T01:20:05.578458,ok
833508,0037271-12.2016.8.16.0018,14,1,2026-01-06T01:20:05.578458,ok
833509,0037177-64.2016.8.16.0018,14,1,2026-01-06T01:20:05.578458,ok
833510,0037390-70.2016.8.16.0018,14,1,2026-01-06T01:20:05.578458,ok
833511,0049726-65.2017.8.16.0182,14,1,2026-01-06T01:20:05.578458,ok
833512,0002844-42.2016.8.16.0065,14,1,2026-01-06T01:20:05.578458,ok
833513,0035469-42.2017.8.16.0018,14,1,2026-01-06T01:20:05.578458,ok
833514,0009021-95.2018.8.16.0018,14,1,2026-01-06T01:20:05.578458,ok
833515,0000279-20.2018.8.16.0103,14,1,2026-01-06T01:20:05.578458,ok
833516,0007663-92.2018.8.16.0019,14,1,2026-01-06T01:20:05.578458,ok
833517,0000266-63.2018.8.16.0186,14,1,2026-01-06T01:20:05.578458,ok
833518,0000352-77.2018.8.16.0204,14,1,2026-01-06T01:20:05.578458,ok
833519,0038352-93.2016.8.16.0018,14,1,2026-01-06T01:20:05.578458,ok
833520,0001252-14.2018.8.16.0090,14,1,2026-01-06T01:20:05.578458,ok
833521,0032818-37.2017.8.16.0018,14,1,2026-01-06T01:20:05.578458,ok
833522,0038433-42.2016.8.16.0018,14,1,2026-01-06T01:20:05.578458,ok
833523,0002045-72.2018.8.16.0018,14,1,2026-01-06T01:20:05.578458,ok
833524,0001353-72.2018.8.16.0180,14,1,2026-01-06T01:20:05.578458,ok
833525,0001206-35.2018.8.16.0119,14,1,2026-01-06T01:20:05.578458,ok
833526,0012522-46.2017.8.16.0130,14,1,2026-01-06T01:20:05.578458,ok
833527,0000280-05.2018.8.16.0103,14,1,2026-01-06T01:20:05.578458,ok
833528,0006896-54.2018.8.16.0019,14,1,2026-01-06T01:20:05.578458,ok
833529,0001765-21.2018.8.16.0174,14,1,2026-01-06T01:20:05.578458,ok
833530,0028978-94.2018.8.16.0014,14,1,2026-01-06T01:20:05.578458,ok
833531,0004072-48.2018.8.16.9000,14,1,2026-01-06T01:20:05.578458,ok
833532,0014145-72.2017.8.16.0025,14,1,2026-01-06T01:20:05.578458,ok
833533,0001463-51.2018.8.16.0025,15,1,2026-01-06T01:20:05.578458,ok
833534,0014348-82.2018.8.16.0030,15,1,2026-01-06T01:20:05.578458,ok
833535,0001231-80.2018.8.16.9000,15,1,2026-01-06T01:20:05.578458,ok
833536,0003623-90.2018.8.16.9000,15,1,2026-01-06T01:20:05.578458,ok
833537,0000093-78.2018.8.16.9000,15,1,2026-01-06T01:20:05.578458,ok
833538,0002070-08.2018.8.16.9000,15,1,2026-01-06T01:20:05.578458,ok
833539,0001542-71.2018.8.16.9000,15,1,2026-01-06T01:20:05.578458,ok
833540,0002217-34.2018.8.16.9000,15,1,2026-01-06T01:20:05.578458,ok
833541,0001508-96.2018.8.16.9000,15,1,2026-01-06T01:20:05.578458,ok
833542,0003350-14.2018.8.16.9000,15,1,2026-01-06T01:20:05.578458,ok
833543,0003261-88.2018.8.16.9000,15,1,2026-01-06T01:20:05.578458,ok
833544,0003291-26.2018.8.16.9000,15,1,2026-01-06T01:20:05.578458,ok
833545,0003449-81.2018.8.16.9000,15,1,2026-01-06T01:20:05.578458,ok
833546,0027274-27.2018.8.16.0182,15,1,2026-01-06T01:20:05.578458,ok
833547,0001963-93.2018.8.16.0130,15,1,2026-01-06T01:20:05.578458,ok
833548,0002113-74.2018.8.16.0130,15,1,2026-01-06T01:20:05.578458,ok
833549,0015299-08.2018.8.16.0182,15,1,2026-01-06T01:20:05.578458,ok
833550,0009500-79.2018.8.16.0021,15,1,2026-01-06T01:20:05.578458,ok
833551,0000391-37.2017.8.16.0066,15,1,2026-01-06T01:20:05.578458,ok
833552,0002485-88.2018.8.16.9000,15,1,2026-01-06T01:20:05.578458,ok
833553,0003963-34.2018.8.16.9000,15,1,2026-01-06T01:20:05.578458,ok
833554,0000116-70.2018.8.16.0093,15,1,2026-01-06T01:20:05.578458,ok
833555,0003243-67.2018.8.16.9000,15,1,2026-01-06T01:20:05.578458,ok
833556,0002651-23.2018.8.16.9000,15,1,2026-01-06T01:20:05.578458,ok
833557,0002250-24.2018.8.16.9000,15,1,2026-01-06T01:20:05.578458,ok
833558,0002904-11.2018.8.16.9000,15,1,2026-01-06T01:20:05.578458,ok
833559,0003170-95.2018.8.16.9000,15,1,2026-01-06T01:20:05.578458,ok
833560,0013486-63.2017.8.16.0025,15,1,2026-01-06T01:20:05.578458,ok
833561,0013488-33.2017.8.16.0025,15,1,2026-01-06T01:20:05.578458,ok
833562,0003531-11.2018.8.16.0045,15,1,2026-01-06T01:20:05.578458,ok
833563,0017988-21.2017.8.16.0130,15,1,2026-01-06T01:20:05.578458,ok
833564,0037518-34.2018.8.16.0014,15,1,2026-01-06T01:20:05.578458,ok
833565,0008991-92.2017.8.16.0148,15,1,2026-01-06T01:20:05.578458,ok
833566,0008881-93.2017.8.16.0148,15,1,2026-01-06T01:20:05.578458,ok
833567,0036404-05.2018.8.16.0000,15,1,2026-01-06T01:20:05.578458,ok
833568,0022329-58.2018.8.16.0000,15,1,2026-01-06T01:20:05.578458,ok
833569,0043273-81.2018.8.16.0000,15,1,2026-01-06T01:20:05.578458,ok
833570,0046602-04.2018.8.16.0000,15,1,2026-01-06T01:20:05.578458,ok
833571,0054215-75.2018.8.16.0000,15,1,2026-01-06T01:20:05.578458,ok
833572,0025729-57.2017.8.16.0019,15,1,2026-01-06T01:20:05.578458,ok
833573,0028473-48.2018.8.16.0000,15,1,2026-01-06T01:20:05.578458,ok
833574,0052175-23.2018.8.16.0000,15,1,2026-01-06T01:20:05.578458,ok
833575,0053564-43.2018.8.16.0000,15,1,2026-01-06T01:20:05.578458,ok
833576,0054666-03.2018.8.16.0000,15,1,2026-01-06T01:20:05.578458,ok
833577,0054849-71.2018.8.16.0000,15,1,2026-01-06T01:20:05.578458,ok
833578,0054859-18.2018.8.16.0000,15,1,2026-01-06T01:20:05.578458,ok
833579,0054881-76.2018.8.16.0000,15,1,2026-01-06T01:20:05.578458,ok
833580,0004566-88.2015.8.16.0084,15,1,2026-01-06T01:20:05.578458,ok
833581,0019340-79.2018.8.16.0000,15,1,2026-01-06T01:20:05.578458,ok
833582,0019931-10.2016.8.16.0130,15,1,2026-01-06T01:20:05.578458,ok
833583,0028103-69.2018.8.16.0000,18,1,2026-01-06T01:20:05.578458,ok
833584,0052451-54.2018.8.16.0000,18,1,2026-01-06T01:20:05.578458,ok
833585,0048804-51.2018.8.16.0000,18,1,2026-01-06T01:20:05.578458,ok
833586,0002918-73.2013.8.16.0139,18,1,2026-01-06T01:20:05.578458,ok
833587,0054519-74.2018.8.16.0000,18,1,2026-01-06T01:20:05.578458,ok
833588,0054345-65.2018.8.16.0000,18,1,2026-01-06T01:20:05.578458,ok
833589,0053444-97.2018.8.16.0000,18,1,2026-01-06T01:20:05.578458,ok
833590,0047005-70.2018.8.16.0000,18,1,2026-01-06T01:20:05.578458,ok
833591,0054493-76.2018.8.16.0000,18,1,2026-01-06T01:20:05.578458,ok
833592,0051448-64.2018.8.16.0000,18,1,2026-01-06T01:20:05.578458,ok
833593,0002616-94.2012.8.16.0069,18,1,2026-01-06T01:20:05.578458,ok
833594,0000423-62.2005.8.16.0066,18,1,2026-01-06T01:20:05.578458,ok
833595,0054860-03.2018.8.16.0000,18,1,2026-01-06T01:20:05.578458,ok
833596,0005535-59.2018.8.16.0000,18,1,2026-01-06T01:20:05.578458,ok
833597,0000103-57.2018.8.16.0033,18,1,2026-01-06T01:20:05.578458,ok
833598,0024177-80.2018.8.16.0000,18,1,2026-01-06T01:20:05.578458,ok
833599,0025676-02.2018.8.16.0000,18,1,2026-01-06T01:20:05.578458,ok
833600,0046639-31.2018.8.16.0000,18,1,2026-01-06T01:20:05.578458,ok
833601,0053746-29.2018.8.16.0000,18,1,2026-01-06T01:20:05.578458,ok
833602,0038509-52.2018.8.16.0000,18,1,2026-01-06T01:20:05.578458,ok
833603,0001051-37.2014.8.16.0001,18,1,2026-01-06T01:20:05.578458,ok
833604,0046144-62.2010.8.16.0001,18,1,2026-01-06T01:20:05.578458,ok
833605,0053862-35.2018.8.16.0000,18,1,2026-01-06T01:20:05.578458,ok
833606,0003672-39.2016.8.16.0194,18,1,2026-01-06T01:20:05.578458,ok
833607,0030973-87.2018.8.16.0000,18,1,2026-01-06T01:20:05.578458,ok
833608,0009589-68.2018.8.16.0000,18,1,2026-01-06T01:20:05.578458,ok
833609,0004505-76.2016.8.16.0026,18,1,2026-01-06T01:20:05.578458,ok
833610,0019571-43.2018.8.16.0021,18,1,2026-01-06T01:20:05.578458,ok
833611,0036873-51.2018.8.16.0000,18,1,2026-01-06T01:20:05.578458,ok
833612,0045653-77.2018.8.16.0000,18,1,2026-01-06T01:20:05.578458,ok
833613,0051205-23.2018.8.16.0000,18,1,2026-01-06T01:20:05.578458,ok
833614,0054484-17.2018.8.16.0000,18,1,2026-01-06T01:20:05.578458,ok
833615,0004571-32.2018.8.16.9000,18,1,2026-01-06T01:20:05.578458,ok
833616,0002574-79.2017.8.16.0098,18,1,2026-01-06T01:20:05.578458,ok
833617,0007728-44.2017.8.16.0174,18,1,2026-01-06T01:20:05.578458,ok
833618,0019386-48.2017.8.16.0018,18,1,2026-01-06T01:20:05.578458,ok
833619,0003309-59.2017.8.16.0148,18,1,2026-01-06T01:20:05.578458,ok
833620,0002258-11.2017.8.16.0181,18,1,2026-01-06T01:20:05.578458,ok
833621,0004287-19.2014.8.16.0123,18,1,2026-01-06T01:20:05.578458,ok
833622,0001813-20.2016.8.16.0151,18,1,2026-01-06T01:20:05.578458,ok
833623,0009298-31.2017.8.16.0056,18,1,2026-01-06T01:20:05.578458,ok
833624,0021553-38.2017.8.16.0018,18,1,2026-01-06T01:20:05.578458,ok
833625,0009448-18.2016.8.16.0130,18,1,2026-01-06T01:20:05.578458,ok
833626,0009244-26.2017.8.16.0069,18,1,2026-01-06T01:20:05.578458,ok
833627,0004572-08.2017.8.16.0058,18,1,2026-01-06T01:20:05.578458,ok
833628,0003068-64.2017.8.16.0058,18,1,2026-01-06T01:20:05.578458,ok
833629,0001034-62.2017.8.16.0173,18,1,2026-01-06T01:20:05.578458,ok
833630,0039691-46.2017.8.16.0182,18,1,2026-01-06T01:20:05.578458,ok
833631,0002251-72.2017.8.16.0131,18,1,2026-01-06T01:20:05.578458,ok
833632,0010632-69.2017.8.16.0131,18,1,2026-01-06T01:20:05.578458,ok
833633,0005075-38.2018.8.16.9000,16,1,2026-01-06T01:20:05.578458,ok
833634,0012343-22.2011.8.16.0131,16,1,2026-01-06T01:20:05.578458,ok
833635,0046813-47.2016.8.16.0182,16,1,2026-01-06T01:20:05.578458,ok
833636,0028115-90.2016.8.16.0182,16,1,2026-01-06T01:20:05.578458,ok
833637,0001459-06.2017.8.16.0136,16,1,2026-01-06T01:20:05.578458,ok
833638,0002023-83.2015.8.16.0126,16,1,2026-01-06T01:20:05.578458,ok
833639,0001238-79.2017.8.16.0182,16,1,2026-01-06T01:20:05.578458,ok
833640,0001295-08.2017.8.16.0050,16,1,2026-01-06T01:20:05.578458,ok
833641,0004636-88.2014.8.16.0101,16,1,2026-01-06T01:20:05.578458,ok
833642,0050874-14.2017.8.16.0182,16,1,2026-01-06T01:20:05.578458,ok
833643,0000610-28.2017.8.16.0041,16,1,2026-01-06T01:20:05.578458,ok
833644,0000117-20.2018.8.16.0040,16,1,2026-01-06T01:20:05.578458,ok
833645,0004899-83.2016.8.16.0123,16,1,2026-01-06T01:20:05.578458,ok
833646,0000720-85.2018.8.16.0075,16,1,2026-01-06T01:20:05.578458,ok
833647,0001372-25.2018.8.16.0036,16,1,2026-01-06T01:20:05.578458,ok
833648,0002303-50.2017.8.16.0137,16,1,2026-01-06T01:20:05.578458,ok
833649,0000986-44.2017.8.16.0128,16,1,2026-01-06T01:20:05.578458,ok
833650,0002165-44.2017.8.16.0053,16,1,2026-01-06T01:20:05.578458,ok
833651,0006161-17.2018.8.16.0182,16,1,2026-01-06T01:20:05.578458,ok
833652,0000123-11.2017.8.16.0089,16,1,2026-01-06T01:20:05.578458,ok
833653,0014750-05.2018.8.16.0018,16,1,2026-01-06T01:20:05.578458,ok
833654,0003210-54.2018.8.16.0019,16,1,2026-01-06T01:20:05.578458,ok
833655,0001783-83.2018.8.16.0031,16,1,2026-01-06T01:20:05.578458,ok
833656,0032084-86.2017.8.16.0018,16,1,2026-01-06T01:20:05.578458,ok
833657,0001499-16.2018.8.16.0180,16,1,2026-01-06T01:20:05.578458,ok
833658,0006242-66.2017.8.16.0160,16,1,2026-01-06T01:20:05.578458,ok
833659,0004840-12.2018.8.16.0031,16,1,2026-01-06T01:20:05.578458,ok
833660,0003098-61.2017.8.16.0200,16,1,2026-01-06T01:20:05.578458,ok
833661,0011554-59.2017.8.16.0148,16,1,2026-01-06T01:20:05.578458,ok
833662,0009214-97.2016.8.16.0045,16,1,2026-01-06T01:20:05.578458,ok
833663,0003881-69.2017.8.16.0130,16,1,2026-01-06T01:20:05.578458,ok
833664,0009667-03.2017.8.16.0031,16,1,2026-01-06T01:20:05.578458,ok
833665,0000840-67.2017.8.16.0042,16,1,2026-01-06T01:20:05.578458,ok
833666,0000828-53.2017.8.16.0042,16,1,2026-01-06T01:20:05.578458,ok
833667,0021678-96.2017.8.16.0182,16,1,2026-01-06T01:20:05.578458,ok
833668,0020294-98.2017.8.16.0182,16,1,2026-01-06T01:20:05.578458,ok
833669,0001956-43.2016.8.16.0172,16,1,2026-01-06T01:20:05.578458,ok
833670,0006260-89.2017.8.16.0030,16,1,2026-01-06T01:20:05.578458,ok
833671,0000510-03.2017.8.16.0129,16,1,2026-01-06T01:20:05.578458,ok
833672,0019154-63.2016.8.16.0182,16,1,2026-01-06T01:20:05.578458,ok
833673,0006436-96.2016.8.16.0129,16,1,2026-01-06T01:20:05.578458,ok
833674,0000634-09.2017.8.16.0089,16,1,2026-01-06T01:20:05.578458,ok
833675,0010931-24.2016.8.16.0182,16,1,2026-01-06T01:20:05.578458,ok
833676,0001584-43.2017.8.16.0113,16,1,2026-01-06T01:20:05.578458,ok
833677,0005252-65.2015.8.16.0089,16,1,2026-01-06T01:20:05.578458,ok
833678,0004553-77.2017.8.16.0130,16,1,2026-01-06T01:20:05.578458,ok
833679,0001475-61.2017.8.16.0167,16,1,2026-01-06T01:20:05.578458,ok
833680,0002673-05.2017.8.16.0048,16,1,2026-01-06T01:20:05.578458,ok
833681,0007207-44.2017.8.16.0160,16,1,2026-01-06T01:20:05.578458,ok
833682,0002521-54.2017.8.16.0048,16,1,2026-01-06T01:20:05.578458,ok
833683,0025513-02.2017.8.16.0018,17,1,2026-01-06T01:20:05.578458,ok
833684,0014651-30.2017.8.16.0031,17,1,2026-01-06T01:20:05.578458,ok
833685,0002955-17.2017.8.16.0089,17,1,2026-01-06T01:20:05.578458,ok
833686,0001576-41.2017.8.16.0089,17,1,2026-01-06T01:20:05.578458,ok
833687,0000154-65.2016.8.16.0089,17,1,2026-01-06T01:20:05.578458,ok
833688,0004992-85.2015.8.16.0089,17,1,2026-01-06T01:20:05.578458,ok
833689,0005548-95.2016.8.16.0075,17,1,2026-01-06T01:20:05.578458,ok
833690,0000037-79.2017.8.16.0173,17,1,2026-01-06T01:20:05.578458,ok
833691,0004660-65.2017.8.16.0084,17,1,2026-01-06T01:20:05.578458,ok
833692,0074520-72.2017.8.16.0014,17,1,2026-01-06T01:20:05.578458,ok
833693,0005168-35.2017.8.16.0173,17,1,2026-01-06T01:20:05.578458,ok
833694,0003604-08.2018.8.16.0069,17,1,2026-01-06T01:20:05.578458,ok
833695,0004665-87.2017.8.16.0084,17,1,2026-01-06T01:20:05.578458,ok
833696,0031254-98.2018.8.16.0014,17,1,2026-01-06T01:20:05.578458,ok
833697,0006633-79.2017.8.16.0173,17,1,2026-01-06T01:20:05.578458,ok
833698,0000861-73.2018.8.16.0053,17,1,2026-01-06T01:20:05.578458,ok
833699,0002660-40.2018.8.16.0090,17,1,2026-01-06T01:20:05.578458,ok
833700,0005273-55.2018.8.16.0018,17,1,2026-01-06T01:20:05.578458,ok
833701,0001910-43.2018.8.16.0153,17,1,2026-01-06T01:20:05.578458,ok
833702,0001194-31.2018.8.16.0148,17,1,2026-01-06T01:20:05.578458,ok
833703,0000632-67.2018.8.16.0036,17,1,2026-01-06T01:20:05.578458,ok
833704,0024006-52.2017.8.16.0035,17,1,2026-01-06T01:20:05.578458,ok
833705,0000638-13.2018.8.16.0024,17,1,2026-01-06T01:20:05.578458,ok
833706,0002585-83.2017.8.16.0074,17,1,2026-01-06T01:20:05.578458,ok
833707,0000107-10.2017.8.16.0137,17,1,2026-01-06T01:20:05.578458,ok
833708,0000650-51.2016.8.16.0168,17,1,2026-01-06T01:20:05.578458,ok
833709,0001025-39.2018.8.16.0182,17,1,2026-01-06T01:20:05.578458,ok
833710,0006804-23.2018.8.16.0069,17,1,2026-01-06T01:20:05.578458,ok
833711,0004519-36.2018.8.16.9000,17,1,2026-01-06T01:20:05.578458,ok
833712,0004993-85.2017.8.16.0029,17,1,2026-01-06T01:20:05.578458,ok
833713,0001688-78.2018.8.16.0152,17,1,2026-01-06T01:20:05.578458,ok
833714,0008347-32.2017.8.16.0090,17,1,2026-01-06T01:20:05.578458,ok
833715,0007320-14.2017.8.16.0090,17,1,2026-01-06T01:20:05.578458,ok
833716,0000052-69.2018.8.16.0090,17,1,2026-01-06T01:20:05.578458,ok
833717,0006567-23.2017.8.16.0069,17,1,2026-01-06T01:20:05.578458,ok
833718,0084972-44.2017.8.16.0014,17,1,2026-01-06T01:20:05.578458,ok
833719,0019524-34.2017.8.16.0044,17,1,2026-01-06T01:20:05.578458,ok
833720,0014768-80.2018.8.16.0000,17,1,2026-01-06T01:20:05.578458,ok
833721,0010038-39.2007.8.16.0185,17,1,2026-01-06T01:20:05.578458,ok
833722,0002354-33.2016.8.16.0190,17,1,2026-01-06T01:20:05.578458,ok
833723,0054755-26.2018.8.16.0000,17,1,2026-01-06T01:20:05.578458,ok
833724,0031853-81.2015.8.16.0001,17,1,2026-01-06T01:20:05.578458,ok
833725,0022320-96.2018.8.16.0000,17,1,2026-01-06T01:20:05.578458,ok
833726,0000018-75.2016.8.16.0119,17,1,2026-01-06T01:20:05.578458,ok
833727,0007193-15.1999.8.16.0185,17,1,2026-01-06T01:20:05.578458,ok
833728,0049440-17.2018.8.16.0000,17,1,2026-01-06T01:20:05.578458,ok
833729,0054297-09.2018.8.16.0000,17,1,2026-01-06T01:20:05.578458,ok
833730,0035496-45.2018.8.16.0000,17,1,2026-01-06T01:20:05.578458,ok
833731,0054457-34.2018.8.16.0000,17,1,2026-01-06T01:20:05.578458,ok
833732,0052273-08.2018.8.16.0000,17,1,2026-01-06T01:20:05.578458,ok
833733,0000033-52.2017.8.16.0105,19,1,2026-01-06T01:20:05.578458,ok
833734,0003503-62.2017.8.16.0050,19,1,2026-01-06T01:20:05.578458,ok
833735,0048486-41.2017.8.16.0182,19,1,2026-01-06T01:20:05.578458,ok
833736,0003837-22.2018.8.16.0031,19,1,2026-01-06T01:20:05.578458,ok
833737,0005196-07.2018.8.16.0031,19,1,2026-01-06T01:20:05.578458,ok
833738,0052002-69.2017.8.16.0182,19,1,2026-01-06T01:20:05.578458,ok
833739,0004582-32.2018.8.16.0021,19,1,2026-01-06T01:20:05.578458,ok
833740,0000874-45.2017.8.16.0041,19,1,2026-01-06T01:20:05.578458,ok
833741,0002416-94.2018.8.16.0031,19,1,2026-01-06T01:20:05.578458,ok
833742,0000431-31.2018.8.16.0180,19,1,2026-01-06T01:20:05.578458,ok
833743,0000568-43.2018.8.16.0170,19,1,2026-01-06T01:20:05.578458,ok
833744,0013864-69.2017.8.16.0170,19,1,2026-01-06T01:20:05.578458,ok
833745,0000479-69.2018.8.16.0186,19,1,2026-01-06T01:20:05.578458,ok
833746,0011828-04.2017.8.16.0025,19,1,2026-01-06T01:20:05.578458,ok
833747,0004187-78.2018.8.16.0170,19,1,2026-01-06T01:20:05.578458,ok
833748,0003581-50.2018.8.16.0170,19,1,2026-01-06T01:20:05.578458,ok
833749,0005393-36.2017.8.16.0050,19,1,2026-01-06T01:20:05.578458,ok
833750,0006380-80.2017.8.16.0112,19,1,2026-01-06T01:20:05.578458,ok
833751,0012294-68.2017.8.16.0131,19,1,2026-01-06T01:20:05.578458,ok
833752,0004000-70.2018.8.16.0170,19,1,2026-01-06T01:20:05.578458,ok
833753,0004402-87.2016.8.16.0117,19,1,2026-01-06T01:20:05.578458,ok
833754,0016287-48.2018.8.16.0014,19,1,2026-01-06T01:20:05.578458,ok
833755,0002400-19.2017.8.16.0115,19,1,2026-01-06T01:20:05.578458,ok
833756,0005385-46.2017.8.16.0119,19,1,2026-01-06T01:20:05.578458,ok
833757,0005053-77.2018.8.16.9000,19,1,2026-01-06T01:20:05.578458,ok
833758,0005056-32.2018.8.16.9000,19,1,2026-01-06T01:20:05.578458,ok
833759,0005096-14.2018.8.16.9000,19,1,2026-01-06T01:20:05.578458,ok
833760,0003463-34.2017.8.16.0130,19,1,2026-01-06T01:20:05.578458,ok
833761,0019025-20.2016.8.16.0130,19,1,2026-01-06T01:20:05.578458,ok
833762,0004624-79.2017.8.16.0130,19,1,2026-01-06T01:20:05.578458,ok
833763,0010501-97.2017.8.16.0130,19,1,2026-01-06T01:20:05.578458,ok
833764,0002203-28.2017.8.16.0127,19,1,2026-01-06T01:20:05.578458,ok
833765,0003132-98.2017.8.16.0050,19,1,2026-01-06T01:20:05.578458,ok
833766,0001788-22.2017.8.16.0070,19,1,2026-01-06T01:20:05.578458,ok
833767,0003787-70.2017.8.16.0050,19,1,2026-01-06T01:20:05.578458,ok
833768,0003280-12.2017.8.16.0050,19,1,2026-01-06T01:20:05.578458,ok
833769,0003388-41.2017.8.16.0050,19,1,2026-01-06T01:20:05.578458,ok
833770,0004075-81.2017.8.16.0029,19,1,2026-01-06T01:20:05.578458,ok
833771,0002784-46.2017.8.16.0029,19,1,2026-01-06T01:20:05.578458,ok
833772,0003858-72.2017.8.16.0050,19,1,2026-01-06T01:20:05.578458,ok
833773,0013472-55.2017.8.16.0130,19,1,2026-01-06T01:20:05.578458,ok
833774,0010242-61.2016.8.16.0058,19,1,2026-01-06T01:20:05.578458,ok
833775,0009998-35.2016.8.16.0058,19,1,2026-01-06T01:20:05.578458,ok
833776,0003942-73.2017.8.16.0050,19,1,2026-01-06T01:20:05.578458,ok
833777,0002455-53.2017.8.16.0055,19,1,2026-01-06T01:20:05.578458,ok
833778,0002403-38.2017.8.16.0029,19,1,2026-01-06T01:20:05.578458,ok
833779,0009996-65.2016.8.16.0058,19,1,2026-01-06T01:20:05.578458,ok
833780,0003505-32.2017.8.16.0050,19,1,2026-01-06T01:20:05.578458,ok
833781,0003858-38.2017.8.16.0029,19,1,2026-01-06T01:20:05.578458,ok
833782,0002407-75.2017.8.16.0029,19,1,2026-01-06T01:20:05.578458,ok
833783,0008816-91.2017.8.16.0021,13,1,2026-01-06T01:20:05.578458,ok
833784,0024249-47.2017.8.16.0018,13,1,2026-01-06T01:20:05.578458,ok
833785,0008332-97.2017.8.16.0014,13,1,2026-01-06T01:20:05.578458,ok
833786,0009047-30.2017.8.16.0018,13,1,2026-01-06T01:20:05.578458,ok
833787,0001203-15.2017.8.16.0055,13,1,2026-01-06T01:20:05.578458,ok
833788,0000348-51.2016.8.16.0126,13,1,2026-01-06T01:20:05.578458,ok
833789,0008534-38.2017.8.16.0026,13,1,2026-01-06T01:20:05.578458,ok
833790,0009967-77.2017.8.16.0026,13,1,2026-01-06T01:20:05.578458,ok
833791,0005912-67.2016.8.16.0075,13,1,2026-01-06T01:20:05.578458,ok
833792,0002470-63.2011.8.16.0174,13,1,2026-01-06T01:20:05.578458,ok
833793,0010181-68.2017.8.16.0026,13,1,2026-01-06T01:20:05.578458,ok
833794,0010451-92.2017.8.16.0026,13,1,2026-01-06T01:20:05.578458,ok
833795,0018102-24.2017.8.16.0044,13,1,2026-01-06T01:20:05.578458,ok
833796,0034244-75.2017.8.16.0021,13,1,2026-01-06T01:20:05.578458,ok
833797,0004569-53.2017.8.16.0058,13,1,2026-01-06T01:20:05.578458,ok
833798,0002649-39.2016.8.16.0071,13,1,2026-01-06T01:20:05.578458,ok
833799,0002250-73.2017.8.16.0071,13,1,2026-01-06T01:20:05.578458,ok
833800,0018093-62.2017.8.16.0044,13,1,2026-01-06T01:20:05.578458,ok
833801,0035755-13.2017.8.16.0182,13,1,2026-01-06T01:20:05.578458,ok
833802,0003763-42.2017.8.16.0050,13,1,2026-01-06T01:20:05.578458,ok
833803,0013680-06.2017.8.16.0044,13,1,2026-01-06T01:20:05.578458,ok
833804,0055596-91.2017.8.16.0182,13,1,2026-01-06T01:20:05.578458,ok
833805,0041371-66.2017.8.16.0182,13,1,2026-01-06T01:20:05.578458,ok
833806,0059402-37.2017.8.16.0182,13,1,2026-01-06T01:20:05.578458,ok
833807,0019006-44.2017.8.16.0044,13,1,2026-01-06T01:20:05.578458,ok
833808,0055599-46.2017.8.16.0182,13,1,2026-01-06T01:20:05.578458,ok
833809,0002516-11.2017.8.16.0055,13,1,2026-01-06T01:20:05.578458,ok
833810,0010058-77.2017.8.16.0056,13,1,2026-01-06T01:20:05.578458,ok
833811,0045726-22.2017.8.16.0182,13,1,2026-01-06T01:20:05.578458,ok
833812,0042471-56.2017.8.16.0182,13,1,2026-01-06T01:20:05.578458,ok
833813,0045189-26.2017.8.16.0182,13,1,2026-01-06T01:20:05.578458,ok
833814,0043466-69.2017.8.16.0182,13,1,2026-01-06T01:20:05.578458,ok
833815,0010304-73.2017.8.16.0056,13,1,2026-01-06T01:20:05.578458,ok
833816,0044761-44.2017.8.16.0182,13,1,2026-01-06T01:20:05.578458,ok
833817,0018574-25.2017.8.16.0044,13,1,2026-01-06T01:20:05.578458,ok
833818,0010348-92.2017.8.16.0056,13,1,2026-01-06T01:20:05.578458,ok
833819,0054095-05.2017.8.16.0182,13,1,2026-01-06T01:20:05.578458,ok
833820,0019586-74.2017.8.16.0044,13,1,2026-01-06T01:20:05.578458,ok
833821,0003529-60.2017.8.16.0050,13,1,2026-01-06T01:20:05.578458,ok
833822,0045366-87.2017.8.16.0182,13,1,2026-01-06T01:20:05.578458,ok
833823,0002963-14.2017.8.16.0050,13,1,2026-01-06T01:20:05.578458,ok
833824,0003765-12.2017.8.16.0050,13,1,2026-01-06T01:20:05.578458,ok
833825,0010139-26.2017.8.16.0056,13,1,2026-01-06T01:20:05.578458,ok
833826,0020200-53.2017.8.16.0182,13,1,2026-01-06T01:20:05.578458,ok
833827,0043483-08.2017.8.16.0182,13,1,2026-01-06T01:20:05.578458,ok
833828,0004048-35.2017.8.16.0050,13,1,2026-01-06T01:20:05.578458,ok
833829,0047689-65.2017.8.16.0182,13,1,2026-01-06T01:20:05.578458,ok
833830,0007423-05.2017.8.16.0160,13,1,2026-01-06T01:20:05.578458,ok
833831,0031823-58.2016.8.16.0018,13,1,2026-01-06T01:20:05.578458,ok
833832,0000411-38.2015.8.16.0053,13,1,2026-01-06T01:20:05.578458,ok
833833,0002261-53.2017.8.16.0055,20,1,2026-01-06T01:20:05.578458,ok
833834,0003513-09.2017.8.16.0050,20,1,2026-01-06T01:20:05.578458,ok
833835,0003520-98.2017.8.16.0050,20,1,2026-01-06T01:20:05.578458,ok
833836,0003203-76.2017.8.16.0058,20,1,2026-01-06T01:20:05.578458,ok
833837,0003790-25.2017.8.16.0050,20,1,2026-01-06T01:20:05.578458,ok
833838,0003850-95.2017.8.16.0050,20,1,2026-01-06T01:20:05.578458,ok
833839,0003855-20.2017.8.16.0050,20,1,2026-01-06T01:20:05.578458,ok
833840,0016826-55.2017.8.16.0044,20,1,2026-01-06T01:20:05.578458,ok
833841,0016831-77.2017.8.16.0044,20,1,2026-01-06T01:20:05.578458,ok
833842,0002339-47.2017.8.16.0055,20,1,2026-01-06T01:20:05.578458,ok
833843,0000095-14.2018.8.16.0055,20,1,2026-01-06T01:20:05.578458,ok
833844,0004078-36.2017.8.16.0029,20,1,2026-01-06T01:20:05.578458,ok
833845,0018103-09.2017.8.16.0044,20,1,2026-01-06T01:20:05.578458,ok
833846,0018560-41.2017.8.16.0044,20,1,2026-01-06T01:20:05.578458,ok
833847,0018561-26.2017.8.16.0044,20,1,2026-01-06T01:20:05.578458,ok
833848,0019002-07.2017.8.16.0044,20,1,2026-01-06T01:20:05.578458,ok
833849,0001829-86.2017.8.16.0070,20,1,2026-01-06T01:20:05.578458,ok
833850,0018094-47.2017.8.16.0044,20,1,2026-01-06T01:20:05.578458,ok
833851,0018117-90.2017.8.16.0044,20,1,2026-01-06T01:20:05.578458,ok
833852,0002596-27.2017.8.16.0070,20,1,2026-01-06T01:20:05.578458,ok
833853,0009393-89.2016.8.16.0058,20,1,2026-01-06T01:20:05.578458,ok
833854,0011411-83.2016.8.16.0058,20,1,2026-01-06T01:20:05.578458,ok
833855,0011119-98.2016.8.16.0058,20,1,2026-01-06T01:20:05.578458,ok
833856,0003186-40.2017.8.16.0058,20,1,2026-01-06T01:20:05.578458,ok
833857,0001272-38.2017.8.16.0058,20,1,2026-01-06T01:20:05.578458,ok
833858,0003866-49.2017.8.16.0050,20,1,2026-01-06T01:20:05.578458,ok
833859,0021786-93.2017.8.16.0031,20,1,2026-01-06T01:20:05.578458,ok
833860,0004750-44.2016.8.16.0105,20,1,2026-01-06T01:20:05.578458,ok
833861,0004749-59.2016.8.16.0105,20,1,2026-01-06T01:20:05.578458,ok
833862,0006968-33.2017.8.16.0130,20,1,2026-01-06T01:20:05.578458,ok
833863,0013648-79.2017.8.16.0018,20,1,2026-01-06T01:20:05.578458,ok
833864,0006151-31.2017.8.16.0077,20,1,2026-01-06T01:20:05.578458,ok
833865,0038926-19.2016.8.16.0018,20,1,2026-01-06T01:20:05.578458,ok
833866,0017170-75.2017.8.16.0031,20,1,2026-01-06T01:20:05.578458,ok
833867,0019644-51.2017.8.16.0182,20,1,2026-01-06T01:20:05.578458,ok
833868,0037351-51.2017.8.16.0014,20,1,2026-01-06T01:20:05.578458,ok
833869,0033042-72.2017.8.16.0018,20,1,2026-01-06T01:20:05.578458,ok
833870,0023547-65.2017.8.16.0030,20,1,2026-01-06T01:20:05.578458,ok
833871,0018213-79.2017.8.16.0182,20,1,2026-01-06T01:20:05.578458,ok
833872,0013048-58.2017.8.16.0018,20,1,2026-01-06T01:20:05.578458,ok
833873,0000453-59.2017.8.16.0072,20,1,2026-01-06T01:20:05.578458,ok
833874,0003181-37.2017.8.16.0181,20,1,2026-01-06T01:20:05.578458,ok
833875,0002382-91.2017.8.16.0181,20,1,2026-01-06T01:20:05.578458,ok
833876,0019838-07.2017.8.16.0035,20,1,2026-01-06T01:20:05.578458,ok
833877,0002008-83.2017.8.16.0146,20,1,2026-01-06T01:20:05.578458,ok
833878,0024771-74.2017.8.16.0018,20,1,2026-01-06T01:20:05.578458,ok
833879,0005937-74.2017.8.16.0098,20,1,2026-01-06T01:20:05.578458,ok
833880,0002897-87.2017.8.16.0097,20,1,2026-01-06T01:20:05.578458,ok
833881,0027282-43.2016.8.16.0030,20,1,2026-01-06T01:20:05.578458,ok
833882,0031763-48.2017.8.16.0019,20,1,2026-01-06T01:20:05.578458,ok
833883,0017836-79.2017.8.16.0030,21,1,2026-01-06T01:20:05.578458,ok
833884,0013877-03.2017.8.16.0030,21,1,2026-01-06T01:20:05.578458,ok
833885,0002388-06.2017.8.16.0147,21,1,2026-01-06T01:20:05.578458,ok
833886,0034492-43.2017.8.16.0182,21,1,2026-01-06T01:20:05.578458,ok
833887,0001440-71.2017.8.16.0080,21,1,2026-01-06T01:20:05.578458,ok
833888,0000561-97.2017.8.16.0166,21,1,2026-01-06T01:20:05.578458,ok
833889,0003562-45.2017.8.16.0084,21,1,2026-01-06T01:20:05.578458,ok
833890,0003007-28.2017.8.16.0084,21,1,2026-01-06T01:20:05.578458,ok
833891,0002488-52.2017.8.16.0149,21,1,2026-01-06T01:20:05.578458,ok
833892,0053040-19.2017.8.16.0182,21,1,2026-01-06T01:20:05.578458,ok
833893,0000881-88.2017.8.16.0024,21,1,2026-01-06T01:20:05.578458,ok
833894,0051319-32.2017.8.16.0182,21,1,2026-01-06T01:20:05.578458,ok
833895,0001594-62.2017.8.16.0089,21,1,2026-01-06T01:20:05.578458,ok
833896,0027714-55.2017.8.16.0021,21,1,2026-01-06T01:20:05.578458,ok
833897,0025915-74.2017.8.16.0021,21,1,2026-01-06T01:20:05.578458,ok
833898,0018201-33.2017.8.16.0031,21,1,2026-01-06T01:20:05.578458,ok
833899,0019975-31.2017.8.16.0021,21,1,2026-01-06T01:20:05.578458,ok
833900,0014421-88.2017.8.16.0030,21,1,2026-01-06T01:20:05.578458,ok
833901,0031540-96.2016.8.16.0030,21,1,2026-01-06T01:20:05.578458,ok
833902,0053522-64.2017.8.16.0182,21,1,2026-01-06T01:20:05.578458,ok
833903,0032794-70.2017.8.16.0030,21,1,2026-01-06T01:20:05.578458,ok
833904,0042941-87.2017.8.16.0182,21,1,2026-01-06T01:20:05.578458,ok
833905,0001054-57.2018.8.16.0031,21,1,2026-01-06T01:20:05.578458,ok
833906,0031822-32.2017.8.16.0182,21,1,2026-01-06T01:20:05.578458,ok
833907,0007757-70.2017.8.16.0182,21,1,2026-01-06T01:20:05.578458,ok
833908,0037319-95.2017.8.16.0030,21,1,2026-01-06T01:20:05.578458,ok
833909,0000485-76.2016.8.16.0047,21,1,2026-01-06T01:20:05.578458,ok
833910,0016892-09.2017.8.16.0182,21,1,2026-01-06T01:20:05.578458,ok
833911,0000412-27.2017.8.16.0029,21,1,2026-01-06T01:20:05.578458,ok
833912,0004111-52.2017.8.16.0182,21,1,2026-01-06T01:20:05.578458,ok
833913,0039116-70.2016.8.16.0021,21,1,2026-01-06T01:20:05.578458,ok
833914,0030289-13.2015.8.16.0019,21,1,2026-01-06T01:20:05.578458,ok
833915,0007228-38.2015.8.16.0112,21,1,2026-01-06T01:20:05.578458,ok
833916,0013997-43.2017.8.16.0031,21,1,2026-01-06T01:20:05.578458,ok
833917,0000922-60.2017.8.16.0184,21,1,2026-01-06T01:20:05.578458,ok
833918,0007093-43.2017.8.16.0019,21,1,2026-01-06T01:20:05.578458,ok
833919,0000632-07.2017.8.16.0132,21,1,2026-01-06T01:20:05.578458,ok
833920,0022028-88.2017.8.16.0019,21,1,2026-01-06T01:20:05.578458,ok
833921,0025935-74.2017.8.16.0018,21,1,2026-01-06T01:20:05.578458,ok
833922,0022145-82.2017.8.16.0018,21,1,2026-01-06T01:20:05.578458,ok
833923,0011301-66.2017.8.16.0182,21,1,2026-01-06T01:20:05.578458,ok
833924,0000693-58.2016.8.16.0177,21,1,2026-01-06T01:20:05.578458,ok
833925,0023163-41.2017.8.16.0018,21,1,2026-01-06T01:20:05.578458,ok
833926,0000436-32.2017.8.16.0166,21,1,2026-01-06T01:20:05.578458,ok
833927,0002592-53.2017.8.16.0049,21,1,2026-01-06T01:20:05.578458,ok
833928,0001531-43.2017.8.16.0087,21,1,2026-01-06T01:20:05.578458,ok
833929,0002653-05.2017.8.16.0148,21,1,2026-01-06T01:20:05.578458,ok
833930,0014331-19.2017.8.16.0018,21,1,2026-01-06T01:20:05.578458,ok
833931,0005563-05.2017.8.16.0148,21,1,2026-01-06T01:20:05.578458,ok
833932,0001403-62.2016.8.16.0053,21,1,2026-01-06T01:20:05.578458,ok
833933,0020542-64.2017.8.16.0182,22,1,2026-01-06T01:20:05.578458,ok
833934,0050936-73.2017.8.16.0014,22,1,2026-01-06T01:20:05.578458,ok
833935,0004794-79.2017.8.16.0056,22,1,2026-01-06T01:20:05.578458,ok
833936,0029532-51.2017.8.16.0018,22,1,2026-01-06T01:20:05.578458,ok
833937,0021977-73.2017.8.16.0182,22,1,2026-01-06T01:20:05.578458,ok
833938,0023663-71.2017.8.16.0030,22,1,2026-01-06T01:20:05.578458,ok
833939,0013898-49.2016.8.16.0018,22,1,2026-01-06T01:20:05.578458,ok
833940,0030733-78.2017.8.16.0018,22,1,2026-01-06T01:20:05.578458,ok
833941,0000457-93.2017.8.16.0170,22,1,2026-01-06T01:20:05.578458,ok
833942,0001897-21.2017.8.16.0075,22,1,2026-01-06T01:20:05.578458,ok
833943,0002995-41.2017.8.16.0075,22,1,2026-01-06T01:20:05.578458,ok
833944,0024956-15.2017.8.16.0018,22,1,2026-01-06T01:20:05.578458,ok
833945,0029550-72.2017.8.16.0018,22,1,2026-01-06T01:20:05.578458,ok
833946,0007324-35.2017.8.16.0160,22,1,2026-01-06T01:20:05.578458,ok
833947,0001088-46.2017.8.16.0167,22,1,2026-01-06T01:20:05.578458,ok
833948,0020971-63.2016.8.16.0021,22,1,2026-01-06T01:20:05.578458,ok
833949,0001320-21.2017.8.16.0050,22,1,2026-01-06T01:20:05.578458,ok
833950,0000659-07.2018.8.16.0018,22,1,2026-01-06T01:20:05.578458,ok
833951,0003276-06.2017.8.16.0072,22,1,2026-01-06T01:20:05.578458,ok
833952,0009333-88.2017.8.16.0056,22,1,2026-01-06T01:20:05.578458,ok
833953,0001071-43.2017.8.16.0156,22,1,2026-01-06T01:20:05.578458,ok
833954,0007796-18.2017.8.16.0069,22,1,2026-01-06T01:20:05.578458,ok
833955,0026711-38.2017.8.16.0030,22,1,2026-01-06T01:20:05.578458,ok
833956,0010579-37.2017.8.16.0148,22,1,2026-01-06T01:20:05.578458,ok
833957,0035114-32.2017.8.16.0018,22,1,2026-01-06T01:20:05.578458,ok
833958,0026166-04.2017.8.16.0018,22,1,2026-01-06T01:20:05.578458,ok
833959,0006695-46.2017.8.16.0165,22,1,2026-01-06T01:20:05.578458,ok
833960,0003735-88.2016.8.16.0089,22,1,2026-01-06T01:20:05.578458,ok
833961,0005171-48.2016.8.16.0165,22,1,2026-01-06T01:20:05.578458,ok
833962,0000922-96.2017.8.16.0075,22,1,2026-01-06T01:20:05.578458,ok
833963,0071504-13.2017.8.16.0014,22,1,2026-01-06T01:20:05.578458,ok
833964,0028035-63.2017.8.16.0030,22,1,2026-01-06T01:20:05.578458,ok
833965,0026723-52.2017.8.16.0030,22,1,2026-01-06T01:20:05.578458,ok
833966,0031138-17.2017.8.16.0018,22,1,2026-01-06T01:20:05.578458,ok
833967,0022249-74.2017.8.16.0018,22,1,2026-01-06T01:20:05.578458,ok
833968,0001163-79.2017.8.16.0072,22,1,2026-01-06T01:20:05.578458,ok
833969,0035763-94.2017.8.16.0018,22,1,2026-01-06T01:20:05.578458,ok
833970,0000404-59.2017.8.16.0123,22,1,2026-01-06T01:20:05.578458,ok
833971,0001769-98.2017.8.16.0075,22,1,2026-01-06T01:20:05.578458,ok
833972,0058683-74.2017.8.16.0014,22,1,2026-01-06T01:20:05.578458,ok
833973,0000783-38.2017.8.16.0175,22,1,2026-01-06T01:20:05.578458,ok
833974,0024919-85.2017.8.16.0018,22,1,2026-01-06T01:20:05.578458,ok
833975,0010073-92.2017.8.16.0170,22,1,2026-01-06T01:20:05.578458,ok
833976,0004237-29.2017.8.16.0077,22,1,2026-01-06T01:20:05.578458,ok
833977,0004881-75.2017.8.16.0075,22,1,2026-01-06T01:20:05.578458,ok
833978,0004049-42.2017.8.16.0075,22,1,2026-01-06T01:20:05.578458,ok
833979,0000782-53.2017.8.16.0175,22,1,2026-01-06T01:20:05.578458,ok
833980,0007293-15.2017.8.16.0160,22,1,2026-01-06T01:20:05.578458,ok
833981,0022371-87.2017.8.16.0018,22,1,2026-01-06T01:20:05.578458,ok
833982,0003718-38.2017.8.16.0050,22,1,2026-01-06T01:20:05.578458,ok
833983,0007212-66.2017.8.16.0160,23,1,2026-01-06T01:20:05.578458,ok
833984,0016945-94.2017.8.16.0018,23,1,2026-01-06T01:20:05.578458,ok
833985,0022115-47.2017.8.16.0018,23,1,2026-01-06T01:20:05.578458,ok
833986,0024949-23.2017.8.16.0018,23,1,2026-01-06T01:20:05.578458,ok
833987,0027307-58.2017.8.16.0018,23,1,2026-01-06T01:20:05.578458,ok
833988,0020023-57.2017.8.16.0031,23,1,2026-01-06T01:20:05.578458,ok
833989,0001587-33.2017.8.16.0166,23,1,2026-01-06T01:20:05.578458,ok
833990,0016665-87.2017.8.16.0030,23,1,2026-01-06T01:20:05.578458,ok
833991,0007003-95.2016.8.16.0075,23,1,2026-01-06T01:20:05.578458,ok
833992,0007569-44.2016.8.16.0075,23,1,2026-01-06T01:20:05.578458,ok
833993,0004095-31.2017.8.16.0075,23,1,2026-01-06T01:20:05.578458,ok
833994,0003813-90.2017.8.16.0075,23,1,2026-01-06T01:20:05.578458,ok
833995,0018521-14.2016.8.16.0130,23,1,2026-01-06T01:20:05.578458,ok
833996,0003463-60.2017.8.16.0089,23,1,2026-01-06T01:20:05.578458,ok
833997,0002145-76.2016.8.16.0089,23,1,2026-01-06T01:20:05.578458,ok
833998,0008437-14.2015.8.16.0089,23,1,2026-01-06T01:20:05.578458,ok
833999,0004957-28.2015.8.16.0089,23,1,2026-01-06T01:20:05.578458,ok
0,N/A,35,0,2026-01-06T01:21:35.167497,ignorado
0,N/A,35,0,2026-01-06T01:21:35.167505,ignorado
0,N/A,35,0,2026-01-06T01:21:35.167518,ignorado
0,N/A,35,0,2026-01-06T01:21:35.167525,ignorado
0,N/A,35,0,2026-01-06T01:21:35.167531,ignorado
0,N/A,35,0,2026-01-06T01:21:35.167537,ignorado
0,N/A,35,0,2026-01-06T01:21:35.167544,ignorado
0,N/A,35,0,2026-01-06T01:21:35.167550,ignorado
0,N/A,35,0,2026-01-06T01:21:35.167557,ignorado
0,N/A,35,0,2026-01-06T01:21:35.167563,ignorado
0,N/A,35,0,2026-01-06T01:21:35.167571,ignorado
0,N/A,35,0,2026-01-06T01:21:35.167579,ignorado
0,N/A,35,0,2026-01-06T01:21:35.167585,ignorado
0,N/A,35,0,2026-01-06T01:21:35.167592,ignorado
0,N/A,35,0,2026-01-06T01:21:35.167598,ignorado
0,N/A,35,0,2026-01-06T01:21:35.167605,ignorado
0,N/A,35,0,2026-01-06T01:21:35.167611,ignorado
0,N/A,35,0,2026-01-06T01:21:35.167618,ignorado
0,N/A,35,0,2026-01-06T01:21:35.167624,ignorado
0,N/A,35,0,2026-01-06T01:21:35.167631,ignorado
0,N/A,35,0,2026-01-06T01:21:35.167637,ignorado
0,N/A,35,0,2026-01-06T01:21:35.167643,ignorado
0,N/A,35,0,2026-01-06T01:21:35.167650,ignorado
0,N/A,35,0,2026-01-06T01:21:35.167656,ignorado
0,N/A,35,0,2026-01-06T01:21:35.167663,ignorado
0,N/A,35,0,2026-01-06T01:21:35.167669,ignorado
0,N/A,35,0,2026-01-06T01:21:35.167676,ignorado
0,N/A,35,0,2026-01-06T01:21:35.167682,ignorado
0,N/A,35,0,2026-01-06T01:21:35.167689,ignorado
0,N/A,35,0,2026-01-06T01:21:35.167695,ignorado
0,N/A,35,0,2026-01-06T01:21:35.167702,ignorado
0,N/A,35,0,2026-01-06T01:21:35.167708,ignorado
0,N/A,35,0,2026-01-06T01:21:35.167714,ignorado
0,N/A,35,0,2026-01-06T01:21:35.167720,ignorado
0,N/A,35,0,2026-01-06T01:21:35.167727,ignorado
0,N/A,35,0,2026-01-06T01:21:35.167733,ignorado
0,N/A,35,0,2026-01-06T01:21:35.167739,ignorado
0,N/A,35,0,2026-01-06T01:21:35.167745,ignorado
0,N/A,35,0,2026-01-06T01:21:35.167752,ignorado
0,N/A,35,0,2026-01-06T01:21:35.167758,ignorado
0,N/A,35,0,2026-01-06T01:21:35.167765,ignorado
0,N/A,36,0,2026-01-06T01:21:35.714610,ignorado
0,N/A,36,0,2026-01-06T01:21:35.714652,ignorado
0,N/A,36,0,2026-01-06T01:21:35.714661,ignorado
0,N/A,36,0,2026-01-06T01:21:35.714669,ignorado
0,N/A,36,0,2026-01-06T01:21:35.714676,ignorado
0,N/A,36,0,2026-01-06T01:21:35.714683,ignorado
0,N/A,36,0,2026-01-06T01:21:35.714690,ignorado
0,N/A,36,0,2026-01-06T01:21:35.714697,ignorado
0,N/A,36,0,2026-01-06T01:21:35.714704,ignorado
0,N/A,36,0,2026-01-06T01:21:35.714711,ignorado
0,N/A,36,0,2026-01-06T01:21:35.714718,ignorado
0,N/A,36,0,2026-01-06T01:21:35.714725,ignorado
0,N/A,36,0,2026-01-06T01:21:35.714732,ignorado
0,N/A,36,0,2026-01-06T01:21:35.714739,ignorado
0,N/A,36,0,2026-01-06T01:21:35.714746,ignorado
0,N/A,36,0,2026-01-06T01:21:35.714752,ignorado
0,N/A,36,0,2026-01-06T01:21:35.714759,ignorado
0,N/A,36,0,2026-01-06T01:21:35.714766,ignorado
0,N/A,36,0,2026-01-06T01:21:35.714772,ignorado
0,N/A,36,0,2026-01-06T01:21:35.714779,ignorado
0,N/A,36,0,2026-01-06T01:21:35.714786,ignorado
0,N/A,36,0,2026-01-06T01:21:35.714793,ignorado
0,N/A,36,0,2026-01-06T01:21:35.714799,ignorado
0,N/A,36,0,2026-01-06T01:21:35.714806,ignorado
0,N/A,36,0,2026-01-06T01:21:35.714813,ignorado
0,N/A,36,0,2026-01-06T01:21:35.714819,ignorado
0,N/A,36,0,2026-01-06T01:21:35.714826,ignorado
0,N/A,36,0,2026-01-06T01:21:35.714832,ignorado
0,N/A,36,0,2026-01-06T01:21:35.714839,ignorado
0,N/A,36,0,2026-01-06T01:21:35.714846,ignorado
0,N/A,36,0,2026-01-06T01:21:35.714852,ignorado
0,N/A,36,0,2026-01-06T01:21:35.714859,ignorado
0,N/A,36,0,2026-01-06T01:21:35.714866,ignorado
0,N/A,36,0,2026-01-06T01:21:35.714872,ignorado
0,N/A,36,0,2026-01-06T01:21:35.714878,ignorado
0,N/A,36,0,2026-01-06T01:21:35.714885,ignorado
0,N/A,36,0,2026-01-06T01:21:35.714891,ignorado
0,N/A,36,0,2026-01-06T01:21:35.714897,ignorado
0,N/A,36,0,2026-01-06T01:21:35.714904,ignorado
0,N/A,36,0,2026-01-06T01:21:35.714910,ignorado
0,N/A,36,0,2026-01-06T01:21:35.714917,ignorado
0,N/A,36,0,2026-01-06T01:21:35.714923,ignorado
0,N/A,36,0,2026-01-06T01:21:35.714930,ignorado
0,N/A,36,0,2026-01-06T01:21:35.714937,ignorado
0,N/A,36,0,2026-01-06T01:21:35.714943,ignorado
0,N/A,36,0,2026-01-06T01:21:35.714949,ignorado
0,N/A,36,0,2026-01-06T01:21:35.714955,ignorado
0,N/A,36,0,2026-01-06T01:21:35.714962,ignorado
0,N/A,36,0,2026-01-06T01:21:35.714968,ignorado
0,N/A,36,0,2026-01-06T01:21:35.714974,ignorado
0,N/A,37,0,2026-01-06T01:21:44.286063,ignorado
0,N/A,37,0,2026-01-06T01:21:44.286100,ignorado
0,N/A,37,0,2026-01-06T01:21:44.286110,ignorado
0,N/A,37,0,2026-01-06T01:21:44.286118,ignorado
0,N/A,37,0,2026-01-06T01:21:44.286125,ignorado
0,N/A,37,0,2026-01-06T01:21:44.286132,ignorado
0,N/A,37,0,2026-01-06T01:21:44.286138,ignorado
0,N/A,37,0,2026-01-06T01:21:44.286144,ignorado
0,N/A,37,0,2026-01-06T01:21:44.286151,ignorado
0,N/A,37,0,2026-01-06T01:21:44.286158,ignorado
0,N/A,37,0,2026-01-06T01:21:44.286164,ignorado
0,N/A,37,0,2026-01-06T01:21:44.286171,ignorado
0,N/A,37,0,2026-01-06T01:21:44.286177,ignorado
0,N/A,37,0,2026-01-06T01:21:44.286184,ignorado
0,N/A,37,0,2026-01-06T01:21:44.286191,ignorado
0,N/A,37,0,2026-01-06T01:21:44.286197,ignorado
0,N/A,37,0,2026-01-06T01:21:44.286204,ignorado
0,N/A,37,0,2026-01-06T01:21:44.286210,ignorado
0,N/A,37,0,2026-01-06T01:21:44.286217,ignorado
0,N/A,37,0,2026-01-06T01:21:44.286223,ignorado
0,N/A,37,0,2026-01-06T01:21:44.286230,ignorado
0,N/A,37,0,2026-01-06T01:21:44.286236,ignorado
0,N/A,37,0,2026-01-06T01:21:44.286242,ignorado
0,N/A,37,0,2026-01-06T01:21:44.286249,ignorado
0,N/A,37,0,2026-01-06T01:21:44.286255,ignorado
0,N/A,37,0,2026-01-06T01:21:44.286262,ignorado
0,N/A,37,0,2026-01-06T01:21:44.286269,ignorado
0,N/A,37,0,2026-01-06T01:21:44.286275,ignorado
0,N/A,37,0,2026-01-06T01:21:44.286282,ignorado
0,N/A,37,0,2026-01-06T01:21:44.286288,ignorado
0,N/A,37,0,2026-01-06T01:21:44.286294,ignorado
0,N/A,37,0,2026-01-06T01:21:44.286301,ignorado
0,N/A,37,0,2026-01-06T01:21:44.286307,ignorado
0,N/A,37,0,2026-01-06T01:21:44.286313,ignorado
0,N/A,37,0,2026-01-06T01:21:44.286319,ignorado
0,N/A,37,0,2026-01-06T01:21:44.286325,ignorado
0,N/A,37,0,2026-01-06T01:21:44.286331,ignorado
0,N/A,37,0,2026-01-06T01:21:44.286338,ignorado
0,N/A,37,0,2026-01-06T01:21:44.286343,ignorado
0,N/A,37,0,2026-01-06T01:21:44.286350,ignorado
0,N/A,37,0,2026-01-06T01:21:44.286356,ignorado
0,N/A,37,0,2026-01-06T01:21:44.286362,ignorado
0,N/A,37,0,2026-01-06T01:21:44.286368,ignorado
0,N/A,37,0,2026-01-06T01:21:44.286374,ignorado
0,N/A,37,0,2026-01-06T01:21:44.286380,ignorado
0,N/A,37,0,2026-01-06T01:21:44.286386,ignorado
0,N/A,37,0,2026-01-06T01:21:44.286392,ignorado
0,N/A,37,0,2026-01-06T01:21:44.286398,ignorado
0,N/A,37,0,2026-01-06T01:21:44.286404,ignorado
0,N/A,37,0,2026-01-06T01:21:44.286410,ignorado
0,N/A,38,0,2026-01-06T01:21:44.774002,ignorado
0,N/A,38,0,2026-01-06T01:21:44.774060,ignorado
0,N/A,38,0,2026-01-06T01:21:44.774085,ignorado
0,N/A,38,0,2026-01-06T01:21:44.774103,ignorado
0,N/A,38,0,2026-01-06T01:21:44.774120,ignorado
0,N/A,38,0,2026-01-06T01:21:44.774136,ignorado
0,N/A,38,0,2026-01-06T01:21:44.774151,ignorado
0,N/A,38,0,2026-01-06T01:21:44.774166,ignorado
0,N/A,38,0,2026-01-06T01:21:44.774181,ignorado
0,N/A,38,0,2026-01-06T01:21:44.774197,ignorado
0,N/A,38,0,2026-01-06T01:21:44.774213,ignorado
0,N/A,38,0,2026-01-06T01:21:44.774229,ignorado
0,N/A,38,0,2026-01-06T01:21:44.774244,ignorado
0,N/A,38,0,2026-01-06T01:21:44.774259,ignorado
0,N/A,38,0,2026-01-06T01:21:44.774273,ignorado
0,N/A,38,0,2026-01-06T01:21:44.774288,ignorado
0,N/A,38,0,2026-01-06T01:21:44.774302,ignorado
0,N/A,38,0,2026-01-06T01:21:44.774317,ignorado
0,N/A,38,0,2026-01-06T01:21:44.774332,ignorado
0,N/A,38,0,2026-01-06T01:21:44.774346,ignorado
0,N/A,38,0,2026-01-06T01:21:44.774361,ignorado
0,N/A,38,0,2026-01-06T01:21:44.774376,ignorado
0,N/A,38,0,2026-01-06T01:21:44.774390,ignorado
0,N/A,38,0,2026-01-06T01:21:44.774405,ignorado
0,N/A,38,0,2026-01-06T01:21:44.774419,ignorado
0,N/A,38,0,2026-01-06T01:21:44.774434,ignorado
0,N/A,38,0,2026-01-06T01:21:44.774449,ignorado
0,N/A,38,0,2026-01-06T01:21:44.774464,ignorado
0,N/A,38,0,2026-01-06T01:21:44.774478,ignorado
0,N/A,38,0,2026-01-06T01:21:44.774494,ignorado
0,N/A,38,0,2026-01-06T01:21:44.774508,ignorado
0,N/A,38,0,2026-01-06T01:21:44.774519,ignorado
0,N/A,38,0,2026-01-06T01:21:44.774527,ignorado
0,N/A,38,0,2026-01-06T01:21:44.774533,ignorado
0,N/A,38,0,2026-01-06T01:21:44.774540,ignorado
0,N/A,38,0,2026-01-06T01:21:44.774546,ignorado
0,N/A,38,0,2026-01-06T01:21:44.774552,ignorado
0,N/A,38,0,2026-01-06T01:21:44.774559,ignorado
0,N/A,38,0,2026-01-06T01:21:44.774565,ignorado
0,N/A,38,0,2026-01-06T01:21:44.774571,ignorado
0,N/A,38,0,2026-01-06T01:21:44.774577,ignorado
0,N/A,38,0,2026-01-06T01:21:44.774583,ignorado
0,N/A,38,0,2026-01-06T01:21:44.774590,ignorado
0,N/A,38,0,2026-01-06T01:21:44.774596,ignorado
0,N/A,38,0,2026-01-06T01:21:44.774603,ignorado
0,N/A,38,0,2026-01-06T01:21:44.774609,ignorado
0,N/A,38,0,2026-01-06T01:21:44.774616,ignorado
0,N/A,38,0,2026-01-06T01:21:44.774622,ignorado
0,N/A,38,0,2026-01-06T01:21:44.774628,ignorado
0,N/A,38,0,2026-01-06T01:21:44.774635,ignorado
0,N/A,43,0,2026-01-06T01:21:45.087970,ignorado
0,N/A,43,0,2026-01-06T01:21:45.088017,ignorado
0,N/A,43,0,2026-01-06T01:21:45.088027,ignorado
0,N/A,43,0,2026-01-06T01:21:45.088036,ignorado
0,N/A,43,0,2026-01-06T01:21:45.088045,ignorado
0,N/A,43,0,2026-01-06T01:21:45.088052,ignorado
0,N/A,43,0,2026-01-06T01:21:45.088060,ignorado
0,N/A,43,0,2026-01-06T01:21:45.088067,ignorado
0,N/A,43,0,2026-01-06T01:21:45.088074,ignorado
0,N/A,43,0,2026-01-06T01:21:45.088081,ignorado
0,N/A,43,0,2026-01-06T01:21:45.088088,ignorado
0,N/A,43,0,2026-01-06T01:21:45.088094,ignorado
0,N/A,43,0,2026-01-06T01:21:45.088107,ignorado
0,N/A,43,0,2026-01-06T01:21:45.088115,ignorado
0,N/A,43,0,2026-01-06T01:21:45.088127,ignorado
0,N/A,43,0,2026-01-06T01:21:45.088133,ignorado
0,N/A,43,0,2026-01-06T01:21:45.088140,ignorado
0,N/A,43,0,2026-01-06T01:21:45.088147,ignorado
0,N/A,43,0,2026-01-06T01:21:45.088154,ignorado
0,N/A,43,0,2026-01-06T01:21:45.088160,ignorado
0,N/A,43,0,2026-01-06T01:21:45.088171,ignorado
0,N/A,43,0,2026-01-06T01:21:45.088178,ignorado
0,N/A,43,0,2026-01-06T01:21:45.088184,ignorado
0,N/A,43,0,2026-01-06T01:21:45.088191,ignorado
0,N/A,43,0,2026-01-06T01:21:45.088203,ignorado
0,N/A,43,0,2026-01-06T01:21:45.088209,ignorado
0,N/A,43,0,2026-01-06T01:21:45.088216,ignorado
0,N/A,43,0,2026-01-06T01:21:45.088223,ignorado
0,N/A,43,0,2026-01-06T01:21:45.088229,ignorado
0,N/A,43,0,2026-01-06T01:21:45.088236,ignorado
0,N/A,43,0,2026-01-06T01:21:45.088243,ignorado
0,N/A,43,0,2026-01-06T01:21:45.088250,ignorado
0,N/A,43,0,2026-01-06T01:21:45.088256,ignorado
0,N/A,43,0,2026-01-06T01:21:45.088263,ignorado
0,N/A,43,0,2026-01-06T01:21:45.088269,ignorado
0,N/A,43,0,2026-01-06T01:21:45.088281,ignorado
0,N/A,43,0,2026-01-06T01:21:45.088288,ignorado
0,N/A,43,0,2026-01-06T01:21:45.088295,ignorado
0,N/A,43,0,2026-01-06T01:21:45.088302,ignorado
0,N/A,43,0,2026-01-06T01:21:45.088308,ignorado
0,N/A,43,0,2026-01-06T01:21:45.088319,ignorado
0,N/A,43,0,2026-01-06T01:21:45.088325,ignorado
0,N/A,43,0,2026-01-06T01:21:45.088331,ignorado
0,N/A,41,0,2026-01-06T01:21:45.217018,ignorado
0,N/A,41,0,2026-01-06T01:21:45.217058,ignorado
0,N/A,41,0,2026-01-06T01:21:45.217068,ignorado
0,N/A,41,0,2026-01-06T01:21:45.217081,ignorado
0,N/A,41,0,2026-01-06T01:21:45.217089,ignorado
0,N/A,41,0,2026-01-06T01:21:45.217096,ignorado
0,N/A,41,0,2026-01-06T01:21:45.217103,ignorado
0,N/A,41,0,2026-01-06T01:21:45.217109,ignorado
0,N/A,41,0,2026-01-06T01:21:45.217122,ignorado
0,N/A,41,0,2026-01-06T01:21:45.217130,ignorado
0,N/A,41,0,2026-01-06T01:21:45.217138,ignorado
0,N/A,41,0,2026-01-06T01:21:45.217145,ignorado
0,N/A,41,0,2026-01-06T01:21:45.217152,ignorado
0,N/A,41,0,2026-01-06T01:21:45.217159,ignorado
0,N/A,41,0,2026-01-06T01:21:45.217166,ignorado
0,N/A,41,0,2026-01-06T01:21:45.217172,ignorado
0,N/A,41,0,2026-01-06T01:21:45.217179,ignorado
0,N/A,41,0,2026-01-06T01:21:45.217185,ignorado
0,N/A,41,0,2026-01-06T01:21:45.217192,ignorado
0,N/A,41,0,2026-01-06T01:21:45.217199,ignorado
0,N/A,41,0,2026-01-06T01:21:45.217205,ignorado
0,N/A,41,0,2026-01-06T01:21:45.217212,ignorado
0,N/A,41,0,2026-01-06T01:21:45.217219,ignorado
0,N/A,41,0,2026-01-06T01:21:45.217225,ignorado
0,N/A,41,0,2026-01-06T01:21:45.217231,ignorado
0,N/A,41,0,2026-01-06T01:21:45.217238,ignorado
0,N/A,41,0,2026-01-06T01:21:45.217244,ignorado
0,N/A,41,0,2026-01-06T01:21:45.217251,ignorado
0,N/A,41,0,2026-01-06T01:21:45.217257,ignorado
0,N/A,41,0,2026-01-06T01:21:45.217264,ignorado
0,N/A,41,0,2026-01-06T01:21:45.217271,ignorado
0,N/A,41,0,2026-01-06T01:21:45.217277,ignorado
0,N/A,41,0,2026-01-06T01:21:45.217283,ignorado
0,N/A,41,0,2026-01-06T01:21:45.217290,ignorado
0,N/A,41,0,2026-01-06T01:21:45.217296,ignorado
0,N/A,41,0,2026-01-06T01:21:45.217302,ignorado
0,N/A,41,0,2026-01-06T01:21:45.217308,ignorado
0,N/A,41,0,2026-01-06T01:21:45.217315,ignorado
0,N/A,41,0,2026-01-06T01:21:45.217321,ignorado
0,N/A,41,0,2026-01-06T01:21:45.217328,ignorado
0,N/A,41,0,2026-01-06T01:21:45.217334,ignorado
0,N/A,41,0,2026-01-06T01:21:45.217340,ignorado
0,N/A,41,0,2026-01-06T01:21:45.217346,ignorado
0,N/A,41,0,2026-01-06T01:21:45.217352,ignorado
0,N/A,41,0,2026-01-06T01:21:45.217358,ignorado
0,N/A,41,0,2026-01-06T01:21:45.217364,ignorado
0,N/A,41,0,2026-01-06T01:21:45.217369,ignorado
0,N/A,41,0,2026-01-06T01:21:45.217375,ignorado
0,N/A,42,0,2026-01-06T01:21:55.696695,ignorado
0,N/A,42,0,2026-01-06T01:21:55.696736,ignorado
0,N/A,42,0,2026-01-06T01:21:55.696747,ignorado
0,N/A,42,0,2026-01-06T01:21:55.696754,ignorado
0,N/A,42,0,2026-01-06T01:21:55.696763,ignorado
0,N/A,42,0,2026-01-06T01:21:55.696775,ignorado
0,N/A,42,0,2026-01-06T01:21:55.696789,ignorado
0,N/A,42,0,2026-01-06T01:21:55.696802,ignorado
0,N/A,42,0,2026-01-06T01:21:55.696816,ignorado
0,N/A,42,0,2026-01-06T01:21:55.696830,ignorado
0,N/A,42,0,2026-01-06T01:21:55.696843,ignorado
0,N/A,42,0,2026-01-06T01:21:55.696851,ignorado
0,N/A,42,0,2026-01-06T01:21:55.696858,ignorado
0,N/A,42,0,2026-01-06T01:21:55.696864,ignorado
0,N/A,42,0,2026-01-06T01:21:55.696870,ignorado
0,N/A,42,0,2026-01-06T01:21:55.696876,ignorado
0,N/A,42,0,2026-01-06T01:21:55.696882,ignorado
0,N/A,42,0,2026-01-06T01:21:55.696888,ignorado
0,N/A,42,0,2026-01-06T01:21:55.696894,ignorado
0,N/A,42,0,2026-01-06T01:21:55.696900,ignorado
0,N/A,42,0,2026-01-06T01:21:55.696906,ignorado
0,N/A,42,0,2026-01-06T01:21:55.696912,ignorado
0,N/A,42,0,2026-01-06T01:21:55.696918,ignorado
0,N/A,42,0,2026-01-06T01:21:55.696924,ignorado
0,N/A,42,0,2026-01-06T01:21:55.696930,ignorado
0,N/A,42,0,2026-01-06T01:21:55.696936,ignorado
0,N/A,42,0,2026-01-06T01:21:55.696942,ignorado
0,N/A,42,0,2026-01-06T01:21:55.696948,ignorado
0,N/A,42,0,2026-01-06T01:21:55.696953,ignorado
0,N/A,42,0,2026-01-06T01:21:55.696959,ignorado
0,N/A,42,0,2026-01-06T01:21:55.696965,ignorado
0,N/A,42,0,2026-01-06T01:21:55.696971,ignorado
0,N/A,42,0,2026-01-06T01:21:55.696979,ignorado
0,N/A,42,0,2026-01-06T01:21:55.696985,ignorado
0,N/A,42,0,2026-01-06T01:21:55.696991,ignorado
0,N/A,42,0,2026-01-06T01:21:55.696997,ignorado
0,N/A,42,0,2026-01-06T01:21:55.697003,ignorado
0,N/A,42,0,2026-01-06T01:21:55.697009,ignorado
0,N/A,42,0,2026-01-06T01:21:55.697015,ignorado
0,N/A,42,0,2026-01-06T01:21:55.697020,ignorado
0,N/A,42,0,2026-01-06T01:21:55.697026,ignorado
0,N/A,42,0,2026-01-06T01:21:55.697032,ignorado
0,N/A,42,0,2026-01-06T01:21:55.697038,ignorado
0,N/A,42,0,2026-01-06T01:21:55.697043,ignorado
0,N/A,42,0,2026-01-06T01:21:55.697049,ignorado
0,N/A,42,0,2026-01-06T01:21:55.697055,ignorado
0,N/A,42,0,2026-01-06T01:21:55.697060,ignorado
0,N/A,42,0,2026-01-06T01:21:55.697066,ignorado
0,N/A,42,0,2026-01-06T01:21:55.697072,ignorado
0,N/A,42,0,2026-01-06T01:21:55.697077,ignorado
0,N/A,44,0,2026-01-06T01:22:26.652294,ignorado
0,N/A,44,0,2026-01-06T01:22:26.652334,ignorado
0,N/A,44,0,2026-01-06T01:22:26.652344,ignorado
0,N/A,44,0,2026-01-06T01:22:26.652351,ignorado
0,N/A,44,0,2026-01-06T01:22:26.652358,ignorado
0,N/A,44,0,2026-01-06T01:22:26.652366,ignorado
0,N/A,44,0,2026-01-06T01:22:26.652372,ignorado
0,N/A,44,0,2026-01-06T01:22:26.652379,ignorado
0,N/A,44,0,2026-01-06T01:22:26.652386,ignorado
0,N/A,44,0,2026-01-06T01:22:26.652393,ignorado
0,N/A,44,0,2026-01-06T01:22:26.652399,ignorado
0,N/A,44,0,2026-01-06T01:22:26.652406,ignorado
0,N/A,44,0,2026-01-06T01:22:26.652412,ignorado
0,N/A,44,0,2026-01-06T01:22:26.652419,ignorado
0,N/A,44,0,2026-01-06T01:22:26.652431,ignorado
0,N/A,44,0,2026-01-06T01:22:26.652442,ignorado
0,N/A,44,0,2026-01-06T01:22:26.652448,ignorado
0,N/A,44,0,2026-01-06T01:22:26.652455,ignorado
0,N/A,44,0,2026-01-06T01:22:26.652462,ignorado
0,N/A,44,0,2026-01-06T01:22:26.652473,ignorado
0,N/A,44,0,2026-01-06T01:22:26.652479,ignorado
0,N/A,44,0,2026-01-06T01:22:26.652486,ignorado
0,N/A,44,0,2026-01-06T01:22:26.652492,ignorado
0,N/A,44,0,2026-01-06T01:22:26.652499,ignorado
0,N/A,44,0,2026-01-06T01:22:26.652505,ignorado
0,N/A,44,0,2026-01-06T01:22:26.652512,ignorado
0,N/A,44,0,2026-01-06T01:22:26.652518,ignorado
0,N/A,44,0,2026-01-06T01:22:26.652525,ignorado
0,N/A,44,0,2026-01-06T01:22:26.652532,ignorado
0,N/A,44,0,2026-01-06T01:22:26.652538,ignorado
0,N/A,44,0,2026-01-06T01:22:26.652545,ignorado
0,N/A,44,0,2026-01-06T01:22:26.652551,ignorado
0,N/A,44,0,2026-01-06T01:22:26.652558,ignorado
0,N/A,44,0,2026-01-06T01:22:26.652564,ignorado
0,N/A,44,0,2026-01-06T01:22:26.652574,ignorado
0,N/A,44,0,2026-01-06T01:22:26.652581,ignorado
0,N/A,44,0,2026-01-06T01:22:26.652587,ignorado
0,N/A,44,0,2026-01-06T01:22:26.652593,ignorado
0,N/A,44,0,2026-01-06T01:22:26.652606,ignorado
0,N/A,44,0,2026-01-06T01:22:26.652613,ignorado
0,N/A,44,0,2026-01-06T01:22:26.652619,ignorado
0,N/A,44,0,2026-01-06T01:22:26.652625,ignorado
0,N/A,44,0,2026-01-06T01:22:26.652631,ignorado
0,N/A,44,0,2026-01-06T01:22:26.652637,ignorado
0,N/A,45,0,2026-01-06T01:23:15.744416,ignorado
0,N/A,45,0,2026-01-06T01:23:15.744455,ignorado
0,N/A,45,0,2026-01-06T01:23:15.744465,ignorado
0,N/A,45,0,2026-01-06T01:23:15.744472,ignorado
0,N/A,45,0,2026-01-06T01:23:15.744480,ignorado
0,N/A,45,0,2026-01-06T01:23:15.744486,ignorado
0,N/A,45,0,2026-01-06T01:23:15.744493,ignorado
0,N/A,45,0,2026-01-06T01:23:15.744500,ignorado
0,N/A,45,0,2026-01-06T01:23:15.744506,ignorado
0,N/A,45,0,2026-01-06T01:23:15.744513,ignorado
0,N/A,45,0,2026-01-06T01:23:15.744520,ignorado
0,N/A,45,0,2026-01-06T01:23:15.744527,ignorado
0,N/A,45,0,2026-01-06T01:23:15.744534,ignorado
0,N/A,45,0,2026-01-06T01:23:15.744540,ignorado
0,N/A,45,0,2026-01-06T01:23:15.744547,ignorado
0,N/A,45,0,2026-01-06T01:23:15.744554,ignorado
0,N/A,45,0,2026-01-06T01:23:15.744565,ignorado
0,N/A,45,0,2026-01-06T01:23:15.744572,ignorado
0,N/A,45,0,2026-01-06T01:23:15.744579,ignorado
0,N/A,45,0,2026-01-06T01:23:15.744586,ignorado
0,N/A,45,0,2026-01-06T01:23:15.744593,ignorado
0,N/A,45,0,2026-01-06T01:23:15.744599,ignorado
0,N/A,45,0,2026-01-06T01:23:15.744605,ignorado
0,N/A,45,0,2026-01-06T01:23:15.744611,ignorado
0,N/A,45,0,2026-01-06T01:23:15.744618,ignorado
0,N/A,45,0,2026-01-06T01:23:15.744624,ignorado
0,N/A,45,0,2026-01-06T01:23:15.744630,ignorado
0,N/A,45,0,2026-01-06T01:23:15.744637,ignorado
0,N/A,45,0,2026-01-06T01:23:15.744643,ignorado
0,N/A,45,0,2026-01-06T01:23:15.744650,ignorado
0,N/A,45,0,2026-01-06T01:23:15.744656,ignorado
0,N/A,45,0,2026-01-06T01:23:15.744662,ignorado
0,N/A,45,0,2026-01-06T01:23:15.744668,ignorado
0,N/A,45,0,2026-01-06T01:23:15.744678,ignorado
0,N/A,45,0,2026-01-06T01:23:15.744683,ignorado
0,N/A,45,0,2026-01-06T01:23:15.744704,ignorado
0,N/A,45,0,2026-01-06T01:23:15.744708,ignorado
0,N/A,45,0,2026-01-06T01:23:15.744712,ignorado
0,N/A,45,0,2026-01-06T01:23:15.744716,ignorado
0,N/A,45,0,2026-01-06T01:23:15.744720,ignorado
0,N/A,45,0,2026-01-06T01:23:15.744724,ignorado
0,N/A,45,0,2026-01-06T01:23:15.744728,ignorado
0,N/A,45,0,2026-01-06T01:23:15.744733,ignorado
0,1578975-6,46,0,2026-01-06T01:24:05.830404,ignorado
0,1746518-8,46,0,2026-01-06T01:24:05.830449,ignorado
0,N/A,46,0,2026-01-06T01:24:05.830453,ignorado
834000,0007684-65.2016.8.16.0075,23,2,2026-01-06T01:27:26.296212,ok
834001,0007799-86.2016.8.16.0075,23,2,2026-01-06T01:27:26.296212,ok
834002,0014907-98.2016.8.16.0130,23,2,2026-01-06T01:27:26.296212,ok
834003,0001264-02.2016.8.16.0089,23,2,2026-01-06T01:27:26.296212,ok
834004,0001506-84.2017.8.16.0166,23,2,2026-01-06T01:27:26.296212,ok
834005,0000333-07.2017.8.16.0075,23,2,2026-01-06T01:27:26.296212,ok
834006,0001847-92.2017.8.16.0075,23,2,2026-01-06T01:27:26.296212,ok
834007,0007574-66.2016.8.16.0075,23,2,2026-01-06T01:27:26.296212,ok
834008,0001229-44.2017.8.16.0077,23,2,2026-01-06T01:27:26.296212,ok
834009,0001387-88.2017.8.16.0113,23,2,2026-01-06T01:27:26.296212,ok
834010,0021775-37.2016.8.16.0019,23,2,2026-01-06T01:27:26.296212,ok
834011,0010584-17.2016.8.16.0044,23,2,2026-01-06T01:27:26.296212,ok
834012,0013999-13.2017.8.16.0031,23,2,2026-01-06T01:27:26.296212,ok
834013,0015766-86.2017.8.16.0031,23,2,2026-01-06T01:27:26.296212,ok
834014,0000641-97.2017.8.16.0154,23,2,2026-01-06T01:27:26.296212,ok
834015,0002766-12.2017.8.16.0098,23,2,2026-01-06T01:27:26.296212,ok
834016,0001641-93.2017.8.16.0167,23,2,2026-01-06T01:27:26.296212,ok
834017,0036669-96.2017.8.16.0014,23,2,2026-01-06T01:27:26.296212,ok
834018,0034987-09.2017.8.16.0014,23,2,2026-01-06T01:27:26.296212,ok
834019,0054527-43.2017.8.16.0014,23,2,2026-01-06T01:27:26.296212,ok
834020,0027629-71.2017.8.16.0182,23,2,2026-01-06T01:27:26.296212,ok
834021,0001290-64.2017.8.16.0121,23,2,2026-01-06T01:27:26.296212,ok
834022,0000912-11.2017.8.16.0121,23,2,2026-01-06T01:27:26.296212,ok
834023,0019493-81.2016.8.16.0130,23,2,2026-01-06T01:27:26.296212,ok
834024,0030217-58.2017.8.16.0018,23,2,2026-01-06T01:27:26.296212,ok
834025,0001313-49.2017.8.16.0108,23,2,2026-01-06T01:27:26.296212,ok
834026,0010417-08.2017.8.16.0030,23,2,2026-01-06T01:27:26.296212,ok
834027,0002231-53.2017.8.16.0108,23,2,2026-01-06T01:27:26.296212,ok
834028,0009968-38.2017.8.16.0034,23,2,2026-01-06T01:27:26.296212,ok
834029,0012724-20.2017.8.16.0034,23,2,2026-01-06T01:27:26.296212,ok
834030,0012332-80.2017.8.16.0034,23,2,2026-01-06T01:27:26.296212,ok
834031,0028328-62.2017.8.16.0182,23,2,2026-01-06T01:27:26.296212,ok
834032,0023251-79.2017.8.16.0018,23,2,2026-01-06T01:27:26.296212,ok
834033,0012741-56.2017.8.16.0034,24,2,2026-01-06T01:27:26.296212,ok
834034,0006244-63.2016.8.16.0130,24,2,2026-01-06T01:27:26.296212,ok
834035,0012916-50.2017.8.16.0034,24,2,2026-01-06T01:27:26.296212,ok
834036,0024170-68.2017.8.16.0018,24,2,2026-01-06T01:27:26.296212,ok
834037,0025190-87.2017.8.16.0182,24,2,2026-01-06T01:27:26.296212,ok
834038,0027250-33.2017.8.16.0182,24,2,2026-01-06T01:27:26.296212,ok
834039,0003091-48.2016.8.16.0089,24,2,2026-01-06T01:27:26.296212,ok
834040,0003066-21.2017.8.16.0050,24,2,2026-01-06T01:27:26.296212,ok
834041,0000698-27.2017.8.16.0151,24,2,2026-01-06T01:27:26.296212,ok
834042,0031778-20.2017.8.16.0018,24,2,2026-01-06T01:27:26.296212,ok
834043,0022668-31.2016.8.16.0018,24,2,2026-01-06T01:27:26.296212,ok
834044,0002996-81.2017.8.16.0089,24,2,2026-01-06T01:27:26.296212,ok
834045,0024821-03.2017.8.16.0018,24,2,2026-01-06T01:27:26.296212,ok
834046,0001546-26.2017.8.16.0050,24,2,2026-01-06T01:27:26.296212,ok
834047,0000954-79.2017.8.16.0050,24,2,2026-01-06T01:27:26.296212,ok
834048,0045406-88.2017.8.16.0014,24,2,2026-01-06T01:27:26.296212,ok
834049,0003094-68.2017.8.16.0056,24,2,2026-01-06T01:27:26.296212,ok
834050,0003745-58.2017.8.16.0167,24,2,2026-01-06T01:27:26.296212,ok
834051,0004242-72.2017.8.16.0167,24,2,2026-01-06T01:27:26.296212,ok
834052,0031899-12.2017.8.16.0030,24,2,2026-01-06T01:27:26.296212,ok
834053,0000956-80.2017.8.16.0072,24,2,2026-01-06T01:27:26.296212,ok
834054,0022092-04.2017.8.16.0018,24,2,2026-01-06T01:27:26.296212,ok
834055,0000747-41.2017.8.16.0160,24,2,2026-01-06T01:27:26.296212,ok
834056,0007273-24.2017.8.16.0160,24,2,2026-01-06T01:27:26.296212,ok
834057,0003621-25.2017.8.16.0119,24,2,2026-01-06T01:27:26.296212,ok
834058,0000826-72.2017.8.16.0175,24,2,2026-01-06T01:27:26.296212,ok
834059,0027140-34.2017.8.16.0182,24,2,2026-01-06T01:27:26.296212,ok
834060,0001845-92.2015.8.16.0140,24,2,2026-01-06T01:27:26.296212,ok
834061,0019492-96.2016.8.16.0130,24,2,2026-01-06T01:27:26.296212,ok
834062,0001642-78.2017.8.16.0167,24,2,2026-01-06T01:27:26.296212,ok
834063,0001509-26.2017.8.16.0041,24,2,2026-01-06T01:27:26.296212,ok
834064,0010331-69.2016.8.16.0160,24,2,2026-01-06T01:27:26.296212,ok
834065,0031524-45.2016.8.16.0030,24,2,2026-01-06T01:27:26.296212,ok
834066,0029416-43.2016.8.16.0030,24,2,2026-01-06T01:27:26.296212,ok
834067,0011472-21.2017.8.16.0021,24,2,2026-01-06T01:27:26.296212,ok
834068,0031924-54.2017.8.16.0182,24,2,2026-01-06T01:27:26.296212,ok
834069,0016356-05.2017.8.16.0018,24,2,2026-01-06T01:27:26.296212,ok
834070,0016358-72.2017.8.16.0018,24,2,2026-01-06T01:27:26.296212,ok
834071,0016825-12.2017.8.16.0031,24,2,2026-01-06T01:27:26.296212,ok
834072,0018963-49.2017.8.16.0031,24,2,2026-01-06T01:27:26.296212,ok
834073,0027654-84.2017.8.16.0182,24,2,2026-01-06T01:27:26.296212,ok
834074,0028922-76.2017.8.16.0182,24,2,2026-01-06T01:27:26.296212,ok
834075,0001085-94.2017.8.16.0166,24,2,2026-01-06T01:27:26.296212,ok
834076,0002572-76.2017.8.16.0109,24,2,2026-01-06T01:27:26.296212,ok
834077,0032743-92.2017.8.16.0019,24,2,2026-01-06T01:27:26.296212,ok
834078,0016073-40.2017.8.16.0031,24,2,2026-01-06T01:27:26.296212,ok
834079,0017412-34.2017.8.16.0031,24,2,2026-01-06T01:27:26.296212,ok
834080,0010994-85.2016.8.16.0170,24,2,2026-01-06T01:27:26.296212,ok
834081,0001093-88.2017.8.16.0128,24,2,2026-01-06T01:27:26.296212,ok
834082,0016896-14.2017.8.16.0031,24,2,2026-01-06T01:27:26.296212,ok
834083,0001505-50.2017.8.16.0150,30,2,2026-01-06T01:27:26.296212,ok
834084,0007664-68.2017.8.16.0098,30,2,2026-01-06T01:27:26.296212,ok
834085,0032043-78.2018.8.16.0182,30,2,2026-01-06T01:27:26.296212,ok
834086,0013894-05.2018.8.16.0030,30,2,2026-01-06T01:27:26.296212,ok
834087,0001737-28.2018.8.16.0150,30,2,2026-01-06T01:27:26.296212,ok
834088,0002164-85.2018.8.16.0130,30,2,2026-01-06T01:27:26.296212,ok
834089,0039961-55.2018.8.16.0014,30,2,2026-01-06T01:27:26.296212,ok
834090,0003043-80.2016.8.16.0189,30,2,2026-01-06T01:27:26.296212,ok
834091,0003117-86.2017.8.16.0129,30,2,2026-01-06T01:27:26.296212,ok
834092,0003155-39.2017.8.16.0084,30,2,2026-01-06T01:27:26.296212,ok
834093,0001426-12.2016.8.16.0181,30,2,2026-01-06T01:27:26.296212,ok
834094,0002670-65.2018.8.16.0064,30,2,2026-01-06T01:27:26.296212,ok
834095,0022905-51.2018.8.16.0000,30,2,2026-01-06T01:27:26.296212,ok
834096,0000091-36.2015.8.16.0037,30,2,2026-01-06T01:27:26.296212,ok
834097,0025608-52.2018.8.16.0000,30,2,2026-01-06T01:27:26.296212,ok
834098,0034309-02.2018.8.16.0000,30,2,2026-01-06T01:27:26.296212,ok
834099,0048835-71.2018.8.16.0000,30,2,2026-01-06T01:27:26.296212,ok
834100,0054719-81.2018.8.16.0000,30,2,2026-01-06T01:27:26.296212,ok
834101,0054748-34.2018.8.16.0000,30,2,2026-01-06T01:27:26.296212,ok
834102,0051793-30.2018.8.16.0000,30,2,2026-01-06T01:27:26.296212,ok
834103,0051908-51.2018.8.16.0000,30,2,2026-01-06T01:27:26.296212,ok
834104,0026813-19.2018.8.16.0000,30,2,2026-01-06T01:27:26.296212,ok
834105,0050859-72.2018.8.16.0000,30,2,2026-01-06T01:27:26.296212,ok
834106,0018218-82.2015.8.16.0017,30,2,2026-01-06T01:27:26.296212,ok
834107,0048635-64.2018.8.16.0000,30,2,2026-01-06T01:27:26.296212,ok
834108,0049167-38.2018.8.16.0000,30,2,2026-01-06T01:27:26.296212,ok
834109,0005077-08.2018.8.16.9000,30,2,2026-01-06T01:27:26.296212,ok
834110,0004952-40.2018.8.16.9000,30,2,2026-01-06T01:27:26.296212,ok
834111,0006568-28.2017.8.16.0030,30,2,2026-01-06T01:27:26.296212,ok
834112,0022181-20.2017.8.16.0182,30,2,2026-01-06T01:27:26.296212,ok
834113,0002572-02.2017.8.16.0069,30,2,2026-01-06T01:27:26.296212,ok
834114,0006966-57.2017.8.16.0035,30,2,2026-01-06T01:27:26.296212,ok
834115,0039754-15.2016.8.16.0018,30,2,2026-01-06T01:27:26.296212,ok
834116,0000795-35.2017.8.16.0019,30,2,2026-01-06T01:27:26.296212,ok
834117,0009157-26.2017.8.16.0019,30,2,2026-01-06T01:27:26.296212,ok
834118,0022747-73.2017.8.16.0018,30,2,2026-01-06T01:27:26.296212,ok
834119,0013705-54.2016.8.16.0173,30,2,2026-01-06T01:27:26.296212,ok
834120,0014237-35.2017.8.16.0030,30,2,2026-01-06T01:27:26.296212,ok
834121,0008801-44.2016.8.16.0026,30,2,2026-01-06T01:27:26.296212,ok
834122,0008900-65.2017.8.16.0030,30,2,2026-01-06T01:27:26.296212,ok
834123,0002195-70.2017.8.16.0153,30,2,2026-01-06T01:27:26.296212,ok
834124,0003020-71.2017.8.16.0134,30,2,2026-01-06T01:27:26.296212,ok
834125,0022439-30.2017.8.16.0182,30,2,2026-01-06T01:27:26.296212,ok
834126,0018480-49.2017.8.16.0021,30,2,2026-01-06T01:27:26.296212,ok
834127,0003505-95.2016.8.16.0105,30,2,2026-01-06T01:27:26.296212,ok
834128,0004604-54.2017.8.16.0109,30,2,2026-01-06T01:27:26.296212,ok
834129,0003081-80.2017.8.16.0117,30,2,2026-01-06T01:27:26.296212,ok
834130,0001564-54.2017.8.16.0080,30,2,2026-01-06T01:27:26.296212,ok
834131,0005798-25.2017.8.16.0098,30,2,2026-01-06T01:27:26.296212,ok
834132,0002764-42.2017.8.16.0098,30,2,2026-01-06T01:27:26.296212,ok
834133,0001748-17.2017.8.16.0110,25,2,2026-01-06T01:27:26.296212,ok
834134,0016154-86.2017.8.16.0031,25,2,2026-01-06T01:27:26.296212,ok
834135,0005525-12.2017.8.16.0077,25,2,2026-01-06T01:27:26.296212,ok
834136,0018698-47.2017.8.16.0031,25,2,2026-01-06T01:27:26.296212,ok
834137,0031504-56.2017.8.16.0018,25,2,2026-01-06T01:27:26.296212,ok
834138,0002244-27.2017.8.16.0181,25,2,2026-01-06T01:27:26.296212,ok
834139,0002785-87.2017.8.16.0075,25,2,2026-01-06T01:27:26.296212,ok
834140,0003268-48.2017.8.16.0098,25,2,2026-01-06T01:27:26.296212,ok
834141,0003583-40.2016.8.16.0089,25,2,2026-01-06T01:27:26.296212,ok
834142,0019792-18.2017.8.16.0035,25,2,2026-01-06T01:27:26.296212,ok
834143,0004982-44.2017.8.16.0130,25,2,2026-01-06T01:27:26.296212,ok
834144,0011237-24.2017.8.16.0031,25,2,2026-01-06T01:27:26.296212,ok
834145,0023767-90.2017.8.16.0021,25,2,2026-01-06T01:27:26.296212,ok
834146,0036682-95.2017.8.16.0014,25,2,2026-01-06T01:27:26.296212,ok
834147,0004977-22.2017.8.16.0130,25,2,2026-01-06T01:27:26.296212,ok
834148,0004985-96.2017.8.16.0130,25,2,2026-01-06T01:27:26.296212,ok
834149,0016637-19.2017.8.16.0031,25,2,2026-01-06T01:27:26.296212,ok
834150,0014684-50.2017.8.16.0021,25,2,2026-01-06T01:27:26.296212,ok
834151,0001273-74.2017.8.16.0041,25,2,2026-01-06T01:27:26.296212,ok
834152,0010278-47.2017.8.16.0130,25,2,2026-01-06T01:27:26.296212,ok
834153,0011005-80.2017.8.16.0170,25,2,2026-01-06T01:27:26.296212,ok
834154,0063898-31.2017.8.16.0014,25,2,2026-01-06T01:27:26.296212,ok
834155,0003706-55.2017.8.16.0072,25,2,2026-01-06T01:27:26.296212,ok
834156,0003380-64.2017.8.16.0050,25,2,2026-01-06T01:27:26.296212,ok
834157,0012119-77.2017.8.16.0130,25,2,2026-01-06T01:27:26.296212,ok
834158,0031761-74.2017.8.16.0182,25,2,2026-01-06T01:27:26.296212,ok
834159,0009238-91.2017.8.16.0045,25,2,2026-01-06T01:27:26.296212,ok
834160,0007148-58.2017.8.16.0030,25,2,2026-01-06T01:27:26.296212,ok
834161,0034839-74.2017.8.16.0021,25,2,2026-01-06T01:27:26.296212,ok
834162,0011296-06.2017.8.16.0130,25,2,2026-01-06T01:27:26.296212,ok
834163,0005326-79.2017.8.16.0112,25,2,2026-01-06T01:27:26.296212,ok
834164,0005380-87.2017.8.16.0098,25,2,2026-01-06T01:27:26.296212,ok
834165,0002967-90.2017.8.16.0134,25,2,2026-01-06T01:27:26.296212,ok
834166,0002458-08.2017.8.16.0055,25,2,2026-01-06T01:27:26.296212,ok
834167,0020314-57.2017.8.16.0031,25,2,2026-01-06T01:27:26.296212,ok
834168,0007933-11.2017.8.16.0130,25,2,2026-01-06T01:27:26.296212,ok
834169,0002804-13.2017.8.16.0134,25,2,2026-01-06T01:27:26.296212,ok
834170,0034238-68.2017.8.16.0021,25,2,2026-01-06T01:27:26.296212,ok
834171,0000651-71.2017.8.16.0048,25,2,2026-01-06T01:27:26.296212,ok
834172,0011791-27.2017.8.16.0170,25,2,2026-01-06T01:27:26.296212,ok
834173,0017728-47.2017.8.16.0031,25,2,2026-01-06T01:27:26.296212,ok
834174,0004872-16.2017.8.16.0075,25,2,2026-01-06T01:27:26.296212,ok
834175,0024566-42.2017.8.16.0019,25,2,2026-01-06T01:27:26.296212,ok
834176,0003989-29.2017.8.16.0153,25,2,2026-01-06T01:27:26.296212,ok
834177,0025518-15.2017.8.16.0021,25,2,2026-01-06T01:27:26.296212,ok
834178,0000904-96.2017.8.16.0068,25,2,2026-01-06T01:27:26.296212,ok
834179,0009903-74.2017.8.16.0056,25,2,2026-01-06T01:27:26.296212,ok
834180,0004958-16.2017.8.16.0130,25,2,2026-01-06T01:27:26.296212,ok
834181,0015185-71.2017.8.16.0031,25,2,2026-01-06T01:27:26.296212,ok
834182,0003673-21.2017.8.16.0119,25,2,2026-01-06T01:27:26.296212,ok
834183,0005586-86.2017.8.16.0103,29,2,2026-01-06T01:27:26.296212,ok
834184,0005587-71.2017.8.16.0103,29,2,2026-01-06T01:27:26.296212,ok
834185,0005588-56.2017.8.16.0103,29,2,2026-01-06T01:27:26.296212,ok
834186,0004019-82.2017.8.16.0050,29,2,2026-01-06T01:27:26.296212,ok
834187,0004866-92.2017.8.16.0112,29,2,2026-01-06T01:27:26.296212,ok
834188,0004259-25.2017.8.16.0130,29,2,2026-01-06T01:27:26.296212,ok
834189,0004956-58.2017.8.16.0029,29,2,2026-01-06T01:27:26.296212,ok
834190,0004704-55.2017.8.16.0029,29,2,2026-01-06T01:27:26.296212,ok
834191,0049057-12.2017.8.16.0182,29,2,2026-01-06T01:27:26.296212,ok
834192,0025025-93.2017.8.16.0035,29,2,2026-01-06T01:27:26.296212,ok
834193,0001557-21.2017.8.16.0029,29,2,2026-01-06T01:27:26.296212,ok
834194,0000566-73.2018.8.16.0170,29,2,2026-01-06T01:27:26.296212,ok
834195,0055148-21.2017.8.16.0182,29,2,2026-01-06T01:27:26.296212,ok
834196,0002398-29.2017.8.16.0154,29,2,2026-01-06T01:27:26.296212,ok
834197,0002037-56.2018.8.16.0031,29,2,2026-01-06T01:27:26.296212,ok
834198,0003473-27.2017.8.16.0050,29,2,2026-01-06T01:27:26.296212,ok
834199,0005754-09.2018.8.16.0021,29,2,2026-01-06T01:27:26.296212,ok
834200,0000527-76.2018.8.16.0170,29,2,2026-01-06T01:27:26.296212,ok
834201,0084461-46.2017.8.16.0014,29,2,2026-01-06T01:27:26.296212,ok
834202,0015723-46.2017.8.16.0130,29,2,2026-01-06T01:27:26.296212,ok
834203,0000195-11.2018.8.16.0041,29,2,2026-01-06T01:27:26.296212,ok
834204,0000923-65.2018.8.16.0069,29,2,2026-01-06T01:27:26.296212,ok
834205,0001965-80.2017.8.16.0071,29,2,2026-01-06T01:27:26.296212,ok
834206,0036359-71.2017.8.16.0182,29,2,2026-01-06T01:27:26.296212,ok
834207,0011595-06.2016.8.16.0069,29,2,2026-01-06T01:27:26.296212,ok
834208,0005943-97.2015.8.16.0083,29,2,2026-01-06T01:27:26.296212,ok
834209,0013124-69.2015.8.16.0045,29,2,2026-01-06T01:27:26.296212,ok
834210,0016605-40.2015.8.16.0045,29,2,2026-01-06T01:27:26.296212,ok
834211,0027896-09.2018.8.16.0182,29,2,2026-01-06T01:27:26.296212,ok
834212,0004959-32.2018.8.16.9000,29,2,2026-01-06T01:27:26.296212,ok
834213,0032445-62.2018.8.16.0182,29,2,2026-01-06T01:27:26.296212,ok
834214,0001996-47.2018.8.16.0045,29,2,2026-01-06T01:27:26.296212,ok
834215,0005730-06.2018.8.16.0045,29,2,2026-01-06T01:27:26.296212,ok
834216,0001152-97.2018.8.16.0045,29,2,2026-01-06T01:27:26.296212,ok
834217,0005474-70.2018.8.16.0075,29,2,2026-01-06T01:27:26.296212,ok
834218,0033458-18.2018.8.16.0014,29,2,2026-01-06T01:27:26.296212,ok
834219,0001255-55.2016.8.16.0181,29,2,2026-01-06T01:27:26.296212,ok
834220,0001681-67.2016.8.16.0181,29,2,2026-01-06T01:27:26.296212,ok
834221,0002481-04.2015.8.16.0061,29,2,2026-01-06T01:27:26.296212,ok
834222,0005100-51.2018.8.16.9000,29,2,2026-01-06T01:27:26.296212,ok
834223,0013760-71.2015.8.16.0130,29,2,2026-01-06T01:27:26.296212,ok
834224,0000964-10.2015.8.16.0175,29,2,2026-01-06T01:27:26.296212,ok
834225,0001167-17.2016.8.16.0181,29,2,2026-01-06T01:27:26.296212,ok
834226,0005015-65.2018.8.16.9000,29,2,2026-01-06T01:27:26.296212,ok
834227,0005091-89.2018.8.16.9000,29,2,2026-01-06T01:27:26.296212,ok
834228,0005094-44.2018.8.16.9000,29,2,2026-01-06T01:27:26.296212,ok
834229,0005081-45.2018.8.16.9000,29,2,2026-01-06T01:27:26.296212,ok
834230,0005216-48.2016.8.16.0037,29,2,2026-01-06T01:27:26.296212,ok
834231,0000852-39.2017.8.16.0153,29,2,2026-01-06T01:27:26.296212,ok
834232,0013961-57.2017.8.16.0174,29,2,2026-01-06T01:27:26.296212,ok
834233,0003269-20.2017.8.16.0167,26,2,2026-01-06T01:27:26.296212,ok
834234,0001274-08.2017.8.16.0058,26,2,2026-01-06T01:27:26.296212,ok
834235,0064256-93.2017.8.16.0014,26,2,2026-01-06T01:27:26.296212,ok
834236,0010354-15.2016.8.16.0160,26,2,2026-01-06T01:27:26.296212,ok
834237,0021255-07.2017.8.16.0031,26,2,2026-01-06T01:27:26.296212,ok
834238,0020333-63.2017.8.16.0031,26,2,2026-01-06T01:27:26.296212,ok
834239,0001304-98.2017.8.16.0072,26,2,2026-01-06T01:27:26.296212,ok
834240,0009211-47.2017.8.16.0130,26,2,2026-01-06T01:27:26.296212,ok
834241,0004763-31.2017.8.16.0130,26,2,2026-01-06T01:27:26.296212,ok
834242,0004955-61.2017.8.16.0130,26,2,2026-01-06T01:27:26.296212,ok
834243,0004956-46.2017.8.16.0130,26,2,2026-01-06T01:27:26.296212,ok
834244,0001513-73.2017.8.16.0167,26,2,2026-01-06T01:27:26.296212,ok
834245,0001708-19.2017.8.16.0180,26,2,2026-01-06T01:27:26.296212,ok
834246,0003581-93.2017.8.16.0167,26,2,2026-01-06T01:27:26.296212,ok
834247,0002172-66.2017.8.16.0043,26,2,2026-01-06T01:27:26.296212,ok
834248,0000059-37.2018.8.16.0098,26,2,2026-01-06T01:27:26.296212,ok
834249,0000060-22.2018.8.16.0098,26,2,2026-01-06T01:27:26.296212,ok
834250,0000875-30.2017.8.16.0041,26,2,2026-01-06T01:27:26.296212,ok
834251,0001934-53.2017.8.16.0041,26,2,2026-01-06T01:27:26.296212,ok
834252,0016823-03.2017.8.16.0044,26,2,2026-01-06T01:27:26.296212,ok
834253,0013685-28.2017.8.16.0044,26,2,2026-01-06T01:27:26.296212,ok
834254,0001107-42.2017.8.16.0041,26,2,2026-01-06T01:27:26.296212,ok
834255,0003338-48.2017.8.16.0039,26,2,2026-01-06T01:27:26.296212,ok
834256,0003228-49.2017.8.16.0039,26,2,2026-01-06T01:27:26.296212,ok
834257,0001493-72.2017.8.16.0041,26,2,2026-01-06T01:27:26.296212,ok
834258,0016070-16.2016.8.16.0130,26,2,2026-01-06T01:27:26.296212,ok
834259,0034168-53.2017.8.16.0182,26,2,2026-01-06T01:27:26.296212,ok
834260,0021660-73.2017.8.16.0021,26,2,2026-01-06T01:27:26.296212,ok
834261,0002151-88.2017.8.16.0173,26,2,2026-01-06T01:27:26.296212,ok
834262,0000649-04.2017.8.16.0048,26,2,2026-01-06T01:27:26.296212,ok
834263,0001190-58.2017.8.16.0138,26,2,2026-01-06T01:27:26.296212,ok
834264,0031603-26.2017.8.16.0018,26,2,2026-01-06T01:27:26.296212,ok
834265,0069813-61.2017.8.16.0014,26,2,2026-01-06T01:27:26.296212,ok
834266,0008531-26.2017.8.16.0045,26,2,2026-01-06T01:27:26.296212,ok
834267,0037205-86.2017.8.16.0021,26,2,2026-01-06T01:27:26.296212,ok
834268,0037223-10.2017.8.16.0021,26,2,2026-01-06T01:27:26.296212,ok
834269,0034264-66.2017.8.16.0021,26,2,2026-01-06T01:27:26.296212,ok
834270,0003515-76.2017.8.16.0050,26,2,2026-01-06T01:27:26.296212,ok
834271,0003983-22.2017.8.16.0153,26,2,2026-01-06T01:27:26.296212,ok
834272,0020296-36.2017.8.16.0031,26,2,2026-01-06T01:27:26.296212,ok
834273,0018219-54.2017.8.16.0031,26,2,2026-01-06T01:27:26.296212,ok
834274,0001590-85.2017.8.16.0166,26,2,2026-01-06T01:27:26.296212,ok
834275,0022062-27.2017.8.16.0031,26,2,2026-01-06T01:27:26.296212,ok
834276,0010429-13.2017.8.16.0130,26,2,2026-01-06T01:27:26.296212,ok
834277,0002461-60.2017.8.16.0055,26,2,2026-01-06T01:27:26.296212,ok
834278,0052898-15.2017.8.16.0182,26,2,2026-01-06T01:27:26.296212,ok
834279,0016815-65.2017.8.16.0031,26,2,2026-01-06T01:27:26.296212,ok
834280,0038319-62.2017.8.16.0182,26,2,2026-01-06T01:27:26.296212,ok
834281,0002799-54.2017.8.16.0113,26,2,2026-01-06T01:27:26.296212,ok
834282,0036378-77.2017.8.16.0182,26,2,2026-01-06T01:27:26.296212,ok
834283,0040781-89.2017.8.16.0182,27,2,2026-01-06T01:27:26.296212,ok
834284,0014517-94.2017.8.16.0130,27,2,2026-01-06T01:27:26.296212,ok
834285,0013242-13.2017.8.16.0130,27,2,2026-01-06T01:27:26.296212,ok
834286,0002519-63.2017.8.16.0055,27,2,2026-01-06T01:27:26.296212,ok
834287,0036300-83.2017.8.16.0182,27,2,2026-01-06T01:27:26.296212,ok
834288,0003536-32.2017.8.16.0089,27,2,2026-01-06T01:27:26.296212,ok
834289,0071626-26.2017.8.16.0014,27,2,2026-01-06T01:27:26.296212,ok
834290,0014033-79.2017.8.16.0130,27,2,2026-01-06T01:27:26.296212,ok
834291,0010864-84.2017.8.16.0130,27,2,2026-01-06T01:27:26.296212,ok
834292,0012218-47.2017.8.16.0130,27,2,2026-01-06T01:27:26.296212,ok
834293,0003941-88.2017.8.16.0050,27,2,2026-01-06T01:27:26.296212,ok
834294,0003017-72.2017.8.16.0181,27,2,2026-01-06T01:27:26.296212,ok
834295,0003779-88.2017.8.16.0181,27,2,2026-01-06T01:27:26.296212,ok
834296,0000394-34.2018.8.16.0170,27,2,2026-01-06T01:27:26.296212,ok
834297,0000567-58.2018.8.16.0170,27,2,2026-01-06T01:27:26.296212,ok
834298,0003031-98.2017.8.16.0167,27,2,2026-01-06T01:27:26.296212,ok
834299,0002325-18.2017.8.16.0167,27,2,2026-01-06T01:27:26.296212,ok
834300,0002835-33.2017.8.16.0134,27,2,2026-01-06T01:27:26.296212,ok
834301,0053909-79.2017.8.16.0182,27,2,2026-01-06T01:27:26.296212,ok
834302,0036454-04.2017.8.16.0182,27,2,2026-01-06T01:27:26.296212,ok
834303,0013259-49.2017.8.16.0130,27,2,2026-01-06T01:27:26.296212,ok
834304,0005409-63.2017.8.16.0058,27,2,2026-01-06T01:27:26.296212,ok
834305,0020298-06.2017.8.16.0031,27,2,2026-01-06T01:27:26.296212,ok
834306,0001949-79.2017.8.16.0119,27,2,2026-01-06T01:27:26.296212,ok
834307,0009999-02.2017.8.16.0182,27,2,2026-01-06T01:27:26.296212,ok
834308,0019735-48.2017.8.16.0019,27,2,2026-01-06T01:27:26.296212,ok
834309,0044809-03.2017.8.16.0182,27,2,2026-01-06T01:27:26.296212,ok
834310,0053375-38.2017.8.16.0182,27,2,2026-01-06T01:27:26.296212,ok
834311,0031658-71.2017.8.16.0019,27,2,2026-01-06T01:27:26.296212,ok
834312,0009572-92.2017.8.16.0056,27,2,2026-01-06T01:27:26.296212,ok
834313,0003553-75.2017.8.16.0119,27,2,2026-01-06T01:27:26.296212,ok
834314,0000351-84.2017.8.16.0121,27,2,2026-01-06T01:27:26.296212,ok
834315,0001442-22.2017.8.16.0151,27,2,2026-01-06T01:27:26.296212,ok
834316,0039176-11.2017.8.16.0182,27,2,2026-01-06T01:27:26.296212,ok
834317,0000321-94.2018.8.16.0127,27,2,2026-01-06T01:27:26.296212,ok
834318,0015543-27.2017.8.16.0034,27,2,2026-01-06T01:27:26.296212,ok
834319,0001751-69.2017.8.16.0110,27,2,2026-01-06T01:27:26.296212,ok
834320,0001389-13.2017.8.16.0128,27,2,2026-01-06T01:27:26.296212,ok
834321,0077348-41.2017.8.16.0014,27,2,2026-01-06T01:27:26.296212,ok
834322,0001855-81.2017.8.16.0071,27,2,2026-01-06T01:27:26.296212,ok
834323,0011771-36.2017.8.16.0170,27,2,2026-01-06T01:27:26.296212,ok
834324,0018109-16.2017.8.16.0044,27,2,2026-01-06T01:27:26.296212,ok
834325,0013068-90.2017.8.16.0069,27,2,2026-01-06T01:27:26.296212,ok
834326,0027510-66.2017.8.16.0035,27,2,2026-01-06T01:27:26.296212,ok
834327,0000094-86.2018.8.16.0036,27,2,2026-01-06T01:27:26.296212,ok
834328,0001436-15.2017.8.16.0151,27,2,2026-01-06T01:27:26.296212,ok
834329,0044910-40.2017.8.16.0182,27,2,2026-01-06T01:27:26.296212,ok
834330,0000104-25.2018.8.16.0071,27,2,2026-01-06T01:27:26.296212,ok
834331,0001245-41.2018.8.16.0019,27,2,2026-01-06T01:27:26.296212,ok
834332,0001179-61.2018.8.16.0019,27,2,2026-01-06T01:27:26.296212,ok
834333,0002183-40.2017.8.16.0126,31,2,2026-01-06T01:27:26.296212,ok
834334,0007134-54.2017.8.16.0069,31,2,2026-01-06T01:27:26.296212,ok
834335,0016722-08.2017.8.16.0030,31,2,2026-01-06T01:27:26.296212,ok
834336,0017819-40.2017.8.16.0031,31,2,2026-01-06T01:27:26.296212,ok
834337,0000497-75.2017.8.16.0073,31,2,2026-01-06T01:27:26.296212,ok
834338,0024177-60.2017.8.16.0018,31,2,2026-01-06T01:27:26.296212,ok
834339,0024799-42.2017.8.16.0018,31,2,2026-01-06T01:27:26.296212,ok
834340,0003122-49.2017.8.16.0181,31,2,2026-01-06T01:27:26.296212,ok
834341,0006639-48.2017.8.16.0024,31,2,2026-01-06T01:27:26.296212,ok
834342,0003193-97.2017.8.16.0101,31,2,2026-01-06T01:27:26.296212,ok
834343,0004552-92.2017.8.16.0130,31,2,2026-01-06T01:27:26.296212,ok
834344,0067563-55.2017.8.16.0014,31,2,2026-01-06T01:27:26.296212,ok
834345,0025240-14.2017.8.16.0021,31,2,2026-01-06T01:27:26.296212,ok
834346,0002251-33.2017.8.16.0047,31,2,2026-01-06T01:27:26.296212,ok
834347,0002580-45.2017.8.16.0047,31,2,2026-01-06T01:27:26.296212,ok
834348,0004094-46.2017.8.16.0075,31,2,2026-01-06T01:27:26.296212,ok
834349,0007364-15.2016.8.16.0075,31,2,2026-01-06T01:27:26.296212,ok
834350,0000656-42.2017.8.16.0162,31,2,2026-01-06T01:27:26.296212,ok
834351,0017884-63.2016.8.16.0130,31,2,2026-01-06T01:27:26.296212,ok
834352,0003955-28.2017.8.16.0097,31,2,2026-01-06T01:27:26.296212,ok
834353,0002813-72.2017.8.16.0134,31,2,2026-01-06T01:27:26.296212,ok
834354,0002662-09.2017.8.16.0134,31,2,2026-01-06T01:27:26.296212,ok
834355,0001559-76.2017.8.16.0130,31,2,2026-01-06T01:27:26.296212,ok
834356,0013230-44.2017.8.16.0018,31,2,2026-01-06T01:27:26.296212,ok
834357,0030128-35.2017.8.16.0018,31,2,2026-01-06T01:27:26.296212,ok
834358,0003506-02.2018.8.16.9000,31,2,2026-01-06T01:27:26.296212,ok
834359,0017518-28.2017.8.16.0182,31,2,2026-01-06T01:27:26.296212,ok
834360,0003335-38.2017.8.16.0025,31,2,2026-01-06T01:27:26.296212,ok
834361,0001943-84.2017.8.16.0018,31,2,2026-01-06T01:27:26.296212,ok
834362,0004586-31.2017.8.16.0045,31,2,2026-01-06T01:27:26.296212,ok
834363,0008524-18.2017.8.16.0018,31,2,2026-01-06T01:27:26.296212,ok
834364,0006680-79.2017.8.16.0035,31,2,2026-01-06T01:27:26.296212,ok
834365,0000665-43.2017.8.16.0052,31,2,2026-01-06T01:27:26.296212,ok
834366,0019468-68.2016.8.16.0130,31,2,2026-01-06T01:27:26.296212,ok
834367,0002178-47.2017.8.16.0181,31,2,2026-01-06T01:27:26.296212,ok
834368,0005421-56.2016.8.16.0044,31,2,2026-01-06T01:27:26.296212,ok
834369,0003249-45.2017.8.16.0097,31,2,2026-01-06T01:27:26.296212,ok
834370,0003248-60.2017.8.16.0097,31,2,2026-01-06T01:27:26.296212,ok
834371,0003244-23.2017.8.16.0097,31,2,2026-01-06T01:27:26.296212,ok
834372,0010516-66.2017.8.16.0130,31,2,2026-01-06T01:27:26.296212,ok
834373,0010514-96.2017.8.16.0130,31,2,2026-01-06T01:27:26.296212,ok
834374,0031816-25.2017.8.16.0182,31,2,2026-01-06T01:27:26.296212,ok
834375,0005818-22.2016.8.16.0075,31,2,2026-01-06T01:27:26.296212,ok
834376,0013240-43.2017.8.16.0130,31,2,2026-01-06T01:27:26.296212,ok
834377,0008961-35.2017.8.16.0026,31,2,2026-01-06T01:27:26.296212,ok
834378,0002141-25.2017.8.16.0050,31,2,2026-01-06T01:27:26.296212,ok
834379,0016057-17.2016.8.16.0130,31,2,2026-01-06T01:27:26.296212,ok
834380,0017560-73.2016.8.16.0130,31,2,2026-01-06T01:27:26.296212,ok
834381,0002577-90.2017.8.16.0047,31,2,2026-01-06T01:27:26.296212,ok
834382,0015709-10.2017.8.16.0018,31,2,2026-01-06T01:27:26.296212,ok
834383,0000445-80.2017.8.16.0105,32,2,2026-01-06T01:27:26.296212,ok
834384,0000492-54.2017.8.16.0105,32,2,2026-01-06T01:27:26.296212,ok
834385,0027944-06.2017.8.16.0019,32,2,2026-01-06T01:27:26.296212,ok
834386,0003262-44.2017.8.16.0097,32,2,2026-01-06T01:27:26.296212,ok
834387,0018132-29.2016.8.16.0130,32,2,2026-01-06T01:27:26.296212,ok
834388,0001944-50.2017.8.16.0089,32,2,2026-01-06T01:27:26.296212,ok
834389,0005269-96.2017.8.16.0165,32,2,2026-01-06T01:27:26.296212,ok
834390,0018130-59.2016.8.16.0130,32,2,2026-01-06T01:27:26.296212,ok
834391,0000548-13.2017.8.16.0162,32,2,2026-01-06T01:27:26.296212,ok
834392,0027956-23.2017.8.16.0018,32,2,2026-01-06T01:27:26.296212,ok
834393,0001062-56.2017.8.16.0132,32,2,2026-01-06T01:27:26.296212,ok
834394,0018432-88.2016.8.16.0130,32,2,2026-01-06T01:27:26.296212,ok
834395,0004599-78.2016.8.16.0105,32,2,2026-01-06T01:27:26.296212,ok
834396,0001162-18.2017.8.16.0162,32,2,2026-01-06T01:27:26.296212,ok
834397,0005974-32.2017.8.16.0024,32,2,2026-01-06T01:27:26.296212,ok
834398,0031035-10.2017.8.16.0018,32,2,2026-01-06T01:27:26.296212,ok
834399,0002322-25.2017.8.16.0018,32,2,2026-01-06T01:27:26.296212,ok
834400,0002920-19.2017.8.16.0134,32,2,2026-01-06T01:27:26.296212,ok
834401,0002677-75.2017.8.16.0134,32,2,2026-01-06T01:27:26.296212,ok
834402,0013249-05.2017.8.16.0130,32,2,2026-01-06T01:27:26.296212,ok
834403,0002688-07.2017.8.16.0134,32,2,2026-01-06T01:27:26.296212,ok
834404,0003180-96.2017.8.16.0134,32,2,2026-01-06T01:27:26.296212,ok
834405,0019587-29.2016.8.16.0130,32,2,2026-01-06T01:27:26.296212,ok
834406,0004594-56.2016.8.16.0105,32,2,2026-01-06T01:27:26.296212,ok
834407,0007645-64.2016.8.16.0044,32,2,2026-01-06T01:27:26.296212,ok
834408,0028410-37.2016.8.16.0018,32,2,2026-01-06T01:27:26.296212,ok
834409,0014449-85.2017.8.16.0182,32,2,2026-01-06T01:27:26.296212,ok
834410,0001428-18.2016.8.16.0169,32,2,2026-01-06T01:27:26.296212,ok
834411,0005249-54.2017.8.16.0182,32,2,2026-01-06T01:27:26.296212,ok
834412,0010719-85.2017.8.16.0014,32,2,2026-01-06T01:27:26.296212,ok
834413,0031330-47.2017.8.16.0018,32,2,2026-01-06T01:27:26.296212,ok
834414,0000019-19.2017.8.16.0089,32,2,2026-01-06T01:27:26.296212,ok
834415,0010499-30.2017.8.16.0130,32,2,2026-01-06T01:27:26.296212,ok
834416,0010068-93.2017.8.16.0130,32,2,2026-01-06T01:27:26.296212,ok
834417,0014751-76.2017.8.16.0130,32,2,2026-01-06T01:27:26.296212,ok
834418,0001289-77.2017.8.16.0154,32,2,2026-01-06T01:27:26.296212,ok
834419,0005061-51.2017.8.16.0056,32,2,2026-01-06T01:27:26.296212,ok
834420,0012214-10.2017.8.16.0130,32,2,2026-01-06T01:27:26.296212,ok
834421,0009561-63.2017.8.16.0056,32,2,2026-01-06T01:27:26.296212,ok
834422,0010144-48.2017.8.16.0056,32,2,2026-01-06T01:27:26.296212,ok
834423,0005073-37.2017.8.16.0130,32,2,2026-01-06T01:27:26.296212,ok
834424,0014163-69.2017.8.16.0130,32,2,2026-01-06T01:27:26.296212,ok
834425,0012068-66.2017.8.16.0130,32,2,2026-01-06T01:27:26.296212,ok
834426,0013729-69.2017.8.16.0069,32,2,2026-01-06T01:27:26.296212,ok
834427,0015914-28.2016.8.16.0130,32,2,2026-01-06T01:27:26.296212,ok
834428,0009461-11.2017.8.16.0056,32,2,2026-01-06T01:27:26.296212,ok
834429,0001562-32.2017.8.16.0162,32,2,2026-01-06T01:27:26.296212,ok
834430,0012099-86.2017.8.16.0130,32,2,2026-01-06T01:27:26.296212,ok
834431,0004895-88.2017.8.16.0130,32,2,2026-01-06T01:27:26.296212,ok
834432,0003473-78.2017.8.16.0130,32,2,2026-01-06T01:27:26.296212,ok
834433,0002128-29.2017.8.16.0146,35,2,2026-01-06T01:27:26.296212,ok
834434,0025733-20.2018.8.16.0000,35,2,2026-01-06T01:27:26.296212,ok
834435,0007678-15.2010.8.16.0028,35,2,2026-01-06T01:27:26.296212,ok
834436,0023155-04.2016.8.16.0017,35,2,2026-01-06T01:27:26.296212,ok
834437,0011907-29.2015.8.16.0194,35,2,2026-01-06T01:27:26.296212,ok
834438,0033793-79.2018.8.16.0000,35,2,2026-01-06T01:27:26.296212,ok
834439,0008416-94.2014.8.16.0017,35,2,2026-01-06T01:27:26.296212,ok
834440,0031846-89.2015.8.16.0001,35,2,2026-01-06T01:27:26.296212,ok
834441,0003024-90.2015.8.16.0001,35,2,2026-01-06T01:27:26.296212,ok
834442,0001552-85.2017.8.16.0162,33,2,2026-01-06T01:27:26.296212,ok
834443,0001549-33.2017.8.16.0162,33,2,2026-01-06T01:27:26.296212,ok
834444,0010043-69.2017.8.16.0069,33,2,2026-01-06T01:27:26.296212,ok
834445,0013246-50.2017.8.16.0130,33,2,2026-01-06T01:27:26.296212,ok
834446,0013247-35.2017.8.16.0130,33,2,2026-01-06T01:27:26.296212,ok
834447,0012116-25.2017.8.16.0130,33,2,2026-01-06T01:27:26.296212,ok
834448,0011674-59.2017.8.16.0130,33,2,2026-01-06T01:27:26.296212,ok
834449,0009519-90.2017.8.16.0160,33,2,2026-01-06T01:27:26.296212,ok
834450,0007407-33.2017.8.16.0069,33,2,2026-01-06T01:27:26.296212,ok
834451,0013677-21.2016.8.16.0130,33,2,2026-01-06T01:27:26.296212,ok
834452,0016052-06.2017.8.16.0018,33,2,2026-01-06T01:27:26.296212,ok
834453,0012115-40.2017.8.16.0130,33,2,2026-01-06T01:27:26.296212,ok
834454,0010517-51.2017.8.16.0130,33,2,2026-01-06T01:27:26.296212,ok
834455,0003954-43.2017.8.16.0097,33,2,2026-01-06T01:27:26.296212,ok
834456,0000042-14.2017.8.16.0105,33,2,2026-01-06T01:27:26.296212,ok
834457,0000080-26.2017.8.16.0105,33,2,2026-01-06T01:27:26.296212,ok
834458,0003197-93.2017.8.16.0147,33,2,2026-01-06T01:27:26.296212,ok
834459,0009510-13.2017.8.16.0069,33,2,2026-01-06T01:27:26.296212,ok
834460,0015307-78.2017.8.16.0130,33,2,2026-01-06T01:27:26.296212,ok
834461,0015754-03.2016.8.16.0130,33,2,2026-01-06T01:27:26.296212,ok
834462,0004734-90.2016.8.16.0105,33,2,2026-01-06T01:27:26.296212,ok
834463,0007107-71.2017.8.16.0069,33,2,2026-01-06T01:27:26.296212,ok
834464,0014706-61.2017.8.16.0069,33,2,2026-01-06T01:27:26.296212,ok
834465,0014486-74.2017.8.16.0130,33,2,2026-01-06T01:27:26.296212,ok
834466,0015755-85.2016.8.16.0130,33,2,2026-01-06T01:27:26.296212,ok
834467,0006330-22.2016.8.16.0037,33,2,2026-01-06T01:27:26.296212,ok
834468,0019774-12.2017.8.16.0030,33,2,2026-01-06T01:27:26.296212,ok
834469,0013192-44.2017.8.16.0014,33,2,2026-01-06T01:27:26.296212,ok
834470,0016555-24.2017.8.16.0019,33,2,2026-01-06T01:27:26.296212,ok
834471,0002925-41.2017.8.16.0134,33,2,2026-01-06T01:27:26.296212,ok
834472,0002896-88.2017.8.16.0134,33,2,2026-01-06T01:27:26.296212,ok
834473,0002708-95.2017.8.16.0134,33,2,2026-01-06T01:27:26.296212,ok
834474,0012070-36.2017.8.16.0130,33,2,2026-01-06T01:27:26.296212,ok
834475,0004760-76.2017.8.16.0130,33,2,2026-01-06T01:27:26.296212,ok
834476,0004863-83.2017.8.16.0130,33,2,2026-01-06T01:27:26.296212,ok
834477,0009882-98.2017.8.16.0056,33,2,2026-01-06T01:27:26.296212,ok
834478,0003524-89.2017.8.16.0130,33,2,2026-01-06T01:27:26.296212,ok
834479,0015188-58.2017.8.16.0182,33,2,2026-01-06T01:27:26.296212,ok
834480,0002127-66.2016.8.16.0053,33,2,2026-01-06T01:27:26.296212,ok
834481,0014555-09.2017.8.16.0130,33,2,2026-01-06T01:27:26.296212,ok
834482,0001532-94.2017.8.16.0162,33,2,2026-01-06T01:27:26.296212,ok
834483,0014519-64.2017.8.16.0130,33,2,2026-01-06T01:27:26.296212,ok
834484,0019668-75.2016.8.16.0130,33,2,2026-01-06T01:27:26.296212,ok
834485,0014553-39.2017.8.16.0130,33,2,2026-01-06T01:27:26.296212,ok
834486,0010324-36.2017.8.16.0130,33,2,2026-01-06T01:27:26.296212,ok
834487,0009919-28.2017.8.16.0056,33,2,2026-01-06T01:27:26.296212,ok
834488,0002832-78.2017.8.16.0134,33,2,2026-01-06T01:27:26.296212,ok
834489,0008935-16.2017.8.16.0130,33,2,2026-01-06T01:27:26.296212,ok
834490,0027510-13.2017.8.16.0182,33,2,2026-01-06T01:27:26.296212,ok
834491,0040455-32.2017.8.16.0182,33,2,2026-01-06T01:27:26.296212,ok
834492,0019457-39.2016.8.16.0130,34,2,2026-01-06T01:27:26.296212,ok
834493,0009480-86.2017.8.16.0130,34,2,2026-01-06T01:27:26.296212,ok
834494,0038055-45.2017.8.16.0182,34,2,2026-01-06T01:27:26.296212,ok
834495,0012090-27.2017.8.16.0130,34,2,2026-01-06T01:27:26.296212,ok
834496,0012080-80.2017.8.16.0130,34,2,2026-01-06T01:27:26.296212,ok
834497,0010325-21.2017.8.16.0130,34,2,2026-01-06T01:27:26.296212,ok
834498,0014025-05.2017.8.16.0130,34,2,2026-01-06T01:27:26.296212,ok
834499,0009485-39.2017.8.16.0056,34,2,2026-01-06T01:27:26.296212,ok
834500,0002837-03.2017.8.16.0134,34,2,2026-01-06T01:27:26.296212,ok
834501,0058886-17.2017.8.16.0182,34,2,2026-01-06T01:27:26.296212,ok
834502,0044576-06.2017.8.16.0182,34,2,2026-01-06T01:27:26.296212,ok
834503,0003814-30.2017.8.16.0187,34,2,2026-01-06T01:27:26.296212,ok
834504,0044555-30.2017.8.16.0182,34,2,2026-01-06T01:27:26.296212,ok
834505,0045191-93.2017.8.16.0182,34,2,2026-01-06T01:27:26.296212,ok
834506,0043526-42.2017.8.16.0182,34,2,2026-01-06T01:27:26.296212,ok
834507,0050714-86.2017.8.16.0182,34,2,2026-01-06T01:27:26.296212,ok
834508,0045489-85.2017.8.16.0182,34,2,2026-01-06T01:27:26.296212,ok
834509,0057960-36.2017.8.16.0182,34,2,2026-01-06T01:27:26.296212,ok
834510,0003501-45.2017.8.16.0195,34,2,2026-01-06T01:27:26.296212,ok
834511,0058874-03.2017.8.16.0182,34,2,2026-01-06T01:27:26.296212,ok
834512,0077611-73.2017.8.16.0014,34,2,2026-01-06T01:27:26.296212,ok
834513,0003522-33.2017.8.16.0191,34,2,2026-01-06T01:27:26.296212,ok
834514,0022163-58.2011.8.16.0004,34,2,2026-01-06T01:27:26.296212,ok
834515,0001099-54.2012.8.16.0069,34,2,2026-01-06T01:27:26.296212,ok
834516,0003530-48.2014.8.16.0083,34,2,2026-01-06T01:27:26.296212,ok
834517,0007181-87.2007.8.16.0001,34,2,2026-01-06T01:27:26.296212,ok
834518,0031698-54.2016.8.16.0030,34,2,2026-01-06T01:27:26.296212,ok
834519,0053001-49.2018.8.16.0000,34,2,2026-01-06T01:27:26.296212,ok
834520,0053093-27.2018.8.16.0000,34,2,2026-01-06T01:27:26.296212,ok
834521,0053848-51.2018.8.16.0000,34,2,2026-01-06T01:27:26.296212,ok
834522,0054357-79.2018.8.16.0000,34,2,2026-01-06T01:27:26.296212,ok
834523,0037304-85.2018.8.16.0000,34,2,2026-01-06T01:27:26.296212,ok
834524,0046205-42.2018.8.16.0000,34,2,2026-01-06T01:27:26.296212,ok
834525,0050506-32.2018.8.16.0000,34,2,2026-01-06T01:27:26.296212,ok
834526,0052161-39.2018.8.16.0000,34,2,2026-01-06T01:27:26.296212,ok
834527,0053182-50.2018.8.16.0000,34,2,2026-01-06T01:27:26.296212,ok
834528,0051784-68.2018.8.16.0000,34,2,2026-01-06T01:27:26.296212,ok
834529,0053605-10.2018.8.16.0000,34,2,2026-01-06T01:27:26.296212,ok
834530,0026189-67.2018.8.16.0000,34,2,2026-01-06T01:27:26.296212,ok
834531,0034830-44.2018.8.16.0000,34,2,2026-01-06T01:27:26.296212,ok
834532,0054475-55.2018.8.16.0000,34,2,2026-01-06T01:27:26.296212,ok
834533,0002046-33.2013.8.16.0115,34,2,2026-01-06T01:27:26.296212,ok
834534,0079889-81.2016.8.16.0014,34,2,2026-01-06T01:27:26.296212,ok
834535,0011539-56.2011.8.16.0001,34,2,2026-01-06T01:27:26.296212,ok
834536,0001479-24.2016.8.16.0106,34,2,2026-01-06T01:27:26.296212,ok
834537,0005389-47.2015.8.16.0089,34,2,2026-01-06T01:27:26.296212,ok
834538,0001385-05.2015.8.16.0141,34,2,2026-01-06T01:27:26.296212,ok
834539,0008404-80.2014.8.16.0017,34,2,2026-01-06T01:27:26.296212,ok
834540,0003511-76.2016.8.16.0146,34,2,2026-01-06T01:27:26.296212,ok
834541,0002239-81.2015.8.16.0146,34,2,2026-01-06T01:27:26.296212,ok
834542,0008982-57.2015.8.16.0001,43,2,2026-01-06T01:27:26.296212,ok
834543,0020284-73.2017.8.16.0014,43,2,2026-01-06T01:27:26.296212,ok
834544,0036959-22.2018.8.16.0000,43,2,2026-01-06T01:27:26.296212,ok
834545,0016514-80.2018.8.16.0000,43,2,2026-01-06T01:27:26.296212,ok
834546,0017766-21.2018.8.16.0000,43,2,2026-01-06T01:27:26.296212,ok
834547,0054506-75.2018.8.16.0000,43,2,2026-01-06T01:27:26.296212,ok
834548,0010155-51.2016.8.16.0173,43,2,2026-01-06T01:27:26.296212,ok
834549,0027371-32.2011.8.16.0001,41,2,2026-01-06T01:27:26.296212,ok
834550,0022765-53.2014.8.16.0001,41,2,2026-01-06T01:27:26.296212,ok
834551,0053774-94.2018.8.16.0000,44,2,2026-01-06T01:27:26.296212,ok
834552,0036028-19.2018.8.16.0000,44,2,2026-01-06T01:27:26.296212,ok
834553,0025757-84.2014.8.16.0001,44,2,2026-01-06T01:27:26.296212,ok
834554,0001907-45.2015.8.16.0169,44,2,2026-01-06T01:27:26.296212,ok
834555,0001081-86.2003.8.16.0024,44,2,2026-01-06T01:27:26.296212,ok
834556,0001591-57.2015.8.16.0193,44,2,2026-01-06T01:27:26.296212,ok
834557,0047881-25.2018.8.16.0000,45,2,2026-01-06T01:27:26.296212,ok
834558,1734591-6,45,2,2026-01-06T01:27:26.296212,ok
834559,5000325-73.2017.8.16.0000,45,2,2026-01-06T01:27:26.296212,ok
834560,5001118-12.2017.8.16.0000,45,2,2026-01-06T01:27:26.296212,ok
834561,1731826-2,45,2,2026-01-06T01:27:26.296212,ok
834562,1479716-9,45,2,2026-01-06T01:27:26.296212,ok
834563,1746068-3,45,2,2026-01-06T01:27:26.296212,ok
834564,0054276-33.2018.8.16.0000,47,2,2026-01-06T01:27:26.296212,ok
834565,0054378-55.2018.8.16.0000,47,2,2026-01-06T01:27:26.296212,ok
834566,0037404-40.2018.8.16.0000,47,2,2026-01-06T01:27:26.296212,ok
834567,0041197-84.2018.8.16.0000,47,2,2026-01-06T01:27:26.296212,ok
834568,0046817-77.2018.8.16.0000,47,2,2026-01-06T01:27:26.296212,ok
834569,0052955-60.2018.8.16.0000,47,2,2026-01-06T01:27:26.296212,ok
834570,0054148-13.2018.8.16.0000,47,2,2026-01-06T01:27:26.296212,ok
834571,0009222-89.2011.8.16.0129,47,2,2026-01-06T01:27:26.296212,ok
834572,0054254-72.2018.8.16.0000,47,2,2026-01-06T01:27:26.296212,ok
834573,0001010-22.2014.8.16.0114,47,2,2026-01-06T01:27:26.296212,ok
834574,0015822-81.2018.8.16.0000,47,2,2026-01-06T01:27:26.296212,ok
834575,0019526-79.2017.8.16.0019,47,2,2026-01-06T01:27:26.296212,ok
834576,0018533-56.2015.8.16.0035,47,2,2026-01-06T01:27:26.296212,ok
834577,0014014-73.2017.8.16.0130,47,2,2026-01-06T01:27:26.296212,ok
834578,0052387-44.2018.8.16.0000,47,2,2026-01-06T01:27:26.296212,ok
834579,0052630-85.2018.8.16.0000,47,2,2026-01-06T01:27:26.296212,ok
834580,0047714-08.2018.8.16.0000,47,2,2026-01-06T01:27:26.296212,ok
834581,0048252-86.2018.8.16.0000,47,2,2026-01-06T01:27:26.296212,ok
834582,0051930-12.2018.8.16.0000,47,2,2026-01-06T01:27:26.296212,ok
834583,0049234-03.2018.8.16.0000,47,2,2026-01-06T01:27:26.296212,ok
834584,0049486-06.2018.8.16.0000,47,2,2026-01-06T01:27:26.296212,ok
834585,0001710-55.2011.8.16.0129,47,2,2026-01-06T01:27:26.296212,ok
834586,0054132-59.2018.8.16.0000,47,2,2026-01-06T01:27:26.296212,ok
834587,0025200-76.2010.8.16.0021,47,2,2026-01-06T01:27:26.296212,ok
834588,0062040-96.2016.8.16.0014,47,2,2026-01-06T01:27:26.296212,ok
834589,0054011-31.2018.8.16.0000,47,2,2026-01-06T01:27:26.296212,ok
834590,0054200-09.2018.8.16.0000,47,2,2026-01-06T01:27:26.296212,ok
834591,0054574-25.2018.8.16.0000,47,2,2026-01-06T01:27:26.296212,ok
834592,0022583-26.2017.8.16.0013,47,2,2026-01-06T01:27:26.296212,ok
834593,0000360-66.2016.8.16.0158,47,2,2026-01-06T01:27:26.296212,ok
834594,0030525-85.2017.8.16.0021,47,2,2026-01-06T01:27:26.296212,ok
834595,0009618-04.2017.8.16.0017,47,2,2026-01-06T01:27:26.296212,ok
834596,0001162-95.2015.8.16.0062,47,2,2026-01-06T01:27:26.296212,ok
834597,0008815-68.2016.8.16.0045,47,2,2026-01-06T01:27:26.296212,ok
834598,0000184-95.2005.8.16.0086,47,2,2026-01-06T01:27:26.296212,ok
834599,0001017-63.2018.8.16.0117,47,2,2026-01-06T01:27:26.296212,ok
834600,0048133-28.2018.8.16.0000,47,2,2026-01-06T01:27:26.296212,ok
834601,0005215-02.2012.8.16.0038,47,2,2026-01-06T01:27:26.296212,ok
834602,0001162-48.2018.8.16.9000,47,2,2026-01-06T01:27:26.296212,ok
834603,0001177-17.2018.8.16.9000,47,2,2026-01-06T01:27:26.296212,ok
834604,0001337-42.2018.8.16.9000,47,2,2026-01-06T01:27:26.296212,ok
834605,0001474-24.2018.8.16.9000,47,2,2026-01-06T01:27:26.296212,ok
834606,0001486-38.2018.8.16.9000,47,2,2026-01-06T01:27:26.296212,ok
834607,0001524-50.2018.8.16.9000,47,2,2026-01-06T01:27:26.296212,ok
834608,0001545-26.2018.8.16.9000,47,2,2026-01-06T01:27:26.296212,ok
834609,0001633-64.2018.8.16.9000,47,2,2026-01-06T01:27:26.296212,ok
834610,0001930-71.2018.8.16.9000,47,2,2026-01-06T01:27:26.296212,ok
834611,0001951-47.2018.8.16.9000,47,2,2026-01-06T01:27:26.296212,ok
834612,0001953-17.2018.8.16.9000,47,2,2026-01-06T01:27:26.296212,ok
834613,0002034-63.2018.8.16.9000,47,2,2026-01-06T01:27:26.296212,ok
834614,1578962-9,46,2,2026-01-06T01:27:26.296212,ok
834615,779668-3,46,2,2026-01-06T01:27:26.296212,ok
834616,0000003-96.2016.8.16.0090,46,2,2026-01-06T01:27:26.296212,ok
834617,0044156-28.2018.8.16.0000,46,2,2026-01-06T01:27:26.296212,ok
834618,0000515-83.1998.8.16.0034,46,2,2026-01-06T01:27:26.296212,ok
834619,0035763-49.2011.8.16.0004,46,2,2026-01-06T01:27:26.296212,ok
834620,0002683-05.2014.8.16.0129,46,2,2026-01-06T01:27:26.296212,ok
834621,0003672-02.2011.8.16.0069,46,2,2026-01-06T01:27:26.296212,ok
834622,0053206-78.2018.8.16.0000,46,2,2026-01-06T01:27:26.296212,ok
834623,0053272-58.2018.8.16.0000,46,2,2026-01-06T01:27:26.296212,ok
834624,0007649-02.2000.8.16.0129,46,2,2026-01-06T01:27:26.296212,ok
834625,0054221-82.2018.8.16.0000,46,2,2026-01-06T01:27:26.296212,ok
834626,0032249-56.2018.8.16.0000,46,2,2026-01-06T01:27:26.296212,ok
834627,0044510-45.2017.8.16.0014,46,2,2026-01-06T01:27:26.296212,ok
834628,0033140-77.2018.8.16.0000,46,2,2026-01-06T01:27:26.296212,ok
834629,0038177-85.2018.8.16.0000,46,2,2026-01-06T01:27:26.296212,ok
834630,0046045-17.2018.8.16.0000,46,2,2026-01-06T01:27:26.296212,ok
834631,0025826-80.2018.8.16.0000,46,2,2026-01-06T01:27:26.296212,ok
834632,0043072-89.2018.8.16.0000,46,2,2026-01-06T01:27:26.296212,ok
834633,0029805-42.2017.8.16.0014,46,2,2026-01-06T01:27:26.296212,ok
834634,0000444-88.2017.8.16.0075,46,2,2026-01-06T01:27:26.296212,ok
834635,0001309-39.2017.8.16.0196,46,2,2026-01-06T01:27:26.296212,ok
834636,0003180-18.2016.8.16.0139,46,2,2026-01-06T01:27:26.296212,ok
834637,0004940-18.2015.8.16.0048,46,2,2026-01-06T01:27:26.296212,ok
834638,0016018-92.2017.8.16.0030,46,2,2026-01-06T01:27:26.296212,ok
834639,0024300-44.2015.8.16.0013,46,2,2026-01-06T01:27:26.296212,ok
834640,0003246-22.2013.8.16.0165,46,2,2026-01-06T01:27:26.296212,ok
834641,0000416-97.2016.8.16.0094,46,2,2026-01-06T01:27:26.296212,ok
834642,0000569-04.2015.8.16.0115,46,2,2026-01-06T01:27:26.296212,ok
834643,0036535-55.2016.8.16.0030,46,2,2026-01-06T01:27:26.296212,ok
834644,0004536-92.2003.8.16.0013,46,2,2026-01-06T01:27:26.296212,ok
834645,0013831-33.2016.8.16.0035,46,2,2026-01-06T01:27:26.296212,ok
834646,0001616-69.2018.8.16.0030,46,2,2026-01-06T01:27:26.296212,ok
834647,0002193-81.2017.8.16.0127,46,2,2026-01-06T01:27:26.296212,ok
834648,0028026-37.2017.8.16.0019,46,2,2026-01-06T01:27:26.296212,ok
834649,0023772-15.2017.8.16.0021,46,2,2026-01-06T01:27:26.296212,ok
834650,0000259-12.2016.8.16.0196,46,2,2026-01-06T01:27:26.296212,ok
834651,0026011-16.2017.8.16.0013,46,2,2026-01-06T01:27:26.296212,ok
834652,0000790-75.2017.8.16.0063,46,2,2026-01-06T01:27:26.296212,ok
834653,0006038-97.2017.8.16.0038,46,2,2026-01-06T01:27:26.296212,ok
834654,0011171-53.2015.8.16.0083,46,2,2026-01-06T01:27:26.296212,ok
834655,0020672-81.2018.8.16.0000,46,2,2026-01-06T01:27:26.296212,ok
834656,0004550-29.2017.8.16.0064,46,2,2026-01-06T01:27:26.296212,ok
834657,0035094-61.2018.8.16.0000,46,2,2026-01-06T01:27:26.296212,ok
834658,0001537-81.2016.8.16.0088,46,2,2026-01-06T01:27:26.296212,ok
834659,0001992-51.2017.8.16.0075,46,2,2026-01-06T01:27:26.296212,ok
834660,0005055-47.2018.8.16.9000,46,2,2026-01-06T01:27:26.296212,ok
834661,0038085-10.2018.8.16.0000,49,2,2026-01-06T01:27:26.296212,ok
834662,0039252-83.2010.8.16.0019,49,2,2026-01-06T01:27:26.296212,ok
834663,0053247-45.2018.8.16.0000,49,2,2026-01-06T01:27:26.296212,ok
834664,0053323-69.2018.8.16.0000,49,2,2026-01-06T01:27:26.296212,ok
834665,0019566-23.2014.8.16.0001,49,2,2026-01-06T01:27:26.296212,ok
834666,0041086-37.2017.8.16.0000,49,2,2026-01-06T01:27:26.296212,ok
834667,0051313-52.2018.8.16.0000,49,2,2026-01-06T01:27:26.296212,ok
834668,0053809-54.2018.8.16.0000,49,2,2026-01-06T01:27:26.296212,ok
834669,0054029-52.2018.8.16.0000,49,2,2026-01-06T01:27:26.296212,ok
834670,0054063-27.2018.8.16.0000,49,2,2026-01-06T01:27:26.296212,ok
834671,0054337-88.2018.8.16.0000,49,2,2026-01-06T01:27:26.296212,ok
834672,0002268-22.2012.8.16.0087,49,2,2026-01-06T01:27:26.296212,ok
834673,0053007-56.2018.8.16.0000,49,2,2026-01-06T01:27:26.296212,ok
834674,0000004-28.2007.8.16.0145,49,2,2026-01-06T01:27:26.296212,ok
834675,0052549-39.2018.8.16.0000,49,2,2026-01-06T01:27:26.296212,ok
834676,0053189-42.2018.8.16.0000,49,2,2026-01-06T01:27:26.296212,ok
834677,0048232-95.2018.8.16.0000,49,2,2026-01-06T01:27:26.296212,ok
834678,0050673-49.2018.8.16.0000,49,2,2026-01-06T01:27:26.296212,ok
834679,0045363-54.2017.8.16.0014,49,2,2026-01-06T01:27:26.296212,ok
834680,0023466-75.2018.8.16.0000,49,2,2026-01-06T01:27:26.296212,ok
834681,0014071-88.2017.8.16.0131,49,2,2026-01-06T01:27:26.296212,ok
834682,0036840-61.2018.8.16.0000,49,2,2026-01-06T01:27:26.296212,ok
834683,0049312-94.2018.8.16.0000,49,2,2026-01-06T01:27:26.296212,ok
834684,0049726-92.2018.8.16.0000,49,2,2026-01-06T01:27:26.296212,ok
834685,0050636-22.2018.8.16.0000,49,2,2026-01-06T01:27:26.296212,ok
834686,0052191-74.2018.8.16.0000,49,2,2026-01-06T01:27:26.296212,ok
834687,0002236-82.2015.8.16.0193,49,2,2026-01-06T01:27:26.296212,ok
834688,0018505-91.2018.8.16.0000,49,2,2026-01-06T01:27:26.296212,ok
834689,0030148-46.2018.8.16.0000,49,2,2026-01-06T01:27:26.296212,ok
834690,0002878-87.2009.8.16.0024,49,2,2026-01-06T01:27:26.296212,ok
834691,0005273-81.2012.8.16.0045,49,2,2026-01-06T01:27:26.296212,ok
834692,0000205-32.1995.8.16.0083,49,2,2026-01-06T01:27:26.296212,ok
834693,0017642-25.2011.8.16.0019,49,2,2026-01-06T01:27:26.296212,ok
834694,0048327-28.2018.8.16.0000,49,2,2026-01-06T01:27:26.296212,ok
834695,0005775-58.2009.8.16.0034,49,2,2026-01-06T01:27:26.296212,ok
834696,0053493-41.2018.8.16.0000,49,2,2026-01-06T01:27:26.296212,ok
834697,0053827-75.2018.8.16.0000,49,2,2026-01-06T01:27:26.296212,ok
834698,0054175-93.2018.8.16.0000,49,2,2026-01-06T01:27:26.296212,ok
834699,0002904-67.2017.8.16.0004,49,2,2026-01-06T01:27:26.296212,ok
834700,0043027-22.2017.8.16.0000,49,2,2026-01-06T01:27:26.296212,ok
834701,0041025-45.2018.8.16.0000,49,2,2026-01-06T01:27:26.296212,ok
834702,0047115-69.2018.8.16.0000,49,2,2026-01-06T01:27:26.296212,ok
834703,0054424-44.2018.8.16.0000,49,2,2026-01-06T01:27:26.296212,ok
834704,0012535-39.2016.8.16.0014,49,2,2026-01-06T01:27:26.296212,ok
834705,0001942-42.2015.8.16.0189,49,2,2026-01-06T01:27:26.296212,ok
834706,0004737-61.2017.8.16.0153,49,2,2026-01-06T01:27:26.296212,ok
834707,0041049-15.2015.8.16.0021,49,2,2026-01-06T01:27:26.296212,ok
834708,0004168-32.2015.8.16.0088,49,2,2026-01-06T01:27:26.296212,ok
834709,0012656-37.2017.8.16.0045,49,2,2026-01-06T01:27:26.296212,ok
834710,0008844-71.2017.8.16.0017,49,2,2026-01-06T01:27:26.296212,ok
834711,0034033-48.2017.8.16.0018,51,2,2026-01-06T01:27:26.296212,ok
834712,0033084-24.2017.8.16.0018,51,2,2026-01-06T01:27:26.296212,ok
834713,0003218-65.2017.8.16.0019,51,2,2026-01-06T01:27:26.296212,ok
834714,0002671-19.2015.8.16.0076,51,2,2026-01-06T01:27:26.296212,ok
834715,0002604-61.2018.8.16.0072,51,2,2026-01-06T01:27:26.296212,ok
834716,0055919-96.2017.8.16.0182,51,2,2026-01-06T01:27:26.296212,ok
834717,0002061-52.2017.8.16.0053,51,2,2026-01-06T01:27:26.296212,ok
834718,0004742-20.2018.8.16.0098,51,2,2026-01-06T01:27:26.296212,ok
834719,0034231-63.2018.8.16.0014,51,2,2026-01-06T01:27:26.296212,ok
834720,0005063-24.2018.8.16.9000,51,2,2026-01-06T01:27:26.296212,ok
834721,0001875-88.2016.8.16.0077,51,2,2026-01-06T01:27:26.296212,ok
834722,0002384-14.2018.8.16.0153,51,2,2026-01-06T01:27:26.296212,ok
834723,0002718-10.2017.8.16.0080,51,2,2026-01-06T01:27:26.296212,ok
834724,0001789-64.2018.8.16.0072,51,2,2026-01-06T01:27:26.296212,ok
834725,0004057-13.2018.8.16.0098,51,2,2026-01-06T01:27:26.296212,ok
834726,0011317-50.2015.8.16.0130,51,2,2026-01-06T01:27:26.296212,ok
834727,0002309-95.2015.8.16.0050,51,2,2026-01-06T01:27:26.296212,ok
834728,0000252-93.2018.8.16.0052,51,2,2026-01-06T01:27:26.296212,ok
834729,0003601-32.2018.8.16.9000,51,2,2026-01-06T01:27:26.296212,ok
834730,0004201-53.2018.8.16.9000,51,2,2026-01-06T01:27:26.296212,ok
834731,0007239-35.2018.8.16.0024,51,2,2026-01-06T01:27:26.296212,ok
834732,0053288-12.2018.8.16.0000,51,2,2026-01-06T01:27:26.296212,ok
834733,0054444-35.2018.8.16.0000,51,2,2026-01-06T01:27:26.296212,ok
834734,0054467-78.2018.8.16.0000,51,2,2026-01-06T01:27:26.296212,ok
834735,0002601-70.2014.8.16.0194,51,2,2026-01-06T01:27:26.296212,ok
834736,0011601-60.2015.8.16.0194,51,2,2026-01-06T01:27:26.296212,ok
834737,0039336-89.2016.8.16.0014,51,2,2026-01-06T01:27:26.296212,ok
834738,0026118-60.2017.8.16.0013,51,2,2026-01-06T01:27:26.296212,ok
834739,0000110-35.2010.8.16.0096,51,2,2026-01-06T01:27:26.296212,ok
834740,0006177-35.2017.8.16.0075,51,2,2026-01-06T01:27:26.296212,ok
834741,0002688-89.2018.8.16.0160,51,2,2026-01-06T01:27:26.296212,ok
834742,0001993-61.2016.8.16.0175,51,2,2026-01-06T01:27:26.296212,ok
834743,0001464-97.2018.8.16.0134,51,2,2026-01-06T01:27:26.296212,ok
834744,0007164-63.2017.8.16.0013,51,2,2026-01-06T01:27:26.296212,ok
834745,0013920-54.2018.8.16.0013,51,2,2026-01-06T01:27:26.296212,ok
834746,0000295-54.2018.8.16.0044,51,2,2026-01-06T01:27:26.296212,ok
834747,0012809-09.2017.8.16.0130,51,2,2026-01-06T01:27:26.296212,ok
834748,0001873-66.2015.8.16.0138,51,2,2026-01-06T01:27:26.296212,ok
834749,0031601-76.2018.8.16.0000,51,2,2026-01-06T01:27:26.296212,ok
834750,0011302-32.2015.8.16.0017,51,2,2026-01-06T01:27:26.296212,ok
834751,0010789-46.2016.8.16.0044,51,2,2026-01-06T01:27:26.296212,ok
834752,0015030-39.2015.8.16.0031,51,2,2026-01-06T01:27:26.296212,ok
834753,0000587-30.2018.8.16.0047,51,2,2026-01-06T01:27:26.296212,ok
834754,0000231-28.2018.8.16.0114,51,2,2026-01-06T01:27:26.296212,ok
834755,0000695-21.2017.8.16.0168,51,2,2026-01-06T01:27:26.296212,ok
834756,0019131-59.2018.8.16.0017,51,2,2026-01-06T01:27:26.296212,ok
834757,0000482-39.2015.8.16.0021,51,2,2026-01-06T01:27:26.296212,ok
834758,0043972-49.2017.8.16.0019,51,2,2026-01-06T01:27:26.296212,ok
834759,0010779-65.2017.8.16.0044,51,2,2026-01-06T01:27:26.296212,ok
834760,0042036-12.2018.8.16.0000,51,2,2026-01-06T01:27:26.296212,ok
834761,0011316-98.2018.8.16.0182,82,2,2026-01-06T01:27:26.296212,ok
834762,0030913-94.2017.8.16.0018,82,2,2026-01-06T01:27:26.296212,ok
834763,0000043-19.2018.8.16.0087,82,2,2026-01-06T01:27:26.296212,ok
834764,0002412-89.2018.8.16.0182,82,2,2026-01-06T01:27:26.296212,ok
834765,0005594-64.2017.8.16.0038,82,2,2026-01-06T01:27:26.296212,ok
834766,0030505-06.2017.8.16.0018,82,2,2026-01-06T01:27:26.296212,ok
834767,0000932-83.2018.8.16.0018,82,2,2026-01-06T01:27:26.296212,ok
834768,0002993-34.2018.8.16.9000,82,2,2026-01-06T01:27:26.296212,ok
834769,0001391-79.2017.8.16.0096,82,2,2026-01-06T01:27:26.296212,ok
834770,0005398-45.2017.8.16.0119,82,2,2026-01-06T01:27:26.296212,ok
834771,0004760-87.2018.8.16.0018,82,2,2026-01-06T01:27:26.296212,ok
834772,0031161-38.2018.8.16.0014,82,2,2026-01-06T01:27:26.296212,ok
834773,0004594-78.2018.8.16.0075,82,2,2026-01-06T01:27:26.296212,ok
834774,0012456-70.2018.8.16.0182,82,2,2026-01-06T01:27:26.296212,ok
834775,0004301-11.2018.8.16.0075,82,2,2026-01-06T01:27:26.296212,ok
834776,0069602-25.2017.8.16.0014,82,2,2026-01-06T01:27:26.296212,ok
834777,0016442-44.2015.8.16.0018,82,2,2026-01-06T01:27:26.296212,ok
834778,0009099-56.2015.8.16.0160,82,2,2026-01-06T01:27:26.296212,ok
834779,0002183-45.2015.8.16.0050,82,2,2026-01-06T01:27:26.296212,ok
834780,0015754-37.2015.8.16.0130,82,2,2026-01-06T01:27:26.296212,ok
834781,0006872-34.2015.8.16.0018,82,2,2026-01-06T01:27:26.296212,ok
834782,0042941-53.2018.8.16.0182,82,2,2026-01-06T01:27:26.296212,ok
834783,0003218-28.2018.8.16.0117,82,2,2026-01-06T01:27:26.296212,ok
834784,0004017-71.2018.8.16.0117,82,2,2026-01-06T01:27:26.296212,ok
834785,0010666-19.2018.8.16.0031,82,2,2026-01-06T01:27:26.296212,ok
834786,0006409-15.2016.8.16.0097,82,2,2026-01-06T01:27:26.296212,ok
834787,0006725-28.2016.8.16.0097,82,2,2026-01-06T01:27:26.296212,ok
834788,0003534-20.2014.8.16.0040,82,2,2026-01-06T01:27:26.296212,ok
834789,0000233-31.2015.8.16.0040,82,2,2026-01-06T01:27:26.296212,ok
834790,0004316-74.2018.8.16.9000,82,2,2026-01-06T01:27:26.296212,ok
834791,0001161-23.2016.8.16.0112,82,2,2026-01-06T01:27:26.296212,ok
834792,0008070-04.2018.8.16.0018,82,2,2026-01-06T01:27:26.296212,ok
834793,0001450-73.2018.8.16.0018,82,2,2026-01-06T01:27:26.296212,ok
834794,0003571-94.2018.8.16.9000,82,2,2026-01-06T01:27:26.296212,ok
834795,0003602-17.2018.8.16.9000,82,2,2026-01-06T01:27:26.296212,ok
834796,0003576-19.2018.8.16.9000,82,2,2026-01-06T01:27:26.296212,ok
834797,0003562-35.2018.8.16.9000,82,2,2026-01-06T01:27:26.296212,ok
834798,0004229-24.2018.8.16.0075,82,2,2026-01-06T01:27:26.296212,ok
834799,0004838-07.2018.8.16.0075,82,2,2026-01-06T01:27:26.296212,ok
834800,0003701-87.2018.8.16.0075,82,2,2026-01-06T01:27:26.296212,ok
834801,0004800-92.2018.8.16.0075,82,2,2026-01-06T01:27:26.296212,ok
834802,0001369-55.2018.8.16.0041,82,2,2026-01-06T01:27:26.296212,ok
834803,0000353-38.2018.8.16.0018,82,2,2026-01-06T01:27:26.296212,ok
834804,0001053-91.2018.8.16.0057,82,2,2026-01-06T01:27:26.296212,ok
834805,0060504-94.2017.8.16.0182,82,2,2026-01-06T01:27:26.296212,ok
834806,0017701-58.2017.8.16.0130,82,2,2026-01-06T01:27:26.296212,ok
834807,0009264-39.2018.8.16.0018,82,2,2026-01-06T01:27:26.296212,ok
834808,0005675-39.2018.8.16.0018,82,2,2026-01-06T01:27:26.296212,ok
834809,0003527-75.2018.8.16.9000,82,2,2026-01-06T01:27:26.296212,ok
834810,0003545-96.2018.8.16.9000,82,2,2026-01-06T01:27:26.296212,ok
834811,0003621-23.2018.8.16.9000,85,2,2026-01-06T01:27:26.296212,ok
834812,0008984-61.2018.8.16.0182,85,2,2026-01-06T01:27:26.296212,ok
834813,0004161-71.2018.8.16.9000,85,2,2026-01-06T01:27:26.296212,ok
834814,0038160-85.2018.8.16.0182,85,2,2026-01-06T01:27:26.296212,ok
834815,0003054-63.2018.8.16.0117,85,2,2026-01-06T01:27:26.296212,ok
834816,0005379-51.2016.8.16.0191,85,2,2026-01-06T01:27:26.296212,ok
834817,0006244-36.2017.8.16.0160,85,2,2026-01-06T01:27:26.296212,ok
834818,0000517-53.2018.8.16.0163,85,2,2026-01-06T01:27:26.296212,ok
834819,0000433-18.2018.8.16.0045,85,2,2026-01-06T01:27:26.296212,ok
834820,0001307-48.2018.8.16.0127,85,2,2026-01-06T01:27:26.296212,ok
834821,0001157-91.2018.8.16.0119,85,2,2026-01-06T01:27:26.296212,ok
834822,0002865-91.2018.8.16.0018,85,2,2026-01-06T01:27:26.296212,ok
834823,0009989-24.2017.8.16.0160,85,2,2026-01-06T01:27:26.296212,ok
834824,0000937-36.2018.8.16.0041,85,2,2026-01-06T01:27:26.296212,ok
834825,0002647-28.2017.8.16.0041,85,2,2026-01-06T01:27:26.296212,ok
834826,0001713-37.2017.8.16.0052,85,2,2026-01-06T01:27:26.296212,ok
834827,0006322-27.2018.8.16.0182,85,2,2026-01-06T01:27:26.296212,ok
834828,0003423-83.2018.8.16.9000,85,2,2026-01-06T01:27:26.296212,ok
834829,0003425-53.2018.8.16.9000,85,2,2026-01-06T01:27:26.296212,ok
834830,0004810-39.2018.8.16.0075,85,2,2026-01-06T01:27:26.296212,ok
834831,0006935-54.2018.8.16.0018,85,2,2026-01-06T01:27:26.296212,ok
834832,0002125-88.2018.8.16.0130,85,2,2026-01-06T01:27:26.296212,ok
834833,0001821-89.2018.8.16.0130,85,2,2026-01-06T01:27:26.296212,ok
834834,0002667-74.2018.8.16.9000,85,2,2026-01-06T01:27:26.296212,ok
834835,0003774-08.2015.8.16.0029,85,2,2026-01-06T01:27:26.296212,ok
834836,0026821-73.2017.8.16.0018,85,2,2026-01-06T01:27:26.296212,ok
834837,0013399-85.2018.8.16.0021,85,2,2026-01-06T01:27:26.296212,ok
834838,0001159-12.2016.8.16.0061,85,2,2026-01-06T01:27:26.296212,ok
834839,0003980-70.2018.8.16.9000,85,2,2026-01-06T01:27:26.296212,ok
834840,0000826-07.2018.8.16.0056,85,2,2026-01-06T01:27:26.296212,ok
834841,0001621-91.2018.8.16.0127,85,2,2026-01-06T01:27:26.296212,ok
834842,0000307-37.2018.8.16.0119,85,2,2026-01-06T01:27:26.296212,ok
834843,0011180-04.2018.8.16.0182,85,2,2026-01-06T01:27:26.296212,ok
834844,0002613-20.2017.8.16.0052,85,2,2026-01-06T01:27:26.296212,ok
834845,0004762-21.2018.8.16.0030,85,2,2026-01-06T01:27:26.296212,ok
834846,0002235-94.2017.8.16.0139,85,2,2026-01-06T01:27:26.296212,ok
834847,0003661-05.2018.8.16.9000,85,2,2026-01-06T01:27:26.296212,ok
834848,0003670-64.2018.8.16.9000,85,2,2026-01-06T01:27:26.296212,ok
834849,0003683-63.2018.8.16.9000,85,2,2026-01-06T01:27:26.296212,ok
834850,0004109-96.2018.8.16.0069,85,2,2026-01-06T01:27:26.296212,ok
834851,0003277-28.2015.8.16.0050,85,2,2026-01-06T01:27:26.296212,ok
834852,0010716-44.2015.8.16.0130,85,2,2026-01-06T01:27:26.296212,ok
834853,0009328-54.2015.8.16.0018,85,2,2026-01-06T01:27:26.296212,ok
834854,0006515-80.2017.8.16.0019,85,2,2026-01-06T01:27:26.296212,ok
834855,0016763-86.2018.8.16.0014,85,2,2026-01-06T01:27:26.296212,ok
834856,0014451-19.2016.8.16.0173,85,2,2026-01-06T01:27:26.296212,ok
834857,0001334-18.2016.8.16.0057,85,2,2026-01-06T01:27:26.296212,ok
834858,0001873-24.2017.8.16.0194,85,2,2026-01-06T01:27:26.296212,ok
834859,0008208-04.2017.8.16.0083,85,2,2026-01-06T01:27:26.296212,ok
834860,0030931-93.2018.8.16.0014,85,2,2026-01-06T01:27:26.296212,ok
834861,0012013-86.2015.8.16.0130,83,2,2026-01-06T01:27:26.296212,ok
834862,0011433-63.2015.8.16.0160,83,2,2026-01-06T01:27:26.296212,ok
834863,0001553-79.2018.8.16.0180,83,2,2026-01-06T01:27:26.296212,ok
834864,0036620-43.2017.8.16.0018,83,2,2026-01-06T01:27:26.296212,ok
834865,0001268-87.2018.8.16.0018,83,2,2026-01-06T01:27:26.296212,ok
834866,0022448-55.2018.8.16.0182,83,2,2026-01-06T01:27:26.296212,ok
834867,0032788-02.2017.8.16.0018,83,2,2026-01-06T01:27:26.296212,ok
834868,0006299-88.2018.8.16.0018,83,2,2026-01-06T01:27:26.296212,ok
834869,0000880-91.2018.8.16.0049,83,2,2026-01-06T01:27:26.296212,ok
834870,0003622-08.2018.8.16.9000,83,2,2026-01-06T01:27:26.296212,ok
834871,0003618-68.2018.8.16.9000,83,2,2026-01-06T01:27:26.296212,ok
834872,0032965-63.2017.8.16.0018,83,2,2026-01-06T01:27:26.296212,ok
834873,0071180-23.2017.8.16.0014,83,2,2026-01-06T01:27:26.296212,ok
834874,0028067-39.2015.8.16.0030,83,2,2026-01-06T01:27:26.296212,ok
834875,0001615-29.2015.8.16.0050,83,2,2026-01-06T01:27:26.296212,ok
834876,0006331-93.2018.8.16.0018,83,2,2026-01-06T01:27:26.296212,ok
834877,0000302-63.2015.8.16.0040,83,2,2026-01-06T01:27:26.296212,ok
834878,0029027-87.2016.8.16.0182,83,2,2026-01-06T01:27:26.296212,ok
834879,0031883-58.2017.8.16.0030,83,2,2026-01-06T01:27:26.296212,ok
834880,0005029-29.2018.8.16.0018,83,2,2026-01-06T01:27:26.296212,ok
834881,0014434-89.2018.8.16.0018,83,2,2026-01-06T01:27:26.296212,ok
834882,0009720-47.2018.8.16.0031,83,2,2026-01-06T01:27:26.296212,ok
834883,0003418-47.2015.8.16.0050,83,2,2026-01-06T01:27:26.296212,ok
834884,0016670-14.2018.8.16.0018,83,2,2026-01-06T01:27:26.296212,ok
834885,0005038-32.2018.8.16.0069,83,2,2026-01-06T01:27:26.296212,ok
834886,0011790-65.2017.8.16.0130,83,2,2026-01-06T01:27:26.296212,ok
834887,0003597-92.2018.8.16.9000,83,2,2026-01-06T01:27:26.296212,ok
834888,0003642-96.2018.8.16.9000,83,2,2026-01-06T01:27:26.296212,ok
834889,0003630-82.2018.8.16.9000,83,2,2026-01-06T01:27:26.296212,ok
834890,0008208-44.2018.8.16.0026,83,2,2026-01-06T01:27:26.296212,ok
834891,0038192-90.2018.8.16.0182,83,2,2026-01-06T01:27:26.296212,ok
834892,0040831-81.2018.8.16.0182,83,2,2026-01-06T01:27:26.296212,ok
834893,0018427-36.2018.8.16.0182,83,2,2026-01-06T01:27:26.296212,ok
834894,0042164-68.2018.8.16.0182,83,2,2026-01-06T01:27:26.296212,ok
834895,0000069-24.2018.8.16.0117,83,2,2026-01-06T01:27:26.296212,ok
834896,0004482-40.2018.8.16.0098,83,2,2026-01-06T01:27:26.296212,ok
834897,0004450-35.2018.8.16.0098,83,2,2026-01-06T01:27:26.296212,ok
834898,0000208-44.2018.8.16.0159,83,2,2026-01-06T01:27:26.296212,ok
834899,0000518-52.2018.8.16.0029,83,2,2026-01-06T01:27:26.296212,ok
834900,0000322-46.2018.8.16.0041,83,2,2026-01-06T01:27:26.296212,ok
834901,0005918-80.2018.8.16.0018,83,2,2026-01-06T01:27:26.296212,ok
834902,0000066-55.2018.8.16.0057,83,2,2026-01-06T01:27:26.296212,ok
834903,0014530-12.2015.8.16.0018,83,2,2026-01-06T01:27:26.296212,ok
834904,0014322-69.2015.8.16.0069,83,2,2026-01-06T01:27:26.296212,ok
834905,0000420-74.2018.8.16.0156,83,2,2026-01-06T01:27:26.296212,ok
834906,0001153-54.2018.8.16.0119,83,2,2026-01-06T01:27:26.296212,ok
834907,0007701-51.2018.8.16.0069,83,2,2026-01-06T01:27:26.296212,ok
834908,0003769-34.2018.8.16.9000,83,2,2026-01-06T01:27:26.296212,ok
834909,0003776-26.2018.8.16.9000,83,2,2026-01-06T01:27:26.296212,ok
834910,0003780-63.2018.8.16.9000,83,2,2026-01-06T01:27:26.296212,ok
834911,0049477-44.2018.8.16.0000,88,2,2026-01-06T01:27:26.296212,ok
834912,0002684-05.2018.8.16.0014,88,2,2026-01-06T01:27:26.296212,ok
834913,0028147-03.2005.8.16.0014,88,2,2026-01-06T01:27:26.296212,ok
834914,0035238-76.2007.8.16.0014,88,2,2026-01-06T01:27:26.296212,ok
834915,0005082-05.2017.8.16.0031,88,2,2026-01-06T01:27:26.296212,ok
834916,0008386-30.2016.8.16.0004,88,2,2026-01-06T01:27:26.296212,ok
834917,0002185-14.2013.8.16.0170,88,2,2026-01-06T01:27:26.296212,ok
834918,0037808-91.2018.8.16.0000,88,2,2026-01-06T01:27:26.296212,ok
834919,0014298-12.2016.8.16.0035,88,2,2026-01-06T01:27:26.296212,ok
834920,0026776-57.2016.8.16.0001,88,2,2026-01-06T01:27:26.296212,ok
834921,0000182-85.2018.8.16.0146,88,2,2026-01-06T01:27:26.296212,ok
834922,0037043-15.2017.8.16.0014,88,2,2026-01-06T01:27:26.296212,ok
834923,0000449-08.2016.8.16.0088,88,2,2026-01-06T01:27:26.296212,ok
834924,0046125-78.2018.8.16.0000,88,2,2026-01-06T01:27:26.296212,ok
834925,0046658-37.2018.8.16.0000,88,2,2026-01-06T01:27:26.296212,ok
834926,0022305-13.2017.8.16.0017,88,2,2026-01-06T01:27:26.296212,ok
834927,0000200-57.2018.8.16.0130,88,2,2026-01-06T01:27:26.296212,ok
834928,0023788-27.2016.8.16.0013,88,2,2026-01-06T01:27:26.296212,ok
834929,0000681-22.2015.8.16.0034,88,2,2026-01-06T01:27:26.296212,ok
834930,0050018-77.2018.8.16.0000,88,2,2026-01-06T01:27:26.296212,ok
834931,0051066-71.2018.8.16.0000,88,2,2026-01-06T01:27:26.296212,ok
834932,0051103-98.2018.8.16.0000,88,2,2026-01-06T01:27:26.296212,ok
834933,0020999-26.2018.8.16.0000,88,2,2026-01-06T01:27:26.296212,ok
834934,0021725-97.2018.8.16.0000,88,2,2026-01-06T01:27:26.296212,ok
834935,0013375-06.2017.8.16.0017,88,2,2026-01-06T01:27:26.296212,ok
834936,0004205-32.2015.8.16.0194,88,2,2026-01-06T01:27:26.296212,ok
834937,0047982-62.2018.8.16.0000,88,2,2026-01-06T01:27:26.296212,ok
834938,0048425-13.2018.8.16.0000,88,2,2026-01-06T01:27:26.296212,ok
834939,0050075-95.2018.8.16.0000,88,2,2026-01-06T01:27:26.296212,ok
834940,0050555-73.2018.8.16.0000,88,2,2026-01-06T01:27:26.296212,ok
834941,0051315-22.2018.8.16.0000,88,2,2026-01-06T01:27:26.296212,ok
834942,0051877-31.2018.8.16.0000,88,2,2026-01-06T01:27:26.296212,ok
834943,0074535-75.2016.8.16.0014,88,2,2026-01-06T01:27:26.296212,ok
834944,0007655-67.2017.8.16.0014,88,2,2026-01-06T01:27:26.296212,ok
834945,0008368-12.2014.8.16.0058,88,2,2026-01-06T01:27:26.296212,ok
834946,0008237-37.2014.8.16.0058,88,2,2026-01-06T01:27:26.296212,ok
834947,0002465-89.2010.8.16.0040,88,2,2026-01-06T01:27:26.296212,ok
834948,0003457-04.2017.8.16.0170,88,2,2026-01-06T01:27:26.296212,ok
834949,0003357-40.2018.8.16.0000,88,2,2026-01-06T01:27:26.296212,ok
834950,0004245-09.2018.8.16.0000,88,2,2026-01-06T01:27:26.296212,ok
834951,0031842-28.2006.8.16.0014,88,2,2026-01-06T01:27:26.296212,ok
834952,0055922-17.2010.8.16.0014,88,2,2026-01-06T01:27:26.296212,ok
834953,0004165-23.2017.8.16.0148,88,2,2026-01-06T01:27:26.296212,ok
834954,0029569-42.2017.8.16.0030,88,2,2026-01-06T01:27:26.296212,ok
834955,0013475-75.2018.8.16.0000,88,2,2026-01-06T01:27:26.296212,ok
834956,0025843-93.2017.8.16.0019,88,2,2026-01-06T01:27:26.296212,ok
834957,0015853-04.2018.8.16.0000,88,2,2026-01-06T01:27:26.296212,ok
834958,0053383-34.2017.8.16.0014,88,2,2026-01-06T01:27:26.296212,ok
834959,0017589-57.2018.8.16.0000,88,2,2026-01-06T01:27:26.296212,ok
834960,0004645-57.2017.8.16.0194,88,2,2026-01-06T01:27:26.296212,ok
834961,0018330-65.2016.8.16.0001,86,2,2026-01-06T01:27:26.296212,ok
834962,0022456-93.2018.8.16.0000,86,2,2026-01-06T01:27:26.296212,ok
834963,0026448-62.2018.8.16.0000,86,2,2026-01-06T01:27:26.296212,ok
834964,0047717-60.2018.8.16.0000,86,2,2026-01-06T01:27:26.296212,ok
834965,0032283-31.2018.8.16.0000,86,2,2026-01-06T01:27:26.296212,ok
834966,0039090-67.2018.8.16.0000,86,2,2026-01-06T01:27:26.296212,ok
834967,0047700-24.2018.8.16.0000,86,2,2026-01-06T01:27:26.296212,ok
834968,0049528-55.2018.8.16.0000,86,2,2026-01-06T01:27:26.296212,ok
834969,0053933-37.2018.8.16.0000,86,2,2026-01-06T01:27:26.296212,ok
834970,0027365-81.2018.8.16.0000,86,2,2026-01-06T01:27:26.296212,ok
834971,0043073-74.2018.8.16.0000,86,2,2026-01-06T01:27:26.296212,ok
834972,0000513-90.2016.8.16.0064,86,2,2026-01-06T01:27:26.296212,ok
834973,0047829-29.2018.8.16.0000,86,2,2026-01-06T01:27:26.296212,ok
834974,0052842-09.2018.8.16.0000,86,2,2026-01-06T01:27:26.296212,ok
834975,0032656-98.2014.8.16.0001,86,2,2026-01-06T01:27:26.296212,ok
834976,0019274-38.2014.8.16.0001,86,2,2026-01-06T01:27:26.296212,ok
834977,0023242-40.2018.8.16.0000,86,2,2026-01-06T01:27:26.296212,ok
834978,0025878-76.2018.8.16.0000,86,2,2026-01-06T01:27:26.296212,ok
834979,0000784-33.1993.8.16.0185,86,2,2026-01-06T01:27:26.296212,ok
834980,0005198-04.2017.8.16.0001,86,2,2026-01-06T01:27:26.296212,ok
834981,0005842-81.2016.8.16.0194,86,2,2026-01-06T01:27:26.296212,ok
834982,0010526-78.2018.8.16.0000,86,2,2026-01-06T01:27:26.296212,ok
834983,0015539-58.2018.8.16.0000,86,2,2026-01-06T01:27:26.296212,ok
834984,0000254-47.2005.8.16.0043,86,2,2026-01-06T01:27:26.296212,ok
834985,0019177-02.2018.8.16.0000,86,2,2026-01-06T01:27:26.296212,ok
834986,0019777-23.2018.8.16.0000,86,2,2026-01-06T01:27:26.296212,ok
834987,0038748-77.2010.8.16.0019,86,2,2026-01-06T01:27:26.296212,ok
834988,0023344-62.2018.8.16.0000,86,2,2026-01-06T01:27:26.296212,ok
834989,0023896-27.2018.8.16.0000,86,2,2026-01-06T01:27:26.296212,ok
834990,0025284-62.2018.8.16.0000,86,2,2026-01-06T01:27:26.296212,ok
834991,0025544-42.2018.8.16.0000,86,2,2026-01-06T01:27:26.296212,ok
834992,0025991-30.2018.8.16.0000,86,2,2026-01-06T01:27:26.296212,ok
834993,0027638-60.2018.8.16.0000,86,2,2026-01-06T01:27:26.296212,ok
834994,0011535-55.2015.8.16.0170,86,2,2026-01-06T01:27:26.296212,ok
834995,0001580-81.2013.8.16.0004,86,2,2026-01-06T01:27:26.296212,ok
834996,0030553-82.2018.8.16.0000,86,2,2026-01-06T01:27:26.296212,ok
834997,0030600-56.2018.8.16.0000,86,2,2026-01-06T01:27:26.296212,ok
834998,0030958-21.2018.8.16.0000,86,2,2026-01-06T01:27:26.296212,ok
834999,0031561-94.2018.8.16.0000,86,2,2026-01-06T01:27:26.296212,ok
0,N/A,114,0,2026-01-06T01:27:46.383919,ignorado
0,N/A,123,0,2026-01-06T01:27:48.199389,ignorado
0,N/A,123,0,2026-01-06T01:27:48.199458,ignorado
0,N/A,123,0,2026-01-06T01:27:48.199486,ignorado
0,N/A,123,0,2026-01-06T01:27:48.199506,ignorado
0,N/A,123,0,2026-01-06T01:27:48.199525,ignorado
0,N/A,123,0,2026-01-06T01:27:48.199569,ignorado
0,N/A,123,0,2026-01-06T01:27:48.199587,ignorado
0,N/A,123,0,2026-01-06T01:27:48.199602,ignorado
0,N/A,123,0,2026-01-06T01:27:48.199611,ignorado
0,N/A,123,0,2026-01-06T01:27:48.199619,ignorado
0,N/A,123,0,2026-01-06T01:27:48.199627,ignorado
0,N/A,123,0,2026-01-06T01:27:48.199635,ignorado
0,N/A,123,0,2026-01-06T01:27:48.199644,ignorado
0,N/A,123,0,2026-01-06T01:27:48.199651,ignorado
0,N/A,123,0,2026-01-06T01:27:48.199658,ignorado
0,N/A,123,0,2026-01-06T01:27:48.199665,ignorado
0,N/A,123,0,2026-01-06T01:27:48.199671,ignorado
0,N/A,123,0,2026-01-06T01:27:48.199678,ignorado
0,N/A,123,0,2026-01-06T01:27:48.199684,ignorado
0,N/A,123,0,2026-01-06T01:27:48.199691,ignorado
0,N/A,123,0,2026-01-06T01:27:48.199697,ignorado
0,N/A,123,0,2026-01-06T01:27:48.199704,ignorado
0,N/A,123,0,2026-01-06T01:27:48.199711,ignorado
0,N/A,123,0,2026-01-06T01:27:48.199718,ignorado
0,N/A,123,0,2026-01-06T01:27:48.199724,ignorado
0,N/A,123,0,2026-01-06T01:27:48.199730,ignorado
0,N/A,123,0,2026-01-06T01:27:48.199737,ignorado
0,N/A,123,0,2026-01-06T01:27:48.199744,ignorado
0,N/A,123,0,2026-01-06T01:27:48.199751,ignorado
0,N/A,123,0,2026-01-06T01:27:48.199757,ignorado
0,N/A,123,0,2026-01-06T01:27:48.199764,ignorado
0,N/A,123,0,2026-01-06T01:27:48.199770,ignorado
0,N/A,123,0,2026-01-06T01:27:48.199777,ignorado
0,N/A,123,0,2026-01-06T01:27:48.199783,ignorado
0,N/A,123,0,2026-01-06T01:27:48.199790,ignorado
0,N/A,123,0,2026-01-06T01:27:48.199796,ignorado
0,N/A,123,0,2026-01-06T01:27:48.199802,ignorado
0,N/A,123,0,2026-01-06T01:27:48.199809,ignorado
0,N/A,123,0,2026-01-06T01:27:48.199815,ignorado
0,N/A,123,0,2026-01-06T01:27:48.199821,ignorado
0,N/A,123,0,2026-01-06T01:27:48.199827,ignorado
0,N/A,123,0,2026-01-06T01:27:48.199833,ignorado
0,N/A,123,0,2026-01-06T01:27:48.199839,ignorado
0,N/A,123,0,2026-01-06T01:27:48.199846,ignorado
0,N/A,123,0,2026-01-06T01:27:48.199852,ignorado
0,N/A,123,0,2026-01-06T01:27:48.199858,ignorado
0,N/A,123,0,2026-01-06T01:27:48.199864,ignorado
0,N/A,123,0,2026-01-06T01:27:48.199870,ignorado
0,N/A,123,0,2026-01-06T01:27:48.199876,ignorado
0,N/A,123,0,2026-01-06T01:27:48.199882,ignorado
0,N/A,118,0,2026-01-06T01:27:48.937249,ignorado
0,N/A,124,0,2026-01-06T01:27:50.820971,ignorado
835000,0031929-06.2018.8.16.0000,86,3,2026-01-06T01:27:50.923131,ok
835001,0032453-03.2018.8.16.0000,86,3,2026-01-06T01:27:50.923131,ok
835002,0021985-22.2009.8.16.0185,86,3,2026-01-06T01:27:50.923131,ok
835003,0020192-15.2015.8.16.0031,86,3,2026-01-06T01:27:50.923131,ok
835004,0035753-62.2017.8.16.0014,86,3,2026-01-06T01:27:50.923131,ok
835005,0004194-18.2016.8.16.0113,86,3,2026-01-06T01:27:50.923131,ok
835006,0001664-83.1997.8.16.0088,86,3,2026-01-06T01:27:50.923131,ok
835007,0035433-20.2018.8.16.0000,86,3,2026-01-06T01:27:50.923131,ok
835008,0000967-54.2018.8.16.0176,86,3,2026-01-06T01:27:50.923131,ok
835009,0035712-06.2018.8.16.0000,86,3,2026-01-06T01:27:50.923131,ok
835010,0002232-58.2009.8.16.0095,86,3,2026-01-06T01:27:50.923131,ok
835011,0001537-78.2009.8.16.0039,76,3,2026-01-06T01:27:50.923131,ok
835012,0012384-16.2016.8.16.0130,76,3,2026-01-06T01:27:50.923131,ok
835013,0016170-53.2015.8.16.0017,76,3,2026-01-06T01:27:50.923131,ok
835014,0000810-92.2016.8.16.0098,76,3,2026-01-06T01:27:50.923131,ok
835015,0008084-13.2013.8.16.0131,76,3,2026-01-06T01:27:50.923131,ok
835016,0064022-82.2015.8.16.0014,76,3,2026-01-06T01:27:50.923131,ok
835017,0001523-26.2017.8.16.0068,76,3,2026-01-06T01:27:50.923131,ok
835018,0001912-15.2017.8.16.0196,76,3,2026-01-06T01:27:50.923131,ok
835019,0048852-12.2011.8.16.0014,76,3,2026-01-06T01:27:50.923131,ok
835020,0004602-48.2017.8.16.0024,76,3,2026-01-06T01:27:50.923131,ok
835021,0042926-48.2018.8.16.0000,76,3,2026-01-06T01:27:50.923131,ok
835022,0012134-68.2017.8.16.0058,76,3,2026-01-06T01:27:50.923131,ok
835023,0004973-81.2017.8.16.0001,76,3,2026-01-06T01:27:50.923131,ok
835024,0008484-85.2017.8.16.0131,76,3,2026-01-06T01:27:50.923131,ok
835025,0047392-85.2018.8.16.0000,76,3,2026-01-06T01:27:50.923131,ok
835026,0050654-43.2018.8.16.0000,76,3,2026-01-06T01:27:50.923131,ok
835027,0050802-54.2018.8.16.0000,76,3,2026-01-06T01:27:50.923131,ok
835028,0050812-98.2018.8.16.0000,76,3,2026-01-06T01:27:50.923131,ok
835029,0051904-14.2018.8.16.0000,76,3,2026-01-06T01:27:50.923131,ok
835030,0052695-80.2018.8.16.0000,76,3,2026-01-06T01:27:50.923131,ok
835031,0004297-05.2018.8.16.0000,76,3,2026-01-06T01:27:50.923131,ok
835032,0032929-41.2018.8.16.0000,76,3,2026-01-06T01:27:50.923131,ok
835033,0034533-37.2018.8.16.0000,76,3,2026-01-06T01:27:50.923131,ok
835034,0003655-84.2016.8.16.0167,76,3,2026-01-06T01:27:50.923131,ok
835035,0036152-02.2018.8.16.0000,76,3,2026-01-06T01:27:50.923131,ok
835036,0013303-13.2017.8.16.0019,76,3,2026-01-06T01:27:50.923131,ok
835037,0053252-67.2018.8.16.0000,76,3,2026-01-06T01:27:50.923131,ok
835038,0053608-62.2018.8.16.0000,76,3,2026-01-06T01:27:50.923131,ok
835039,0001816-55.2015.8.16.0071,76,3,2026-01-06T01:27:50.923131,ok
835040,0001502-77.2014.8.16.0190,76,3,2026-01-06T01:27:50.923131,ok
835041,0032742-33.2018.8.16.0000,76,3,2026-01-06T01:27:50.923131,ok
835042,0053835-52.2018.8.16.0000,76,3,2026-01-06T01:27:50.923131,ok
835043,0016345-61.2016.8.16.0001,76,3,2026-01-06T01:27:50.923131,ok
835044,0002910-13.2018.8.16.0013,76,3,2026-01-06T01:27:50.923131,ok
835045,0000783-44.2018.8.16.0194,76,3,2026-01-06T01:27:50.923131,ok
835046,0001318-86.2016.8.16.0179,76,3,2026-01-06T01:27:50.923131,ok
835047,0004999-10.2015.8.16.0079,76,3,2026-01-06T01:27:50.923131,ok
835048,0043576-95.2018.8.16.0000,76,3,2026-01-06T01:27:50.923131,ok
835049,0043950-14.2018.8.16.0000,76,3,2026-01-06T01:27:50.923131,ok
835050,0018042-63.2016.8.16.0019,76,3,2026-01-06T01:27:50.923131,ok
835051,0004585-11.2018.8.16.0013,76,3,2026-01-06T01:27:50.923131,ok
835052,0013493-06.2018.8.16.0030,76,3,2026-01-06T01:27:50.923131,ok
835053,0045229-35.2018.8.16.0000,76,3,2026-01-06T01:27:50.923131,ok
835054,0011959-49.2016.8.16.0013,76,3,2026-01-06T01:27:50.923131,ok
835055,0002644-63.2018.8.16.0130,76,3,2026-01-06T01:27:50.923131,ok
835056,0012740-82.2018.8.16.0019,76,3,2026-01-06T01:27:50.923131,ok
835057,0001643-48.2016.8.16.0151,76,3,2026-01-06T01:27:50.923131,ok
835058,0022611-28.2016.8.16.0013,76,3,2026-01-06T01:27:50.923131,ok
835059,0001805-73.2018.8.16.0086,76,3,2026-01-06T01:27:50.923131,ok
835060,0007590-12.2016.8.16.0013,76,3,2026-01-06T01:27:50.923131,ok
835061,0049250-54.2018.8.16.0000,77,3,2026-01-06T01:27:50.923131,ok
835062,0049955-52.2018.8.16.0000,77,3,2026-01-06T01:27:50.923131,ok
835063,0002364-26.2016.8.16.0013,77,3,2026-01-06T01:27:50.923131,ok
835064,0001456-67.2016.8.16.0045,77,3,2026-01-06T01:27:50.923131,ok
835065,0000561-33.2014.8.16.0092,77,3,2026-01-06T01:27:50.923131,ok
835066,0021238-25.2017.8.16.0013,77,3,2026-01-06T01:27:50.923131,ok
835067,0003845-36.2017.8.16.0030,77,3,2026-01-06T01:27:50.923131,ok
835068,0001124-10.2018.8.16.0117,77,3,2026-01-06T01:27:50.923131,ok
835069,0001352-84.2016.8.16.0042,77,3,2026-01-06T01:27:50.923131,ok
835070,0044925-36.2018.8.16.0000,77,3,2026-01-06T01:27:50.923131,ok
835071,0046150-91.2018.8.16.0000,77,3,2026-01-06T01:27:50.923131,ok
835072,0046178-59.2018.8.16.0000,77,3,2026-01-06T01:27:50.923131,ok
835073,0027916-58.2014.8.16.0014,77,3,2026-01-06T01:27:50.923131,ok
835074,0047065-43.2018.8.16.0000,77,3,2026-01-06T01:27:50.923131,ok
835075,0047745-28.2018.8.16.0000,77,3,2026-01-06T01:27:50.923131,ok
835076,0049483-51.2018.8.16.0000,77,3,2026-01-06T01:27:50.923131,ok
835077,0050041-23.2018.8.16.0000,77,3,2026-01-06T01:27:50.923131,ok
835078,0051236-43.2018.8.16.0000,77,3,2026-01-06T01:27:50.923131,ok
835079,0051626-13.2018.8.16.0000,77,3,2026-01-06T01:27:50.923131,ok
835080,0051807-14.2018.8.16.0000,77,3,2026-01-06T01:27:50.923131,ok
835081,0010442-80.2010.8.16.0025,77,3,2026-01-06T01:27:50.923131,ok
835082,0028412-90.2018.8.16.0000,77,3,2026-01-06T01:27:50.923131,ok
835083,0000639-50.2018.8.16.0039,77,3,2026-01-06T01:27:50.923131,ok
835084,0018704-82.2010.8.16.0004,77,3,2026-01-06T01:27:50.923131,ok
835085,0008488-51.2005.8.16.0129,77,3,2026-01-06T01:27:50.923131,ok
835086,0048725-72.2018.8.16.0000,77,3,2026-01-06T01:27:50.923131,ok
835087,0010359-38.2017.8.16.0019,77,3,2026-01-06T01:27:50.923131,ok
835088,0000229-91.2017.8.16.0179,77,3,2026-01-06T01:27:50.923131,ok
835089,0015510-03.2017.8.16.0013,77,3,2026-01-06T01:27:50.923131,ok
835090,0017370-47.2015.8.16.0130,77,3,2026-01-06T01:27:50.923131,ok
835091,0000157-10.2012.8.16.0073,77,3,2026-01-06T01:27:50.923131,ok
835092,0003679-46.2012.8.16.0105,77,3,2026-01-06T01:27:50.923131,ok
835093,0000322-11.2017.8.16.0064,77,3,2026-01-06T01:27:50.923131,ok
835094,0001432-27.2016.8.16.0146,77,3,2026-01-06T01:27:50.923131,ok
835095,0009339-93.2018.8.16.0013,77,3,2026-01-06T01:27:50.923131,ok
835096,0044965-18.2018.8.16.0000,77,3,2026-01-06T01:27:50.923131,ok
835097,0000743-22.2017.8.16.0057,77,3,2026-01-06T01:27:50.923131,ok
835098,0001701-60.2017.8.16.0072,77,3,2026-01-06T01:27:50.923131,ok
835099,0019167-67.2009.8.16.0001,77,3,2026-01-06T01:27:50.923131,ok
835100,0022695-65.2016.8.16.0001,77,3,2026-01-06T01:27:50.923131,ok
835101,0016345-27.2017.8.16.0001,77,3,2026-01-06T01:27:50.923131,ok
835102,0000196-61.2014.8.16.0194,77,3,2026-01-06T01:27:50.923131,ok
835103,0017363-44.2017.8.16.0014,77,3,2026-01-06T01:27:50.923131,ok
835104,0009097-72.2013.8.16.0058,77,3,2026-01-06T01:27:50.923131,ok
835105,0005155-52.2013.8.16.0019,77,3,2026-01-06T01:27:50.923131,ok
835106,0003657-02.2018.8.16.0000,77,3,2026-01-06T01:27:50.923131,ok
835107,0001800-18.2017.8.16.0173,77,3,2026-01-06T01:27:50.923131,ok
835108,0001439-97.2013.8.16.0154,77,3,2026-01-06T01:27:50.923131,ok
835109,0011888-18.2018.8.16.0000,77,3,2026-01-06T01:27:50.923131,ok
835110,0001546-61.2012.8.16.0095,77,3,2026-01-06T01:27:50.923131,ok
835111,0001247-43.2017.8.16.0052,81,3,2026-01-06T01:27:50.923131,ok
835112,0002405-36.2017.8.16.0052,81,3,2026-01-06T01:27:50.923131,ok
835113,0003730-37.2018.8.16.9000,81,3,2026-01-06T01:27:50.923131,ok
835114,0003768-49.2018.8.16.9000,81,3,2026-01-06T01:27:50.923131,ok
835115,0001236-24.2017.8.16.0081,81,3,2026-01-06T01:27:50.923131,ok
835116,0031285-43.2017.8.16.0018,81,3,2026-01-06T01:27:50.923131,ok
835117,0004027-44.2018.8.16.9000,81,3,2026-01-06T01:27:50.923131,ok
835118,0004078-55.2018.8.16.9000,81,3,2026-01-06T01:27:50.923131,ok
835119,0008972-54.2018.8.16.0018,81,3,2026-01-06T01:27:50.923131,ok
835120,0026746-90.2018.8.16.0182,81,3,2026-01-06T01:27:50.923131,ok
835121,0038642-33.2018.8.16.0182,81,3,2026-01-06T01:27:50.923131,ok
835122,0001596-04.2018.8.16.0087,81,3,2026-01-06T01:27:50.923131,ok
835123,0007417-56.2017.8.16.0173,81,3,2026-01-06T01:27:50.923131,ok
835124,0012253-18.2018.8.16.0018,81,3,2026-01-06T01:27:50.923131,ok
835125,0005625-54.2018.8.16.0069,81,3,2026-01-06T01:27:50.923131,ok
835126,0001309-18.2018.8.16.0127,81,3,2026-01-06T01:27:50.923131,ok
835127,0057448-53.2017.8.16.0182,81,3,2026-01-06T01:27:50.923131,ok
835128,0012484-38.2018.8.16.0182,81,3,2026-01-06T01:27:50.923131,ok
835129,0004614-69.2018.8.16.0075,81,3,2026-01-06T01:27:50.923131,ok
835130,0034528-92.2017.8.16.0018,81,3,2026-01-06T01:27:50.923131,ok
835131,0003650-73.2018.8.16.9000,81,3,2026-01-06T01:27:50.923131,ok
835132,0003654-13.2018.8.16.9000,81,3,2026-01-06T01:27:50.923131,ok
835133,0003637-74.2018.8.16.9000,81,3,2026-01-06T01:27:50.923131,ok
835134,0003627-30.2018.8.16.9000,81,3,2026-01-06T01:27:50.923131,ok
835135,0005592-53.2017.8.16.0084,81,3,2026-01-06T01:27:50.923131,ok
835136,0005594-23.2017.8.16.0084,81,3,2026-01-06T01:27:50.923131,ok
835137,0005883-64.2018.8.16.0069,81,3,2026-01-06T01:27:50.923131,ok
835138,0002430-13.2018.8.16.0182,81,3,2026-01-06T01:27:50.923131,ok
835139,0000484-98.2018.8.16.0119,81,3,2026-01-06T01:27:50.923131,ok
835140,0002450-73.2017.8.16.0041,81,3,2026-01-06T01:27:50.923131,ok
835141,0001786-42.2017.8.16.0041,81,3,2026-01-06T01:27:50.923131,ok
835142,0001370-40.2018.8.16.0041,81,3,2026-01-06T01:27:50.923131,ok
835143,0001731-35.2015.8.16.0050,81,3,2026-01-06T01:27:50.923131,ok
835144,0044806-52.2017.8.16.0019,81,3,2026-01-06T01:27:50.923131,ok
835145,0005035-48.2018.8.16.0014,81,3,2026-01-06T01:27:50.923131,ok
835146,0006377-31.2018.8.16.0035,81,3,2026-01-06T01:27:50.923131,ok
835147,0011021-04.2017.8.16.0083,81,3,2026-01-06T01:27:50.923131,ok
835148,0008804-10.2018.8.16.0129,81,3,2026-01-06T01:27:50.923131,ok
835149,0013136-62.2018.8.16.0018,81,3,2026-01-06T01:27:50.923131,ok
835150,0035518-83.2017.8.16.0018,81,3,2026-01-06T01:27:50.923131,ok
835151,0017373-47.2015.8.16.0018,81,3,2026-01-06T01:27:50.923131,ok
835152,0004439-45.2015.8.16.0119,81,3,2026-01-06T01:27:50.923131,ok
835153,0004511-32.2015.8.16.0119,81,3,2026-01-06T01:27:50.923131,ok
835154,0004512-17.2015.8.16.0119,81,3,2026-01-06T01:27:50.923131,ok
835155,0032963-93.2017.8.16.0018,81,3,2026-01-06T01:27:50.923131,ok
835156,0000484-13.2018.8.16.0018,81,3,2026-01-06T01:27:50.923131,ok
835157,0001107-77.2018.8.16.0018,81,3,2026-01-06T01:27:50.923131,ok
835158,0000128-64.2018.8.16.0132,81,3,2026-01-06T01:27:50.923131,ok
835159,0003340-78.2016.8.16.0095,81,3,2026-01-06T01:27:50.923131,ok
835160,0003201-21.2018.8.16.0075,81,3,2026-01-06T01:27:50.923131,ok
835161,0004680-33.2011.8.16.0095,87,3,2026-01-06T01:27:50.923131,ok
835162,0011541-54.2011.8.16.0024,87,3,2026-01-06T01:27:50.923131,ok
835163,0012709-35.2007.8.16.0185,87,3,2026-01-06T01:27:50.923131,ok
835164,0036455-16.2018.8.16.0000,87,3,2026-01-06T01:27:50.923131,ok
835165,0036615-41.2018.8.16.0000,87,3,2026-01-06T01:27:50.923131,ok
835166,0002484-17.2017.8.16.0019,87,3,2026-01-06T01:27:50.923131,ok
835167,0013697-45.2015.8.16.0001,87,3,2026-01-06T01:27:50.923131,ok
835168,0004692-06.2017.8.16.0170,87,3,2026-01-06T01:27:50.923131,ok
835169,0024360-53.2015.8.16.0001,87,3,2026-01-06T01:27:50.923131,ok
835170,0019701-88.2017.8.16.0014,87,3,2026-01-06T01:27:50.923131,ok
835171,0017878-45.2009.8.16.0019,87,3,2026-01-06T01:27:50.923131,ok
835172,0014174-83.2002.8.16.0014,87,3,2026-01-06T01:27:50.923131,ok
835173,0006696-35.1998.8.16.0185,87,3,2026-01-06T01:27:50.923131,ok
835174,0001710-78.2016.8.16.0097,87,3,2026-01-06T01:27:50.923131,ok
835175,0027631-90.2013.8.16.0017,87,3,2026-01-06T01:27:50.923131,ok
835176,0006154-23.2016.8.16.0173,87,3,2026-01-06T01:27:50.923131,ok
835177,0003829-32.2007.8.16.0160,87,3,2026-01-06T01:27:50.923131,ok
835178,0042029-20.2018.8.16.0000,87,3,2026-01-06T01:27:50.923131,ok
835179,0046549-23.2018.8.16.0000,87,3,2026-01-06T01:27:50.923131,ok
835180,0039176-74.2014.8.16.0001,87,3,2026-01-06T01:27:50.923131,ok
835181,0016782-39.2015.8.16.0001,87,3,2026-01-06T01:27:50.923131,ok
835182,0002021-29.2017.8.16.0196,87,3,2026-01-06T01:27:50.923131,ok
835183,0020852-50.2012.8.16.0019,87,3,2026-01-06T01:27:50.923131,ok
835184,0002036-29.2014.8.16.0058,87,3,2026-01-06T01:27:50.923131,ok
835185,0008032-46.2015.8.16.0131,87,3,2026-01-06T01:27:50.923131,ok
835186,0025573-92.2018.8.16.0000,87,3,2026-01-06T01:27:50.923131,ok
835187,0020529-87.2017.8.16.0013,87,3,2026-01-06T01:27:50.923131,ok
835188,0004406-96.2017.8.16.0115,87,3,2026-01-06T01:27:50.923131,ok
835189,0014338-63.2017.8.16.0130,87,3,2026-01-06T01:27:50.923131,ok
835190,0029855-71.2017.8.16.0013,87,3,2026-01-06T01:27:50.923131,ok
835191,0002302-76.2016.8.16.0080,87,3,2026-01-06T01:27:50.923131,ok
835192,0012609-38.2017.8.16.0021,87,3,2026-01-06T01:27:50.923131,ok
835193,0008691-17.2017.8.16.0024,87,3,2026-01-06T01:27:50.923131,ok
835194,0044100-69.2017.8.16.0019,87,3,2026-01-06T01:27:50.923131,ok
835195,0003524-71.2017.8.16.0136,87,3,2026-01-06T01:27:50.923131,ok
835196,0002667-69.2016.8.16.0068,87,3,2026-01-06T01:27:50.923131,ok
835197,0013471-12.2015.8.16.0075,87,3,2026-01-06T01:27:50.923131,ok
835198,0003405-49.2015.8.16.0179,87,3,2026-01-06T01:27:50.923131,ok
835199,0001116-38.2017.8.16.0159,87,3,2026-01-06T01:27:50.923131,ok
835200,0002685-47.2017.8.16.0071,87,3,2026-01-06T01:27:50.923131,ok
835201,0009753-41.2012.8.16.0033,87,3,2026-01-06T01:27:50.923131,ok
835202,0005914-56.2016.8.16.0004,87,3,2026-01-06T01:27:50.923131,ok
835203,0013008-72.2014.8.16.0021,87,3,2026-01-06T01:27:50.923131,ok
835204,0045604-09.2013.8.16.0001,87,3,2026-01-06T01:27:50.923131,ok
835205,0006246-98.2017.8.16.0194,87,3,2026-01-06T01:27:50.923131,ok
835206,0003623-43.2016.8.16.0179,87,3,2026-01-06T01:27:50.923131,ok
835207,0046278-14.2018.8.16.0000,87,3,2026-01-06T01:27:50.923131,ok
835208,0048336-87.2018.8.16.0000,87,3,2026-01-06T01:27:50.923131,ok
835209,0048751-70.2018.8.16.0000,87,3,2026-01-06T01:27:50.923131,ok
835210,0049327-63.2018.8.16.0000,87,3,2026-01-06T01:27:50.923131,ok
835211,0002906-70.2018.8.16.0014,90,3,2026-01-06T01:27:50.923131,ok
835212,0003792-77.2018.8.16.9000,90,3,2026-01-06T01:27:50.923131,ok
835213,0008023-87.2015.8.16.0130,90,3,2026-01-06T01:27:50.923131,ok
835214,0007271-18.2015.8.16.0130,90,3,2026-01-06T01:27:50.923131,ok
835215,0000827-15.2015.8.16.0050,90,3,2026-01-06T01:27:50.923131,ok
835216,0014286-27.2015.8.16.0069,90,3,2026-01-06T01:27:50.923131,ok
835217,0000876-54.2018.8.16.0049,90,3,2026-01-06T01:27:50.923131,ok
835218,0004204-08.2018.8.16.9000,90,3,2026-01-06T01:27:50.923131,ok
835219,0022823-46.2017.8.16.0035,90,3,2026-01-06T01:27:50.923131,ok
835220,0001543-98.2017.8.16.0041,90,3,2026-01-06T01:27:50.923131,ok
835221,0003927-69.2018.8.16.0018,90,3,2026-01-06T01:27:50.923131,ok
835222,0005587-31.2017.8.16.0084,90,3,2026-01-06T01:27:50.923131,ok
835223,0002116-88.2017.8.16.0154,90,3,2026-01-06T01:27:50.923131,ok
835224,0000254-55.2018.8.16.0087,90,3,2026-01-06T01:27:50.923131,ok
835225,0008668-44.2017.8.16.0130,90,3,2026-01-06T01:27:50.923131,ok
835226,0002139-32.2018.8.16.0014,90,3,2026-01-06T01:27:50.923131,ok
835227,0001457-29.2018.8.16.0127,90,3,2026-01-06T01:27:50.923131,ok
835228,0001455-59.2018.8.16.0127,90,3,2026-01-06T01:27:50.923131,ok
835229,0019632-33.2016.8.16.0130,90,3,2026-01-06T01:27:50.923131,ok
835230,0003395-84.2017.8.16.0130,90,3,2026-01-06T01:27:50.923131,ok
835231,0008139-67.2017.8.16.0019,90,3,2026-01-06T01:27:50.923131,ok
835232,0001508-59.2018.8.16.0153,90,3,2026-01-06T01:27:50.923131,ok
835233,0003789-28.2018.8.16.0075,90,3,2026-01-06T01:27:50.923131,ok
835234,0003805-84.2015.8.16.0075,90,3,2026-01-06T01:27:50.923131,ok
835235,0002845-26.2018.8.16.0075,90,3,2026-01-06T01:27:50.923131,ok
835236,0009159-22.2015.8.16.0130,90,3,2026-01-06T01:27:50.923131,ok
835237,0005964-18.2015.8.16.0069,90,3,2026-01-06T01:27:50.923131,ok
835238,0000528-38.2015.8.16.0050,90,3,2026-01-06T01:27:50.923131,ok
835239,0004119-02.2018.8.16.0018,90,3,2026-01-06T01:27:50.923131,ok
835240,0002655-31.2018.8.16.0021,90,3,2026-01-06T01:27:50.923131,ok
835241,0004049-05.2018.8.16.9000,90,3,2026-01-06T01:27:50.923131,ok
835242,0005362-92.2015.8.16.0112,90,3,2026-01-06T01:27:50.923131,ok
835243,0036338-02.2017.8.16.0019,90,3,2026-01-06T01:27:50.923131,ok
835244,0012037-84.2017.8.16.0182,90,3,2026-01-06T01:27:50.923131,ok
835245,0011465-97.2015.8.16.0021,90,3,2026-01-06T01:27:50.923131,ok
835246,0005406-22.2017.8.16.0119,90,3,2026-01-06T01:27:50.923131,ok
835247,0036301-75.2017.8.16.0018,90,3,2026-01-06T01:27:50.923131,ok
835248,0000614-62.2018.8.16.0160,90,3,2026-01-06T01:27:50.923131,ok
835249,0001185-75.2018.8.16.0049,90,3,2026-01-06T01:27:50.923131,ok
835250,0004393-86.2018.8.16.0075,90,3,2026-01-06T01:27:50.923131,ok
835251,0020429-80.2018.8.16.0019,90,3,2026-01-06T01:27:50.923131,ok
835252,0004223-92.2017.8.16.0029,90,3,2026-01-06T01:27:50.923131,ok
835253,0042469-84.2017.8.16.0021,90,3,2026-01-06T01:27:50.923131,ok
835254,0002481-93.2017.8.16.0041,90,3,2026-01-06T01:27:50.923131,ok
835255,0000318-09.2018.8.16.0041,90,3,2026-01-06T01:27:50.923131,ok
835256,0004815-61.2018.8.16.0075,90,3,2026-01-06T01:27:50.923131,ok
835257,0004386-94.2018.8.16.0075,90,3,2026-01-06T01:27:50.923131,ok
835258,0004807-84.2018.8.16.0075,90,3,2026-01-06T01:27:50.923131,ok
835259,0001200-39.2016.8.16.0041,90,3,2026-01-06T01:27:50.923131,ok
835260,0000759-42.2018.8.16.0153,90,3,2026-01-06T01:27:50.923131,ok
835261,0057502-19.2017.8.16.0182,80,3,2026-01-06T01:27:50.923131,ok
835262,0004082-92.2018.8.16.9000,80,3,2026-01-06T01:27:50.923131,ok
835263,0003835-35.2018.8.16.0069,80,3,2026-01-06T01:27:50.923131,ok
835264,0080079-10.2017.8.16.0014,80,3,2026-01-06T01:27:50.923131,ok
835265,0007816-82.2017.8.16.0077,80,3,2026-01-06T01:27:50.923131,ok
835266,0006171-68.2018.8.16.0018,80,3,2026-01-06T01:27:50.923131,ok
835267,0003919-36.2018.8.16.0069,80,3,2026-01-06T01:27:50.923131,ok
835268,0036758-07.2017.8.16.0019,80,3,2026-01-06T01:27:50.923131,ok
835269,0028088-80.2017.8.16.0018,80,3,2026-01-06T01:27:50.923131,ok
835270,0001843-15.2018.8.16.0077,80,3,2026-01-06T01:27:50.923131,ok
835271,0011225-15.2018.8.16.0018,80,3,2026-01-06T01:27:50.923131,ok
835272,0002902-38.2018.8.16.0077,80,3,2026-01-06T01:27:50.923131,ok
835273,0004464-58.2015.8.16.0119,80,3,2026-01-06T01:27:50.923131,ok
835274,0003414-10.2015.8.16.0050,80,3,2026-01-06T01:27:50.923131,ok
835275,0006130-34.2016.8.16.0160,80,3,2026-01-06T01:27:50.923131,ok
835276,0023187-88.2017.8.16.0044,80,3,2026-01-06T01:27:50.923131,ok
835277,0036641-16.2017.8.16.0019,80,3,2026-01-06T01:27:50.923131,ok
835278,0007651-43.2018.8.16.0160,80,3,2026-01-06T01:27:50.923131,ok
835279,0000372-94.2017.8.16.0142,80,3,2026-01-06T01:27:50.923131,ok
835280,0002576-70.2018.8.16.0112,80,3,2026-01-06T01:27:50.923131,ok
835281,0009717-44.2017.8.16.0026,80,3,2026-01-06T01:27:50.923131,ok
835282,0024113-96.2017.8.16.0035,80,3,2026-01-06T01:27:50.923131,ok
835283,0005673-69.2018.8.16.0018,80,3,2026-01-06T01:27:50.923131,ok
835284,0006209-68.2017.8.16.0098,80,3,2026-01-06T01:27:50.923131,ok
835285,0003407-18.2015.8.16.0050,80,3,2026-01-06T01:27:50.923131,ok
835286,0004832-97.2018.8.16.0075,80,3,2026-01-06T01:27:50.923131,ok
835287,0004124-96.2017.8.16.0167,80,3,2026-01-06T01:27:50.923131,ok
835288,0005633-85.2017.8.16.0030,80,3,2026-01-06T01:27:50.923131,ok
835289,0014128-73.2017.8.16.0045,80,3,2026-01-06T01:27:50.923131,ok
835290,0027162-02.2017.8.16.0018,80,3,2026-01-06T01:27:50.923131,ok
835291,0002184-72.2017.8.16.0078,80,3,2026-01-06T01:27:50.923131,ok
835292,0011491-14.2018.8.16.0014,80,3,2026-01-06T01:27:50.923131,ok
835293,0031934-08.2017.8.16.0018,80,3,2026-01-06T01:27:50.923131,ok
835294,0001943-50.2018.8.16.0018,80,3,2026-01-06T01:27:50.923131,ok
835295,0000285-88.2018.8.16.0018,80,3,2026-01-06T01:27:50.923131,ok
835296,0001443-81.2018.8.16.0018,80,3,2026-01-06T01:27:50.923131,ok
835297,0003577-04.2018.8.16.9000,80,3,2026-01-06T01:27:50.923131,ok
835298,0003655-95.2018.8.16.9000,80,3,2026-01-06T01:27:50.923131,ok
835299,0003789-25.2018.8.16.9000,80,3,2026-01-06T01:27:50.923131,ok
835300,0004048-98.2017.8.16.0029,80,3,2026-01-06T01:27:50.923131,ok
835301,0004512-53.2017.8.16.0052,80,3,2026-01-06T01:27:50.923131,ok
835302,0003079-81.2017.8.16.0159,80,3,2026-01-06T01:27:50.923131,ok
835303,0005592-23.2018.8.16.0018,80,3,2026-01-06T01:27:50.923131,ok
835304,0010916-91.2018.8.16.0018,80,3,2026-01-06T01:27:50.923131,ok
835305,0002468-90.2018.8.16.0031,80,3,2026-01-06T01:27:50.923131,ok
835306,0008986-29.2018.8.16.0021,80,3,2026-01-06T01:27:50.923131,ok
835307,0036560-70.2017.8.16.0018,80,3,2026-01-06T01:27:50.923131,ok
835308,0012412-11.2017.8.16.0045,80,3,2026-01-06T01:27:50.923131,ok
835309,0058365-72.2017.8.16.0182,80,3,2026-01-06T01:27:50.923131,ok
835310,0044019-19.2017.8.16.0182,80,3,2026-01-06T01:27:50.923131,ok
835311,0003423-86.2018.8.16.0075,91,3,2026-01-06T01:27:50.923131,ok
835312,0002694-39.2016.8.16.0040,91,3,2026-01-06T01:27:50.923131,ok
835313,0003208-87.2018.8.16.0018,91,3,2026-01-06T01:27:50.923131,ok
835314,0000531-28.2018.8.16.0166,91,3,2026-01-06T01:27:50.923131,ok
835315,0002815-14.2016.8.16.0090,91,3,2026-01-06T01:27:50.923131,ok
835316,0002676-39.2018.8.16.0075,91,3,2026-01-06T01:27:50.923131,ok
835317,0000785-48.2017.8.16.0097,91,3,2026-01-06T01:27:50.923131,ok
835318,0000493-03.2018.8.16.0041,91,3,2026-01-06T01:27:50.923131,ok
835319,0002482-78.2017.8.16.0041,91,3,2026-01-06T01:27:50.923131,ok
835320,0000499-10.2018.8.16.0041,91,3,2026-01-06T01:27:50.923131,ok
835321,0006220-12.2018.8.16.0018,91,3,2026-01-06T01:27:50.923131,ok
835322,0001553-84.2018.8.16.0049,91,3,2026-01-06T01:27:50.923131,ok
835323,0011847-87.2018.8.16.0182,91,3,2026-01-06T01:27:50.923131,ok
835324,0002582-91.2018.8.16.0075,91,3,2026-01-06T01:27:50.923131,ok
835325,0026133-89.2018.8.16.0014,91,3,2026-01-06T01:27:50.923131,ok
835326,0003281-69.2017.8.16.0123,91,3,2026-01-06T01:27:50.923131,ok
835327,0039423-87.2017.8.16.0021,91,3,2026-01-06T01:27:50.923131,ok
835328,0012547-70.2018.8.16.0018,91,3,2026-01-06T01:27:50.923131,ok
835329,0005903-55.2018.8.16.0069,91,3,2026-01-06T01:27:50.923131,ok
835330,0016604-31.2018.8.16.0019,91,3,2026-01-06T01:27:50.923131,ok
835331,0018275-07.2018.8.16.0014,91,3,2026-01-06T01:27:50.923131,ok
835332,0004369-61.2015.8.16.0108,91,3,2026-01-06T01:27:50.923131,ok
835333,0001803-78.2017.8.16.0041,91,3,2026-01-06T01:27:50.923131,ok
835334,0001777-80.2017.8.16.0041,91,3,2026-01-06T01:27:50.923131,ok
835335,0005199-98.2018.8.16.0018,91,3,2026-01-06T01:27:50.923131,ok
835336,0002007-20.2017.8.16.0075,91,3,2026-01-06T01:27:50.923131,ok
835337,0002775-09.2018.8.16.0075,91,3,2026-01-06T01:27:50.923131,ok
835338,0001365-86.2018.8.16.0180,91,3,2026-01-06T01:27:50.923131,ok
835339,0005792-88.2018.8.16.0031,91,3,2026-01-06T01:27:50.923131,ok
835340,0001070-78.2018.8.16.0041,91,3,2026-01-06T01:27:50.923131,ok
835341,0000299-11.2015.8.16.0040,91,3,2026-01-06T01:27:50.923131,ok
835342,0001582-33.2018.8.16.0018,91,3,2026-01-06T01:27:50.923131,ok
835343,0003130-27.2017.8.16.0019,91,3,2026-01-06T01:27:50.923131,ok
835344,0002811-82.2017.8.16.0076,91,3,2026-01-06T01:27:50.923131,ok
835345,0001580-05.2017.8.16.0081,91,3,2026-01-06T01:27:50.923131,ok
835346,0003988-73.2018.8.16.0035,91,3,2026-01-06T01:27:50.923131,ok
835347,0007927-86.2017.8.16.0038,91,3,2026-01-06T01:27:50.923131,ok
835348,0062385-09.2017.8.16.0182,91,3,2026-01-06T01:27:50.923131,ok
835349,0001582-94.2018.8.16.0127,91,3,2026-01-06T01:27:50.923131,ok
835350,0002032-38.2017.8.16.0041,91,3,2026-01-06T01:27:50.923131,ok
835351,0009379-60.2018.8.16.0018,91,3,2026-01-06T01:27:50.923131,ok
835352,0000758-18.2018.8.16.0166,91,3,2026-01-06T01:27:50.923131,ok
835353,0001151-03.2018.8.16.0049,91,3,2026-01-06T01:27:50.923131,ok
835354,0003992-84.2018.8.16.9000,91,3,2026-01-06T01:27:50.923131,ok
835355,0004255-19.2018.8.16.9000,91,3,2026-01-06T01:27:50.923131,ok
835356,0004218-89.2018.8.16.9000,91,3,2026-01-06T01:27:50.923131,ok
835357,0003442-60.2017.8.16.0097,91,3,2026-01-06T01:27:50.923131,ok
835358,0010422-78.2017.8.16.0014,91,3,2026-01-06T01:27:50.923131,ok
835359,0003463-42.2017.8.16.0095,91,3,2026-01-06T01:27:50.923131,ok
835360,0000474-94.2018.8.16.0041,91,3,2026-01-06T01:27:50.923131,ok
835361,0000500-92.2018.8.16.0041,92,3,2026-01-06T01:27:50.923131,ok
835362,0000628-24.2015.8.16.0072,92,3,2026-01-06T01:27:50.923131,ok
835363,0018064-53.2018.8.16.0019,92,3,2026-01-06T01:27:50.923131,ok
835364,0000041-98.2018.8.16.0103,92,3,2026-01-06T01:27:50.923131,ok
835365,0003022-87.2018.8.16.0075,92,3,2026-01-06T01:27:50.923131,ok
835366,0002486-76.2018.8.16.0075,92,3,2026-01-06T01:27:50.923131,ok
835367,0001235-83.2018.8.16.0152,92,3,2026-01-06T01:27:50.923131,ok
835368,0000425-96.2018.8.16.0156,92,3,2026-01-06T01:27:50.923131,ok
835369,0033583-20.2017.8.16.0014,92,3,2026-01-06T01:27:50.923131,ok
835370,0001076-61.2018.8.16.0049,92,3,2026-01-06T01:27:50.923131,ok
835371,0001212-06.2018.8.16.0034,92,3,2026-01-06T01:27:50.923131,ok
835372,0001175-10.2018.8.16.0153,92,3,2026-01-06T01:27:50.923131,ok
835373,0002952-26.2017.8.16.0101,92,3,2026-01-06T01:27:50.923131,ok
835374,0027348-86.2017.8.16.0030,92,3,2026-01-06T01:27:50.923131,ok
835375,0005748-22.2017.8.16.0058,92,3,2026-01-06T01:27:50.923131,ok
835376,0001533-77.2017.8.16.0098,92,3,2026-01-06T01:27:50.923131,ok
835377,0000467-62.2018.8.16.0119,92,3,2026-01-06T01:27:50.923131,ok
835378,0000952-62.2018.8.16.0119,92,3,2026-01-06T01:27:50.923131,ok
835379,0002026-31.2017.8.16.0041,92,3,2026-01-06T01:27:50.923131,ok
835380,0000940-88.2018.8.16.0041,92,3,2026-01-06T01:27:50.923131,ok
835381,0001787-27.2017.8.16.0041,92,3,2026-01-06T01:27:50.923131,ok
835382,0001805-48.2017.8.16.0041,92,3,2026-01-06T01:27:50.923131,ok
835383,0001371-25.2018.8.16.0041,92,3,2026-01-06T01:27:50.923131,ok
835384,0000637-87.2018.8.16.0166,92,3,2026-01-06T01:27:50.923131,ok
835385,0000527-88.2018.8.16.0166,92,3,2026-01-06T01:27:50.923131,ok
835386,0009798-85.2015.8.16.0018,92,3,2026-01-06T01:27:50.923131,ok
835387,0000663-50.2015.8.16.0050,92,3,2026-01-06T01:27:50.923131,ok
835388,0002852-98.2015.8.16.0050,92,3,2026-01-06T01:27:50.923131,ok
835389,0003163-89.2015.8.16.0050,92,3,2026-01-06T01:27:50.923131,ok
835390,0001049-70.2016.8.16.0042,92,3,2026-01-06T01:27:50.923131,ok
835391,0061622-08.2017.8.16.0182,92,3,2026-01-06T01:27:50.923131,ok
835392,0037461-29.2017.8.16.0021,92,3,2026-01-06T01:27:50.923131,ok
835393,0044540-61.2017.8.16.0182,92,3,2026-01-06T01:27:50.923131,ok
835394,0000779-73.2018.8.16.0075,92,3,2026-01-06T01:27:50.923131,ok
835395,0047274-86.2017.8.16.0019,92,3,2026-01-06T01:27:50.923131,ok
835396,0000941-73.2018.8.16.0041,92,3,2026-01-06T01:27:50.923131,ok
835397,0039725-21.2017.8.16.0182,92,3,2026-01-06T01:27:50.923131,ok
835398,0003605-72.2018.8.16.0075,92,3,2026-01-06T01:27:50.923131,ok
835399,0004002-83.2016.8.16.0146,92,3,2026-01-06T01:27:50.923131,ok
835400,0000457-58.2018.8.16.0041,92,3,2026-01-06T01:27:50.923131,ok
835401,0001220-92.2018.8.16.0030,92,3,2026-01-06T01:27:50.923131,ok
835402,0001097-21.2018.8.16.0119,92,3,2026-01-06T01:27:50.923131,ok
835403,0015447-26.2018.8.16.0018,92,3,2026-01-06T01:27:50.923131,ok
835404,0000041-62.2018.8.16.0018,92,3,2026-01-06T01:27:50.923131,ok
835405,0005364-67.2018.8.16.0044,92,3,2026-01-06T01:27:50.923131,ok
835406,0000670-68.2018.8.16.0072,92,3,2026-01-06T01:27:50.923131,ok
835407,0003377-93.2018.8.16.0044,92,3,2026-01-06T01:27:50.923131,ok
835408,0044101-50.2017.8.16.0182,92,3,2026-01-06T01:27:50.923131,ok
835409,0003452-17.2017.8.16.0029,92,3,2026-01-06T01:27:50.923131,ok
835410,0001640-35.2018.8.16.0180,92,3,2026-01-06T01:27:50.923131,ok
835411,0015957-07.2016.8.16.0019,89,3,2026-01-06T01:27:50.923131,ok
835412,0027195-21.2015.8.16.0031,89,3,2026-01-06T01:27:50.923131,ok
835413,0001176-08.2014.8.16.0194,89,3,2026-01-06T01:27:50.923131,ok
835414,0024768-42.2018.8.16.0000,89,3,2026-01-06T01:27:50.923131,ok
835415,0008548-77.2016.8.16.0019,89,3,2026-01-06T01:27:50.923131,ok
835416,0000458-90.2016.8.16.0145,89,3,2026-01-06T01:27:50.923131,ok
835417,0012695-07.2016.8.16.0130,89,3,2026-01-06T01:27:50.923131,ok
835418,0003215-04.2016.8.16.0098,89,3,2026-01-06T01:27:50.923131,ok
835419,0003033-27.2017.8.16.0019,89,3,2026-01-06T01:27:50.923131,ok
835420,0027298-19.2018.8.16.0000,89,3,2026-01-06T01:27:50.923131,ok
835421,0030739-08.2018.8.16.0000,89,3,2026-01-06T01:27:50.923131,ok
835422,0032890-44.2018.8.16.0000,89,3,2026-01-06T01:27:50.923131,ok
835423,0040280-65.2018.8.16.0000,89,3,2026-01-06T01:27:50.923131,ok
835424,0041118-08.2018.8.16.0000,89,3,2026-01-06T01:27:50.923131,ok
835425,0018995-26.2013.8.16.0021,89,3,2026-01-06T01:27:50.923131,ok
835426,0000514-26.2013.8.16.0179,89,3,2026-01-06T01:27:50.923131,ok
835427,0003973-22.2018.8.16.0030,89,3,2026-01-06T01:27:50.923131,ok
835428,0000862-78.2018.8.16.0014,89,3,2026-01-06T01:27:50.923131,ok
835429,0006173-89.2017.8.16.0077,89,3,2026-01-06T01:27:50.923131,ok
835430,0012370-64.2014.8.16.0045,89,3,2026-01-06T01:27:50.923131,ok
835431,0001435-67.2017.8.16.0171,89,3,2026-01-06T01:27:50.923131,ok
835432,0052188-82.2015.8.16.0014,89,3,2026-01-06T01:27:50.923131,ok
835433,0005629-07.2017.8.16.0173,89,3,2026-01-06T01:27:50.923131,ok
835434,0004543-64.2018.8.16.9000,89,3,2026-01-06T01:27:50.923131,ok
835435,0004979-23.2018.8.16.9000,89,3,2026-01-06T01:27:50.923131,ok
835436,0003778-93.2018.8.16.9000,89,3,2026-01-06T01:27:50.923131,ok
835437,0002959-59.2018.8.16.9000,89,3,2026-01-06T01:27:50.923131,ok
835438,0003372-72.2018.8.16.9000,89,3,2026-01-06T01:27:50.923131,ok
835439,0008234-88.2015.8.16.0174,89,3,2026-01-06T01:27:50.923131,ok
835440,0002506-79.2015.8.16.0105,89,3,2026-01-06T01:27:50.923131,ok
835441,0002936-31.2015.8.16.0105,89,3,2026-01-06T01:27:50.923131,ok
835442,0018429-66.2017.8.16.0044,89,3,2026-01-06T01:27:50.923131,ok
835443,0001690-06.2018.8.16.0069,89,3,2026-01-06T01:27:50.923131,ok
835444,0013233-67.2015.8.16.0018,89,3,2026-01-06T01:27:50.923131,ok
835445,0004673-57.2018.8.16.0075,89,3,2026-01-06T01:27:50.923131,ok
835446,0003020-20.2018.8.16.0075,89,3,2026-01-06T01:27:50.923131,ok
835447,0011771-63.2018.8.16.0182,89,3,2026-01-06T01:27:50.923131,ok
835448,0045801-61.2017.8.16.0182,89,3,2026-01-06T01:27:50.923131,ok
835449,0059127-88.2017.8.16.0182,89,3,2026-01-06T01:27:50.923131,ok
835450,0004576-57.2018.8.16.0075,89,3,2026-01-06T01:27:50.923131,ok
835451,0003839-72.2018.8.16.0069,89,3,2026-01-06T01:27:50.923131,ok
835452,0001246-16.2017.8.16.0163,89,3,2026-01-06T01:27:50.923131,ok
835453,0002149-42.2017.8.16.0069,89,3,2026-01-06T01:27:50.923131,ok
835454,0055304-09.2017.8.16.0182,89,3,2026-01-06T01:27:50.923131,ok
835455,0000378-20.2018.8.16.0093,89,3,2026-01-06T01:27:50.923131,ok
835456,0002705-45.2017.8.16.0101,89,3,2026-01-06T01:27:50.923131,ok
835457,0002851-33.2018.8.16.0075,89,3,2026-01-06T01:27:50.923131,ok
835458,0005977-26.2018.8.16.0129,89,3,2026-01-06T01:27:50.923131,ok
835459,0007027-32.2018.8.16.0018,89,3,2026-01-06T01:27:50.923131,ok
835460,0036585-83.2017.8.16.0018,89,3,2026-01-06T01:27:50.923131,ok
835461,0004306-30.2018.8.16.9000,95,3,2026-01-06T01:27:50.923131,ok
835462,0004342-72.2018.8.16.9000,95,3,2026-01-06T01:27:50.923131,ok
835463,0004371-25.2018.8.16.9000,95,3,2026-01-06T01:27:50.923131,ok
835464,0004416-29.2018.8.16.9000,95,3,2026-01-06T01:27:50.923131,ok
835465,0004401-60.2018.8.16.9000,95,3,2026-01-06T01:27:50.923131,ok
835466,0002307-51.2017.8.16.0052,95,3,2026-01-06T01:27:50.923131,ok
835467,0009867-12.2018.8.16.0019,95,3,2026-01-06T01:27:50.923131,ok
835468,0007187-48.2018.8.16.0021,95,3,2026-01-06T01:27:50.923131,ok
835469,0003455-91.2018.8.16.0075,95,3,2026-01-06T01:27:50.923131,ok
835470,0003454-09.2018.8.16.0075,95,3,2026-01-06T01:27:50.923131,ok
835471,0004300-26.2018.8.16.0075,95,3,2026-01-06T01:27:50.923131,ok
835472,0035872-86.2018.8.16.0014,95,3,2026-01-06T01:27:50.923131,ok
835473,0001314-39.2017.8.16.0171,95,3,2026-01-06T01:27:50.923131,ok
835474,0013755-75.2017.8.16.0131,95,3,2026-01-06T01:27:50.923131,ok
835475,0004575-72.2018.8.16.0075,95,3,2026-01-06T01:27:50.923131,ok
835476,0001783-87.2017.8.16.0041,95,3,2026-01-06T01:27:50.923131,ok
835477,0002166-65.2017.8.16.0041,95,3,2026-01-06T01:27:50.923131,ok
835478,0001801-11.2017.8.16.0041,95,3,2026-01-06T01:27:50.923131,ok
835479,0002650-80.2017.8.16.0041,95,3,2026-01-06T01:27:50.923131,ok
835480,0001366-03.2018.8.16.0041,95,3,2026-01-06T01:27:50.923131,ok
835481,0004872-11.2018.8.16.0130,95,3,2026-01-06T01:27:50.923131,ok
835482,0005247-98.2018.8.16.0069,95,3,2026-01-06T01:27:50.923131,ok
835483,0002027-16.2017.8.16.0041,95,3,2026-01-06T01:27:50.923131,ok
835484,0002015-02.2017.8.16.0041,95,3,2026-01-06T01:27:50.923131,ok
835485,0002028-98.2017.8.16.0041,95,3,2026-01-06T01:27:50.923131,ok
835486,0001778-65.2017.8.16.0041,95,3,2026-01-06T01:27:50.923131,ok
835487,0000938-21.2018.8.16.0041,95,3,2026-01-06T01:27:50.923131,ok
835488,0002029-83.2017.8.16.0041,95,3,2026-01-06T01:27:50.923131,ok
835489,0001779-50.2017.8.16.0041,95,3,2026-01-06T01:27:50.923131,ok
835490,0000055-74.2018.8.16.0041,95,3,2026-01-06T01:27:50.923131,ok
835491,0011018-16.2018.8.16.0018,95,3,2026-01-06T01:27:50.923131,ok
835492,0002659-93.2017.8.16.0121,95,3,2026-01-06T01:27:50.923131,ok
835493,0003957-27.2018.8.16.9000,95,3,2026-01-06T01:27:50.923131,ok
835494,0003961-64.2018.8.16.9000,95,3,2026-01-06T01:27:50.923131,ok
835495,0049705-89.2017.8.16.0182,95,3,2026-01-06T01:27:50.923131,ok
835496,0000258-79.2018.8.16.0156,95,3,2026-01-06T01:27:50.923131,ok
835497,0002387-48.2017.8.16.0041,95,3,2026-01-06T01:27:50.923131,ok
835498,0033286-98.2017.8.16.0018,95,3,2026-01-06T01:27:50.923131,ok
835499,0001088-89.2018.8.16.0109,95,3,2026-01-06T01:27:50.923131,ok
835500,0001131-12.2018.8.16.0049,95,3,2026-01-06T01:27:50.923131,ok
835501,0009503-93.2017.8.16.0045,95,3,2026-01-06T01:27:50.923131,ok
835502,0011611-53.2016.8.16.0038,95,3,2026-01-06T01:27:50.923131,ok
835503,0000371-32.2018.8.16.0124,95,3,2026-01-06T01:27:50.923131,ok
835504,0003307-18.2018.8.16.0031,95,3,2026-01-06T01:27:50.923131,ok
835505,0001031-96.2018.8.16.0036,95,3,2026-01-06T01:27:50.923131,ok
835506,0002691-08.2018.8.16.0075,95,3,2026-01-06T01:27:50.923131,ok
835507,0004745-21.2018.8.16.0018,95,3,2026-01-06T01:27:50.923131,ok
835508,0003628-18.2018.8.16.0075,95,3,2026-01-06T01:27:50.923131,ok
835509,0003398-73.2018.8.16.0075,95,3,2026-01-06T01:27:50.923131,ok
835510,0003408-20.2018.8.16.0075,95,3,2026-01-06T01:27:50.923131,ok
835511,0001055-68.2016.8.16.0142,93,3,2026-01-06T01:27:50.923131,ok
835512,0017422-74.2018.8.16.0021,93,3,2026-01-06T01:27:50.923131,ok
835513,0001197-49.2018.8.16.0127,93,3,2026-01-06T01:27:50.923131,ok
835514,0010975-70.2018.8.16.0021,93,3,2026-01-06T01:27:50.923131,ok
835515,0004035-22.2017.8.16.0184,93,3,2026-01-06T01:27:50.923131,ok
835516,0012107-74.2018.8.16.0018,93,3,2026-01-06T01:27:50.923131,ok
835517,0002707-36.2018.8.16.0018,93,3,2026-01-06T01:27:50.923131,ok
835518,0001253-25.2018.8.16.0049,93,3,2026-01-06T01:27:50.923131,ok
835519,0000934-57.2018.8.16.0049,93,3,2026-01-06T01:27:50.923131,ok
835520,0000936-27.2018.8.16.0049,93,3,2026-01-06T01:27:50.923131,ok
835521,0029465-64.2018.8.16.0014,93,3,2026-01-06T01:27:50.923131,ok
835522,0001051-62.2018.8.16.0109,93,3,2026-01-06T01:27:50.923131,ok
835523,0001489-35.2017.8.16.0041,93,3,2026-01-06T01:27:50.923131,ok
835524,0001550-90.2017.8.16.0041,93,3,2026-01-06T01:27:50.923131,ok
835525,0002007-25.2017.8.16.0041,93,3,2026-01-06T01:27:50.923131,ok
835526,0001532-69.2017.8.16.0041,93,3,2026-01-06T01:27:50.923131,ok
835527,0000939-06.2018.8.16.0041,93,3,2026-01-06T01:27:50.923131,ok
835528,0026037-31.2015.8.16.0030,93,3,2026-01-06T01:27:50.923131,ok
835529,0003815-73.2017.8.16.0200,93,3,2026-01-06T01:27:50.923131,ok
835530,0013194-25.2015.8.16.0130,93,3,2026-01-06T01:27:50.923131,ok
835531,0002371-67.2015.8.16.0105,93,3,2026-01-06T01:27:50.923131,ok
835532,0003732-38.2018.8.16.0098,93,3,2026-01-06T01:27:50.923131,ok
835533,0037990-50.2017.8.16.0182,93,3,2026-01-06T01:27:50.923131,ok
835534,0000286-12.2015.8.16.0040,93,3,2026-01-06T01:27:50.923131,ok
835535,0001017-73.2018.8.16.0049,93,3,2026-01-06T01:27:50.923131,ok
835536,0000277-58.2016.8.16.0123,93,3,2026-01-06T01:27:50.923131,ok
835537,0003015-95.2018.8.16.0075,93,3,2026-01-06T01:27:50.923131,ok
835538,0001484-71.2018.8.16.0075,93,3,2026-01-06T01:27:50.923131,ok
835539,0002669-03.2017.8.16.0101,93,3,2026-01-06T01:27:50.923131,ok
835540,0002575-55.2017.8.16.0101,93,3,2026-01-06T01:27:50.923131,ok
835541,0018787-05.2017.8.16.0182,93,3,2026-01-06T01:27:50.923131,ok
835542,0000793-51.2017.8.16.0153,93,3,2026-01-06T01:27:50.923131,ok
835543,0002634-87.2018.8.16.0075,93,3,2026-01-06T01:27:50.923131,ok
835544,0004344-45.2018.8.16.0075,93,3,2026-01-06T01:27:50.923131,ok
835545,0001943-88.2017.8.16.0049,93,3,2026-01-06T01:27:50.923131,ok
835546,0025200-32.2017.8.16.0021,93,3,2026-01-06T01:27:50.923131,ok
835547,0003128-49.2018.8.16.0075,93,3,2026-01-06T01:27:50.923131,ok
835548,0003687-06.2018.8.16.0075,93,3,2026-01-06T01:27:50.923131,ok
835549,0002973-46.2018.8.16.0075,93,3,2026-01-06T01:27:50.923131,ok
835550,0001798-56.2017.8.16.0041,93,3,2026-01-06T01:27:50.923131,ok
835551,0002021-09.2017.8.16.0041,93,3,2026-01-06T01:27:50.923131,ok
835552,0001800-26.2017.8.16.0041,93,3,2026-01-06T01:27:50.923131,ok
835553,0001544-83.2017.8.16.0041,93,3,2026-01-06T01:27:50.923131,ok
835554,0033251-41.2017.8.16.0018,93,3,2026-01-06T01:27:50.923131,ok
835555,0002835-56.2018.8.16.0018,93,3,2026-01-06T01:27:50.923131,ok
835556,0001424-42.2016.8.16.0181,93,3,2026-01-06T01:27:50.923131,ok
835557,0001503-20.2018.8.16.0191,93,3,2026-01-06T01:27:50.923131,ok
835558,0000301-30.2018.8.16.0119,93,3,2026-01-06T01:27:50.923131,ok
835559,0000371-54.2018.8.16.0052,93,3,2026-01-06T01:27:50.923131,ok
835560,0002010-15.2018.8.16.0018,93,3,2026-01-06T01:27:50.923131,ok
835561,0010574-10.2017.8.16.0182,94,3,2026-01-06T01:27:50.923131,ok
835562,0002660-41.2017.8.16.0101,94,3,2026-01-06T01:27:50.923131,ok
835563,0002561-71.2017.8.16.0101,94,3,2026-01-06T01:27:50.923131,ok
835564,0006193-48.2018.8.16.0044,94,3,2026-01-06T01:27:50.923131,ok
835565,0004006-02.2017.8.16.0174,94,3,2026-01-06T01:27:50.923131,ok
835566,0005248-83.2018.8.16.0069,94,3,2026-01-06T01:27:50.923131,ok
835567,0003187-03.2017.8.16.0130,94,3,2026-01-06T01:27:50.923131,ok
835568,0003320-29.2014.8.16.0040,94,3,2026-01-06T01:27:50.923131,ok
835569,0046876-57.2017.8.16.0014,94,3,2026-01-06T01:27:50.923131,ok
835570,0005006-58.2017.8.16.0167,94,3,2026-01-06T01:27:50.923131,ok
835571,0005812-62.2018.8.16.0069,94,3,2026-01-06T01:27:50.923131,ok
835572,0004595-81.2018.8.16.0069,94,3,2026-01-06T01:27:50.923131,ok
835573,0004226-66.2018.8.16.9000,94,3,2026-01-06T01:27:50.923131,ok
835574,0003483-59.2018.8.16.0075,94,3,2026-01-06T01:27:50.923131,ok
835575,0003652-46.2018.8.16.0075,94,3,2026-01-06T01:27:50.923131,ok
835576,0003431-63.2018.8.16.0075,94,3,2026-01-06T01:27:50.923131,ok
835577,0002854-41.2017.8.16.0101,94,3,2026-01-06T01:27:50.923131,ok
835578,0000664-33.2017.8.16.0125,94,3,2026-01-06T01:27:50.923131,ok
835579,0001398-41.2018.8.16.0127,94,3,2026-01-06T01:27:50.923131,ok
835580,0005911-32.2018.8.16.0069,94,3,2026-01-06T01:27:50.923131,ok
835581,0001515-72.2018.8.16.0049,94,3,2026-01-06T01:27:50.923131,ok
835582,0010917-68.2017.8.16.0129,94,3,2026-01-06T01:27:50.923131,ok
835583,0003639-44.2018.8.16.9000,94,3,2026-01-06T01:27:50.923131,ok
835584,0003593-70.2017.8.16.0147,94,3,2026-01-06T01:27:50.923131,ok
835585,0003721-04.2018.8.16.0035,94,3,2026-01-06T01:27:50.923131,ok
835586,0002411-47.2017.8.16.0083,94,3,2026-01-06T01:27:50.923131,ok
835587,0014432-22.2018.8.16.0018,94,3,2026-01-06T01:27:50.923131,ok
835588,0029439-88.2017.8.16.0018,94,3,2026-01-06T01:27:50.923131,ok
835589,0020870-98.2017.8.16.0018,94,3,2026-01-06T01:27:50.923131,ok
835590,0002849-50.2017.8.16.0123,94,3,2026-01-06T01:27:50.923131,ok
835591,0001175-31.2017.8.16.0125,94,3,2026-01-06T01:27:50.923131,ok
835592,0000957-84.2018.8.16.0119,94,3,2026-01-06T01:27:50.923131,ok
835593,0000280-66.2018.8.16.0018,94,3,2026-01-06T01:27:50.923131,ok
835594,0000161-08.2018.8.16.0018,94,3,2026-01-06T01:27:50.923131,ok
835595,0001262-80.2018.8.16.0018,94,3,2026-01-06T01:27:50.923131,ok
835596,0043934-37.2017.8.16.0019,94,3,2026-01-06T01:27:50.923131,ok
835597,0046390-72.2017.8.16.0014,94,3,2026-01-06T01:27:50.923131,ok
835598,0003860-27.2018.8.16.9000,94,3,2026-01-06T01:27:50.923131,ok
835599,0003845-58.2018.8.16.9000,94,3,2026-01-06T01:27:50.923131,ok
835600,0003772-86.2018.8.16.9000,94,3,2026-01-06T01:27:50.923131,ok
835601,0025581-80.2016.8.16.0019,94,3,2026-01-06T01:27:50.923131,ok
835602,0004437-75.2015.8.16.0119,94,3,2026-01-06T01:27:50.923131,ok
835603,0004100-76.2018.8.16.0056,94,3,2026-01-06T01:27:50.923131,ok
835604,0003880-18.2018.8.16.9000,94,3,2026-01-06T01:27:50.923131,ok
835605,0003881-03.2018.8.16.9000,94,3,2026-01-06T01:27:50.923131,ok
835606,0005009-90.2018.8.16.0130,94,3,2026-01-06T01:27:50.923131,ok
835607,0023234-43.2017.8.16.0018,94,3,2026-01-06T01:27:50.923131,ok
835608,0004442-13.2015.8.16.0050,94,3,2026-01-06T01:27:50.923131,ok
835609,0002236-55.2015.8.16.0105,94,3,2026-01-06T01:27:50.923131,ok
835610,0004271-70.2018.8.16.9000,94,3,2026-01-06T01:27:50.923131,ok
835611,0000382-59.2017.8.16.0039,97,3,2026-01-06T01:27:50.923131,ok
835612,0008344-17.2018.8.16.0034,97,3,2026-01-06T01:27:50.923131,ok
835613,0004766-20.2018.8.16.0075,97,3,2026-01-06T01:27:50.923131,ok
835614,0003827-40.2018.8.16.0075,97,3,2026-01-06T01:27:50.923131,ok
835615,0004891-85.2018.8.16.0075,97,3,2026-01-06T01:27:50.923131,ok
835616,0003577-60.2017.8.16.0101,97,3,2026-01-06T01:27:50.923131,ok
835617,0003429-49.2017.8.16.0101,97,3,2026-01-06T01:27:50.923131,ok
835618,0002689-91.2017.8.16.0101,97,3,2026-01-06T01:27:50.923131,ok
835619,0005280-69.2017.8.16.0119,97,3,2026-01-06T01:27:50.923131,ok
835620,0007646-03.2018.8.16.0069,97,3,2026-01-06T01:27:50.923131,ok
835621,0003744-21.2018.8.16.9000,97,3,2026-01-06T01:27:50.923131,ok
835622,0027148-64.2017.8.16.0035,97,3,2026-01-06T01:27:50.923131,ok
835623,0002370-44.2018.8.16.0019,97,3,2026-01-06T01:27:50.923131,ok
835624,0061708-76.2017.8.16.0182,97,3,2026-01-06T01:27:50.923131,ok
835625,0005411-83.2018.8.16.0030,97,3,2026-01-06T01:27:50.923131,ok
835626,0000501-77.2018.8.16.0041,97,3,2026-01-06T01:27:50.923131,ok
835627,0081974-06.2017.8.16.0014,97,3,2026-01-06T01:27:50.923131,ok
835628,0010489-14.2017.8.16.0056,97,3,2026-01-06T01:27:50.923131,ok
835629,0022794-47.2017.8.16.0018,97,3,2026-01-06T01:27:50.923131,ok
835630,0002591-66.2015.8.16.0040,97,3,2026-01-06T01:27:50.923131,ok
835631,0003717-88.2014.8.16.0040,97,3,2026-01-06T01:27:50.923131,ok
835632,0001289-63.2018.8.16.0018,97,3,2026-01-06T01:27:50.923131,ok
835633,0006205-43.2018.8.16.0018,97,3,2026-01-06T01:27:50.923131,ok
835634,0004597-98.2017.8.16.0097,97,3,2026-01-06T01:27:50.923131,ok
835635,0001066-28.2017.8.16.0186,97,3,2026-01-06T01:27:50.923131,ok
835636,0000712-17.2018.8.16.0170,97,3,2026-01-06T01:27:50.923131,ok
835637,0038481-61.2017.8.16.0019,97,3,2026-01-06T01:27:50.923131,ok
835638,0004513-32.2018.8.16.0075,97,3,2026-01-06T01:27:50.923131,ok
835639,0003204-73.2018.8.16.0075,97,3,2026-01-06T01:27:50.923131,ok
835640,0001724-60.2018.8.16.0075,97,3,2026-01-06T01:27:50.923131,ok
835641,0009171-36.2015.8.16.0130,97,3,2026-01-06T01:27:50.923131,ok
835642,0002404-51.2017.8.16.0052,97,3,2026-01-06T01:27:50.923131,ok
835643,0004225-73.2017.8.16.0187,97,3,2026-01-06T01:27:50.923131,ok
835644,0003734-74.2018.8.16.9000,97,3,2026-01-06T01:27:50.923131,ok
835645,0003870-71.2018.8.16.9000,97,3,2026-01-06T01:27:50.923131,ok
835646,0008364-53.2018.8.16.0019,97,3,2026-01-06T01:27:50.923131,ok
835647,0001066-96.2018.8.16.0055,97,3,2026-01-06T01:27:50.923131,ok
835648,0003840-74.2018.8.16.0031,97,3,2026-01-06T01:27:50.923131,ok
835649,0003673-22.2018.8.16.0075,97,3,2026-01-06T01:27:50.923131,ok
835650,0000666-13.2018.8.16.0175,97,3,2026-01-06T01:27:50.923131,ok
835651,0001174-46.2017.8.16.0125,97,3,2026-01-06T01:27:50.923131,ok
835652,0001452-07.2018.8.16.0127,97,3,2026-01-06T01:27:50.923131,ok
835653,0000313-84.2018.8.16.0041,97,3,2026-01-06T01:27:50.923131,ok
835654,0006948-53.2018.8.16.0018,97,3,2026-01-06T01:27:50.923131,ok
835655,0001042-82.2018.8.16.0018,97,3,2026-01-06T01:27:50.923131,ok
835656,0000327-40.2018.8.16.0018,97,3,2026-01-06T01:27:50.923131,ok
835657,0001153-70.2018.8.16.0049,97,3,2026-01-06T01:27:50.923131,ok
835658,0001254-70.2016.8.16.0181,97,3,2026-01-06T01:27:50.923131,ok
835659,0004049-39.2018.8.16.0000,97,3,2026-01-06T01:27:50.923131,ok
835660,0011002-19.2018.8.16.0000,97,3,2026-01-06T01:27:50.923131,ok
835661,0009169-02.2018.8.16.0182,96,3,2026-01-06T01:27:50.923131,ok
835662,0001374-77.2018.8.16.0041,96,3,2026-01-06T01:27:50.923131,ok
835663,0002807-03.2018.8.16.0014,96,3,2026-01-06T01:27:50.923131,ok
835664,0001194-74.2018.8.16.0166,96,3,2026-01-06T01:27:50.923131,ok
835665,0000784-16.2018.8.16.0166,96,3,2026-01-06T01:27:50.923131,ok
835666,0002086-64.2017.8.16.0118,96,3,2026-01-06T01:27:50.923131,ok
835667,0004164-26.2018.8.16.9000,96,3,2026-01-06T01:27:50.923131,ok
835668,0004278-62.2018.8.16.9000,96,3,2026-01-06T01:27:50.923131,ok
835669,0004674-42.2018.8.16.0075,96,3,2026-01-06T01:27:50.923131,ok
835670,0008373-34.2017.8.16.0024,96,3,2026-01-06T01:27:50.923131,ok
835671,0020243-53.2018.8.16.0182,96,3,2026-01-06T01:27:50.923131,ok
835672,0005026-62.2017.8.16.0195,96,3,2026-01-06T01:27:50.923131,ok
835673,0000934-81.2018.8.16.0041,96,3,2026-01-06T01:27:50.923131,ok
835674,0008325-23.2018.8.16.0030,96,3,2026-01-06T01:27:50.923131,ok
835675,0014465-17.2015.8.16.0018,96,3,2026-01-06T01:27:50.923131,ok
835676,0001256-59.2018.8.16.0152,96,3,2026-01-06T01:27:50.923131,ok
835677,0002953-11.2017.8.16.0101,96,3,2026-01-06T01:27:50.923131,ok
835678,0017901-18.2014.8.16.0018,96,3,2026-01-06T01:27:50.923131,ok
835679,0000834-15.2018.8.16.0175,96,3,2026-01-06T01:27:50.923131,ok
835680,0004426-22.2017.8.16.0072,96,3,2026-01-06T01:27:50.923131,ok
835681,0001621-34.2018.8.16.0049,96,3,2026-01-06T01:27:50.923131,ok
835682,0007610-58.2018.8.16.0069,96,3,2026-01-06T01:27:50.923131,ok
835683,0003255-84.2018.8.16.0075,96,3,2026-01-06T01:27:50.923131,ok
835684,0005164-97.2016.8.16.0119,96,3,2026-01-06T01:27:50.923131,ok
835685,0068157-69.2017.8.16.0014,96,3,2026-01-06T01:27:50.923131,ok
835686,0053540-07.2017.8.16.0014,96,3,2026-01-06T01:27:50.923131,ok
835687,0036440-18.2017.8.16.0021,96,3,2026-01-06T01:27:50.923131,ok
835688,0000888-08.2018.8.16.0069,96,3,2026-01-06T01:27:50.923131,ok
835689,0006844-10.2018.8.16.0035,96,3,2026-01-06T01:27:50.923131,ok
835690,0011321-23.2018.8.16.0182,96,3,2026-01-06T01:27:50.923131,ok
835691,0000609-02.2018.8.16.0205,96,3,2026-01-06T01:27:50.923131,ok
835692,0000892-18.2018.8.16.0175,96,3,2026-01-06T01:27:50.923131,ok
835693,0003407-32.2018.8.16.9000,96,3,2026-01-06T01:27:50.923131,ok
835694,0003573-64.2018.8.16.9000,96,3,2026-01-06T01:27:50.923131,ok
835695,0003697-47.2018.8.16.9000,96,3,2026-01-06T01:27:50.923131,ok
835696,0003767-64.2018.8.16.9000,96,3,2026-01-06T01:27:50.923131,ok
835697,0000964-76.2018.8.16.0119,96,3,2026-01-06T01:27:50.923131,ok
835698,0005516-21.2017.8.16.0119,96,3,2026-01-06T01:27:50.923131,ok
835699,0002597-02.2017.8.16.0041,96,3,2026-01-06T01:27:50.923131,ok
835700,0002598-84.2017.8.16.0041,96,3,2026-01-06T01:27:50.923131,ok
835701,0001287-24.2018.8.16.0041,96,3,2026-01-06T01:27:50.923131,ok
835702,0000883-46.2018.8.16.0049,96,3,2026-01-06T01:27:50.923131,ok
835703,0002325-20.2014.8.16.0168,96,3,2026-01-06T01:27:50.923131,ok
835704,0019962-95.2018.8.16.0021,96,3,2026-01-06T01:27:50.923131,ok
835705,0001741-72.2018.8.16.0180,96,3,2026-01-06T01:27:50.923131,ok
835706,0012270-66.2016.8.16.0069,96,3,2026-01-06T01:27:50.923131,ok
835707,0015227-21.2018.8.16.0182,96,3,2026-01-06T01:27:50.923131,ok
835708,0005110-68.2018.8.16.0182,96,3,2026-01-06T01:27:50.923131,ok
835709,0062471-77.2017.8.16.0182,96,3,2026-01-06T01:27:50.923131,ok
835710,0002999-30.2018.8.16.0112,96,3,2026-01-06T01:27:50.923131,ok
835711,0004416-32.2018.8.16.0075,105,3,2026-01-06T01:27:50.923131,ok
835712,0003024-57.2018.8.16.0075,105,3,2026-01-06T01:27:50.923131,ok
835713,0041277-21.2017.8.16.0182,105,3,2026-01-06T01:27:50.923131,ok
835714,0062069-93.2017.8.16.0182,105,3,2026-01-06T01:27:50.923131,ok
835715,0001313-77.2018.8.16.0152,105,3,2026-01-06T01:27:50.923131,ok
835716,0003885-55.2017.8.16.0147,105,3,2026-01-06T01:27:50.923131,ok
835717,0056961-83.2017.8.16.0182,105,3,2026-01-06T01:27:50.923131,ok
835718,0004150-42.2018.8.16.9000,105,3,2026-01-06T01:27:50.923131,ok
835719,0004156-49.2018.8.16.9000,105,3,2026-01-06T01:27:50.923131,ok
835720,0004159-04.2018.8.16.9000,105,3,2026-01-06T01:27:50.923131,ok
835721,0004128-81.2018.8.16.9000,105,3,2026-01-06T01:27:50.923131,ok
835722,0004130-51.2018.8.16.9000,105,3,2026-01-06T01:27:50.923131,ok
835723,0057555-97.2017.8.16.0182,105,3,2026-01-06T01:27:50.923131,ok
835724,0011194-28.2017.8.16.0083,105,3,2026-01-06T01:27:50.923131,ok
835725,0000149-40.2018.8.16.0035,105,3,2026-01-06T01:27:50.923131,ok
835726,0003841-21.2018.8.16.9000,105,3,2026-01-06T01:27:50.923131,ok
835727,0001602-47.2018.8.16.0075,105,3,2026-01-06T01:27:50.923131,ok
835728,0001306-25.2018.8.16.0075,105,3,2026-01-06T01:27:50.923131,ok
835729,0005607-44.2018.8.16.0130,105,3,2026-01-06T01:27:50.923131,ok
835730,0003861-12.2018.8.16.9000,105,3,2026-01-06T01:27:50.923131,ok
835731,0009771-08.2016.8.16.0038,105,3,2026-01-06T01:27:50.923131,ok
835732,0051206-78.2017.8.16.0182,105,3,2026-01-06T01:27:50.923131,ok
835733,0002059-79.2018.8.16.0075,105,3,2026-01-06T01:27:50.923131,ok
835734,0004318-44.2018.8.16.9000,105,3,2026-01-06T01:27:50.923131,ok
835735,0003556-54.2018.8.16.0035,105,3,2026-01-06T01:27:50.923131,ok
835736,0002223-83.2017.8.16.0041,105,3,2026-01-06T01:27:50.923131,ok
835737,0002481-60.2017.8.16.0052,105,3,2026-01-06T01:27:50.923131,ok
835738,0000761-20.2018.8.16.0021,105,3,2026-01-06T01:27:50.923131,ok
835739,0000309-36.2017.8.16.0153,105,3,2026-01-06T01:27:50.923131,ok
835740,0003504-35.2018.8.16.0075,105,3,2026-01-06T01:27:50.923131,ok
835741,0002900-34.2018.8.16.0056,105,3,2026-01-06T01:27:50.923131,ok
835742,0000250-56.2018.8.16.0042,105,3,2026-01-06T01:27:50.923131,ok
835743,0001546-92.2018.8.16.0049,105,3,2026-01-06T01:27:50.923131,ok
835744,0007257-67.2018.8.16.0182,105,3,2026-01-06T01:27:50.923131,ok
835745,0009801-28.2018.8.16.0182,105,3,2026-01-06T01:27:50.923131,ok
835746,0001395-86.2018.8.16.0127,105,3,2026-01-06T01:27:50.923131,ok
835747,0001400-11.2018.8.16.0127,105,3,2026-01-06T01:27:50.923131,ok
835748,0000807-73.2018.8.16.0129,105,3,2026-01-06T01:27:50.923131,ok
835749,0004240-50.2018.8.16.9000,105,3,2026-01-06T01:27:50.923131,ok
835750,0003428-11.2018.8.16.0075,105,3,2026-01-06T01:27:50.923131,ok
835751,0002805-22.2017.8.16.0029,105,3,2026-01-06T01:27:50.923131,ok
835752,0000223-88.2018.8.16.0134,105,3,2026-01-06T01:27:50.923131,ok
835753,0005300-60.2017.8.16.0119,105,3,2026-01-06T01:27:50.923131,ok
835754,0000380-89.2017.8.16.0039,105,3,2026-01-06T01:27:50.923131,ok
835755,0000724-43.2018.8.16.0166,105,3,2026-01-06T01:27:50.923131,ok
835756,0005403-67.2017.8.16.0119,105,3,2026-01-06T01:27:50.923131,ok
835757,0001275-23.2018.8.16.0166,105,3,2026-01-06T01:27:50.923131,ok
835758,0003434-15.2018.8.16.9000,105,3,2026-01-06T01:27:50.923131,ok
835759,0003454-27.2017.8.16.0048,105,3,2026-01-06T01:27:50.923131,ok
835760,0003478-54.2015.8.16.0168,105,3,2026-01-06T01:27:50.923131,ok
835761,0025621-51.2018.8.16.0000,98,3,2026-01-06T01:27:50.923131,ok
835762,0042080-67.2014.8.16.0001,98,3,2026-01-06T01:27:50.923131,ok
835763,0037331-44.2014.8.16.0021,98,3,2026-01-06T01:27:50.923131,ok
835764,0030333-84.2018.8.16.0000,98,3,2026-01-06T01:27:50.923131,ok
835765,0034687-91.2014.8.16.0001,98,3,2026-01-06T01:27:50.923131,ok
835766,0012382-86.2017.8.16.0170,98,3,2026-01-06T01:27:50.923131,ok
835767,0006656-02.2017.8.16.0019,98,3,2026-01-06T01:27:50.923131,ok
835768,0003937-39.2016.8.16.0130,98,3,2026-01-06T01:27:50.923131,ok
835769,0048118-59.2018.8.16.0000,98,3,2026-01-06T01:27:50.923131,ok
835770,0004856-85.2016.8.16.0014,98,3,2026-01-06T01:27:50.923131,ok
835771,0042315-32.2017.8.16.0000,98,3,2026-01-06T01:27:50.923131,ok
835772,0001131-87.2018.8.16.0121,98,3,2026-01-06T01:27:50.923131,ok
835773,0028217-08.2018.8.16.0000,98,3,2026-01-06T01:27:50.923131,ok
835774,0009941-52.2017.8.16.0035,98,3,2026-01-06T01:27:50.923131,ok
835775,0001201-97.2017.8.16.0070,98,3,2026-01-06T01:27:50.923131,ok
835776,0003127-83.2004.8.16.0001,98,3,2026-01-06T01:27:50.923131,ok
835777,0051756-03.2018.8.16.0000,98,3,2026-01-06T01:27:50.923131,ok
835778,0052637-77.2018.8.16.0000,98,3,2026-01-06T01:27:50.923131,ok
835779,0052753-83.2018.8.16.0000,98,3,2026-01-06T01:27:50.923131,ok
835780,0052774-59.2018.8.16.0000,98,3,2026-01-06T01:27:50.923131,ok
835781,0053379-05.2018.8.16.0000,98,3,2026-01-06T01:27:50.923131,ok
835782,0053414-62.2018.8.16.0000,98,3,2026-01-06T01:27:50.923131,ok
835783,0000696-24.2016.8.16.0044,98,3,2026-01-06T01:27:50.923131,ok
835784,0019436-94.2018.8.16.0000,98,3,2026-01-06T01:27:50.923131,ok
835785,0001966-78.2017.8.16.0196,98,3,2026-01-06T01:27:50.923131,ok
835786,0026688-51.2018.8.16.0000,98,3,2026-01-06T01:27:50.923131,ok
835787,0026816-71.2018.8.16.0000,98,3,2026-01-06T01:27:50.923131,ok
835788,0002976-90.2017.8.16.0089,98,3,2026-01-06T01:27:50.923131,ok
835789,0027411-70.2018.8.16.0000,98,3,2026-01-06T01:27:50.923131,ok
835790,0067196-31.2017.8.16.0014,98,3,2026-01-06T01:27:50.923131,ok
835791,0009092-68.2014.8.16.0170,98,3,2026-01-06T01:27:50.923131,ok
835792,0012210-54.2013.8.16.0116,98,3,2026-01-06T01:27:50.923131,ok
835793,0006226-95.2017.8.16.0101,98,3,2026-01-06T01:27:50.923131,ok
835794,0042165-17.2018.8.16.0000,98,3,2026-01-06T01:27:50.923131,ok
835795,0007632-33.2018.8.16.0129,98,3,2026-01-06T01:27:50.923131,ok
835796,0023219-06.2015.8.16.0031,98,3,2026-01-06T01:27:50.923131,ok
835797,0008920-41.2007.8.16.0116,98,3,2026-01-06T01:27:50.923131,ok
835798,0035602-28.2010.8.16.0019,98,3,2026-01-06T01:27:50.923131,ok
835799,0049449-76.2018.8.16.0000,98,3,2026-01-06T01:27:50.923131,ok
835800,0032401-09.2015.8.16.0001,98,3,2026-01-06T01:27:50.923131,ok
835801,0050771-34.2018.8.16.0000,98,3,2026-01-06T01:27:50.923131,ok
835802,0050907-31.2018.8.16.0000,98,3,2026-01-06T01:27:50.923131,ok
835803,0047092-26.2018.8.16.0000,98,3,2026-01-06T01:27:50.923131,ok
835804,0048673-76.2018.8.16.0000,98,3,2026-01-06T01:27:50.923131,ok
835805,0049590-95.2018.8.16.0000,98,3,2026-01-06T01:27:50.923131,ok
835806,0049978-95.2018.8.16.0000,98,3,2026-01-06T01:27:50.923131,ok
835807,0051576-84.2018.8.16.0000,98,3,2026-01-06T01:27:50.923131,ok
835808,0052555-46.2018.8.16.0000,98,3,2026-01-06T01:27:50.923131,ok
835809,0052725-18.2018.8.16.0000,98,3,2026-01-06T01:27:50.923131,ok
835810,0052727-85.2018.8.16.0000,98,3,2026-01-06T01:27:50.923131,ok
835811,0021950-20.2018.8.16.0000,101,3,2026-01-06T01:27:50.923131,ok
835812,0022962-69.2018.8.16.0000,101,3,2026-01-06T01:27:50.923131,ok
835813,0023667-67.2018.8.16.0000,101,3,2026-01-06T01:27:50.923131,ok
835814,0045519-57.2008.8.16.0014,101,3,2026-01-06T01:27:50.923131,ok
835815,0024275-65.2018.8.16.0000,101,3,2026-01-06T01:27:50.923131,ok
835816,0024569-20.2018.8.16.0000,101,3,2026-01-06T01:27:50.923131,ok
835817,0024625-53.2018.8.16.0000,101,3,2026-01-06T01:27:50.923131,ok
835818,0025050-80.2018.8.16.0000,101,3,2026-01-06T01:27:50.923131,ok
835819,0025074-11.2018.8.16.0000,101,3,2026-01-06T01:27:50.923131,ok
835820,0025039-19.2016.8.16.0001,101,3,2026-01-06T01:27:50.923131,ok
835821,0065514-41.2017.8.16.0014,101,3,2026-01-06T01:27:50.923131,ok
835822,0001393-43.2017.8.16.0001,101,3,2026-01-06T01:27:50.923131,ok
835823,0009579-02.2017.8.16.0148,101,3,2026-01-06T01:27:50.923131,ok
835824,0031721-22.2018.8.16.0000,101,3,2026-01-06T01:27:50.923131,ok
835825,0000935-21.2017.8.16.0035,101,3,2026-01-06T01:27:50.923131,ok
835826,0000528-30.2008.8.16.0132,101,3,2026-01-06T01:27:50.923131,ok
835827,0050017-92.2018.8.16.0000,101,3,2026-01-06T01:27:50.923131,ok
835828,0000998-56.2017.8.16.0161,101,3,2026-01-06T01:27:50.923131,ok
835829,0009369-39.2014.8.16.0185,101,3,2026-01-06T01:27:50.923131,ok
835830,0000142-82.2018.8.16.0056,101,3,2026-01-06T01:27:50.923131,ok
835831,0005256-81.2012.8.16.0033,101,3,2026-01-06T01:27:50.923131,ok
835832,0013780-88.2017.8.16.0131,101,3,2026-01-06T01:27:50.923131,ok
835833,0003314-38.2015.8.16.0088,101,3,2026-01-06T01:27:50.923131,ok
835834,0029054-63.2018.8.16.0000,101,3,2026-01-06T01:27:50.923131,ok
835835,0045142-79.2018.8.16.0000,101,3,2026-01-06T01:27:50.923131,ok
835836,0028844-12.2018.8.16.0000,101,3,2026-01-06T01:27:50.923131,ok
835837,0036811-11.2018.8.16.0000,101,3,2026-01-06T01:27:50.923131,ok
835838,0037408-77.2018.8.16.0000,101,3,2026-01-06T01:27:50.923131,ok
835839,0011142-95.2011.8.16.0130,101,3,2026-01-06T01:27:50.923131,ok
835840,0046968-43.2018.8.16.0000,101,3,2026-01-06T01:27:50.923131,ok
835841,0031945-68.2016.8.16.0019,101,3,2026-01-06T01:27:50.923131,ok
835842,0011279-08.2013.8.16.0001,101,3,2026-01-06T01:27:50.923131,ok
835843,0001277-76.2016.8.16.0161,101,3,2026-01-06T01:27:50.923131,ok
835844,0049579-66.2018.8.16.0000,101,3,2026-01-06T01:27:50.923131,ok
835845,0053845-96.2018.8.16.0000,101,3,2026-01-06T01:27:50.923131,ok
835846,0011980-93.2018.8.16.0000,101,3,2026-01-06T01:27:50.923131,ok
835847,0003181-58.2017.8.16.0077,101,3,2026-01-06T01:27:50.923131,ok
835848,0049022-79.2018.8.16.0000,101,3,2026-01-06T01:27:50.923131,ok
835849,0001733-08.2015.8.16.0146,101,3,2026-01-06T01:27:50.923131,ok
835850,0050443-07.2018.8.16.0000,101,3,2026-01-06T01:27:50.923131,ok
835851,0016132-87.2018.8.16.0000,101,3,2026-01-06T01:27:50.923131,ok
835852,0030554-67.2018.8.16.0000,101,3,2026-01-06T01:27:50.923131,ok
835853,0009048-48.2007.8.16.0185,101,3,2026-01-06T01:27:50.923131,ok
835854,0053227-54.2018.8.16.0000,101,3,2026-01-06T01:27:50.923131,ok
835855,0018575-71.2015.8.16.0014,101,3,2026-01-06T01:27:50.923131,ok
835856,0045089-42.2011.8.16.0001,101,3,2026-01-06T01:27:50.923131,ok
835857,0001442-35.2017.8.16.0179,101,3,2026-01-06T01:27:50.923131,ok
835858,0000828-22.2004.8.16.0038,101,3,2026-01-06T01:27:50.923131,ok
835859,0011229-22.2016.8.16.0083,101,3,2026-01-06T01:27:50.923131,ok
835860,0028087-92.2017.8.16.0019,101,3,2026-01-06T01:27:50.923131,ok
835861,0000733-09.2017.8.16.0079,102,3,2026-01-06T01:27:50.923131,ok
835862,0077669-23.2010.8.16.0014,102,3,2026-01-06T01:27:50.923131,ok
835863,0016939-10.2018.8.16.0000,102,3,2026-01-06T01:27:50.923131,ok
835864,0017964-74.2013.8.16.0019,102,3,2026-01-06T01:27:50.923131,ok
835865,0048994-14.2018.8.16.0000,102,3,2026-01-06T01:27:50.923131,ok
835866,0031630-29.2018.8.16.0000,102,3,2026-01-06T01:27:50.923131,ok
835867,0002353-67.2015.8.16.0001,102,3,2026-01-06T01:27:50.923131,ok
835868,0000613-04.2016.8.16.0013,102,3,2026-01-06T01:27:50.923131,ok
835869,0004605-04.2017.8.16.0056,102,3,2026-01-06T01:27:50.923131,ok
835870,0005416-41.2018.8.16.0019,102,3,2026-01-06T01:27:50.923131,ok
835871,0014945-78.2018.8.16.0021,102,3,2026-01-06T01:27:50.923131,ok
835872,0018466-36.2015.8.16.0021,102,3,2026-01-06T01:27:50.923131,ok
835873,0001205-68.2016.8.16.0168,102,3,2026-01-06T01:27:50.923131,ok
835874,0004140-15.2018.8.16.0038,102,3,2026-01-06T01:27:50.923131,ok
835875,0048472-84.2018.8.16.0000,102,3,2026-01-06T01:27:50.923131,ok
835876,0048972-53.2018.8.16.0000,102,3,2026-01-06T01:27:50.923131,ok
835877,0048986-37.2018.8.16.0000,102,3,2026-01-06T01:27:50.923131,ok
835878,0049177-82.2018.8.16.0000,102,3,2026-01-06T01:27:50.923131,ok
835879,0049539-84.2018.8.16.0000,102,3,2026-01-06T01:27:50.923131,ok
835880,0051721-43.2018.8.16.0000,102,3,2026-01-06T01:27:50.923131,ok
835881,0051836-64.2018.8.16.0000,102,3,2026-01-06T01:27:50.923131,ok
835882,0052204-73.2018.8.16.0000,102,3,2026-01-06T01:27:50.923131,ok
835883,0004196-52.2013.8.16.0158,102,3,2026-01-06T01:27:50.923131,ok
835884,0023544-69.2018.8.16.0000,102,3,2026-01-06T01:27:50.923131,ok
835885,0000107-02.2017.8.16.0172,102,3,2026-01-06T01:27:50.923131,ok
835886,0002669-41.2017.8.16.0056,102,3,2026-01-06T01:27:50.923131,ok
835887,0034083-71.2017.8.16.0019,102,3,2026-01-06T01:27:50.923131,ok
835888,0000075-65.2009.8.16.0143,102,3,2026-01-06T01:27:50.923131,ok
835889,0003786-43.2014.8.16.0001,102,3,2026-01-06T01:27:50.923131,ok
835890,0010928-97.2013.8.16.0045,102,3,2026-01-06T01:27:50.923131,ok
835891,0011264-10.2017.8.16.0030,102,3,2026-01-06T01:27:50.923131,ok
835892,0004670-51.2016.8.16.0050,102,3,2026-01-06T01:27:50.923131,ok
835893,0005417-44.2018.8.16.0013,102,3,2026-01-06T01:27:50.923131,ok
835894,0000150-14.2014.8.16.0084,102,3,2026-01-06T01:27:50.923131,ok
835895,0001565-20.2010.8.16.0004,102,3,2026-01-06T01:27:50.923131,ok
835896,0004081-16.2015.8.16.0108,102,3,2026-01-06T01:27:50.923131,ok
835897,0006557-64.2015.8.16.0031,102,3,2026-01-06T01:27:50.923131,ok
835898,0000720-20.2017.8.16.0108,102,3,2026-01-06T01:27:50.923131,ok
835899,0034085-64.2018.8.16.0000,102,3,2026-01-06T01:27:50.923131,ok
835900,0002084-73.2017.8.16.0028,102,3,2026-01-06T01:27:50.923131,ok
835901,0029390-62.2017.8.16.0013,102,3,2026-01-06T01:27:50.923131,ok
835902,0001544-91.2016.8.16.0082,102,3,2026-01-06T01:27:50.923131,ok
835903,0008365-61.2015.8.16.0013,102,3,2026-01-06T01:27:50.923131,ok
835904,0036323-56.2018.8.16.0000,102,3,2026-01-06T01:27:50.923131,ok
835905,0000698-11.2015.8.16.0179,102,3,2026-01-06T01:27:50.923131,ok
835906,0003387-09.2012.8.16.0090,102,3,2026-01-06T01:27:50.923131,ok
835907,0002667-62.2016.8.16.0038,102,3,2026-01-06T01:27:50.923131,ok
835908,0005225-77.2017.8.16.0165,102,3,2026-01-06T01:27:50.923131,ok
835909,0001971-88.2016.8.16.0179,102,3,2026-01-06T01:27:50.923131,ok
835910,0050775-71.2018.8.16.0000,102,3,2026-01-06T01:27:50.923131,ok
835911,0007971-66.2010.8.16.0001,100,3,2026-01-06T01:27:50.923131,ok
835912,0002541-16.2010.8.16.0137,100,3,2026-01-06T01:27:50.923131,ok
835913,0000179-67.2017.8.16.0146,100,3,2026-01-06T01:27:50.923131,ok
835914,0033552-08.2018.8.16.0000,100,3,2026-01-06T01:27:50.923131,ok
835915,0002290-66.2017.8.16.0035,100,3,2026-01-06T01:27:50.923131,ok
835916,0006903-79.2014.8.16.0021,100,3,2026-01-06T01:27:50.923131,ok
835917,0013166-25.2016.8.16.0194,100,3,2026-01-06T01:27:50.923131,ok
835918,0005259-12.2017.8.16.0146,100,3,2026-01-06T01:27:50.923131,ok
835919,0010994-78.2014.8.16.0001,100,3,2026-01-06T01:27:50.923131,ok
835920,0007550-41.2018.8.16.0019,100,3,2026-01-06T01:27:50.923131,ok
835921,0065413-38.2016.8.16.0014,100,3,2026-01-06T01:27:50.923131,ok
835922,0000778-05.2009.8.16.0140,100,3,2026-01-06T01:27:50.923131,ok
835923,0029989-08.2015.8.16.0001,100,3,2026-01-06T01:27:50.923131,ok
835924,0000571-04.2012.8.16.0042,100,3,2026-01-06T01:27:50.923131,ok
835925,0017998-73.2018.8.16.0019,100,3,2026-01-06T01:27:50.923131,ok
835926,0017874-81.2017.8.16.0001,100,3,2026-01-06T01:27:50.923131,ok
835927,0000643-81.2016.8.16.0193,100,3,2026-01-06T01:27:50.923131,ok
835928,0076794-82.2012.8.16.0014,100,3,2026-01-06T01:27:50.923131,ok
835929,0022533-36.2017.8.16.0001,100,3,2026-01-06T01:27:50.923131,ok
835930,0021542-80.2015.8.16.0017,100,3,2026-01-06T01:27:50.923131,ok
835931,0019372-84.2018.8.16.0000,100,3,2026-01-06T01:27:50.923131,ok
835932,0003745-08.2016.8.16.0001,100,3,2026-01-06T01:27:50.923131,ok
835933,0042097-74.2012.8.16.0001,100,3,2026-01-06T01:27:50.923131,ok
835934,0022162-41.2018.8.16.0000,100,3,2026-01-06T01:27:50.923131,ok
835935,0022833-18.2015.8.16.0017,100,3,2026-01-06T01:27:50.923131,ok
835936,0022865-80.2016.8.16.0019,100,3,2026-01-06T01:27:50.923131,ok
835937,0030822-94.2013.8.16.0001,100,3,2026-01-06T01:27:50.923131,ok
835938,0034256-21.2018.8.16.0000,100,3,2026-01-06T01:27:50.923131,ok
835939,0034289-11.2018.8.16.0000,100,3,2026-01-06T01:27:50.923131,ok
835940,0034729-07.2018.8.16.0000,100,3,2026-01-06T01:27:50.923131,ok
835941,0035632-42.2018.8.16.0000,100,3,2026-01-06T01:27:50.923131,ok
835942,0035704-29.2018.8.16.0000,100,3,2026-01-06T01:27:50.923131,ok
835943,0036652-68.2018.8.16.0000,100,3,2026-01-06T01:27:50.923131,ok
835944,0003592-42.2013.8.16.0045,100,3,2026-01-06T01:27:50.923131,ok
835945,0044714-26.2016.8.16.0014,100,3,2026-01-06T01:27:50.923131,ok
835946,0024977-26.2010.8.16.0021,100,3,2026-01-06T01:27:50.923131,ok
835947,0044843-05.2018.8.16.0000,100,3,2026-01-06T01:27:50.923131,ok
835948,0050064-66.2018.8.16.0000,100,3,2026-01-06T01:27:50.923131,ok
835949,0050474-27.2018.8.16.0000,100,3,2026-01-06T01:27:50.923131,ok
835950,0043892-45.2017.8.16.0000,100,3,2026-01-06T01:27:50.923131,ok
835951,0014215-37.2014.8.16.0044,100,3,2026-01-06T01:27:50.923131,ok
835952,0010765-25.2014.8.16.0129,100,3,2026-01-06T01:27:50.923131,ok
835953,0018584-70.2018.8.16.0000,100,3,2026-01-06T01:27:50.923131,ok
835954,0018610-68.2018.8.16.0000,100,3,2026-01-06T01:27:50.923131,ok
835955,0018887-84.2018.8.16.0000,100,3,2026-01-06T01:27:50.923131,ok
835956,0018925-96.2018.8.16.0000,100,3,2026-01-06T01:27:50.923131,ok
835957,0019122-51.2018.8.16.0000,100,3,2026-01-06T01:27:50.923131,ok
835958,0039698-91.2016.8.16.0014,100,3,2026-01-06T01:27:50.923131,ok
835959,0016952-98.2017.8.16.0014,100,3,2026-01-06T01:27:50.923131,ok
835960,0021236-60.2018.8.16.0000,100,3,2026-01-06T01:27:50.923131,ok
835961,0013986-69.2017.8.16.0045,106,3,2026-01-06T01:27:50.923131,ok
835962,0040688-33.2017.8.16.0019,106,3,2026-01-06T01:27:50.923131,ok
835963,0001763-57.2018.8.16.0075,106,3,2026-01-06T01:27:50.923131,ok
835964,0035277-12.2017.8.16.0018,106,3,2026-01-06T01:27:50.923131,ok
835965,0001466-31.2018.8.16.0049,106,3,2026-01-06T01:27:50.923131,ok
835966,0001732-62.2017.8.16.0175,106,3,2026-01-06T01:27:50.923131,ok
835967,0007268-63.2015.8.16.0130,106,3,2026-01-06T01:27:50.923131,ok
835968,0009174-88.2015.8.16.0130,106,3,2026-01-06T01:27:50.923131,ok
835969,0012535-16.2015.8.16.0130,106,3,2026-01-06T01:27:50.923131,ok
835970,0004140-18.2014.8.16.0050,106,3,2026-01-06T01:27:50.923131,ok
835971,0001303-33.2018.8.16.0152,106,3,2026-01-06T01:27:50.923131,ok
835972,0000308-48.2016.8.16.0036,106,3,2026-01-06T01:27:50.923131,ok
835973,0010694-38.2016.8.16.0069,106,3,2026-01-06T01:27:50.923131,ok
835974,0009061-63.2017.8.16.0131,106,3,2026-01-06T01:27:50.923131,ok
835975,0008412-15.2018.8.16.0018,106,3,2026-01-06T01:27:50.923131,ok
835976,0016832-43.2017.8.16.0018,106,3,2026-01-06T01:27:50.923131,ok
835977,0004635-74.2018.8.16.0130,106,3,2026-01-06T01:27:50.923131,ok
835978,0003748-76.2017.8.16.0049,106,3,2026-01-06T01:27:50.923131,ok
835979,0005104-12.2018.8.16.0069,106,3,2026-01-06T01:27:50.923131,ok
835980,0000070-92.2018.8.16.0057,106,3,2026-01-06T01:27:50.923131,ok
835981,0002195-69.2018.8.16.0045,106,3,2026-01-06T01:27:50.923131,ok
835982,0004983-60.2018.8.16.9000,106,3,2026-01-06T01:27:50.923131,ok
835983,0005002-66.2018.8.16.9000,106,3,2026-01-06T01:27:50.923131,ok
835984,0001772-28.2018.8.16.0072,106,3,2026-01-06T01:27:50.923131,ok
835985,0013460-12.2015.8.16.0130,106,3,2026-01-06T01:27:50.923131,ok
835986,0003813-45.2015.8.16.0048,106,3,2026-01-06T01:27:50.923131,ok
835987,0003125-08.2017.8.16.0018,106,3,2026-01-06T01:27:50.923131,ok
835988,0011022-63.2017.8.16.0026,106,3,2026-01-06T01:27:50.923131,ok
835989,0000518-38.2018.8.16.0163,106,3,2026-01-06T01:27:50.923131,ok
835990,0000830-14.2018.8.16.0163,106,3,2026-01-06T01:27:50.923131,ok
835991,0004183-32.2018.8.16.9000,106,3,2026-01-06T01:27:50.923131,ok
835992,0001383-90.2018.8.16.0024,106,3,2026-01-06T01:27:50.923131,ok
835993,0004189-39.2018.8.16.9000,106,3,2026-01-06T01:27:50.923131,ok
835994,0007265-51.2018.8.16.0018,106,3,2026-01-06T01:27:50.923131,ok
835995,0001539-03.2018.8.16.0049,106,3,2026-01-06T01:27:50.923131,ok
835996,0002368-56.2017.8.16.0101,106,3,2026-01-06T01:27:50.923131,ok
835997,0004575-71.2017.8.16.0119,106,3,2026-01-06T01:27:50.923131,ok
835998,0000288-31.2018.8.16.0119,106,3,2026-01-06T01:27:50.923131,ok
835999,0002626-87.2018.8.16.0018,106,3,2026-01-06T01:27:50.923131,ok
0,N/A,124,0,2026-01-06T01:27:50.821009,ignorado
0,N/A,124,0,2026-01-06T01:27:50.821019,ignorado
0,N/A,124,0,2026-01-06T01:27:50.821027,ignorado
0,N/A,124,0,2026-01-06T01:27:50.821034,ignorado
0,N/A,124,0,2026-01-06T01:27:50.821041,ignorado
0,N/A,124,0,2026-01-06T01:27:50.821047,ignorado
0,N/A,124,0,2026-01-06T01:27:50.821053,ignorado
0,N/A,124,0,2026-01-06T01:27:50.821060,ignorado
0,N/A,124,0,2026-01-06T01:27:50.821067,ignorado
0,N/A,124,0,2026-01-06T01:27:50.821074,ignorado
0,N/A,124,0,2026-01-06T01:27:50.821080,ignorado
0,N/A,124,0,2026-01-06T01:27:50.821087,ignorado
0,N/A,124,0,2026-01-06T01:27:50.821093,ignorado
0,N/A,124,0,2026-01-06T01:27:50.821099,ignorado
0,N/A,124,0,2026-01-06T01:27:50.821106,ignorado
0,N/A,124,0,2026-01-06T01:27:50.821112,ignorado
0,N/A,124,0,2026-01-06T01:27:50.821119,ignorado
0,N/A,124,0,2026-01-06T01:27:50.821125,ignorado
0,N/A,124,0,2026-01-06T01:27:50.821131,ignorado
0,N/A,124,0,2026-01-06T01:27:50.821138,ignorado
0,N/A,124,0,2026-01-06T01:27:50.821145,ignorado
0,N/A,124,0,2026-01-06T01:27:50.821151,ignorado
0,N/A,124,0,2026-01-06T01:27:50.821158,ignorado
0,N/A,124,0,2026-01-06T01:27:50.821164,ignorado
0,N/A,124,0,2026-01-06T01:27:50.821170,ignorado
0,N/A,124,0,2026-01-06T01:27:50.821177,ignorado
0,N/A,124,0,2026-01-06T01:27:50.821184,ignorado
0,N/A,124,0,2026-01-06T01:27:50.821190,ignorado
0,N/A,124,0,2026-01-06T01:27:50.821197,ignorado
0,N/A,124,0,2026-01-06T01:27:50.821203,ignorado
0,N/A,124,0,2026-01-06T01:27:50.821210,ignorado
0,N/A,124,0,2026-01-06T01:27:50.821216,ignorado
0,N/A,124,0,2026-01-06T01:27:50.821222,ignorado
0,N/A,124,0,2026-01-06T01:27:50.821228,ignorado
0,N/A,124,0,2026-01-06T01:27:50.821235,ignorado
0,N/A,124,0,2026-01-06T01:27:50.821241,ignorado
0,N/A,124,0,2026-01-06T01:27:50.821248,ignorado
0,N/A,124,0,2026-01-06T01:27:50.821255,ignorado
0,N/A,124,0,2026-01-06T01:27:50.821261,ignorado
0,N/A,124,0,2026-01-06T01:27:50.821267,ignorado
0,N/A,124,0,2026-01-06T01:27:50.821273,ignorado
0,N/A,124,0,2026-01-06T01:27:50.821280,ignorado
0,N/A,124,0,2026-01-06T01:27:50.821286,ignorado
0,N/A,124,0,2026-01-06T01:27:50.821292,ignorado
0,N/A,124,0,2026-01-06T01:27:50.821298,ignorado
0,N/A,124,0,2026-01-06T01:27:50.821305,ignorado
0,N/A,124,0,2026-01-06T01:27:50.821310,ignorado
0,N/A,124,0,2026-01-06T01:27:50.821317,ignorado
0,N/A,124,0,2026-01-06T01:27:50.821323,ignorado
0,N/A,122,0,2026-01-06T01:27:50.984116,ignorado
0,N/A,122,0,2026-01-06T01:27:50.984124,ignorado
0,N/A,122,0,2026-01-06T01:27:50.984132,ignorado
0,N/A,122,0,2026-01-06T01:27:50.984139,ignorado
0,N/A,122,0,2026-01-06T01:27:50.984146,ignorado
0,N/A,122,0,2026-01-06T01:27:50.984152,ignorado
0,N/A,122,0,2026-01-06T01:27:50.984158,ignorado
0,N/A,122,0,2026-01-06T01:27:50.984164,ignorado
0,N/A,122,0,2026-01-06T01:27:50.984171,ignorado
0,N/A,122,0,2026-01-06T01:27:50.984177,ignorado
0,N/A,122,0,2026-01-06T01:27:50.984183,ignorado
0,N/A,122,0,2026-01-06T01:27:50.984190,ignorado
0,N/A,122,0,2026-01-06T01:27:50.984197,ignorado
0,N/A,122,0,2026-01-06T01:27:50.984203,ignorado
0,N/A,127,0,2026-01-06T01:27:52.197899,ignorado
0,N/A,127,0,2026-01-06T01:27:52.197948,ignorado
0,N/A,127,0,2026-01-06T01:27:52.197960,ignorado
0,N/A,127,0,2026-01-06T01:27:52.197969,ignorado
0,N/A,127,0,2026-01-06T01:27:52.197977,ignorado
0,N/A,127,0,2026-01-06T01:27:52.197985,ignorado
0,N/A,127,0,2026-01-06T01:27:52.197993,ignorado
0,N/A,127,0,2026-01-06T01:27:52.198000,ignorado
0,N/A,127,0,2026-01-06T01:27:52.198008,ignorado
0,N/A,127,0,2026-01-06T01:27:52.198016,ignorado
0,N/A,127,0,2026-01-06T01:27:52.198024,ignorado
0,N/A,127,0,2026-01-06T01:27:52.198031,ignorado
0,N/A,127,0,2026-01-06T01:27:52.198039,ignorado
0,N/A,127,0,2026-01-06T01:27:52.198046,ignorado
0,N/A,127,0,2026-01-06T01:27:52.198053,ignorado
0,N/A,127,0,2026-01-06T01:27:52.198061,ignorado
0,N/A,127,0,2026-01-06T01:27:52.198069,ignorado
0,N/A,127,0,2026-01-06T01:27:52.198077,ignorado
0,N/A,127,0,2026-01-06T01:27:52.198084,ignorado
0,N/A,127,0,2026-01-06T01:27:52.198091,ignorado
0,N/A,127,0,2026-01-06T01:27:52.198099,ignorado
0,N/A,127,0,2026-01-06T01:27:52.198111,ignorado
0,N/A,127,0,2026-01-06T01:27:52.198124,ignorado
0,N/A,127,0,2026-01-06T01:27:52.198139,ignorado
0,N/A,127,0,2026-01-06T01:27:52.198153,ignorado
0,N/A,127,0,2026-01-06T01:27:52.198166,ignorado
0,N/A,127,0,2026-01-06T01:27:52.198181,ignorado
0,N/A,127,0,2026-01-06T01:27:52.198196,ignorado
0,N/A,127,0,2026-01-06T01:27:52.198208,ignorado
0,N/A,127,0,2026-01-06T01:27:52.198217,ignorado
0,N/A,127,0,2026-01-06T01:27:52.198224,ignorado
0,N/A,127,0,2026-01-06T01:27:52.198232,ignorado
0,N/A,127,0,2026-01-06T01:27:52.198240,ignorado
0,N/A,127,0,2026-01-06T01:27:52.198248,ignorado
0,N/A,127,0,2026-01-06T01:27:52.198255,ignorado
0,N/A,127,0,2026-01-06T01:27:52.198262,ignorado
0,N/A,127,0,2026-01-06T01:27:52.198268,ignorado
0,N/A,127,0,2026-01-06T01:27:52.198276,ignorado
0,N/A,127,0,2026-01-06T01:27:52.198283,ignorado
0,N/A,127,0,2026-01-06T01:27:52.198290,ignorado
0,N/A,127,0,2026-01-06T01:27:52.198296,ignorado
0,N/A,127,0,2026-01-06T01:27:52.198303,ignorado
0,N/A,127,0,2026-01-06T01:27:52.198309,ignorado
0,N/A,127,0,2026-01-06T01:27:52.198316,ignorado
0,N/A,127,0,2026-01-06T01:27:52.198323,ignorado
0,N/A,127,0,2026-01-06T01:27:52.198330,ignorado
0,N/A,127,0,2026-01-06T01:27:52.198338,ignorado
0,N/A,127,0,2026-01-06T01:27:52.198345,ignorado
0,N/A,127,0,2026-01-06T01:27:52.198352,ignorado
0,N/A,127,0,2026-01-06T01:27:52.198358,ignorado
0,N/A,128,0,2026-01-06T01:27:52.518603,ignorado
0,N/A,128,0,2026-01-06T01:27:52.518643,ignorado
0,N/A,128,0,2026-01-06T01:27:52.518653,ignorado
0,N/A,128,0,2026-01-06T01:27:52.518662,ignorado
0,N/A,128,0,2026-01-06T01:27:52.518670,ignorado
0,N/A,128,0,2026-01-06T01:27:52.518677,ignorado
0,N/A,128,0,2026-01-06T01:27:52.518685,ignorado
0,N/A,128,0,2026-01-06T01:27:52.518692,ignorado
0,N/A,128,0,2026-01-06T01:27:52.518699,ignorado
0,N/A,128,0,2026-01-06T01:27:52.518706,ignorado
0,N/A,128,0,2026-01-06T01:27:52.518714,ignorado
0,N/A,128,0,2026-01-06T01:27:52.518721,ignorado
0,N/A,128,0,2026-01-06T01:27:52.518728,ignorado
0,N/A,128,0,2026-01-06T01:27:52.518735,ignorado
0,N/A,128,0,2026-01-06T01:27:52.518743,ignorado
0,N/A,128,0,2026-01-06T01:27:52.518750,ignorado
0,N/A,128,0,2026-01-06T01:27:52.518758,ignorado
0,N/A,128,0,2026-01-06T01:27:52.518765,ignorado
0,N/A,128,0,2026-01-06T01:27:52.518771,ignorado
0,N/A,128,0,2026-01-06T01:27:52.518778,ignorado
0,N/A,128,0,2026-01-06T01:27:52.518785,ignorado
0,N/A,128,0,2026-01-06T01:27:52.518792,ignorado
0,N/A,128,0,2026-01-06T01:27:52.518800,ignorado
0,N/A,128,0,2026-01-06T01:27:52.518807,ignorado
0,N/A,128,0,2026-01-06T01:27:52.518814,ignorado
0,N/A,128,0,2026-01-06T01:27:52.518822,ignorado
0,N/A,128,0,2026-01-06T01:27:52.518829,ignorado
0,N/A,128,0,2026-01-06T01:27:52.518836,ignorado
0,N/A,128,0,2026-01-06T01:27:52.518843,ignorado
0,N/A,128,0,2026-01-06T01:27:52.518850,ignorado
0,N/A,128,0,2026-01-06T01:27:52.518857,ignorado
0,N/A,128,0,2026-01-06T01:27:52.518864,ignorado
0,N/A,128,0,2026-01-06T01:27:52.518871,ignorado
0,N/A,128,0,2026-01-06T01:27:52.518878,ignorado
0,N/A,128,0,2026-01-06T01:27:52.518885,ignorado
0,N/A,128,0,2026-01-06T01:27:52.518893,ignorado
0,N/A,128,0,2026-01-06T01:27:52.518900,ignorado
0,N/A,128,0,2026-01-06T01:27:52.518906,ignorado
0,N/A,128,0,2026-01-06T01:27:52.518913,ignorado
0,N/A,128,0,2026-01-06T01:27:52.518920,ignorado
0,N/A,128,0,2026-01-06T01:27:52.518926,ignorado
0,N/A,128,0,2026-01-06T01:27:52.518933,ignorado
0,N/A,128,0,2026-01-06T01:27:52.518939,ignorado
0,N/A,128,0,2026-01-06T01:27:52.518947,ignorado
0,N/A,128,0,2026-01-06T01:27:52.518953,ignorado
0,N/A,128,0,2026-01-06T01:27:52.518960,ignorado
0,N/A,128,0,2026-01-06T01:27:52.518966,ignorado
0,N/A,128,0,2026-01-06T01:27:52.518973,ignorado
0,N/A,128,0,2026-01-06T01:27:52.518980,ignorado
0,N/A,128,0,2026-01-06T01:27:52.518987,ignorado
0,N/A,129,0,2026-01-06T01:27:52.525982,ignorado
0,N/A,129,0,2026-01-06T01:27:52.526000,ignorado
0,N/A,129,0,2026-01-06T01:27:52.526011,ignorado
0,N/A,129,0,2026-01-06T01:27:52.526018,ignorado
0,N/A,129,0,2026-01-06T01:27:52.526026,ignorado
0,N/A,129,0,2026-01-06T01:27:52.526033,ignorado
0,N/A,129,0,2026-01-06T01:27:52.526040,ignorado
0,N/A,129,0,2026-01-06T01:27:52.526047,ignorado
0,N/A,129,0,2026-01-06T01:27:52.526054,ignorado
0,N/A,129,0,2026-01-06T01:27:52.526066,ignorado
0,N/A,129,0,2026-01-06T01:27:52.526079,ignorado
0,N/A,129,0,2026-01-06T01:27:52.526092,ignorado
0,N/A,129,0,2026-01-06T01:27:52.526106,ignorado
0,N/A,129,0,2026-01-06T01:27:52.526119,ignorado
0,N/A,129,0,2026-01-06T01:27:52.526132,ignorado
0,N/A,129,0,2026-01-06T01:27:52.526145,ignorado
0,N/A,129,0,2026-01-06T01:27:52.526152,ignorado
0,N/A,129,0,2026-01-06T01:27:52.526159,ignorado
0,N/A,129,0,2026-01-06T01:27:52.526166,ignorado
0,N/A,129,0,2026-01-06T01:27:52.526173,ignorado
0,N/A,129,0,2026-01-06T01:27:52.526180,ignorado
0,N/A,129,0,2026-01-06T01:27:52.526186,ignorado
0,N/A,129,0,2026-01-06T01:27:52.526192,ignorado
0,N/A,129,0,2026-01-06T01:27:52.526199,ignorado
0,N/A,129,0,2026-01-06T01:27:52.526205,ignorado
0,N/A,129,0,2026-01-06T01:27:52.526211,ignorado
0,N/A,129,0,2026-01-06T01:27:52.526217,ignorado
0,N/A,129,0,2026-01-06T01:27:52.526224,ignorado
0,N/A,129,0,2026-01-06T01:27:52.526231,ignorado
0,N/A,129,0,2026-01-06T01:27:52.526237,ignorado
0,N/A,129,0,2026-01-06T01:27:52.526243,ignorado
0,N/A,129,0,2026-01-06T01:27:52.526250,ignorado
0,N/A,129,0,2026-01-06T01:27:52.526256,ignorado
0,N/A,129,0,2026-01-06T01:27:52.526262,ignorado
0,N/A,129,0,2026-01-06T01:27:52.526268,ignorado
0,N/A,129,0,2026-01-06T01:27:52.526274,ignorado
0,N/A,129,0,2026-01-06T01:27:52.526280,ignorado
0,N/A,129,0,2026-01-06T01:27:52.526287,ignorado
0,N/A,129,0,2026-01-06T01:27:52.526292,ignorado
0,N/A,129,0,2026-01-06T01:27:52.526299,ignorado
0,N/A,129,0,2026-01-06T01:27:52.526304,ignorado
0,N/A,129,0,2026-01-06T01:27:52.526310,ignorado
0,N/A,129,0,2026-01-06T01:27:52.526316,ignorado
0,N/A,129,0,2026-01-06T01:27:52.526322,ignorado
0,N/A,129,0,2026-01-06T01:27:52.526328,ignorado
0,N/A,129,0,2026-01-06T01:27:52.526334,ignorado
0,N/A,129,0,2026-01-06T01:27:52.526339,ignorado
0,N/A,129,0,2026-01-06T01:27:52.526345,ignorado
0,N/A,129,0,2026-01-06T01:27:52.526351,ignorado
0,N/A,129,0,2026-01-06T01:27:52.526357,ignorado
0,N/A,125,0,2026-01-06T01:27:53.773383,ignorado
0,N/A,125,0,2026-01-06T01:27:53.773421,ignorado
0,N/A,125,0,2026-01-06T01:27:53.773430,ignorado
0,N/A,125,0,2026-01-06T01:27:53.773437,ignorado
0,N/A,125,0,2026-01-06T01:27:53.773445,ignorado
0,N/A,125,0,2026-01-06T01:27:53.773453,ignorado
0,N/A,125,0,2026-01-06T01:27:53.773460,ignorado
0,N/A,125,0,2026-01-06T01:27:53.773467,ignorado
0,N/A,125,0,2026-01-06T01:27:53.773474,ignorado
0,N/A,125,0,2026-01-06T01:27:53.773483,ignorado
0,N/A,125,0,2026-01-06T01:27:53.773491,ignorado
0,N/A,125,0,2026-01-06T01:27:53.773498,ignorado
0,N/A,125,0,2026-01-06T01:27:53.773504,ignorado
0,N/A,125,0,2026-01-06T01:27:53.773538,ignorado
0,N/A,125,0,2026-01-06T01:27:53.773548,ignorado
0,N/A,125,0,2026-01-06T01:27:53.773555,ignorado
0,N/A,125,0,2026-01-06T01:27:53.773562,ignorado
0,N/A,125,0,2026-01-06T01:27:53.773570,ignorado
0,N/A,125,0,2026-01-06T01:27:53.773578,ignorado
0,N/A,125,0,2026-01-06T01:27:53.773586,ignorado
0,N/A,125,0,2026-01-06T01:27:53.773594,ignorado
0,N/A,125,0,2026-01-06T01:27:53.773601,ignorado
0,N/A,125,0,2026-01-06T01:27:53.773610,ignorado
0,N/A,125,0,2026-01-06T01:27:53.773617,ignorado
0,N/A,125,0,2026-01-06T01:27:53.773625,ignorado
0,N/A,125,0,2026-01-06T01:27:53.773633,ignorado
0,N/A,125,0,2026-01-06T01:27:53.773641,ignorado
0,N/A,125,0,2026-01-06T01:27:53.773649,ignorado
0,N/A,125,0,2026-01-06T01:27:53.773657,ignorado
0,N/A,125,0,2026-01-06T01:27:53.773664,ignorado
0,N/A,125,0,2026-01-06T01:27:53.773674,ignorado
0,N/A,125,0,2026-01-06T01:27:53.773681,ignorado
0,N/A,125,0,2026-01-06T01:27:53.773688,ignorado
0,N/A,125,0,2026-01-06T01:27:53.773696,ignorado
0,N/A,125,0,2026-01-06T01:27:53.773704,ignorado
0,N/A,125,0,2026-01-06T01:27:53.773712,ignorado
0,N/A,125,0,2026-01-06T01:27:53.773719,ignorado
0,N/A,125,0,2026-01-06T01:27:53.773726,ignorado
0,N/A,125,0,2026-01-06T01:27:53.773734,ignorado
0,N/A,125,0,2026-01-06T01:27:53.773742,ignorado
0,N/A,125,0,2026-01-06T01:27:53.773750,ignorado
0,N/A,125,0,2026-01-06T01:27:53.773758,ignorado
0,N/A,125,0,2026-01-06T01:27:53.773766,ignorado
0,N/A,125,0,2026-01-06T01:27:53.773773,ignorado
0,N/A,125,0,2026-01-06T01:27:53.773780,ignorado
0,N/A,125,0,2026-01-06T01:27:53.773787,ignorado
0,N/A,125,0,2026-01-06T01:27:53.773794,ignorado
0,N/A,125,0,2026-01-06T01:27:53.773800,ignorado
0,N/A,125,0,2026-01-06T01:27:53.773806,ignorado
0,N/A,125,0,2026-01-06T01:27:53.773812,ignorado
0,N/A,130,0,2026-01-06T01:27:53.890551,ignorado
0,N/A,130,0,2026-01-06T01:27:53.890581,ignorado
0,N/A,130,0,2026-01-06T01:27:53.890592,ignorado
0,N/A,130,0,2026-01-06T01:27:53.890601,ignorado
0,N/A,130,0,2026-01-06T01:27:53.890608,ignorado
0,N/A,130,0,2026-01-06T01:27:53.890615,ignorado
0,N/A,130,0,2026-01-06T01:27:53.890624,ignorado
0,N/A,130,0,2026-01-06T01:27:53.890631,ignorado
0,N/A,130,0,2026-01-06T01:27:53.890638,ignorado
0,N/A,130,0,2026-01-06T01:27:53.890645,ignorado
0,N/A,130,0,2026-01-06T01:27:53.890653,ignorado
0,N/A,130,0,2026-01-06T01:27:53.890659,ignorado
0,N/A,130,0,2026-01-06T01:27:53.890666,ignorado
0,N/A,130,0,2026-01-06T01:27:53.890673,ignorado
0,N/A,130,0,2026-01-06T01:27:53.890680,ignorado
0,N/A,130,0,2026-01-06T01:27:53.890686,ignorado
0,N/A,130,0,2026-01-06T01:27:53.890693,ignorado
0,N/A,130,0,2026-01-06T01:27:53.890700,ignorado
0,N/A,130,0,2026-01-06T01:27:53.890706,ignorado
0,N/A,130,0,2026-01-06T01:27:53.890713,ignorado
0,N/A,130,0,2026-01-06T01:27:53.890720,ignorado
0,N/A,130,0,2026-01-06T01:27:53.890727,ignorado
0,N/A,130,0,2026-01-06T01:27:53.890734,ignorado
0,N/A,130,0,2026-01-06T01:27:53.890741,ignorado
0,N/A,130,0,2026-01-06T01:27:53.890747,ignorado
0,N/A,130,0,2026-01-06T01:27:53.890754,ignorado
0,N/A,130,0,2026-01-06T01:27:53.890761,ignorado
0,N/A,130,0,2026-01-06T01:27:53.890767,ignorado
0,N/A,130,0,2026-01-06T01:27:53.890774,ignorado
0,N/A,130,0,2026-01-06T01:27:53.890780,ignorado
0,N/A,130,0,2026-01-06T01:27:53.890787,ignorado
0,N/A,130,0,2026-01-06T01:27:53.890793,ignorado
0,N/A,130,0,2026-01-06T01:27:53.890800,ignorado
0,N/A,130,0,2026-01-06T01:27:53.890807,ignorado
0,N/A,130,0,2026-01-06T01:27:53.890814,ignorado
0,N/A,130,0,2026-01-06T01:27:53.890821,ignorado
0,N/A,130,0,2026-01-06T01:27:53.890828,ignorado
0,N/A,130,0,2026-01-06T01:27:53.890834,ignorado
0,N/A,130,0,2026-01-06T01:27:53.890841,ignorado
0,N/A,130,0,2026-01-06T01:27:53.890848,ignorado
0,N/A,130,0,2026-01-06T01:27:53.890854,ignorado
0,N/A,130,0,2026-01-06T01:27:53.890861,ignorado
0,N/A,130,0,2026-01-06T01:27:53.890869,ignorado
0,N/A,130,0,2026-01-06T01:27:53.890875,ignorado
0,N/A,130,0,2026-01-06T01:27:53.890882,ignorado
0,N/A,130,0,2026-01-06T01:27:53.890889,ignorado
0,N/A,130,0,2026-01-06T01:27:53.890895,ignorado
0,N/A,130,0,2026-01-06T01:27:53.890901,ignorado
0,N/A,130,0,2026-01-06T01:27:53.890908,ignorado
0,N/A,130,0,2026-01-06T01:27:53.890914,ignorado
0,N/A,131,0,2026-01-06T01:27:54.684671,ignorado
0,N/A,131,0,2026-01-06T01:27:54.684712,ignorado
0,N/A,131,0,2026-01-06T01:27:54.684722,ignorado
0,N/A,131,0,2026-01-06T01:27:54.684731,ignorado
0,N/A,131,0,2026-01-06T01:27:54.684739,ignorado
0,N/A,131,0,2026-01-06T01:27:54.684747,ignorado
0,N/A,131,0,2026-01-06T01:27:54.684754,ignorado
0,N/A,131,0,2026-01-06T01:27:54.684762,ignorado
0,N/A,131,0,2026-01-06T01:27:54.684769,ignorado
0,N/A,131,0,2026-01-06T01:27:54.684777,ignorado
0,N/A,131,0,2026-01-06T01:27:54.684784,ignorado
0,N/A,131,0,2026-01-06T01:27:54.684791,ignorado
0,N/A,131,0,2026-01-06T01:27:54.684798,ignorado
0,N/A,131,0,2026-01-06T01:27:54.684805,ignorado
0,N/A,131,0,2026-01-06T01:27:54.684812,ignorado
0,N/A,131,0,2026-01-06T01:27:54.684819,ignorado
0,N/A,131,0,2026-01-06T01:27:54.684826,ignorado
0,N/A,131,0,2026-01-06T01:27:54.684834,ignorado
0,N/A,131,0,2026-01-06T01:27:54.684840,ignorado
0,N/A,131,0,2026-01-06T01:27:54.684847,ignorado
0,N/A,131,0,2026-01-06T01:27:54.684854,ignorado
0,N/A,131,0,2026-01-06T01:27:54.684861,ignorado
0,N/A,131,0,2026-01-06T01:27:54.684868,ignorado
0,N/A,131,0,2026-01-06T01:27:54.684875,ignorado
0,N/A,131,0,2026-01-06T01:27:54.684882,ignorado
0,N/A,131,0,2026-01-06T01:27:54.684889,ignorado
0,N/A,131,0,2026-01-06T01:27:54.684896,ignorado
0,N/A,131,0,2026-01-06T01:27:54.684902,ignorado
0,N/A,131,0,2026-01-06T01:27:54.684909,ignorado
0,N/A,131,0,2026-01-06T01:27:54.684915,ignorado
0,N/A,131,0,2026-01-06T01:27:54.684922,ignorado
0,N/A,131,0,2026-01-06T01:27:54.684929,ignorado
0,N/A,131,0,2026-01-06T01:27:54.684935,ignorado
0,N/A,131,0,2026-01-06T01:27:54.684941,ignorado
0,N/A,131,0,2026-01-06T01:27:54.684947,ignorado
0,N/A,131,0,2026-01-06T01:27:54.684954,ignorado
0,N/A,131,0,2026-01-06T01:27:54.684960,ignorado
0,N/A,131,0,2026-01-06T01:27:54.684967,ignorado
0,N/A,131,0,2026-01-06T01:27:54.684973,ignorado
0,N/A,131,0,2026-01-06T01:27:54.684980,ignorado
0,N/A,131,0,2026-01-06T01:27:54.684986,ignorado
0,N/A,131,0,2026-01-06T01:27:54.684992,ignorado
0,N/A,131,0,2026-01-06T01:27:54.684998,ignorado
0,N/A,131,0,2026-01-06T01:27:54.685005,ignorado
0,N/A,131,0,2026-01-06T01:27:54.685011,ignorado
0,N/A,131,0,2026-01-06T01:27:54.685018,ignorado
0,N/A,131,0,2026-01-06T01:27:54.685024,ignorado
0,N/A,131,0,2026-01-06T01:27:54.685030,ignorado
0,N/A,131,0,2026-01-06T01:27:54.685036,ignorado
0,N/A,131,0,2026-01-06T01:27:54.685043,ignorado
0,N/A,126,0,2026-01-06T01:27:54.744569,ignorado
0,N/A,126,0,2026-01-06T01:27:54.744601,ignorado
0,N/A,126,0,2026-01-06T01:27:54.744610,ignorado
0,N/A,126,0,2026-01-06T01:27:54.744619,ignorado
0,N/A,126,0,2026-01-06T01:27:54.744626,ignorado
0,N/A,126,0,2026-01-06T01:27:54.744634,ignorado
0,N/A,126,0,2026-01-06T01:27:54.744640,ignorado
0,N/A,126,0,2026-01-06T01:27:54.744647,ignorado
0,N/A,126,0,2026-01-06T01:27:54.744654,ignorado
0,N/A,126,0,2026-01-06T01:27:54.744661,ignorado
0,N/A,126,0,2026-01-06T01:27:54.744668,ignorado
0,N/A,126,0,2026-01-06T01:27:54.744675,ignorado
0,N/A,126,0,2026-01-06T01:27:54.744682,ignorado
0,N/A,126,0,2026-01-06T01:27:54.744689,ignorado
0,N/A,126,0,2026-01-06T01:27:54.744696,ignorado
0,N/A,126,0,2026-01-06T01:27:54.744703,ignorado
0,N/A,126,0,2026-01-06T01:27:54.744710,ignorado
0,N/A,126,0,2026-01-06T01:27:54.744716,ignorado
0,N/A,126,0,2026-01-06T01:27:54.744723,ignorado
0,N/A,126,0,2026-01-06T01:27:54.744730,ignorado
0,N/A,126,0,2026-01-06T01:27:54.744736,ignorado
0,N/A,126,0,2026-01-06T01:27:54.744742,ignorado
0,N/A,126,0,2026-01-06T01:27:54.744750,ignorado
0,N/A,126,0,2026-01-06T01:27:54.744757,ignorado
0,N/A,126,0,2026-01-06T01:27:54.744764,ignorado
0,N/A,126,0,2026-01-06T01:27:54.744771,ignorado
0,N/A,126,0,2026-01-06T01:27:54.744778,ignorado
0,N/A,126,0,2026-01-06T01:27:54.744784,ignorado
0,N/A,126,0,2026-01-06T01:27:54.744791,ignorado
0,N/A,126,0,2026-01-06T01:27:54.744798,ignorado
0,N/A,126,0,2026-01-06T01:27:54.744805,ignorado
0,N/A,126,0,2026-01-06T01:27:54.744811,ignorado
0,N/A,126,0,2026-01-06T01:27:54.744817,ignorado
0,N/A,126,0,2026-01-06T01:27:54.744824,ignorado
0,N/A,126,0,2026-01-06T01:27:54.744830,ignorado
0,N/A,126,0,2026-01-06T01:27:54.744837,ignorado
0,N/A,126,0,2026-01-06T01:27:54.744844,ignorado
0,N/A,126,0,2026-01-06T01:27:54.744851,ignorado
0,N/A,126,0,2026-01-06T01:27:54.744857,ignorado
0,N/A,126,0,2026-01-06T01:27:54.744863,ignorado
0,N/A,126,0,2026-01-06T01:27:54.744870,ignorado
0,N/A,126,0,2026-01-06T01:27:54.744877,ignorado
0,N/A,126,0,2026-01-06T01:27:54.744883,ignorado
0,N/A,126,0,2026-01-06T01:27:54.744889,ignorado
0,N/A,126,0,2026-01-06T01:27:54.744895,ignorado
0,N/A,126,0,2026-01-06T01:27:54.744901,ignorado
0,N/A,126,0,2026-01-06T01:27:54.744908,ignorado
0,N/A,126,0,2026-01-06T01:27:54.744914,ignorado
0,N/A,126,0,2026-01-06T01:27:54.744921,ignorado
0,N/A,126,0,2026-01-06T01:27:54.744927,ignorado
0,N/A,136,0,2026-01-06T01:27:55.387351,ignorado
0,N/A,136,0,2026-01-06T01:27:55.387388,ignorado
0,N/A,136,0,2026-01-06T01:27:55.387399,ignorado
0,N/A,136,0,2026-01-06T01:27:55.387408,ignorado
0,N/A,136,0,2026-01-06T01:27:55.387415,ignorado
0,N/A,136,0,2026-01-06T01:27:55.387423,ignorado
0,N/A,136,0,2026-01-06T01:27:55.387430,ignorado
0,N/A,136,0,2026-01-06T01:27:55.387438,ignorado
0,N/A,136,0,2026-01-06T01:27:55.387445,ignorado
0,N/A,136,0,2026-01-06T01:27:55.387452,ignorado
0,N/A,136,0,2026-01-06T01:27:55.387459,ignorado
0,N/A,136,0,2026-01-06T01:27:55.387466,ignorado
0,N/A,136,0,2026-01-06T01:27:55.387473,ignorado
0,N/A,136,0,2026-01-06T01:27:55.387480,ignorado
0,N/A,136,0,2026-01-06T01:27:55.387487,ignorado
0,N/A,136,0,2026-01-06T01:27:55.387493,ignorado
0,N/A,136,0,2026-01-06T01:27:55.387500,ignorado
0,N/A,136,0,2026-01-06T01:27:55.387507,ignorado
0,N/A,136,0,2026-01-06T01:27:55.387513,ignorado
0,N/A,136,0,2026-01-06T01:27:55.387520,ignorado
0,N/A,136,0,2026-01-06T01:27:55.387526,ignorado
0,N/A,136,0,2026-01-06T01:27:55.387533,ignorado
0,N/A,136,0,2026-01-06T01:27:55.387546,ignorado
0,N/A,136,0,2026-01-06T01:27:55.387553,ignorado
0,N/A,136,0,2026-01-06T01:27:55.387559,ignorado
0,N/A,136,0,2026-01-06T01:27:55.387566,ignorado
0,N/A,136,0,2026-01-06T01:27:55.387573,ignorado
0,N/A,136,0,2026-01-06T01:27:55.387579,ignorado
0,N/A,136,0,2026-01-06T01:27:55.387586,ignorado
0,N/A,136,0,2026-01-06T01:27:55.387592,ignorado
0,N/A,136,0,2026-01-06T01:27:55.387599,ignorado
0,N/A,136,0,2026-01-06T01:27:55.387605,ignorado
0,N/A,136,0,2026-01-06T01:27:55.387611,ignorado
0,N/A,136,0,2026-01-06T01:27:55.387618,ignorado
0,N/A,136,0,2026-01-06T01:27:55.387625,ignorado
0,N/A,136,0,2026-01-06T01:27:55.387631,ignorado
0,N/A,136,0,2026-01-06T01:27:55.387638,ignorado
0,N/A,136,0,2026-01-06T01:27:55.387644,ignorado
0,N/A,136,0,2026-01-06T01:27:55.387651,ignorado
0,N/A,136,0,2026-01-06T01:27:55.387658,ignorado
0,N/A,136,0,2026-01-06T01:27:55.387664,ignorado
0,N/A,136,0,2026-01-06T01:27:55.387670,ignorado
0,N/A,136,0,2026-01-06T01:27:55.387676,ignorado
0,N/A,136,0,2026-01-06T01:27:55.387683,ignorado
0,N/A,136,0,2026-01-06T01:27:55.387690,ignorado
0,N/A,136,0,2026-01-06T01:27:55.387696,ignorado
0,N/A,136,0,2026-01-06T01:27:55.387703,ignorado
0,N/A,136,0,2026-01-06T01:27:55.387710,ignorado
0,N/A,136,0,2026-01-06T01:27:55.387716,ignorado
0,N/A,136,0,2026-01-06T01:27:55.387722,ignorado
0,N/A,132,0,2026-01-06T01:27:56.340138,ignorado
0,N/A,132,0,2026-01-06T01:27:56.340179,ignorado
0,N/A,132,0,2026-01-06T01:27:56.340192,ignorado
0,N/A,132,0,2026-01-06T01:27:56.340200,ignorado
0,N/A,132,0,2026-01-06T01:27:56.340208,ignorado
0,N/A,132,0,2026-01-06T01:27:56.340215,ignorado
0,N/A,132,0,2026-01-06T01:27:56.340223,ignorado
0,N/A,132,0,2026-01-06T01:27:56.340230,ignorado
0,N/A,132,0,2026-01-06T01:27:56.340237,ignorado
0,N/A,132,0,2026-01-06T01:27:56.340244,ignorado
0,N/A,132,0,2026-01-06T01:27:56.340251,ignorado
0,N/A,132,0,2026-01-06T01:27:56.340258,ignorado
0,N/A,132,0,2026-01-06T01:27:56.340265,ignorado
0,N/A,132,0,2026-01-06T01:27:56.340273,ignorado
0,N/A,132,0,2026-01-06T01:27:56.340279,ignorado
0,N/A,132,0,2026-01-06T01:27:56.340286,ignorado
0,N/A,132,0,2026-01-06T01:27:56.340293,ignorado
0,N/A,132,0,2026-01-06T01:27:56.340300,ignorado
0,N/A,132,0,2026-01-06T01:27:56.340307,ignorado
0,N/A,132,0,2026-01-06T01:27:56.340314,ignorado
0,N/A,132,0,2026-01-06T01:27:56.340321,ignorado
0,N/A,132,0,2026-01-06T01:27:56.340328,ignorado
0,N/A,132,0,2026-01-06T01:27:56.340334,ignorado
0,N/A,132,0,2026-01-06T01:27:56.340341,ignorado
0,N/A,132,0,2026-01-06T01:27:56.340348,ignorado
0,N/A,132,0,2026-01-06T01:27:56.340354,ignorado
0,N/A,132,0,2026-01-06T01:27:56.340361,ignorado
0,N/A,132,0,2026-01-06T01:27:56.340367,ignorado
0,N/A,132,0,2026-01-06T01:27:56.340373,ignorado
0,N/A,132,0,2026-01-06T01:27:56.340381,ignorado
0,N/A,132,0,2026-01-06T01:27:56.340387,ignorado
0,N/A,132,0,2026-01-06T01:27:56.340393,ignorado
0,N/A,132,0,2026-01-06T01:27:56.340400,ignorado
0,N/A,132,0,2026-01-06T01:27:56.340406,ignorado
0,N/A,132,0,2026-01-06T01:27:56.340413,ignorado
0,N/A,132,0,2026-01-06T01:27:56.340420,ignorado
0,N/A,132,0,2026-01-06T01:27:56.340427,ignorado
0,N/A,132,0,2026-01-06T01:27:56.340433,ignorado
0,N/A,132,0,2026-01-06T01:27:56.340440,ignorado
0,N/A,132,0,2026-01-06T01:27:56.340447,ignorado
0,N/A,132,0,2026-01-06T01:27:56.340453,ignorado
0,N/A,132,0,2026-01-06T01:27:56.340460,ignorado
0,N/A,132,0,2026-01-06T01:27:56.340467,ignorado
0,N/A,132,0,2026-01-06T01:27:56.340474,ignorado
0,N/A,132,0,2026-01-06T01:27:56.340481,ignorado
0,N/A,132,0,2026-01-06T01:27:56.340488,ignorado
0,N/A,132,0,2026-01-06T01:27:56.340494,ignorado
0,N/A,132,0,2026-01-06T01:27:56.340500,ignorado
0,N/A,132,0,2026-01-06T01:27:56.340507,ignorado
0,N/A,132,0,2026-01-06T01:27:56.340513,ignorado
0,N/A,135,0,2026-01-06T01:27:56.575262,ignorado
0,N/A,135,0,2026-01-06T01:27:56.575298,ignorado
0,N/A,135,0,2026-01-06T01:27:56.575309,ignorado
0,N/A,135,0,2026-01-06T01:27:56.575317,ignorado
0,N/A,135,0,2026-01-06T01:27:56.575324,ignorado
0,N/A,135,0,2026-01-06T01:27:56.575331,ignorado
0,N/A,135,0,2026-01-06T01:27:56.575337,ignorado
0,N/A,135,0,2026-01-06T01:27:56.575343,ignorado
0,N/A,135,0,2026-01-06T01:27:56.575350,ignorado
0,N/A,135,0,2026-01-06T01:27:56.575357,ignorado
0,N/A,135,0,2026-01-06T01:27:56.575365,ignorado
0,N/A,135,0,2026-01-06T01:27:56.575371,ignorado
0,N/A,135,0,2026-01-06T01:27:56.575378,ignorado
0,N/A,135,0,2026-01-06T01:27:56.575384,ignorado
0,N/A,135,0,2026-01-06T01:27:56.575391,ignorado
0,N/A,135,0,2026-01-06T01:27:56.575397,ignorado
0,N/A,135,0,2026-01-06T01:27:56.575403,ignorado
0,N/A,135,0,2026-01-06T01:27:56.575409,ignorado
0,N/A,135,0,2026-01-06T01:27:56.575416,ignorado
0,N/A,135,0,2026-01-06T01:27:56.575423,ignorado
0,N/A,135,0,2026-01-06T01:27:56.575429,ignorado
0,N/A,135,0,2026-01-06T01:27:56.575436,ignorado
0,N/A,135,0,2026-01-06T01:27:56.575442,ignorado
0,N/A,135,0,2026-01-06T01:27:56.575449,ignorado
0,N/A,135,0,2026-01-06T01:27:56.575455,ignorado
0,N/A,135,0,2026-01-06T01:27:56.575461,ignorado
0,N/A,135,0,2026-01-06T01:27:56.575468,ignorado
0,N/A,135,0,2026-01-06T01:27:56.575474,ignorado
0,N/A,135,0,2026-01-06T01:27:56.575481,ignorado
0,N/A,135,0,2026-01-06T01:27:56.575487,ignorado
0,N/A,135,0,2026-01-06T01:27:56.575494,ignorado
0,N/A,135,0,2026-01-06T01:27:56.575500,ignorado
0,N/A,135,0,2026-01-06T01:27:56.575507,ignorado
0,N/A,135,0,2026-01-06T01:27:56.575513,ignorado
0,N/A,135,0,2026-01-06T01:27:56.575519,ignorado
0,N/A,135,0,2026-01-06T01:27:56.575525,ignorado
0,N/A,135,0,2026-01-06T01:27:56.575532,ignorado
0,N/A,135,0,2026-01-06T01:27:56.575549,ignorado
0,N/A,135,0,2026-01-06T01:27:56.575555,ignorado
0,N/A,135,0,2026-01-06T01:27:56.575561,ignorado
0,N/A,135,0,2026-01-06T01:27:56.575567,ignorado
0,N/A,135,0,2026-01-06T01:27:56.575573,ignorado
0,N/A,135,0,2026-01-06T01:27:56.575579,ignorado
0,N/A,135,0,2026-01-06T01:27:56.575584,ignorado
0,N/A,135,0,2026-01-06T01:27:56.575591,ignorado
0,N/A,135,0,2026-01-06T01:27:56.575597,ignorado
0,N/A,135,0,2026-01-06T01:27:56.575603,ignorado
0,N/A,135,0,2026-01-06T01:27:56.575609,ignorado
0,N/A,135,0,2026-01-06T01:27:56.575615,ignorado
0,N/A,135,0,2026-01-06T01:27:56.575621,ignorado
0,N/A,137,0,2026-01-06T01:27:56.956673,ignorado
0,N/A,137,0,2026-01-06T01:27:56.956714,ignorado
0,N/A,137,0,2026-01-06T01:27:56.956726,ignorado
0,N/A,137,0,2026-01-06T01:27:56.956736,ignorado
0,N/A,137,0,2026-01-06T01:27:56.956744,ignorado
0,N/A,137,0,2026-01-06T01:27:56.956753,ignorado
0,N/A,137,0,2026-01-06T01:27:56.956761,ignorado
0,N/A,137,0,2026-01-06T01:27:56.956769,ignorado
0,N/A,137,0,2026-01-06T01:27:56.956777,ignorado
0,N/A,137,0,2026-01-06T01:27:56.956784,ignorado
0,N/A,137,0,2026-01-06T01:27:56.956792,ignorado
0,N/A,137,0,2026-01-06T01:27:56.956800,ignorado
0,N/A,137,0,2026-01-06T01:27:56.956808,ignorado
0,N/A,137,0,2026-01-06T01:27:56.956816,ignorado
0,N/A,137,0,2026-01-06T01:27:56.956823,ignorado
0,N/A,137,0,2026-01-06T01:27:56.956831,ignorado
0,N/A,137,0,2026-01-06T01:27:56.956839,ignorado
0,N/A,137,0,2026-01-06T01:27:56.956847,ignorado
0,N/A,137,0,2026-01-06T01:27:56.956855,ignorado
0,N/A,137,0,2026-01-06T01:27:56.956862,ignorado
0,N/A,137,0,2026-01-06T01:27:56.956868,ignorado
0,N/A,137,0,2026-01-06T01:27:56.956875,ignorado
0,N/A,137,0,2026-01-06T01:27:56.956881,ignorado
0,N/A,137,0,2026-01-06T01:27:56.956888,ignorado
0,N/A,137,0,2026-01-06T01:27:56.956895,ignorado
0,N/A,137,0,2026-01-06T01:27:56.956903,ignorado
0,N/A,137,0,2026-01-06T01:27:56.956909,ignorado
0,N/A,137,0,2026-01-06T01:27:56.956915,ignorado
0,N/A,137,0,2026-01-06T01:27:56.956921,ignorado
0,N/A,137,0,2026-01-06T01:27:56.956928,ignorado
0,N/A,137,0,2026-01-06T01:27:56.956935,ignorado
0,N/A,137,0,2026-01-06T01:27:56.956941,ignorado
0,N/A,137,0,2026-01-06T01:27:56.956947,ignorado
0,N/A,137,0,2026-01-06T01:27:56.956954,ignorado
0,N/A,137,0,2026-01-06T01:27:56.956961,ignorado
0,N/A,137,0,2026-01-06T01:27:56.956967,ignorado
0,N/A,137,0,2026-01-06T01:27:56.956973,ignorado
0,N/A,137,0,2026-01-06T01:27:56.956980,ignorado
0,N/A,137,0,2026-01-06T01:27:56.956986,ignorado
0,N/A,137,0,2026-01-06T01:27:56.956993,ignorado
0,N/A,137,0,2026-01-06T01:27:56.956999,ignorado
0,N/A,137,0,2026-01-06T01:27:56.957005,ignorado
0,N/A,137,0,2026-01-06T01:27:56.957011,ignorado
0,N/A,137,0,2026-01-06T01:27:56.957017,ignorado
0,N/A,137,0,2026-01-06T01:27:56.957023,ignorado
0,N/A,137,0,2026-01-06T01:27:56.957029,ignorado
0,N/A,137,0,2026-01-06T01:27:56.957035,ignorado
0,N/A,137,0,2026-01-06T01:27:56.957041,ignorado
0,N/A,137,0,2026-01-06T01:27:56.957047,ignorado
0,N/A,137,0,2026-01-06T01:27:56.957053,ignorado
0,N/A,134,0,2026-01-06T01:27:57.176779,ignorado
0,N/A,134,0,2026-01-06T01:27:57.176816,ignorado
0,N/A,134,0,2026-01-06T01:27:57.176828,ignorado
0,N/A,134,0,2026-01-06T01:27:57.176838,ignorado
0,N/A,134,0,2026-01-06T01:27:57.176847,ignorado
0,N/A,134,0,2026-01-06T01:27:57.176855,ignorado
0,N/A,134,0,2026-01-06T01:27:57.176864,ignorado
0,N/A,134,0,2026-01-06T01:27:57.176872,ignorado
0,N/A,134,0,2026-01-06T01:27:57.176880,ignorado
0,N/A,134,0,2026-01-06T01:27:57.176887,ignorado
0,N/A,134,0,2026-01-06T01:27:57.176893,ignorado
0,N/A,134,0,2026-01-06T01:27:57.176900,ignorado
0,N/A,134,0,2026-01-06T01:27:57.176907,ignorado
0,N/A,134,0,2026-01-06T01:27:57.176913,ignorado
0,N/A,134,0,2026-01-06T01:27:57.176920,ignorado
0,N/A,134,0,2026-01-06T01:27:57.176928,ignorado
0,N/A,134,0,2026-01-06T01:27:57.176934,ignorado
0,N/A,134,0,2026-01-06T01:27:57.176941,ignorado
0,N/A,134,0,2026-01-06T01:27:57.176948,ignorado
0,N/A,134,0,2026-01-06T01:27:57.176954,ignorado
0,N/A,134,0,2026-01-06T01:27:57.176961,ignorado
0,N/A,134,0,2026-01-06T01:27:57.176968,ignorado
0,N/A,134,0,2026-01-06T01:27:57.176974,ignorado
0,N/A,134,0,2026-01-06T01:27:57.176980,ignorado
0,N/A,134,0,2026-01-06T01:27:57.176987,ignorado
0,N/A,134,0,2026-01-06T01:27:57.176993,ignorado
0,N/A,134,0,2026-01-06T01:27:57.176999,ignorado
0,N/A,134,0,2026-01-06T01:27:57.177005,ignorado
0,N/A,134,0,2026-01-06T01:27:57.177012,ignorado
0,N/A,134,0,2026-01-06T01:27:57.177018,ignorado
0,N/A,134,0,2026-01-06T01:27:57.177024,ignorado
0,N/A,134,0,2026-01-06T01:27:57.177030,ignorado
0,N/A,134,0,2026-01-06T01:27:57.177036,ignorado
0,N/A,134,0,2026-01-06T01:27:57.177042,ignorado
0,N/A,134,0,2026-01-06T01:27:57.177049,ignorado
0,N/A,134,0,2026-01-06T01:27:57.177055,ignorado
0,N/A,134,0,2026-01-06T01:27:57.177061,ignorado
0,N/A,134,0,2026-01-06T01:27:57.177067,ignorado
0,N/A,134,0,2026-01-06T01:27:57.177073,ignorado
0,N/A,134,0,2026-01-06T01:27:57.177079,ignorado
0,N/A,134,0,2026-01-06T01:27:57.177085,ignorado
0,N/A,134,0,2026-01-06T01:27:57.177091,ignorado
0,N/A,134,0,2026-01-06T01:27:57.177097,ignorado
0,N/A,134,0,2026-01-06T01:27:57.177103,ignorado
0,N/A,134,0,2026-01-06T01:27:57.177110,ignorado
0,N/A,134,0,2026-01-06T01:27:57.177115,ignorado
0,N/A,134,0,2026-01-06T01:27:57.177122,ignorado
0,N/A,134,0,2026-01-06T01:27:57.177127,ignorado
0,N/A,134,0,2026-01-06T01:27:57.177133,ignorado
0,N/A,134,0,2026-01-06T01:27:57.177139,ignorado
0,N/A,139,0,2026-01-06T01:27:57.970864,ignorado
0,N/A,139,0,2026-01-06T01:27:57.970904,ignorado
0,N/A,139,0,2026-01-06T01:27:57.970915,ignorado
0,N/A,139,0,2026-01-06T01:27:57.970923,ignorado
0,N/A,139,0,2026-01-06T01:27:57.970931,ignorado
0,N/A,139,0,2026-01-06T01:27:57.970938,ignorado
0,N/A,139,0,2026-01-06T01:27:57.970945,ignorado
0,N/A,139,0,2026-01-06T01:27:57.970952,ignorado
0,N/A,139,0,2026-01-06T01:27:57.970959,ignorado
0,N/A,139,0,2026-01-06T01:27:57.970966,ignorado
0,N/A,139,0,2026-01-06T01:27:57.970973,ignorado
0,N/A,139,0,2026-01-06T01:27:57.970980,ignorado
0,N/A,139,0,2026-01-06T01:27:57.970986,ignorado
0,N/A,139,0,2026-01-06T01:27:57.970993,ignorado
0,N/A,139,0,2026-01-06T01:27:57.970999,ignorado
0,N/A,139,0,2026-01-06T01:27:57.971006,ignorado
0,N/A,139,0,2026-01-06T01:27:57.971013,ignorado
0,N/A,139,0,2026-01-06T01:27:57.971019,ignorado
0,N/A,139,0,2026-01-06T01:27:57.971025,ignorado
0,N/A,139,0,2026-01-06T01:27:57.971032,ignorado
0,N/A,139,0,2026-01-06T01:27:57.971038,ignorado
0,N/A,139,0,2026-01-06T01:27:57.971045,ignorado
0,N/A,139,0,2026-01-06T01:27:57.971051,ignorado
0,N/A,139,0,2026-01-06T01:27:57.971058,ignorado
0,N/A,139,0,2026-01-06T01:27:57.971064,ignorado
0,N/A,139,0,2026-01-06T01:27:57.971071,ignorado
0,N/A,139,0,2026-01-06T01:27:57.971077,ignorado
0,N/A,139,0,2026-01-06T01:27:57.971083,ignorado
0,N/A,139,0,2026-01-06T01:27:57.971090,ignorado
0,N/A,139,0,2026-01-06T01:27:57.971097,ignorado
0,N/A,139,0,2026-01-06T01:27:57.971104,ignorado
0,N/A,139,0,2026-01-06T01:27:57.971110,ignorado
0,N/A,139,0,2026-01-06T01:27:57.971117,ignorado
0,N/A,139,0,2026-01-06T01:27:57.971123,ignorado
0,N/A,139,0,2026-01-06T01:27:57.971130,ignorado
0,N/A,139,0,2026-01-06T01:27:57.971136,ignorado
0,N/A,139,0,2026-01-06T01:27:57.971142,ignorado
0,N/A,139,0,2026-01-06T01:27:57.971149,ignorado
0,N/A,139,0,2026-01-06T01:27:57.971155,ignorado
0,N/A,139,0,2026-01-06T01:27:57.971161,ignorado
0,N/A,139,0,2026-01-06T01:27:57.971167,ignorado
0,N/A,139,0,2026-01-06T01:27:57.971174,ignorado
0,N/A,139,0,2026-01-06T01:27:57.971180,ignorado
0,N/A,139,0,2026-01-06T01:27:57.971186,ignorado
0,N/A,139,0,2026-01-06T01:27:57.971192,ignorado
0,N/A,139,0,2026-01-06T01:27:57.971198,ignorado
0,N/A,139,0,2026-01-06T01:27:57.971204,ignorado
0,N/A,139,0,2026-01-06T01:27:57.971210,ignorado
0,N/A,139,0,2026-01-06T01:27:57.971216,ignorado
0,N/A,139,0,2026-01-06T01:27:57.971222,ignorado
0,N/A,133,0,2026-01-06T01:27:58.508806,ignorado
0,N/A,133,0,2026-01-06T01:27:58.508838,ignorado
0,N/A,133,0,2026-01-06T01:27:58.508848,ignorado
0,N/A,133,0,2026-01-06T01:27:58.508856,ignorado
0,N/A,133,0,2026-01-06T01:27:58.508864,ignorado
0,N/A,133,0,2026-01-06T01:27:58.508872,ignorado
0,N/A,133,0,2026-01-06T01:27:58.508878,ignorado
0,N/A,133,0,2026-01-06T01:27:58.508885,ignorado
0,N/A,133,0,2026-01-06T01:27:58.508892,ignorado
0,N/A,133,0,2026-01-06T01:27:58.508899,ignorado
0,N/A,133,0,2026-01-06T01:27:58.508905,ignorado
0,N/A,133,0,2026-01-06T01:27:58.508911,ignorado
0,N/A,133,0,2026-01-06T01:27:58.508918,ignorado
0,N/A,133,0,2026-01-06T01:27:58.508924,ignorado
0,N/A,133,0,2026-01-06T01:27:58.508930,ignorado
0,N/A,133,0,2026-01-06T01:27:58.508937,ignorado
0,N/A,133,0,2026-01-06T01:27:58.508943,ignorado
0,N/A,133,0,2026-01-06T01:27:58.508948,ignorado
0,N/A,133,0,2026-01-06T01:27:58.508955,ignorado
0,N/A,133,0,2026-01-06T01:27:58.508960,ignorado
0,N/A,133,0,2026-01-06T01:27:58.508966,ignorado
0,N/A,133,0,2026-01-06T01:27:58.508972,ignorado
0,N/A,133,0,2026-01-06T01:27:58.508978,ignorado
0,N/A,133,0,2026-01-06T01:27:58.508984,ignorado
0,N/A,133,0,2026-01-06T01:27:58.508990,ignorado
0,N/A,133,0,2026-01-06T01:27:58.508995,ignorado
0,N/A,133,0,2026-01-06T01:27:58.509001,ignorado
0,N/A,133,0,2026-01-06T01:27:58.509007,ignorado
0,N/A,133,0,2026-01-06T01:27:58.509013,ignorado
0,N/A,133,0,2026-01-06T01:27:58.509019,ignorado
0,N/A,133,0,2026-01-06T01:27:58.509025,ignorado
0,N/A,133,0,2026-01-06T01:27:58.509031,ignorado
0,N/A,133,0,2026-01-06T01:27:58.509037,ignorado
0,N/A,133,0,2026-01-06T01:27:58.509043,ignorado
0,N/A,133,0,2026-01-06T01:27:58.509049,ignorado
0,N/A,133,0,2026-01-06T01:27:58.509056,ignorado
0,N/A,133,0,2026-01-06T01:27:58.509062,ignorado
0,N/A,133,0,2026-01-06T01:27:58.509068,ignorado
0,N/A,133,0,2026-01-06T01:27:58.509074,ignorado
0,N/A,133,0,2026-01-06T01:27:58.509079,ignorado
0,N/A,133,0,2026-01-06T01:27:58.509085,ignorado
0,N/A,133,0,2026-01-06T01:27:58.509091,ignorado
0,N/A,133,0,2026-01-06T01:27:58.509097,ignorado
0,N/A,133,0,2026-01-06T01:27:58.509103,ignorado
0,N/A,133,0,2026-01-06T01:27:58.509109,ignorado
0,N/A,133,0,2026-01-06T01:27:58.509115,ignorado
0,N/A,133,0,2026-01-06T01:27:58.509120,ignorado
0,N/A,133,0,2026-01-06T01:27:58.509126,ignorado
0,N/A,133,0,2026-01-06T01:27:58.509132,ignorado
0,N/A,133,0,2026-01-06T01:27:58.509138,ignorado
0,N/A,142,0,2026-01-06T01:27:59.616308,ignorado
0,N/A,142,0,2026-01-06T01:27:59.616342,ignorado
0,N/A,142,0,2026-01-06T01:27:59.616353,ignorado
0,N/A,142,0,2026-01-06T01:27:59.616361,ignorado
0,N/A,142,0,2026-01-06T01:27:59.616368,ignorado
0,N/A,142,0,2026-01-06T01:27:59.616375,ignorado
0,N/A,142,0,2026-01-06T01:27:59.616383,ignorado
0,N/A,142,0,2026-01-06T01:27:59.616389,ignorado
0,N/A,142,0,2026-01-06T01:27:59.616397,ignorado
0,N/A,142,0,2026-01-06T01:27:59.616405,ignorado
0,N/A,142,0,2026-01-06T01:27:59.616412,ignorado
0,N/A,142,0,2026-01-06T01:27:59.616420,ignorado
0,N/A,142,0,2026-01-06T01:27:59.616428,ignorado
0,N/A,142,0,2026-01-06T01:27:59.616435,ignorado
0,N/A,142,0,2026-01-06T01:27:59.616441,ignorado
0,N/A,142,0,2026-01-06T01:27:59.616449,ignorado
0,N/A,142,0,2026-01-06T01:27:59.616456,ignorado
0,N/A,142,0,2026-01-06T01:27:59.616463,ignorado
0,N/A,142,0,2026-01-06T01:27:59.616470,ignorado
0,N/A,142,0,2026-01-06T01:27:59.616476,ignorado
0,N/A,142,0,2026-01-06T01:27:59.616483,ignorado
0,N/A,142,0,2026-01-06T01:27:59.616490,ignorado
0,N/A,142,0,2026-01-06T01:27:59.616497,ignorado
0,N/A,142,0,2026-01-06T01:27:59.616504,ignorado
0,N/A,142,0,2026-01-06T01:27:59.616511,ignorado
0,N/A,142,0,2026-01-06T01:27:59.616517,ignorado
0,N/A,142,0,2026-01-06T01:27:59.616524,ignorado
0,N/A,142,0,2026-01-06T01:27:59.616531,ignorado
0,N/A,142,0,2026-01-06T01:27:59.616538,ignorado
0,N/A,142,0,2026-01-06T01:27:59.616545,ignorado
0,N/A,142,0,2026-01-06T01:27:59.616552,ignorado
0,N/A,142,0,2026-01-06T01:27:59.616559,ignorado
0,N/A,142,0,2026-01-06T01:27:59.616566,ignorado
0,N/A,142,0,2026-01-06T01:27:59.616573,ignorado
0,N/A,142,0,2026-01-06T01:27:59.616580,ignorado
0,N/A,142,0,2026-01-06T01:27:59.616586,ignorado
0,N/A,142,0,2026-01-06T01:27:59.616593,ignorado
0,N/A,142,0,2026-01-06T01:27:59.616600,ignorado
0,N/A,142,0,2026-01-06T01:27:59.616606,ignorado
0,N/A,142,0,2026-01-06T01:27:59.616613,ignorado
0,N/A,142,0,2026-01-06T01:27:59.616620,ignorado
0,N/A,142,0,2026-01-06T01:27:59.616626,ignorado
0,N/A,142,0,2026-01-06T01:27:59.616634,ignorado
0,N/A,142,0,2026-01-06T01:27:59.616641,ignorado
0,N/A,142,0,2026-01-06T01:27:59.616647,ignorado
0,N/A,142,0,2026-01-06T01:27:59.616654,ignorado
0,N/A,142,0,2026-01-06T01:27:59.616660,ignorado
0,N/A,142,0,2026-01-06T01:27:59.616667,ignorado
0,N/A,142,0,2026-01-06T01:27:59.616674,ignorado
0,N/A,142,0,2026-01-06T01:27:59.616680,ignorado
0,N/A,147,0,2026-01-06T01:27:59.633458,ignorado
0,N/A,147,0,2026-01-06T01:27:59.633482,ignorado
0,N/A,147,0,2026-01-06T01:27:59.633490,ignorado
0,N/A,147,0,2026-01-06T01:27:59.633496,ignorado
0,N/A,147,0,2026-01-06T01:27:59.633500,ignorado
0,N/A,147,0,2026-01-06T01:27:59.633505,ignorado
0,N/A,147,0,2026-01-06T01:27:59.633535,ignorado
0,N/A,147,0,2026-01-06T01:27:59.633541,ignorado
0,N/A,147,0,2026-01-06T01:27:59.633546,ignorado
0,N/A,147,0,2026-01-06T01:27:59.633550,ignorado
0,N/A,147,0,2026-01-06T01:27:59.633554,ignorado
0,N/A,147,0,2026-01-06T01:27:59.633558,ignorado
0,N/A,147,0,2026-01-06T01:27:59.633562,ignorado
0,N/A,147,0,2026-01-06T01:27:59.633566,ignorado
0,N/A,147,0,2026-01-06T01:27:59.633570,ignorado
0,N/A,147,0,2026-01-06T01:27:59.633575,ignorado
0,N/A,147,0,2026-01-06T01:27:59.633579,ignorado
0,N/A,147,0,2026-01-06T01:27:59.633583,ignorado
0,N/A,147,0,2026-01-06T01:27:59.633588,ignorado
0,N/A,147,0,2026-01-06T01:27:59.633591,ignorado
0,N/A,147,0,2026-01-06T01:27:59.633596,ignorado
0,N/A,147,0,2026-01-06T01:27:59.633600,ignorado
0,N/A,147,0,2026-01-06T01:27:59.633604,ignorado
0,N/A,147,0,2026-01-06T01:27:59.633608,ignorado
0,N/A,147,0,2026-01-06T01:27:59.633612,ignorado
0,N/A,147,0,2026-01-06T01:27:59.633616,ignorado
0,N/A,147,0,2026-01-06T01:27:59.633620,ignorado
0,N/A,147,0,2026-01-06T01:27:59.633626,ignorado
0,N/A,147,0,2026-01-06T01:27:59.633630,ignorado
0,N/A,147,0,2026-01-06T01:27:59.633634,ignorado
0,N/A,147,0,2026-01-06T01:27:59.633638,ignorado
0,N/A,147,0,2026-01-06T01:27:59.633642,ignorado
0,N/A,147,0,2026-01-06T01:27:59.633646,ignorado
0,N/A,147,0,2026-01-06T01:27:59.633650,ignorado
0,N/A,147,0,2026-01-06T01:27:59.633654,ignorado
0,N/A,147,0,2026-01-06T01:27:59.633658,ignorado
0,N/A,147,0,2026-01-06T01:27:59.633662,ignorado
0,N/A,147,0,2026-01-06T01:27:59.633666,ignorado
0,N/A,147,0,2026-01-06T01:27:59.633670,ignorado
0,N/A,147,0,2026-01-06T01:27:59.633674,ignorado
0,N/A,147,0,2026-01-06T01:27:59.633679,ignorado
0,N/A,147,0,2026-01-06T01:27:59.633683,ignorado
0,N/A,147,0,2026-01-06T01:27:59.633687,ignorado
0,N/A,147,0,2026-01-06T01:27:59.633690,ignorado
0,N/A,147,0,2026-01-06T01:27:59.633694,ignorado
0,N/A,147,0,2026-01-06T01:27:59.633698,ignorado
0,N/A,147,0,2026-01-06T01:27:59.633702,ignorado
0,N/A,147,0,2026-01-06T01:27:59.633706,ignorado
0,N/A,147,0,2026-01-06T01:27:59.633710,ignorado
0,N/A,147,0,2026-01-06T01:27:59.633714,ignorado
0,N/A,141,0,2026-01-06T01:27:59.817493,ignorado
0,N/A,141,0,2026-01-06T01:27:59.817521,ignorado
0,N/A,141,0,2026-01-06T01:27:59.817531,ignorado
0,N/A,141,0,2026-01-06T01:27:59.817540,ignorado
0,N/A,141,0,2026-01-06T01:27:59.817548,ignorado
0,N/A,141,0,2026-01-06T01:27:59.817556,ignorado
0,N/A,141,0,2026-01-06T01:27:59.817563,ignorado
0,N/A,141,0,2026-01-06T01:27:59.817570,ignorado
0,N/A,141,0,2026-01-06T01:27:59.817578,ignorado
0,N/A,141,0,2026-01-06T01:27:59.817584,ignorado
0,N/A,141,0,2026-01-06T01:27:59.817591,ignorado
0,N/A,141,0,2026-01-06T01:27:59.817598,ignorado
0,N/A,141,0,2026-01-06T01:27:59.817606,ignorado
0,N/A,141,0,2026-01-06T01:27:59.817612,ignorado
0,N/A,141,0,2026-01-06T01:27:59.817620,ignorado
0,N/A,141,0,2026-01-06T01:27:59.817627,ignorado
0,N/A,141,0,2026-01-06T01:27:59.817634,ignorado
0,N/A,141,0,2026-01-06T01:27:59.817641,ignorado
0,N/A,141,0,2026-01-06T01:27:59.817648,ignorado
0,N/A,141,0,2026-01-06T01:27:59.817655,ignorado
0,N/A,141,0,2026-01-06T01:27:59.817662,ignorado
0,N/A,141,0,2026-01-06T01:27:59.817669,ignorado
0,N/A,141,0,2026-01-06T01:27:59.817676,ignorado
0,N/A,141,0,2026-01-06T01:27:59.817683,ignorado
0,N/A,141,0,2026-01-06T01:27:59.817691,ignorado
0,N/A,141,0,2026-01-06T01:27:59.817698,ignorado
0,N/A,141,0,2026-01-06T01:27:59.817705,ignorado
0,N/A,141,0,2026-01-06T01:27:59.817712,ignorado
0,N/A,141,0,2026-01-06T01:27:59.817718,ignorado
0,N/A,141,0,2026-01-06T01:27:59.817725,ignorado
0,N/A,141,0,2026-01-06T01:27:59.817732,ignorado
0,N/A,141,0,2026-01-06T01:27:59.817739,ignorado
0,N/A,141,0,2026-01-06T01:27:59.817746,ignorado
0,N/A,141,0,2026-01-06T01:27:59.817753,ignorado
0,N/A,141,0,2026-01-06T01:27:59.817760,ignorado
0,N/A,141,0,2026-01-06T01:27:59.817766,ignorado
0,N/A,141,0,2026-01-06T01:27:59.817773,ignorado
0,N/A,141,0,2026-01-06T01:27:59.817780,ignorado
0,N/A,141,0,2026-01-06T01:27:59.817787,ignorado
0,N/A,141,0,2026-01-06T01:27:59.817793,ignorado
0,N/A,141,0,2026-01-06T01:27:59.817800,ignorado
0,N/A,141,0,2026-01-06T01:27:59.817806,ignorado
0,N/A,141,0,2026-01-06T01:27:59.817813,ignorado
0,N/A,141,0,2026-01-06T01:27:59.817820,ignorado
0,N/A,141,0,2026-01-06T01:27:59.817826,ignorado
0,N/A,141,0,2026-01-06T01:27:59.817833,ignorado
0,N/A,141,0,2026-01-06T01:27:59.817839,ignorado
0,N/A,141,0,2026-01-06T01:27:59.817846,ignorado
0,N/A,141,0,2026-01-06T01:27:59.817852,ignorado
0,N/A,141,0,2026-01-06T01:27:59.817859,ignorado
0,N/A,138,0,2026-01-06T01:28:00.321294,ignorado
0,N/A,138,0,2026-01-06T01:28:00.321335,ignorado
0,N/A,138,0,2026-01-06T01:28:00.321346,ignorado
0,N/A,138,0,2026-01-06T01:28:00.321355,ignorado
0,N/A,138,0,2026-01-06T01:28:00.321363,ignorado
0,N/A,138,0,2026-01-06T01:28:00.321370,ignorado
0,N/A,138,0,2026-01-06T01:28:00.321377,ignorado
0,N/A,138,0,2026-01-06T01:28:00.321385,ignorado
0,N/A,138,0,2026-01-06T01:28:00.321392,ignorado
0,N/A,138,0,2026-01-06T01:28:00.321399,ignorado
0,N/A,138,0,2026-01-06T01:28:00.321407,ignorado
0,N/A,138,0,2026-01-06T01:28:00.321414,ignorado
0,N/A,138,0,2026-01-06T01:28:00.321420,ignorado
0,N/A,138,0,2026-01-06T01:28:00.321427,ignorado
0,N/A,138,0,2026-01-06T01:28:00.321434,ignorado
0,N/A,138,0,2026-01-06T01:28:00.321441,ignorado
0,N/A,138,0,2026-01-06T01:28:00.321448,ignorado
0,N/A,138,0,2026-01-06T01:28:00.321455,ignorado
0,N/A,138,0,2026-01-06T01:28:00.321461,ignorado
0,N/A,138,0,2026-01-06T01:28:00.321470,ignorado
0,N/A,138,0,2026-01-06T01:28:00.321477,ignorado
0,N/A,138,0,2026-01-06T01:28:00.321483,ignorado
0,N/A,138,0,2026-01-06T01:28:00.321490,ignorado
0,N/A,138,0,2026-01-06T01:28:00.321496,ignorado
0,N/A,138,0,2026-01-06T01:28:00.321503,ignorado
0,N/A,138,0,2026-01-06T01:28:00.321509,ignorado
0,N/A,138,0,2026-01-06T01:28:00.321516,ignorado
0,N/A,138,0,2026-01-06T01:28:00.321523,ignorado
0,N/A,138,0,2026-01-06T01:28:00.321529,ignorado
0,N/A,138,0,2026-01-06T01:28:00.321536,ignorado
0,N/A,138,0,2026-01-06T01:28:00.321542,ignorado
0,N/A,138,0,2026-01-06T01:28:00.321549,ignorado
0,N/A,138,0,2026-01-06T01:28:00.321555,ignorado
0,N/A,138,0,2026-01-06T01:28:00.321561,ignorado
0,N/A,138,0,2026-01-06T01:28:00.321567,ignorado
0,N/A,138,0,2026-01-06T01:28:00.321573,ignorado
0,N/A,138,0,2026-01-06T01:28:00.321579,ignorado
0,N/A,138,0,2026-01-06T01:28:00.321585,ignorado
0,N/A,138,0,2026-01-06T01:28:00.321591,ignorado
0,N/A,138,0,2026-01-06T01:28:00.321597,ignorado
0,N/A,138,0,2026-01-06T01:28:00.321602,ignorado
0,N/A,138,0,2026-01-06T01:28:00.321608,ignorado
0,N/A,138,0,2026-01-06T01:28:00.321615,ignorado
0,N/A,138,0,2026-01-06T01:28:00.321620,ignorado
0,N/A,138,0,2026-01-06T01:28:00.321626,ignorado
0,N/A,138,0,2026-01-06T01:28:00.321633,ignorado
0,N/A,138,0,2026-01-06T01:28:00.322030,ignorado
0,N/A,138,0,2026-01-06T01:28:00.322041,ignorado
0,N/A,138,0,2026-01-06T01:28:00.322048,ignorado
0,N/A,138,0,2026-01-06T01:28:00.322054,ignorado
0,N/A,143,0,2026-01-06T01:28:00.438426,ignorado
0,N/A,143,0,2026-01-06T01:28:00.438458,ignorado
0,N/A,143,0,2026-01-06T01:28:00.438468,ignorado
0,N/A,143,0,2026-01-06T01:28:00.438476,ignorado
0,N/A,143,0,2026-01-06T01:28:00.438483,ignorado
0,N/A,143,0,2026-01-06T01:28:00.438490,ignorado
0,N/A,143,0,2026-01-06T01:28:00.438497,ignorado
0,N/A,143,0,2026-01-06T01:28:00.438503,ignorado
0,N/A,143,0,2026-01-06T01:28:00.438509,ignorado
0,N/A,143,0,2026-01-06T01:28:00.438516,ignorado
0,N/A,143,0,2026-01-06T01:28:00.438523,ignorado
0,N/A,143,0,2026-01-06T01:28:00.438530,ignorado
0,N/A,143,0,2026-01-06T01:28:00.438536,ignorado
0,N/A,143,0,2026-01-06T01:28:00.438543,ignorado
0,N/A,143,0,2026-01-06T01:28:00.438550,ignorado
0,N/A,143,0,2026-01-06T01:28:00.438556,ignorado
0,N/A,143,0,2026-01-06T01:28:00.438562,ignorado
0,N/A,143,0,2026-01-06T01:28:00.438569,ignorado
0,N/A,143,0,2026-01-06T01:28:00.438575,ignorado
0,N/A,143,0,2026-01-06T01:28:00.438581,ignorado
0,N/A,143,0,2026-01-06T01:28:00.438588,ignorado
0,N/A,143,0,2026-01-06T01:28:00.438594,ignorado
0,N/A,143,0,2026-01-06T01:28:00.438600,ignorado
0,N/A,143,0,2026-01-06T01:28:00.438607,ignorado
0,N/A,143,0,2026-01-06T01:28:00.438613,ignorado
0,N/A,143,0,2026-01-06T01:28:00.438619,ignorado
0,N/A,143,0,2026-01-06T01:28:00.438626,ignorado
0,N/A,143,0,2026-01-06T01:28:00.438632,ignorado
0,N/A,143,0,2026-01-06T01:28:00.438638,ignorado
0,N/A,143,0,2026-01-06T01:28:00.438644,ignorado
0,N/A,143,0,2026-01-06T01:28:00.438651,ignorado
0,N/A,143,0,2026-01-06T01:28:00.438657,ignorado
0,N/A,143,0,2026-01-06T01:28:00.438664,ignorado
0,N/A,143,0,2026-01-06T01:28:00.438670,ignorado
0,N/A,143,0,2026-01-06T01:28:00.438676,ignorado
0,N/A,143,0,2026-01-06T01:28:00.438682,ignorado
0,N/A,143,0,2026-01-06T01:28:00.438694,ignorado
0,N/A,143,0,2026-01-06T01:28:00.438701,ignorado
0,N/A,143,0,2026-01-06T01:28:00.438707,ignorado
0,N/A,143,0,2026-01-06T01:28:00.438713,ignorado
0,N/A,143,0,2026-01-06T01:28:00.438719,ignorado
0,N/A,143,0,2026-01-06T01:28:00.438726,ignorado
0,N/A,143,0,2026-01-06T01:28:00.438732,ignorado
0,N/A,143,0,2026-01-06T01:28:00.438739,ignorado
0,N/A,143,0,2026-01-06T01:28:00.438745,ignorado
0,N/A,143,0,2026-01-06T01:28:00.438752,ignorado
0,N/A,143,0,2026-01-06T01:28:00.438759,ignorado
0,N/A,143,0,2026-01-06T01:28:00.438769,ignorado
0,N/A,148,0,2026-01-06T01:28:00.602723,ignorado
0,N/A,148,0,2026-01-06T01:28:00.602758,ignorado
0,N/A,148,0,2026-01-06T01:28:00.602767,ignorado
0,N/A,148,0,2026-01-06T01:28:00.602773,ignorado
0,N/A,148,0,2026-01-06T01:28:00.602778,ignorado
0,N/A,148,0,2026-01-06T01:28:00.602783,ignorado
0,N/A,148,0,2026-01-06T01:28:00.602788,ignorado
0,N/A,148,0,2026-01-06T01:28:00.602793,ignorado
0,N/A,148,0,2026-01-06T01:28:00.602797,ignorado
0,N/A,148,0,2026-01-06T01:28:00.602801,ignorado
0,N/A,148,0,2026-01-06T01:28:00.602805,ignorado
0,N/A,148,0,2026-01-06T01:28:00.602809,ignorado
0,N/A,148,0,2026-01-06T01:28:00.602814,ignorado
0,N/A,148,0,2026-01-06T01:28:00.602818,ignorado
0,N/A,148,0,2026-01-06T01:28:00.602822,ignorado
0,N/A,148,0,2026-01-06T01:28:00.602826,ignorado
0,N/A,148,0,2026-01-06T01:28:00.602830,ignorado
0,N/A,148,0,2026-01-06T01:28:00.602834,ignorado
0,N/A,148,0,2026-01-06T01:28:00.602838,ignorado
0,N/A,148,0,2026-01-06T01:28:00.602842,ignorado
0,N/A,148,0,2026-01-06T01:28:00.602847,ignorado
0,N/A,148,0,2026-01-06T01:28:00.602850,ignorado
0,N/A,148,0,2026-01-06T01:28:00.602854,ignorado
0,N/A,148,0,2026-01-06T01:28:00.602858,ignorado
0,N/A,148,0,2026-01-06T01:28:00.602863,ignorado
0,N/A,148,0,2026-01-06T01:28:00.602867,ignorado
0,N/A,148,0,2026-01-06T01:28:00.602871,ignorado
0,N/A,148,0,2026-01-06T01:28:00.602875,ignorado
0,N/A,148,0,2026-01-06T01:28:00.602879,ignorado
0,N/A,148,0,2026-01-06T01:28:00.602883,ignorado
0,N/A,148,0,2026-01-06T01:28:00.602887,ignorado
0,N/A,148,0,2026-01-06T01:28:00.602892,ignorado
0,N/A,148,0,2026-01-06T01:28:00.602895,ignorado
0,N/A,148,0,2026-01-06T01:28:00.602900,ignorado
0,N/A,148,0,2026-01-06T01:28:00.602904,ignorado
0,N/A,148,0,2026-01-06T01:28:00.602909,ignorado
0,N/A,148,0,2026-01-06T01:28:00.602914,ignorado
0,N/A,148,0,2026-01-06T01:28:00.602918,ignorado
0,N/A,148,0,2026-01-06T01:28:00.602922,ignorado
0,N/A,148,0,2026-01-06T01:28:00.602927,ignorado
0,N/A,148,0,2026-01-06T01:28:00.602931,ignorado
0,N/A,148,0,2026-01-06T01:28:00.602935,ignorado
0,N/A,148,0,2026-01-06T01:28:00.602939,ignorado
0,N/A,148,0,2026-01-06T01:28:00.602944,ignorado
0,N/A,148,0,2026-01-06T01:28:00.602948,ignorado
0,N/A,148,0,2026-01-06T01:28:00.602951,ignorado
0,N/A,148,0,2026-01-06T01:28:00.602955,ignorado
0,N/A,148,0,2026-01-06T01:28:00.602959,ignorado
0,N/A,148,0,2026-01-06T01:28:00.602963,ignorado
0,N/A,148,0,2026-01-06T01:28:00.602967,ignorado
0,N/A,144,0,2026-01-06T01:28:01.278994,ignorado
0,N/A,144,0,2026-01-06T01:28:01.279035,ignorado
0,N/A,144,0,2026-01-06T01:28:01.279045,ignorado
0,N/A,144,0,2026-01-06T01:28:01.279053,ignorado
0,N/A,144,0,2026-01-06T01:28:01.279061,ignorado
0,N/A,144,0,2026-01-06T01:28:01.279074,ignorado
0,N/A,144,0,2026-01-06T01:28:01.279086,ignorado
0,N/A,144,0,2026-01-06T01:28:01.279092,ignorado
0,N/A,144,0,2026-01-06T01:28:01.279101,ignorado
0,N/A,144,0,2026-01-06T01:28:01.279108,ignorado
0,N/A,144,0,2026-01-06T01:28:01.279114,ignorado
0,N/A,144,0,2026-01-06T01:28:01.279122,ignorado
0,N/A,144,0,2026-01-06T01:28:01.279128,ignorado
0,N/A,144,0,2026-01-06T01:28:01.279135,ignorado
0,N/A,144,0,2026-01-06T01:28:01.279142,ignorado
0,N/A,144,0,2026-01-06T01:28:01.279148,ignorado
0,N/A,144,0,2026-01-06T01:28:01.279155,ignorado
0,N/A,144,0,2026-01-06T01:28:01.279161,ignorado
0,N/A,144,0,2026-01-06T01:28:01.279168,ignorado
0,N/A,144,0,2026-01-06T01:28:01.279174,ignorado
0,N/A,144,0,2026-01-06T01:28:01.279181,ignorado
0,N/A,144,0,2026-01-06T01:28:01.279187,ignorado
0,N/A,144,0,2026-01-06T01:28:01.279193,ignorado
0,N/A,144,0,2026-01-06T01:28:01.279200,ignorado
0,N/A,144,0,2026-01-06T01:28:01.279211,ignorado
0,N/A,144,0,2026-01-06T01:28:01.279218,ignorado
0,N/A,144,0,2026-01-06T01:28:01.279225,ignorado
0,N/A,144,0,2026-01-06T01:28:01.279231,ignorado
0,N/A,144,0,2026-01-06T01:28:01.279241,ignorado
0,N/A,144,0,2026-01-06T01:28:01.279252,ignorado
0,N/A,144,0,2026-01-06T01:28:01.279258,ignorado
0,N/A,144,0,2026-01-06T01:28:01.279265,ignorado
0,N/A,144,0,2026-01-06T01:28:01.279272,ignorado
0,N/A,144,0,2026-01-06T01:28:01.279278,ignorado
0,N/A,144,0,2026-01-06T01:28:01.279284,ignorado
0,N/A,144,0,2026-01-06T01:28:01.279291,ignorado
0,N/A,144,0,2026-01-06T01:28:01.279297,ignorado
0,N/A,144,0,2026-01-06T01:28:01.279303,ignorado
0,N/A,144,0,2026-01-06T01:28:01.279309,ignorado
0,N/A,144,0,2026-01-06T01:28:01.279316,ignorado
0,N/A,144,0,2026-01-06T01:28:01.279322,ignorado
0,N/A,144,0,2026-01-06T01:28:01.279329,ignorado
0,N/A,144,0,2026-01-06T01:28:01.279335,ignorado
0,N/A,140,0,2026-01-06T01:28:01.340784,ignorado
0,N/A,140,0,2026-01-06T01:28:01.340816,ignorado
0,N/A,140,0,2026-01-06T01:28:01.340826,ignorado
0,N/A,140,0,2026-01-06T01:28:01.340834,ignorado
0,N/A,140,0,2026-01-06T01:28:01.340842,ignorado
0,N/A,140,0,2026-01-06T01:28:01.340849,ignorado
0,N/A,140,0,2026-01-06T01:28:01.340856,ignorado
0,N/A,140,0,2026-01-06T01:28:01.340862,ignorado
0,N/A,140,0,2026-01-06T01:28:01.340870,ignorado
0,N/A,140,0,2026-01-06T01:28:01.340876,ignorado
0,N/A,140,0,2026-01-06T01:28:01.340883,ignorado
0,N/A,140,0,2026-01-06T01:28:01.340890,ignorado
0,N/A,140,0,2026-01-06T01:28:01.340897,ignorado
0,N/A,140,0,2026-01-06T01:28:01.340904,ignorado
0,N/A,140,0,2026-01-06T01:28:01.340911,ignorado
0,N/A,140,0,2026-01-06T01:28:01.340917,ignorado
0,N/A,140,0,2026-01-06T01:28:01.340924,ignorado
0,N/A,140,0,2026-01-06T01:28:01.340931,ignorado
0,N/A,140,0,2026-01-06T01:28:01.340937,ignorado
0,N/A,140,0,2026-01-06T01:28:01.340944,ignorado
0,N/A,140,0,2026-01-06T01:28:01.340950,ignorado
0,N/A,140,0,2026-01-06T01:28:01.340957,ignorado
0,N/A,140,0,2026-01-06T01:28:01.340963,ignorado
0,N/A,140,0,2026-01-06T01:28:01.340970,ignorado
0,N/A,140,0,2026-01-06T01:28:01.340977,ignorado
0,N/A,140,0,2026-01-06T01:28:01.340983,ignorado
0,N/A,140,0,2026-01-06T01:28:01.340990,ignorado
0,N/A,140,0,2026-01-06T01:28:01.340996,ignorado
0,N/A,140,0,2026-01-06T01:28:01.341003,ignorado
0,N/A,140,0,2026-01-06T01:28:01.341009,ignorado
0,N/A,140,0,2026-01-06T01:28:01.341016,ignorado
0,N/A,140,0,2026-01-06T01:28:01.341023,ignorado
0,N/A,140,0,2026-01-06T01:28:01.341029,ignorado
0,N/A,140,0,2026-01-06T01:28:01.341035,ignorado
0,N/A,140,0,2026-01-06T01:28:01.341042,ignorado
0,N/A,140,0,2026-01-06T01:28:01.341048,ignorado
0,N/A,140,0,2026-01-06T01:28:01.341054,ignorado
0,N/A,140,0,2026-01-06T01:28:01.341060,ignorado
0,N/A,140,0,2026-01-06T01:28:01.341066,ignorado
0,N/A,140,0,2026-01-06T01:28:01.341073,ignorado
0,N/A,140,0,2026-01-06T01:28:01.341079,ignorado
0,N/A,140,0,2026-01-06T01:28:01.341085,ignorado
0,N/A,140,0,2026-01-06T01:28:01.341091,ignorado
0,N/A,140,0,2026-01-06T01:28:01.341097,ignorado
0,N/A,140,0,2026-01-06T01:28:01.341103,ignorado
0,N/A,140,0,2026-01-06T01:28:01.341109,ignorado
0,N/A,140,0,2026-01-06T01:28:01.341115,ignorado
0,N/A,140,0,2026-01-06T01:28:01.341121,ignorado
0,N/A,140,0,2026-01-06T01:28:01.341127,ignorado
0,N/A,140,0,2026-01-06T01:28:01.341133,ignorado
0,N/A,145,0,2026-01-06T01:28:01.833928,ignorado
0,N/A,145,0,2026-01-06T01:28:01.833969,ignorado
0,N/A,145,0,2026-01-06T01:28:01.833980,ignorado
0,N/A,145,0,2026-01-06T01:28:01.833988,ignorado
0,N/A,145,0,2026-01-06T01:28:01.833997,ignorado
0,N/A,145,0,2026-01-06T01:28:01.834004,ignorado
0,N/A,145,0,2026-01-06T01:28:01.834012,ignorado
0,N/A,145,0,2026-01-06T01:28:01.834020,ignorado
0,N/A,145,0,2026-01-06T01:28:01.834033,ignorado
0,N/A,145,0,2026-01-06T01:28:01.834042,ignorado
0,N/A,145,0,2026-01-06T01:28:01.834055,ignorado
0,N/A,145,0,2026-01-06T01:28:01.834063,ignorado
0,N/A,145,0,2026-01-06T01:28:01.834070,ignorado
0,N/A,145,0,2026-01-06T01:28:01.834078,ignorado
0,N/A,145,0,2026-01-06T01:28:01.834086,ignorado
0,N/A,145,0,2026-01-06T01:28:01.834093,ignorado
0,N/A,145,0,2026-01-06T01:28:01.834101,ignorado
0,N/A,145,0,2026-01-06T01:28:01.834108,ignorado
0,N/A,145,0,2026-01-06T01:28:01.834115,ignorado
0,N/A,145,0,2026-01-06T01:28:01.834122,ignorado
0,N/A,145,0,2026-01-06T01:28:01.834129,ignorado
0,N/A,145,0,2026-01-06T01:28:01.834137,ignorado
0,N/A,145,0,2026-01-06T01:28:01.834144,ignorado
0,N/A,145,0,2026-01-06T01:28:01.834151,ignorado
0,N/A,145,0,2026-01-06T01:28:01.834158,ignorado
0,N/A,145,0,2026-01-06T01:28:01.834165,ignorado
0,N/A,145,0,2026-01-06T01:28:01.834173,ignorado
0,N/A,145,0,2026-01-06T01:28:01.834180,ignorado
0,N/A,145,0,2026-01-06T01:28:01.834188,ignorado
0,N/A,145,0,2026-01-06T01:28:01.834195,ignorado
0,N/A,145,0,2026-01-06T01:28:01.834212,ignorado
0,N/A,145,0,2026-01-06T01:28:01.834220,ignorado
0,N/A,145,0,2026-01-06T01:28:01.834224,ignorado
0,N/A,145,0,2026-01-06T01:28:01.834326,ignorado
0,N/A,145,0,2026-01-06T01:28:01.834332,ignorado
0,N/A,145,0,2026-01-06T01:28:01.834337,ignorado
0,N/A,146,0,2026-01-06T01:28:02.261247,ignorado
0,N/A,146,0,2026-01-06T01:28:02.261253,ignorado
0,N/A,146,0,2026-01-06T01:28:02.261263,ignorado
0,N/A,146,0,2026-01-06T01:28:02.261278,ignorado
0,N/A,146,0,2026-01-06T01:28:02.261283,ignorado
0,N/A,146,0,2026-01-06T01:28:02.261324,ignorado
0,N/A,146,0,2026-01-06T01:28:02.261328,ignorado
0,N/A,146,0,2026-01-06T01:28:02.261342,ignorado
0,N/A,146,0,2026-01-06T01:28:02.261356,ignorado
0,N/A,146,0,2026-01-06T01:28:02.261360,ignorado
0,N/A,146,0,2026-01-06T01:28:02.261364,ignorado
0,N/A,146,0,2026-01-06T01:28:02.261368,ignorado
0,N/A,146,0,2026-01-06T01:28:02.261372,ignorado
0,N/A,146,0,2026-01-06T01:28:02.261376,ignorado
0,N/A,146,0,2026-01-06T01:28:02.261380,ignorado
0,N/A,146,0,2026-01-06T01:28:02.261385,ignorado
0,N/A,146,0,2026-01-06T01:28:02.261389,ignorado
0,N/A,146,0,2026-01-06T01:28:02.261393,ignorado
0,N/A,146,0,2026-01-06T01:28:02.261397,ignorado
0,N/A,146,0,2026-01-06T01:28:02.261401,ignorado
0,N/A,146,0,2026-01-06T01:28:02.261405,ignorado
0,N/A,146,0,2026-01-06T01:28:02.261409,ignorado
0,N/A,146,0,2026-01-06T01:28:02.261413,ignorado
0,N/A,146,0,2026-01-06T01:28:02.261417,ignorado
0,N/A,146,0,2026-01-06T01:28:02.261421,ignorado
0,N/A,149,0,2026-01-06T01:28:03.456619,ignorado
0,N/A,149,0,2026-01-06T01:28:03.456645,ignorado
0,N/A,149,0,2026-01-06T01:28:03.456653,ignorado
0,N/A,149,0,2026-01-06T01:28:03.456659,ignorado
0,N/A,149,0,2026-01-06T01:28:03.456665,ignorado
0,N/A,149,0,2026-01-06T01:28:03.456670,ignorado
0,N/A,149,0,2026-01-06T01:28:03.456675,ignorado
0,N/A,149,0,2026-01-06T01:28:03.456680,ignorado
0,N/A,149,0,2026-01-06T01:28:03.456684,ignorado
0,N/A,149,0,2026-01-06T01:28:03.456689,ignorado
0,N/A,149,0,2026-01-06T01:28:03.456693,ignorado
0,N/A,149,0,2026-01-06T01:28:03.456697,ignorado
0,N/A,149,0,2026-01-06T01:28:03.456702,ignorado
0,N/A,149,0,2026-01-06T01:28:03.456712,ignorado
0,N/A,149,0,2026-01-06T01:28:03.456716,ignorado
0,N/A,149,0,2026-01-06T01:28:03.456761,ignorado
0,N/A,151,0,2026-01-06T01:28:06.647221,ignorado
836000,0000755-63.2018.8.16.0166,106,4,2026-01-06T01:28:13.490943,ok
836001,0019974-33.2018.8.16.0014,106,4,2026-01-06T01:28:13.490943,ok
836002,0001152-85.2018.8.16.0049,106,4,2026-01-06T01:28:13.490943,ok
836003,0036758-03.2017.8.16.0182,106,4,2026-01-06T01:28:13.490943,ok
836004,0002375-34.2017.8.16.0041,106,4,2026-01-06T01:28:13.490943,ok
836005,0010086-28.2018.8.16.0018,106,4,2026-01-06T01:28:13.490943,ok
836006,0003942-38.2018.8.16.0018,106,4,2026-01-06T01:28:13.490943,ok
836007,0005191-24.2018.8.16.0018,106,4,2026-01-06T01:28:13.490943,ok
836008,0000914-66.2018.8.16.0049,106,4,2026-01-06T01:28:13.490943,ok
836009,0082536-15.2017.8.16.0014,106,4,2026-01-06T01:28:13.490943,ok
836010,0011111-25.2018.8.16.0035,106,4,2026-01-06T01:28:13.490943,ok
836011,0050871-86.2018.8.16.0000,103,4,2026-01-06T01:28:13.490943,ok
836012,0052171-83.2018.8.16.0000,103,4,2026-01-06T01:28:13.490943,ok
836013,0052600-50.2018.8.16.0000,103,4,2026-01-06T01:28:13.490943,ok
836014,0052759-90.2018.8.16.0000,103,4,2026-01-06T01:28:13.490943,ok
836015,0006986-22.2018.8.16.0000,103,4,2026-01-06T01:28:13.490943,ok
836016,0030760-91.2013.8.16.0021,103,4,2026-01-06T01:28:13.490943,ok
836017,0001844-58.2013.8.16.0179,103,4,2026-01-06T01:28:13.490943,ok
836018,0007542-30.2011.8.16.0045,103,4,2026-01-06T01:28:13.490943,ok
836019,0024910-46.2018.8.16.0000,103,4,2026-01-06T01:28:13.490943,ok
836020,0013087-84.2017.8.16.0170,103,4,2026-01-06T01:28:13.490943,ok
836021,0035121-46.2015.8.16.0001,103,4,2026-01-06T01:28:13.490943,ok
836022,0006803-82.2015.8.16.0056,103,4,2026-01-06T01:28:13.490943,ok
836023,0006273-44.2015.8.16.0035,103,4,2026-01-06T01:28:13.490943,ok
836024,0030415-93.2010.8.16.0001,103,4,2026-01-06T01:28:13.490943,ok
836025,0037441-67.2018.8.16.0000,103,4,2026-01-06T01:28:13.490943,ok
836026,0040942-29.2018.8.16.0000,103,4,2026-01-06T01:28:13.490943,ok
836027,0000304-89.2017.8.16.0031,103,4,2026-01-06T01:28:13.490943,ok
836028,0041644-72.2018.8.16.0000,103,4,2026-01-06T01:28:13.490943,ok
836029,0041838-72.2018.8.16.0000,103,4,2026-01-06T01:28:13.490943,ok
836030,0000146-28.2018.8.16.0151,103,4,2026-01-06T01:28:13.490943,ok
836031,0000305-76.2016.8.16.0171,103,4,2026-01-06T01:28:13.490943,ok
836032,0000234-43.2018.8.16.0094,103,4,2026-01-06T01:28:13.490943,ok
836033,0032159-79.2017.8.16.0001,103,4,2026-01-06T01:28:13.490943,ok
836034,0000096-28.2018.8.16.0013,103,4,2026-01-06T01:28:13.490943,ok
836035,0000038-24.2013.8.16.0070,103,4,2026-01-06T01:28:13.490943,ok
836036,0029077-89.2017.8.16.0017,103,4,2026-01-06T01:28:13.490943,ok
836037,0001240-67.2017.8.16.0176,103,4,2026-01-06T01:28:13.490943,ok
836038,0023130-73.2015.8.16.0001,103,4,2026-01-06T01:28:13.490943,ok
836039,0001815-65.2017.8.16.0147,103,4,2026-01-06T01:28:13.490943,ok
836040,0035791-11.2016.8.16.0014,103,4,2026-01-06T01:28:13.490943,ok
836041,0010864-29.2013.8.16.0129,103,4,2026-01-06T01:28:13.490943,ok
836042,0030048-68.2017.8.16.0019,103,4,2026-01-06T01:28:13.490943,ok
836043,0057011-46.2012.8.16.0001,103,4,2026-01-06T01:28:13.490943,ok
836044,0011325-16.2018.8.16.0035,103,4,2026-01-06T01:28:13.490943,ok
836045,0008349-84.2018.8.16.0019,103,4,2026-01-06T01:28:13.490943,ok
836046,0000962-74.2018.8.16.0065,103,4,2026-01-06T01:28:13.490943,ok
836047,0005137-83.2016.8.16.0194,103,4,2026-01-06T01:28:13.490943,ok
836048,0018244-12.2017.8.16.0017,103,4,2026-01-06T01:28:13.490943,ok
836049,0007771-15.2017.8.16.0001,103,4,2026-01-06T01:28:13.490943,ok
836050,0050298-48.2018.8.16.0000,103,4,2026-01-06T01:28:13.490943,ok
836051,0050744-51.2018.8.16.0000,103,4,2026-01-06T01:28:13.490943,ok
836052,0017767-06.2018.8.16.0000,103,4,2026-01-06T01:28:13.490943,ok
836053,0021090-19.2018.8.16.0000,103,4,2026-01-06T01:28:13.490943,ok
836054,0022238-65.2018.8.16.0000,103,4,2026-01-06T01:28:13.490943,ok
836055,0001448-51.2015.8.16.0134,103,4,2026-01-06T01:28:13.490943,ok
836056,0000730-25.2017.8.16.0121,103,4,2026-01-06T01:28:13.490943,ok
836057,0029691-09.2017.8.16.0013,103,4,2026-01-06T01:28:13.490943,ok
836058,0006526-37.2015.8.16.0098,103,4,2026-01-06T01:28:13.490943,ok
836059,0001055-91.2014.8.16.0157,103,4,2026-01-06T01:28:13.490943,ok
836060,0031777-55.2018.8.16.0000,103,4,2026-01-06T01:28:13.490943,ok
836061,0014562-66.2018.8.16.0000,99,4,2026-01-06T01:28:13.490943,ok
836062,0026089-15.2018.8.16.0000,99,4,2026-01-06T01:28:13.490943,ok
836063,0026740-47.2018.8.16.0000,99,4,2026-01-06T01:28:13.490943,ok
836064,0030106-94.2018.8.16.0000,99,4,2026-01-06T01:28:13.490943,ok
836065,0045072-25.2015.8.16.0014,99,4,2026-01-06T01:28:13.490943,ok
836066,0031619-97.2018.8.16.0000,99,4,2026-01-06T01:28:13.490943,ok
836067,0055373-41.2013.8.16.0001,99,4,2026-01-06T01:28:13.490943,ok
836068,0028330-27.2016.8.16.0001,99,4,2026-01-06T01:28:13.490943,ok
836069,0008136-09.2016.8.16.0194,99,4,2026-01-06T01:28:13.490943,ok
836070,0014974-23.2017.8.16.0035,99,4,2026-01-06T01:28:13.490943,ok
836071,0000934-73.2017.8.16.0055,99,4,2026-01-06T01:28:13.490943,ok
836072,0003675-41.2016.8.16.0049,99,4,2026-01-06T01:28:13.490943,ok
836073,0013775-68.2017.8.16.0001,99,4,2026-01-06T01:28:13.490943,ok
836074,0004631-56.2016.8.16.0017,99,4,2026-01-06T01:28:13.490943,ok
836075,0007819-03.2016.8.16.0035,99,4,2026-01-06T01:28:13.490943,ok
836076,0031512-94.2017.8.16.0030,99,4,2026-01-06T01:28:13.490943,ok
836077,0000020-54.2017.8.16.0137,99,4,2026-01-06T01:28:13.490943,ok
836078,0001922-47.2016.8.16.0179,99,4,2026-01-06T01:28:13.490943,ok
836079,0002364-13.2016.8.16.0179,99,4,2026-01-06T01:28:13.490943,ok
836080,0003003-65.2015.8.16.0179,99,4,2026-01-06T01:28:13.490943,ok
836081,0008427-37.2017.8.16.0044,99,4,2026-01-06T01:28:13.490943,ok
836082,0011319-14.2018.8.16.0001,99,4,2026-01-06T01:28:13.490943,ok
836083,0009648-67.2016.8.16.0019,99,4,2026-01-06T01:28:13.490943,ok
836084,0019695-89.2018.8.16.0000,99,4,2026-01-06T01:28:13.490943,ok
836085,0001513-77.2017.8.16.0004,99,4,2026-01-06T01:28:13.490943,ok
836086,0006153-38.2016.8.16.0173,99,4,2026-01-06T01:28:13.490943,ok
836087,0078391-18.2014.8.16.0014,99,4,2026-01-06T01:28:13.490943,ok
836088,0018119-70.2015.8.16.0031,99,4,2026-01-06T01:28:13.490943,ok
836089,0013599-84.2003.8.16.0129,99,4,2026-01-06T01:28:13.490943,ok
836090,0003809-60.2009.8.16.0034,99,4,2026-01-06T01:28:13.490943,ok
836091,0029127-46.2016.8.16.0019,99,4,2026-01-06T01:28:13.490943,ok
836092,0002444-29.2016.8.16.0194,99,4,2026-01-06T01:28:13.490943,ok
836093,0043989-18.2012.8.16.0001,99,4,2026-01-06T01:28:13.490943,ok
836094,0011188-97.2005.8.16.0129,99,4,2026-01-06T01:28:13.490943,ok
836095,0014924-68.2018.8.16.0000,99,4,2026-01-06T01:28:13.490943,ok
836096,0016251-79.2017.8.16.0001,99,4,2026-01-06T01:28:13.490943,ok
836097,0024909-61.2018.8.16.0000,99,4,2026-01-06T01:28:13.490943,ok
836098,0007999-39.2017.8.16.0017,99,4,2026-01-06T01:28:13.490943,ok
836099,0022040-27.2017.8.16.0044,99,4,2026-01-06T01:28:13.490943,ok
836100,0000389-50.2014.8.16.0138,99,4,2026-01-06T01:28:13.490943,ok
836101,0039353-91.2017.8.16.0014,99,4,2026-01-06T01:28:13.490943,ok
836102,0035334-50.2018.8.16.0000,99,4,2026-01-06T01:28:13.490943,ok
836103,0016651-98.2014.8.16.0001,99,4,2026-01-06T01:28:13.490943,ok
836104,0011133-83.2004.8.16.0129,99,4,2026-01-06T01:28:13.490943,ok
836105,0012630-50.2012.8.16.0001,99,4,2026-01-06T01:28:13.490943,ok
836106,0021209-21.2011.8.16.0001,99,4,2026-01-06T01:28:13.490943,ok
836107,0044102-96.2017.8.16.0000,99,4,2026-01-06T01:28:13.490943,ok
836108,0006687-45.2018.8.16.0000,99,4,2026-01-06T01:28:13.490943,ok
836109,0033428-03.2006.8.16.0014,99,4,2026-01-06T01:28:13.490943,ok
836110,0018321-38.2018.8.16.0000,99,4,2026-01-06T01:28:13.490943,ok
836111,0002603-09.2017.8.16.0041,107,4,2026-01-06T01:28:13.490943,ok
836112,0005694-91.2018.8.16.0035,107,4,2026-01-06T01:28:13.490943,ok
836113,0007891-63.2018.8.16.0182,107,4,2026-01-06T01:28:13.490943,ok
836114,0004174-70.2018.8.16.9000,107,4,2026-01-06T01:28:13.490943,ok
836115,0000195-31.2017.8.16.0175,107,4,2026-01-06T01:28:13.490943,ok
836116,0003703-07.2017.8.16.0103,107,4,2026-01-06T01:28:13.490943,ok
836117,0004764-50.2018.8.16.0075,107,4,2026-01-06T01:28:13.490943,ok
836118,0000563-20.2018.8.16.0041,107,4,2026-01-06T01:28:13.490943,ok
836119,0001409-92.2018.8.16.0152,107,4,2026-01-06T01:28:13.490943,ok
836120,0001564-16.2018.8.16.0049,107,4,2026-01-06T01:28:13.490943,ok
836121,0001568-53.2018.8.16.0049,107,4,2026-01-06T01:28:13.490943,ok
836122,0003682-40.2018.8.16.0024,107,4,2026-01-06T01:28:13.490943,ok
836123,0011291-50.2018.8.16.0129,107,4,2026-01-06T01:28:13.490943,ok
836124,0001601-62.2018.8.16.0075,107,4,2026-01-06T01:28:13.490943,ok
836125,0001600-77.2018.8.16.0075,107,4,2026-01-06T01:28:13.490943,ok
836126,0003647-62.2018.8.16.0030,107,4,2026-01-06T01:28:13.490943,ok
836127,0001464-61.2018.8.16.0049,107,4,2026-01-06T01:28:13.490943,ok
836128,0022704-17.2018.8.16.0014,107,4,2026-01-06T01:28:13.490943,ok
836129,0000673-17.2018.8.16.0171,107,4,2026-01-06T01:28:13.490943,ok
836130,0081666-67.2017.8.16.0014,107,4,2026-01-06T01:28:13.490943,ok
836131,0003741-66.2018.8.16.9000,107,4,2026-01-06T01:28:13.490943,ok
836132,0032549-29.2016.8.16.0019,107,4,2026-01-06T01:28:13.490943,ok
836133,0004232-73.2018.8.16.9000,107,4,2026-01-06T01:28:13.490943,ok
836134,0005368-29.2018.8.16.0069,107,4,2026-01-06T01:28:13.490943,ok
836135,0001547-41.2017.8.16.0040,107,4,2026-01-06T01:28:13.490943,ok
836136,0001326-90.2018.8.16.0018,107,4,2026-01-06T01:28:13.490943,ok
836137,0002928-60.2018.8.16.0069,107,4,2026-01-06T01:28:13.490943,ok
836138,0013252-28.2015.8.16.0130,107,4,2026-01-06T01:28:13.490943,ok
836139,0012378-43.2015.8.16.0130,107,4,2026-01-06T01:28:13.490943,ok
836140,0004508-77.2015.8.16.0119,107,4,2026-01-06T01:28:13.490943,ok
836141,0002258-16.2015.8.16.0105,107,4,2026-01-06T01:28:13.490943,ok
836142,0000387-97.2017.8.16.0066,107,4,2026-01-06T01:28:13.490943,ok
836143,0004580-93.2017.8.16.0119,107,4,2026-01-06T01:28:13.490943,ok
836144,0004537-59.2017.8.16.0119,107,4,2026-01-06T01:28:13.490943,ok
836145,0000502-22.2018.8.16.0119,107,4,2026-01-06T01:28:13.490943,ok
836146,0005503-22.2017.8.16.0119,107,4,2026-01-06T01:28:13.490943,ok
836147,0012393-41.2017.8.16.0130,107,4,2026-01-06T01:28:13.490943,ok
836148,0001968-77.2017.8.16.0057,107,4,2026-01-06T01:28:13.490943,ok
836149,0002463-51.2018.8.16.0069,107,4,2026-01-06T01:28:13.490943,ok
836150,0001743-26.2018.8.16.0153,107,4,2026-01-06T01:28:13.490943,ok
836151,0036235-95.2017.8.16.0018,107,4,2026-01-06T01:28:13.490943,ok
836152,0003951-97.2018.8.16.0018,107,4,2026-01-06T01:28:13.490943,ok
836153,0003081-35.2018.8.16.0056,107,4,2026-01-06T01:28:13.490943,ok
836154,0001229-94.2018.8.16.0049,107,4,2026-01-06T01:28:13.490943,ok
836155,0001240-26.2018.8.16.0049,107,4,2026-01-06T01:28:13.490943,ok
836156,0002816-91.2018.8.16.0069,107,4,2026-01-06T01:28:13.490943,ok
836157,0004603-58.2018.8.16.0069,107,4,2026-01-06T01:28:13.490943,ok
836158,0021887-29.2018.8.16.0021,107,4,2026-01-06T01:28:13.490943,ok
836159,0002983-58.2017.8.16.0097,107,4,2026-01-06T01:28:13.490943,ok
836160,0003719-08.2018.8.16.9000,107,4,2026-01-06T01:28:13.490943,ok
836161,0003679-26.2018.8.16.9000,108,4,2026-01-06T01:28:13.490943,ok
836162,0003669-79.2018.8.16.9000,108,4,2026-01-06T01:28:13.490943,ok
836163,0003689-70.2018.8.16.9000,108,4,2026-01-06T01:28:13.490943,ok
836164,0003692-25.2018.8.16.9000,108,4,2026-01-06T01:28:13.490943,ok
836165,0001149-33.2018.8.16.0049,108,4,2026-01-06T01:28:13.490943,ok
836166,0005284-09.2017.8.16.0119,108,4,2026-01-06T01:28:13.490943,ok
836167,0001598-52.2017.8.16.0040,108,4,2026-01-06T01:28:13.490943,ok
836168,0001810-73.2017.8.16.0040,108,4,2026-01-06T01:28:13.490943,ok
836169,0002318-86.2015.8.16.0105,108,4,2026-01-06T01:28:13.490943,ok
836170,0002864-44.2015.8.16.0105,108,4,2026-01-06T01:28:13.490943,ok
836171,0002284-82.2015.8.16.0050,108,4,2026-01-06T01:28:13.490943,ok
836172,0002520-63.2015.8.16.0105,108,4,2026-01-06T01:28:13.490943,ok
836173,0003153-22.2018.8.16.0153,108,4,2026-01-06T01:28:13.490943,ok
836174,0005087-55.2018.8.16.0075,108,4,2026-01-06T01:28:13.490943,ok
836175,0001708-18.2018.8.16.0072,108,4,2026-01-06T01:28:13.490943,ok
836176,0000207-23.2018.8.16.0171,108,4,2026-01-06T01:28:13.490943,ok
836177,0003479-19.2018.8.16.9000,108,4,2026-01-06T01:28:13.490943,ok
836178,0003762-42.2018.8.16.9000,108,4,2026-01-06T01:28:13.490943,ok
836179,0003766-79.2018.8.16.9000,108,4,2026-01-06T01:28:13.490943,ok
836180,0003794-47.2018.8.16.9000,108,4,2026-01-06T01:28:13.490943,ok
836181,0003802-24.2018.8.16.9000,108,4,2026-01-06T01:28:13.490943,ok
836182,0000364-20.2017.8.16.0142,108,4,2026-01-06T01:28:13.490943,ok
836183,0016093-25.2017.8.16.0130,108,4,2026-01-06T01:28:13.490943,ok
836184,0002013-82.2015.8.16.0047,108,4,2026-01-06T01:28:13.490943,ok
836185,0000866-10.2018.8.16.0049,108,4,2026-01-06T01:28:13.490943,ok
836186,0020387-17.2017.8.16.0035,108,4,2026-01-06T01:28:13.490943,ok
836187,0003657-65.2018.8.16.9000,108,4,2026-01-06T01:28:13.490943,ok
836188,0003659-35.2018.8.16.9000,108,4,2026-01-06T01:28:13.490943,ok
836189,0003644-66.2018.8.16.9000,108,4,2026-01-06T01:28:13.490943,ok
836190,0000655-78.2017.8.16.0058,108,4,2026-01-06T01:28:13.490943,ok
836191,0003625-60.2018.8.16.9000,108,4,2026-01-06T01:28:13.490943,ok
836192,0004261-28.2017.8.16.0119,108,4,2026-01-06T01:28:13.490943,ok
836193,0002013-18.2017.8.16.0175,108,4,2026-01-06T01:28:13.490943,ok
836194,0001224-65.2018.8.16.0019,108,4,2026-01-06T01:28:13.490943,ok
836195,0004536-31.2017.8.16.0101,108,4,2026-01-06T01:28:13.490943,ok
836196,0001622-76.2018.8.16.0127,108,4,2026-01-06T01:28:13.490943,ok
836197,0001646-07.2018.8.16.0127,108,4,2026-01-06T01:28:13.490943,ok
836198,0001462-51.2018.8.16.0127,108,4,2026-01-06T01:28:13.490943,ok
836199,0003813-37.2015.8.16.0083,108,4,2026-01-06T01:28:13.490943,ok
836200,0002413-22.2017.8.16.0049,108,4,2026-01-06T01:28:13.490943,ok
836201,0034908-18.2017.8.16.0018,108,4,2026-01-06T01:28:13.490943,ok
836202,0040470-96.2017.8.16.0021,108,4,2026-01-06T01:28:13.490943,ok
836203,0002412-81.2016.8.16.0175,108,4,2026-01-06T01:28:13.490943,ok
836204,0053109-51.2017.8.16.0182,108,4,2026-01-06T01:28:13.490943,ok
836205,0002641-79.2018.8.16.0075,108,4,2026-01-06T01:28:13.490943,ok
836206,0000292-68.2018.8.16.0119,108,4,2026-01-06T01:28:13.490943,ok
836207,0007478-98.2018.8.16.0069,108,4,2026-01-06T01:28:13.490943,ok
836208,0007808-95.2018.8.16.0069,108,4,2026-01-06T01:28:13.490943,ok
836209,0002399-20.2018.8.16.9000,108,4,2026-01-06T01:28:13.490943,ok
836210,0003754-65.2018.8.16.9000,108,4,2026-01-06T01:28:13.490943,ok
836211,0032891-29.2018.8.16.0000,104,4,2026-01-06T01:28:13.490943,ok
836212,0033181-44.2018.8.16.0000,104,4,2026-01-06T01:28:13.490943,ok
836213,0000068-92.1997.8.16.0014,104,4,2026-01-06T01:28:13.490943,ok
836214,0000821-74.2016.8.16.0146,104,4,2026-01-06T01:28:13.490943,ok
836215,0005944-39.2018.8.16.0031,104,4,2026-01-06T01:28:13.490943,ok
836216,0025686-85.2015.8.16.0021,104,4,2026-01-06T01:28:13.490943,ok
836217,0001274-32.2017.8.16.0050,104,4,2026-01-06T01:28:13.490943,ok
836218,0004487-63.2018.8.16.0033,104,4,2026-01-06T01:28:13.490943,ok
836219,0006093-94.2015.8.16.0013,104,4,2026-01-06T01:28:13.490943,ok
836220,0042131-42.2018.8.16.0000,104,4,2026-01-06T01:28:13.490943,ok
836221,0029651-95.2015.8.16.0013,104,4,2026-01-06T01:28:13.490943,ok
836222,0012034-25.2015.8.16.0013,104,4,2026-01-06T01:28:13.490943,ok
836223,0004226-58.2018.8.16.0014,104,4,2026-01-06T01:28:13.490943,ok
836224,0010162-65.2013.8.16.0038,104,4,2026-01-06T01:28:13.490943,ok
836225,0009311-71.2018.8.16.0031,104,4,2026-01-06T01:28:13.490943,ok
836226,0005795-92.2017.8.16.0123,104,4,2026-01-06T01:28:13.490943,ok
836227,0018947-52.2017.8.16.0013,104,4,2026-01-06T01:28:13.490943,ok
836228,0047359-95.2018.8.16.0000,104,4,2026-01-06T01:28:13.490943,ok
836229,0048544-71.2018.8.16.0000,104,4,2026-01-06T01:28:13.490943,ok
836230,0049161-31.2018.8.16.0000,104,4,2026-01-06T01:28:13.490943,ok
836231,0049482-66.2018.8.16.0000,104,4,2026-01-06T01:28:13.490943,ok
836232,0050039-53.2018.8.16.0000,104,4,2026-01-06T01:28:13.490943,ok
836233,0050787-85.2018.8.16.0000,104,4,2026-01-06T01:28:13.490943,ok
836234,0051530-95.2018.8.16.0000,104,4,2026-01-06T01:28:13.490943,ok
836235,0051711-96.2018.8.16.0000,104,4,2026-01-06T01:28:13.490943,ok
836236,0015478-03.2018.8.16.0000,104,4,2026-01-06T01:28:13.490943,ok
836237,0017925-92.2017.8.16.0001,104,4,2026-01-06T01:28:13.490943,ok
836238,0000589-97.2012.8.16.0115,104,4,2026-01-06T01:28:13.490943,ok
836239,0007710-16.2016.8.16.0026,104,4,2026-01-06T01:28:13.490943,ok
836240,0004595-53.2016.8.16.0101,104,4,2026-01-06T01:28:13.490943,ok
836241,0072034-51.2016.8.16.0014,104,4,2026-01-06T01:28:13.490943,ok
836242,0002888-25.2008.8.16.0103,104,4,2026-01-06T01:28:13.490943,ok
836243,0006996-03.2017.8.16.0194,104,4,2026-01-06T01:28:13.490943,ok
836244,0061525-27.2017.8.16.0014,104,4,2026-01-06T01:28:13.490943,ok
836245,0002261-15.2016.8.16.0079,104,4,2026-01-06T01:28:13.490943,ok
836246,0009642-85.2014.8.16.0001,104,4,2026-01-06T01:28:13.490943,ok
836247,0003323-32.2015.8.16.0045,104,4,2026-01-06T01:28:13.490943,ok
836248,0001178-95.2017.8.16.0024,104,4,2026-01-06T01:28:13.490943,ok
836249,0017270-64.2016.8.16.0031,104,4,2026-01-06T01:28:13.490943,ok
836250,0010310-75.2005.8.16.0129,104,4,2026-01-06T01:28:13.490943,ok
836251,0001959-69.2016.8.16.0019,104,4,2026-01-06T01:28:13.490943,ok
836252,0005036-88.2016.8.16.0083,104,4,2026-01-06T01:28:13.490943,ok
836253,0050979-18.2018.8.16.0000,104,4,2026-01-06T01:28:13.490943,ok
836254,0007434-19.2017.8.16.0165,104,4,2026-01-06T01:28:13.490943,ok
836255,0001546-54.2016.8.16.0052,104,4,2026-01-06T01:28:13.490943,ok
836256,0007857-29.2017.8.16.0019,104,4,2026-01-06T01:28:13.490943,ok
836257,0033349-87.2017.8.16.0030,104,4,2026-01-06T01:28:13.490943,ok
836258,0000353-62.2018.8.16.0204,104,4,2026-01-06T01:28:13.490943,ok
836259,0001600-08.2018.8.16.0098,104,4,2026-01-06T01:28:13.490943,ok
836260,0001967-92.2017.8.16.0057,104,4,2026-01-06T01:28:13.490943,ok
836261,0007098-91.2015.8.16.0130,109,4,2026-01-06T01:28:13.490943,ok
836262,0010800-45.2015.8.16.0130,109,4,2026-01-06T01:28:13.490943,ok
836263,0016342-89.2015.8.16.0018,109,4,2026-01-06T01:28:13.490943,ok
836264,0013363-12.2015.8.16.0130,109,4,2026-01-06T01:28:13.490943,ok
836265,0000606-08.2015.8.16.0058,109,4,2026-01-06T01:28:13.490943,ok
836266,0002320-56.2015.8.16.0105,109,4,2026-01-06T01:28:13.490943,ok
836267,0002372-52.2015.8.16.0105,109,4,2026-01-06T01:28:13.490943,ok
836268,0002570-21.2018.8.16.0029,109,4,2026-01-06T01:28:13.490943,ok
836269,0006053-18.2018.8.16.0075,109,4,2026-01-06T01:28:13.490943,ok
836270,0001693-49.2018.8.16.0072,109,4,2026-01-06T01:28:13.490943,ok
836271,0002467-41.2016.8.16.0075,109,4,2026-01-06T01:28:13.490943,ok
836272,0003098-14.2018.8.16.0075,109,4,2026-01-06T01:28:13.490943,ok
836273,0003434-18.2018.8.16.0075,109,4,2026-01-06T01:28:13.490943,ok
836274,0004360-52.2017.8.16.0101,109,4,2026-01-06T01:28:13.490943,ok
836275,0004324-54.2018.8.16.0075,109,4,2026-01-06T01:28:13.490943,ok
836276,0002370-63.2018.8.16.0045,109,4,2026-01-06T01:28:13.490943,ok
836277,0019406-95.2018.8.16.0182,109,4,2026-01-06T01:28:13.490943,ok
836278,0004209-50.2017.8.16.0113,109,4,2026-01-06T01:28:13.490943,ok
836279,0000967-10.2017.8.16.0105,109,4,2026-01-06T01:28:13.490943,ok
836280,0026884-57.2018.8.16.0182,109,4,2026-01-06T01:28:13.490943,ok
836281,0004290-76.2018.8.16.9000,109,4,2026-01-06T01:28:13.490943,ok
836282,0002946-63.2018.8.16.0075,109,4,2026-01-06T01:28:13.490943,ok
836283,0002993-37.2018.8.16.0075,109,4,2026-01-06T01:28:13.490943,ok
836284,0004731-60.2018.8.16.0075,109,4,2026-01-06T01:28:13.490943,ok
836285,0003441-10.2018.8.16.0075,109,4,2026-01-06T01:28:13.490943,ok
836286,0001481-79.2018.8.16.0055,109,4,2026-01-06T01:28:13.490943,ok
836287,0000894-85.2018.8.16.0175,109,4,2026-01-06T01:28:13.490943,ok
836288,0001565-80.2018.8.16.0152,109,4,2026-01-06T01:28:13.490943,ok
836289,0004337-50.2018.8.16.9000,109,4,2026-01-06T01:28:13.490943,ok
836290,0009952-13.2016.8.16.0069,109,4,2026-01-06T01:28:13.490943,ok
836291,0062912-58.2017.8.16.0182,109,4,2026-01-06T01:28:13.490943,ok
836292,0058112-84.2017.8.16.0182,109,4,2026-01-06T01:28:13.490943,ok
836293,0001731-12.2018.8.16.0153,109,4,2026-01-06T01:28:13.490943,ok
836294,0005512-81.2017.8.16.0119,109,4,2026-01-06T01:28:13.490943,ok
836295,0005608-74.2018.8.16.0018,109,4,2026-01-06T01:28:13.490943,ok
836296,0000640-42.2018.8.16.0166,109,4,2026-01-06T01:28:13.490943,ok
836297,0000720-06.2018.8.16.0166,109,4,2026-01-06T01:28:13.490943,ok
836298,0002638-05.2017.8.16.0029,109,4,2026-01-06T01:28:13.490943,ok
836299,0003443-77.2018.8.16.0075,109,4,2026-01-06T01:28:13.490943,ok
836300,0001185-13.2017.8.16.0081,109,4,2026-01-06T01:28:13.490943,ok
836301,0005144-38.2017.8.16.0195,109,4,2026-01-06T01:28:13.490943,ok
836302,0002317-02.2016.8.16.0159,109,4,2026-01-06T01:28:13.490943,ok
836303,0014264-09.2017.8.16.0130,109,4,2026-01-06T01:28:13.490943,ok
836304,0002003-71.2017.8.16.0175,109,4,2026-01-06T01:28:13.490943,ok
836305,0002088-77.2017.8.16.0039,109,4,2026-01-06T01:28:13.490943,ok
836306,0002016-70.2017.8.16.0175,109,4,2026-01-06T01:28:13.490943,ok
836307,0000658-70.2017.8.16.0175,109,4,2026-01-06T01:28:13.490943,ok
836308,0002018-40.2017.8.16.0175,109,4,2026-01-06T01:28:13.490943,ok
836309,0002005-41.2017.8.16.0175,109,4,2026-01-06T01:28:13.490943,ok
836310,0000094-57.2018.8.16.0175,109,4,2026-01-06T01:28:13.490943,ok
836311,0018092-36.2018.8.16.0014,110,4,2026-01-06T01:28:13.490943,ok
836312,0000924-97.2017.8.16.0097,110,4,2026-01-06T01:28:13.490943,ok
836313,0000231-72.2018.8.16.0164,110,4,2026-01-06T01:28:13.490943,ok
836314,0052319-67.2017.8.16.0182,110,4,2026-01-06T01:28:13.490943,ok
836315,0018766-92.2018.8.16.0182,110,4,2026-01-06T01:28:13.490943,ok
836316,0005809-10.2018.8.16.0069,110,4,2026-01-06T01:28:13.490943,ok
836317,0003147-83.2018.8.16.0098,110,4,2026-01-06T01:28:13.490943,ok
836318,0003468-87.2018.8.16.9000,110,4,2026-01-06T01:28:13.490943,ok
836319,0004576-56.2017.8.16.0119,110,4,2026-01-06T01:28:13.490943,ok
836320,0003414-24.2018.8.16.9000,110,4,2026-01-06T01:28:13.490943,ok
836321,0003493-55.2017.8.16.0070,110,4,2026-01-06T01:28:13.490943,ok
836322,0002197-85.2017.8.16.0041,110,4,2026-01-06T01:28:13.490943,ok
836323,0002019-25.2017.8.16.0175,110,4,2026-01-06T01:28:13.490943,ok
836324,0001928-65.2018.8.16.0088,110,4,2026-01-06T01:28:13.490943,ok
836325,0005714-28.2017.8.16.0129,110,4,2026-01-06T01:28:13.490943,ok
836326,0007516-58.2017.8.16.0130,110,4,2026-01-06T01:28:13.490943,ok
836327,0007813-30.2016.8.16.0056,110,4,2026-01-06T01:28:13.490943,ok
836328,0001066-09.2016.8.16.0139,110,4,2026-01-06T01:28:13.490943,ok
836329,0010968-54.2015.8.16.0160,110,4,2026-01-06T01:28:13.490943,ok
836330,0001429-64.2016.8.16.0181,110,4,2026-01-06T01:28:13.490943,ok
836331,0001512-80.2016.8.16.0181,110,4,2026-01-06T01:28:13.490943,ok
836332,0002583-54.2017.8.16.0029,110,4,2026-01-06T01:28:13.490943,ok
836333,0005675-31.2017.8.16.0129,110,4,2026-01-06T01:28:13.490943,ok
836334,0001899-38.2017.8.16.0124,110,4,2026-01-06T01:28:13.490943,ok
836335,0004329-76.2018.8.16.0075,110,4,2026-01-06T01:28:13.490943,ok
836336,0008981-08.2017.8.16.0129,110,4,2026-01-06T01:28:13.490943,ok
836337,0004338-38.2018.8.16.0075,110,4,2026-01-06T01:28:13.490943,ok
836338,0001624-81.2018.8.16.0180,110,4,2026-01-06T01:28:13.490943,ok
836339,0006969-92.2017.8.16.0170,110,4,2026-01-06T01:28:13.490943,ok
836340,0008662-48.2018.8.16.0018,110,4,2026-01-06T01:28:13.490943,ok
836341,0003952-82.2018.8.16.0018,110,4,2026-01-06T01:28:13.490943,ok
836342,0001063-57.2018.8.16.0180,110,4,2026-01-06T01:28:13.490943,ok
836343,0003947-51.2018.8.16.0021,110,4,2026-01-06T01:28:13.490943,ok
836344,0000260-43.2017.8.16.0040,110,4,2026-01-06T01:28:13.490943,ok
836345,0001627-05.2017.8.16.0040,110,4,2026-01-06T01:28:13.490943,ok
836346,0002857-93.2017.8.16.0101,110,4,2026-01-06T01:28:13.490943,ok
836347,0001084-77.2018.8.16.0036,110,4,2026-01-06T01:28:13.490943,ok
836348,0001510-29.2018.8.16.0153,110,4,2026-01-06T01:28:13.490943,ok
836349,0008147-02.2017.8.16.0130,110,4,2026-01-06T01:28:13.490943,ok
836350,0001748-97.2018.8.16.0072,110,4,2026-01-06T01:28:13.490943,ok
836351,0000418-07.2018.8.16.0156,110,4,2026-01-06T01:28:13.490943,ok
836352,0019302-13.2018.8.16.0018,110,4,2026-01-06T01:28:13.490943,ok
836353,0001292-57.2017.8.16.0081,110,4,2026-01-06T01:28:13.490943,ok
836354,0000537-31.2018.8.16.0038,110,4,2026-01-06T01:28:13.490943,ok
836355,0047472-22.2017.8.16.0182,110,4,2026-01-06T01:28:13.490943,ok
836356,0002695-45.2018.8.16.0075,110,4,2026-01-06T01:28:13.490943,ok
836357,0004208-48.2018.8.16.0075,110,4,2026-01-06T01:28:13.490943,ok
836358,0019048-63.2016.8.16.0130,110,4,2026-01-06T01:28:13.490943,ok
836359,0016603-72.2016.8.16.0130,110,4,2026-01-06T01:28:13.490943,ok
836360,0014234-82.2018.8.16.0018,110,4,2026-01-06T01:28:13.490943,ok
836361,0007405-85.2018.8.16.0018,111,4,2026-01-06T01:28:13.490943,ok
836362,0001854-86.2018.8.16.0160,111,4,2026-01-06T01:28:13.490943,ok
836363,0005021-72.2018.8.16.9000,111,4,2026-01-06T01:28:13.490943,ok
836364,0001259-92.2016.8.16.0181,111,4,2026-01-06T01:28:13.490943,ok
836365,0049450-34.2017.8.16.0182,111,4,2026-01-06T01:28:13.490943,ok
836366,0002283-97.2015.8.16.0050,111,4,2026-01-06T01:28:13.490943,ok
836367,0033772-42.2018.8.16.0182,111,4,2026-01-06T01:28:13.490943,ok
836368,0000667-24.2018.8.16.0134,111,4,2026-01-06T01:28:13.490943,ok
836369,0000575-88.2016.8.16.0175,111,4,2026-01-06T01:28:13.490943,ok
836370,0004411-10.2018.8.16.0075,111,4,2026-01-06T01:28:13.490943,ok
836371,0001311-85.2018.8.16.0127,111,4,2026-01-06T01:28:13.490943,ok
836372,0000396-72.2018.8.16.0018,111,4,2026-01-06T01:28:13.490943,ok
836373,0005584-58.2017.8.16.0187,111,4,2026-01-06T01:28:13.490943,ok
836374,0001551-12.2018.8.16.0180,111,4,2026-01-06T01:28:13.490943,ok
836375,0001986-84.2018.8.16.0018,111,4,2026-01-06T01:28:13.490943,ok
836376,0001945-20.2018.8.16.0018,111,4,2026-01-06T01:28:13.490943,ok
836377,0008794-21.2017.8.16.0025,111,4,2026-01-06T01:28:13.490943,ok
836378,0004333-13.2018.8.16.9000,111,4,2026-01-06T01:28:13.490943,ok
836379,0004343-57.2018.8.16.9000,111,4,2026-01-06T01:28:13.490943,ok
836380,0001461-66.2018.8.16.0127,111,4,2026-01-06T01:28:13.490943,ok
836381,0001580-27.2018.8.16.0127,111,4,2026-01-06T01:28:13.490943,ok
836382,0003525-11.2018.8.16.0075,111,4,2026-01-06T01:28:13.490943,ok
836383,0000423-29.2018.8.16.0156,111,4,2026-01-06T01:28:13.490943,ok
836384,0000306-52.2018.8.16.0119,111,4,2026-01-06T01:28:13.490943,ok
836385,0002651-65.2017.8.16.0041,111,4,2026-01-06T01:28:13.490943,ok
836386,0002221-16.2017.8.16.0041,111,4,2026-01-06T01:28:13.490943,ok
836387,0002378-86.2017.8.16.0041,111,4,2026-01-06T01:28:13.490943,ok
836388,0000454-06.2018.8.16.0041,111,4,2026-01-06T01:28:13.490943,ok
836389,0002211-69.2017.8.16.0041,111,4,2026-01-06T01:28:13.490943,ok
836390,0000456-73.2018.8.16.0041,111,4,2026-01-06T01:28:13.490943,ok
836391,0012401-18.2017.8.16.0130,111,4,2026-01-06T01:28:13.490943,ok
836392,0000429-61.2018.8.16.0180,111,4,2026-01-06T01:28:13.490943,ok
836393,0001964-40.2017.8.16.0057,111,4,2026-01-06T01:28:13.490943,ok
836394,0014616-53.2017.8.16.0069,111,4,2026-01-06T01:28:13.490943,ok
836395,0033463-55.2017.8.16.0182,111,4,2026-01-06T01:28:13.490943,ok
836396,0019024-10.2017.8.16.0030,111,4,2026-01-06T01:28:13.490943,ok
836397,0003312-37.2017.8.16.0108,111,4,2026-01-06T01:28:13.490943,ok
836398,0031556-52.2017.8.16.0018,111,4,2026-01-06T01:28:13.490943,ok
836399,0000140-32.2018.8.16.0018,111,4,2026-01-06T01:28:13.490943,ok
836400,0000379-07.2017.8.16.0039,111,4,2026-01-06T01:28:13.490943,ok
836401,0050976-55.2017.8.16.0014,111,4,2026-01-06T01:28:13.490943,ok
836402,0000795-45.2017.8.16.0048,111,4,2026-01-06T01:28:13.490943,ok
836403,0005912-17.2018.8.16.0069,111,4,2026-01-06T01:28:13.490943,ok
836404,0001375-20.2018.8.16.0152,111,4,2026-01-06T01:28:13.490943,ok
836405,0009526-42.2017.8.16.0044,111,4,2026-01-06T01:28:13.490943,ok
836406,0015968-73.2015.8.16.0018,111,4,2026-01-06T01:28:13.490943,ok
836407,0008775-59.2015.8.16.0130,111,4,2026-01-06T01:28:13.490943,ok
836408,0013013-69.2015.8.16.0018,111,4,2026-01-06T01:28:13.490943,ok
836409,0009168-81.2015.8.16.0130,111,4,2026-01-06T01:28:13.490943,ok
836410,0011470-83.2015.8.16.0130,111,4,2026-01-06T01:28:13.490943,ok
836411,0011489-89.2015.8.16.0130,112,4,2026-01-06T01:28:13.490943,ok
836412,0012763-88.2015.8.16.0130,112,4,2026-01-06T01:28:13.490943,ok
836413,0003276-43.2015.8.16.0050,112,4,2026-01-06T01:28:13.490943,ok
836414,0002607-07.2018.8.16.0075,112,4,2026-01-06T01:28:13.490943,ok
836415,0006227-21.2017.8.16.0153,112,4,2026-01-06T01:28:13.490943,ok
836416,0003718-23.2018.8.16.9000,112,4,2026-01-06T01:28:13.490943,ok
836417,0006928-43.2015.8.16.0026,112,4,2026-01-06T01:28:13.490943,ok
836418,0003580-56.2018.8.16.9000,112,4,2026-01-06T01:28:13.490943,ok
836419,0001455-43.2017.8.16.0176,112,4,2026-01-06T01:28:13.490943,ok
836420,0000338-69.2018.8.16.0018,112,4,2026-01-06T01:28:13.490943,ok
836421,0001505-07.2018.8.16.0056,112,4,2026-01-06T01:28:13.490943,ok
836422,0001236-86.2018.8.16.0049,112,4,2026-01-06T01:28:13.490943,ok
836423,0003843-88.2018.8.16.9000,112,4,2026-01-06T01:28:13.490943,ok
836424,0000774-64.2015.8.16.0137,112,4,2026-01-06T01:28:13.490943,ok
836425,0001035-58.2017.8.16.0040,112,4,2026-01-06T01:28:13.490943,ok
836426,0041116-15.2017.8.16.0019,112,4,2026-01-06T01:28:13.490943,ok
836427,0037228-05.2017.8.16.0030,112,4,2026-01-06T01:28:13.490943,ok
836428,0003249-45.2015.8.16.0055,112,4,2026-01-06T01:28:13.490943,ok
836429,0005496-82.2017.8.16.0037,112,4,2026-01-06T01:28:13.490943,ok
836430,0005500-67.2017.8.16.0119,112,4,2026-01-06T01:28:13.490943,ok
836431,0001185-02.2018.8.16.0041,112,4,2026-01-06T01:28:13.490943,ok
836432,0001029-29.2018.8.16.0036,112,4,2026-01-06T01:28:13.490943,ok
836433,0004542-81.2017.8.16.0119,112,4,2026-01-06T01:28:13.490943,ok
836434,0004539-29.2017.8.16.0119,112,4,2026-01-06T01:28:13.490943,ok
836435,0004543-66.2017.8.16.0119,112,4,2026-01-06T01:28:13.490943,ok
836436,0000463-72.2018.8.16.0071,112,4,2026-01-06T01:28:13.490943,ok
836437,0001915-47.2017.8.16.0041,112,4,2026-01-06T01:28:13.490943,ok
836438,0008016-50.2017.8.16.0090,112,4,2026-01-06T01:28:13.490943,ok
836439,0001362-78.2018.8.16.0036,112,4,2026-01-06T01:28:13.490943,ok
836440,0001571-03.2018.8.16.0180,112,4,2026-01-06T01:28:13.490943,ok
836441,0001637-80.2018.8.16.0180,112,4,2026-01-06T01:28:13.490943,ok
836442,0009753-65.2017.8.16.0130,112,4,2026-01-06T01:28:13.490943,ok
836443,0007327-11.2017.8.16.0056,112,4,2026-01-06T01:28:13.490943,ok
836444,0002983-11.2018.8.16.0069,112,4,2026-01-06T01:28:13.490943,ok
836445,0004205-14.2018.8.16.0069,112,4,2026-01-06T01:28:13.490943,ok
836446,0002975-13.2018.8.16.9000,112,4,2026-01-06T01:28:13.490943,ok
836447,0012110-86.2015.8.16.0130,112,4,2026-01-06T01:28:13.490943,ok
836448,0002670-15.2015.8.16.0050,112,4,2026-01-06T01:28:13.490943,ok
836449,0003424-54.2015.8.16.0050,112,4,2026-01-06T01:28:13.490943,ok
836450,0002802-96.2016.8.16.0160,112,4,2026-01-06T01:28:13.490943,ok
836451,0001656-96.2015.8.16.0049,112,4,2026-01-06T01:28:13.490943,ok
836452,0013605-09.2015.8.16.0182,112,4,2026-01-06T01:28:13.490943,ok
836453,0031825-26.2015.8.16.0030,112,4,2026-01-06T01:28:13.490943,ok
836454,0004725-50.2018.8.16.9000,112,4,2026-01-06T01:28:13.490943,ok
836455,0052351-09.2016.8.16.0182,112,4,2026-01-06T01:28:13.490943,ok
836456,0003838-87.2018.8.16.0069,112,4,2026-01-06T01:28:13.490943,ok
836457,0001756-20.2017.8.16.0166,112,4,2026-01-06T01:28:13.490943,ok
836458,0016304-84.2018.8.16.0014,112,4,2026-01-06T01:28:13.490943,ok
836459,0012905-35.2018.8.16.0018,112,4,2026-01-06T01:28:13.490943,ok
836460,0042115-61.2017.8.16.0182,112,4,2026-01-06T01:28:13.490943,ok
836461,0010304-61.2015.8.16.0018,113,4,2026-01-06T01:28:13.490943,ok
836462,0000948-12.2017.8.16.0070,113,4,2026-01-06T01:28:13.490943,ok
836463,0011668-56.2018.8.16.0182,113,4,2026-01-06T01:28:13.490943,ok
836464,0005751-63.2018.8.16.0018,113,4,2026-01-06T01:28:13.490943,ok
836465,0004389-49.2018.8.16.0075,113,4,2026-01-06T01:28:13.490943,ok
836466,0000470-17.2018.8.16.0119,113,4,2026-01-06T01:28:13.490943,ok
836467,0002220-31.2017.8.16.0041,113,4,2026-01-06T01:28:13.490943,ok
836468,0002285-26.2017.8.16.0041,113,4,2026-01-06T01:28:13.490943,ok
836469,0005609-59.2018.8.16.0018,113,4,2026-01-06T01:28:13.490943,ok
836470,0011975-17.2018.8.16.0018,113,4,2026-01-06T01:28:13.490943,ok
836471,0003423-06.2017.8.16.0113,113,4,2026-01-06T01:28:13.490943,ok
836472,0003869-86.2018.8.16.9000,113,4,2026-01-06T01:28:13.490943,ok
836473,0003755-50.2018.8.16.9000,113,4,2026-01-06T01:28:13.490943,ok
836474,0003781-48.2018.8.16.9000,113,4,2026-01-06T01:28:13.490943,ok
836475,0003782-33.2018.8.16.9000,113,4,2026-01-06T01:28:13.490943,ok
836476,0004084-62.2018.8.16.9000,113,4,2026-01-06T01:28:13.490943,ok
836477,0000350-14.2018.8.16.0041,113,4,2026-01-06T01:28:13.490943,ok
836478,0010075-92.2017.8.16.0160,113,4,2026-01-06T01:28:13.490943,ok
836479,0002727-24.2017.8.16.0095,113,4,2026-01-06T01:28:13.490943,ok
836480,0000030-65.2018.8.16.0072,113,4,2026-01-06T01:28:13.490943,ok
836481,0019197-56.2015.8.16.0013,113,4,2026-01-06T01:28:13.490943,ok
836482,0002348-93.2014.8.16.0061,113,4,2026-01-06T01:28:13.490943,ok
836483,0026889-43.2018.8.16.0000,113,4,2026-01-06T01:28:13.490943,ok
836484,0029059-85.2018.8.16.0000,113,4,2026-01-06T01:28:13.490943,ok
836485,0033873-43.2018.8.16.0000,113,4,2026-01-06T01:28:13.490943,ok
836486,0000419-71.2009.8.16.0070,113,4,2026-01-06T01:28:13.490943,ok
836487,0002016-68.2018.8.16.0035,113,4,2026-01-06T01:28:13.490943,ok
836488,0038148-35.2018.8.16.0000,113,4,2026-01-06T01:28:13.490943,ok
836489,0038666-25.2018.8.16.0000,113,4,2026-01-06T01:28:13.490943,ok
836490,0005223-20.2017.8.16.0194,113,4,2026-01-06T01:28:13.490943,ok
836491,0048484-95.2014.8.16.0014,113,4,2026-01-06T01:28:13.490943,ok
836492,0002504-15.2017.8.16.0049,113,4,2026-01-06T01:28:13.490943,ok
836493,0003196-90.2013.8.16.0069,113,4,2026-01-06T01:28:13.490943,ok
836494,0035466-22.2015.8.16.0030,113,4,2026-01-06T01:28:13.490943,ok
836495,0012626-09.2015.8.16.0033,113,4,2026-01-06T01:28:13.490943,ok
836496,0046347-46.2018.8.16.0000,113,4,2026-01-06T01:28:13.490943,ok
836497,0057630-34.2012.8.16.0014,113,4,2026-01-06T01:28:13.490943,ok
836498,0000707-97.2010.8.16.0065,113,4,2026-01-06T01:28:13.490943,ok
836499,0000032-16.2018.8.16.0046,113,4,2026-01-06T01:28:13.490943,ok
836500,0022022-72.2016.8.16.0001,113,4,2026-01-06T01:28:13.490943,ok
836501,0000294-94.2014.8.16.0081,113,4,2026-01-06T01:28:13.490943,ok
836502,0049020-12.2018.8.16.0000,113,4,2026-01-06T01:28:13.490943,ok
836503,0014099-78.2015.8.16.0017,113,4,2026-01-06T01:28:13.490943,ok
836504,0026155-60.2012.8.16.0014,113,4,2026-01-06T01:28:13.490943,ok
836505,0000228-96.2015.8.16.0108,113,4,2026-01-06T01:28:13.490943,ok
836506,0000125-52.2012.8.16.0025,113,4,2026-01-06T01:28:13.490943,ok
836507,0008072-54.2016.8.16.0014,113,4,2026-01-06T01:28:13.490943,ok
836508,0029627-04.2018.8.16.0000,113,4,2026-01-06T01:28:13.490943,ok
836509,0030297-42.2018.8.16.0000,113,4,2026-01-06T01:28:13.490943,ok
836510,0033730-54.2018.8.16.0000,113,4,2026-01-06T01:28:13.490943,ok
836511,0021361-28.2018.8.16.0000,116,4,2026-01-06T01:28:13.490943,ok
836512,0001301-73.2017.8.16.0063,116,4,2026-01-06T01:28:13.490943,ok
836513,0007326-80.2016.8.16.0017,116,4,2026-01-06T01:28:13.490943,ok
836514,0026167-09.2018.8.16.0000,116,4,2026-01-06T01:28:13.490943,ok
836515,0002479-43.2016.8.16.0079,116,4,2026-01-06T01:28:13.490943,ok
836516,0000340-53.2013.8.16.0070,116,4,2026-01-06T01:28:13.490943,ok
836517,0011985-69.2015.8.16.0017,116,4,2026-01-06T01:28:13.490943,ok
836518,0006747-53.2009.8.16.0058,116,4,2026-01-06T01:28:13.490943,ok
836519,0000093-69.2017.8.16.0058,116,4,2026-01-06T01:28:13.490943,ok
836520,0004677-05.2017.8.16.0019,116,4,2026-01-06T01:28:13.490943,ok
836521,0000500-94.2009.8.16.0110,116,4,2026-01-06T01:28:13.490943,ok
836522,0001374-69.2018.8.16.0173,116,4,2026-01-06T01:28:13.490943,ok
836523,0042015-28.2017.8.16.0014,116,4,2026-01-06T01:28:13.490943,ok
836524,0000129-21.2012.8.16.0177,116,4,2026-01-06T01:28:13.490943,ok
836525,0028721-25.2016.8.16.0019,116,4,2026-01-06T01:28:13.490943,ok
836526,0001091-20.2016.8.16.0075,116,4,2026-01-06T01:28:13.490943,ok
836527,0008988-04.2011.8.16.0131,116,4,2026-01-06T01:28:13.490943,ok
836528,0000612-32.2016.8.16.0138,116,4,2026-01-06T01:28:13.490943,ok
836529,0040084-32.2017.8.16.0000,116,4,2026-01-06T01:28:13.490943,ok
836530,0004218-26.2018.8.16.0000,116,4,2026-01-06T01:28:13.490943,ok
836531,0030153-60.2017.8.16.0014,116,4,2026-01-06T01:28:13.490943,ok
836532,0026312-65.2018.8.16.0000,116,4,2026-01-06T01:28:13.490943,ok
836533,0005044-36.2007.8.16.0033,116,4,2026-01-06T01:28:13.490943,ok
836534,0026596-85.2009.8.16.0001,116,4,2026-01-06T01:28:13.490943,ok
836535,0006630-14.2014.8.16.0179,116,4,2026-01-06T01:28:13.490943,ok
836536,0031396-47.2018.8.16.0000,116,4,2026-01-06T01:28:13.490943,ok
836537,0005076-69.2016.8.16.0148,116,4,2026-01-06T01:28:13.490943,ok
836538,0032650-55.2018.8.16.0000,116,4,2026-01-06T01:28:13.490943,ok
836539,0033103-50.2018.8.16.0000,116,4,2026-01-06T01:28:13.490943,ok
836540,0033539-09.2018.8.16.0000,116,4,2026-01-06T01:28:13.490943,ok
836541,0001535-20.2010.8.16.0057,116,4,2026-01-06T01:28:13.490943,ok
836542,0025230-59.2016.8.16.0035,116,4,2026-01-06T01:28:13.490943,ok
836543,0002482-75.2011.8.16.0013,116,4,2026-01-06T01:28:13.490943,ok
836544,0002535-34.2003.8.16.0014,116,4,2026-01-06T01:28:13.490943,ok
836545,0006139-07.2010.8.16.0095,116,4,2026-01-06T01:28:13.490943,ok
836546,0065049-32.2017.8.16.0014,116,4,2026-01-06T01:28:13.490943,ok
836547,0001233-45.2018.8.16.0013,116,4,2026-01-06T01:28:13.490943,ok
836548,0016552-50.2018.8.16.0014,116,4,2026-01-06T01:28:13.490943,ok
836549,0009498-71.2017.8.16.0045,116,4,2026-01-06T01:28:13.490943,ok
836550,0003659-16.2017.8.16.0126,116,4,2026-01-06T01:28:13.490943,ok
836551,0017193-51.2012.8.16.0013,116,4,2026-01-06T01:28:13.490943,ok
836552,0046201-05.2018.8.16.0000,116,4,2026-01-06T01:28:13.490943,ok
836553,0006539-70.2017.8.16.0064,116,4,2026-01-06T01:28:13.490943,ok
836554,0047276-79.2018.8.16.0000,116,4,2026-01-06T01:28:13.490943,ok
836555,0048056-19.2018.8.16.0000,116,4,2026-01-06T01:28:13.490943,ok
836556,0049622-03.2018.8.16.0000,116,4,2026-01-06T01:28:13.490943,ok
836557,0050589-48.2018.8.16.0000,116,4,2026-01-06T01:28:13.490943,ok
836558,0050720-23.2018.8.16.0000,116,4,2026-01-06T01:28:13.490943,ok
836559,0001692-44.2015.8.16.0145,116,4,2026-01-06T01:28:13.490943,ok
836560,0018943-20.2018.8.16.0000,116,4,2026-01-06T01:28:13.490943,ok
836561,0001686-95.2016.8.16.0179,114,4,2026-01-06T01:28:13.490943,ok
836562,0036354-78.2015.8.16.0001,114,4,2026-01-06T01:28:13.490943,ok
836563,0009857-48.2010.8.16.0083,114,4,2026-01-06T01:28:13.490943,ok
836564,0037318-69.2018.8.16.0000,114,4,2026-01-06T01:28:13.490943,ok
836565,0037422-61.2018.8.16.0000,114,4,2026-01-06T01:28:13.490943,ok
836566,0000667-83.2011.8.16.0129,114,4,2026-01-06T01:28:13.490943,ok
836567,0039331-41.2018.8.16.0000,114,4,2026-01-06T01:28:13.490943,ok
836568,0039767-97.2018.8.16.0000,114,4,2026-01-06T01:28:13.490943,ok
836569,0002195-33.2014.8.16.0070,114,4,2026-01-06T01:28:13.490943,ok
836570,0017829-49.2015.8.16.0130,114,4,2026-01-06T01:28:13.490943,ok
836571,0005541-34.2016.8.16.0098,114,4,2026-01-06T01:28:13.490943,ok
836572,0007693-87.2017.8.16.0173,114,4,2026-01-06T01:28:13.490943,ok
836573,0000680-20.2018.8.16.0038,114,4,2026-01-06T01:28:13.490943,ok
836574,0017341-96.2016.8.16.0021,114,4,2026-01-06T01:28:13.490943,ok
836575,0017416-25.2017.8.16.0014,114,4,2026-01-06T01:28:13.490943,ok
836576,0040778-71.2012.8.16.0001,114,4,2026-01-06T01:28:13.490943,ok
836577,0001382-49.1996.8.16.0001,114,4,2026-01-06T01:28:13.490943,ok
836578,0055688-88.2017.8.16.0014,114,4,2026-01-06T01:28:13.490943,ok
836579,0085460-96.2017.8.16.0014,114,4,2026-01-06T01:28:13.490943,ok
836580,0025259-61.2009.8.16.0001,114,4,2026-01-06T01:28:13.490943,ok
836581,0044412-07.2014.8.16.0001,114,4,2026-01-06T01:28:13.490943,ok
836582,0006668-36.2015.8.16.0035,114,4,2026-01-06T01:28:13.490943,ok
836583,0030648-17.2015.8.16.0001,114,4,2026-01-06T01:28:13.490943,ok
836584,0028150-82.2015.8.16.0021,114,4,2026-01-06T01:28:13.490943,ok
836585,0002597-52.2017.8.16.0089,114,4,2026-01-06T01:28:13.490943,ok
836586,0000698-90.2012.8.16.0122,114,4,2026-01-06T01:28:13.490943,ok
836587,0037337-48.2013.8.16.0001,114,4,2026-01-06T01:28:13.490943,ok
836588,0035108-76.2017.8.16.0001,114,4,2026-01-06T01:28:13.490943,ok
836589,0005023-77.2014.8.16.0045,114,4,2026-01-06T01:28:13.490943,ok
836590,0000620-71.2008.8.16.0111,114,4,2026-01-06T01:28:13.490943,ok
836591,0009565-71.2017.8.16.0001,114,4,2026-01-06T01:28:13.490943,ok
836592,0016133-40.2016.8.16.0001,114,4,2026-01-06T01:28:13.490943,ok
836593,0001360-67.2011.8.16.0129,114,4,2026-01-06T01:28:13.490943,ok
836594,0000353-46.2015.8.16.0114,114,4,2026-01-06T01:28:13.490943,ok
836595,0050295-93.2018.8.16.0000,114,4,2026-01-06T01:28:13.490943,ok
836596,0050597-25.2018.8.16.0000,114,4,2026-01-06T01:28:13.490943,ok
836597,0050901-24.2018.8.16.0000,114,4,2026-01-06T01:28:13.490943,ok
836598,0041758-45.2017.8.16.0000,114,4,2026-01-06T01:28:13.490943,ok
836599,0020342-84.2018.8.16.0000,114,4,2026-01-06T01:28:13.490943,ok
836600,0011481-29.2017.8.16.0038,114,4,2026-01-06T01:28:13.490943,ok
836601,0024831-67.2018.8.16.0000,114,4,2026-01-06T01:28:13.490943,ok
836602,0025175-48.2018.8.16.0000,114,4,2026-01-06T01:28:13.490943,ok
836603,0033764-29.2018.8.16.0000,114,4,2026-01-06T01:28:13.490943,ok
836604,0034252-81.2018.8.16.0000,114,4,2026-01-06T01:28:13.490943,ok
836605,0003842-16.2016.8.16.0160,114,4,2026-01-06T01:28:13.490943,ok
836606,0035109-30.2018.8.16.0000,114,4,2026-01-06T01:28:13.490943,ok
836607,0003837-53.2017.8.16.0129,114,4,2026-01-06T01:28:13.490943,ok
836608,0001893-39.2015.8.16.0047,114,4,2026-01-06T01:28:13.490943,ok
836609,0040351-67.2018.8.16.0000,114,4,2026-01-06T01:28:13.490943,ok
836610,0026062-37.2016.8.16.0021,117,4,2026-01-06T01:28:13.490943,ok
836611,0006117-43.2016.8.16.0028,117,4,2026-01-06T01:28:13.490943,ok
836612,0003890-16.2014.8.16.0072,117,4,2026-01-06T01:28:13.490943,ok
836613,0005568-67.2015.8.16.0028,117,4,2026-01-06T01:28:13.490943,ok
836614,0001454-34.2011.8.16.0058,117,4,2026-01-06T01:28:13.490943,ok
836615,0000611-02.2017.8.16.0077,117,4,2026-01-06T01:28:13.490943,ok
836616,0017602-39.2017.8.16.0017,117,4,2026-01-06T01:28:13.490943,ok
836617,0009423-95.2014.8.16.0058,117,4,2026-01-06T01:28:13.490943,ok
836618,0000054-28.2018.8.16.0126,117,4,2026-01-06T01:28:13.490943,ok
836619,0006031-46.2017.8.16.0090,117,4,2026-01-06T01:28:13.490943,ok
836620,0004677-25.2017.8.16.0077,117,4,2026-01-06T01:28:13.490943,ok
836621,0002131-14.2015.8.16.0094,117,4,2026-01-06T01:28:13.490943,ok
836622,0034642-43.2017.8.16.0014,117,4,2026-01-06T01:28:13.490943,ok
836623,0004992-88.2017.8.16.0130,117,4,2026-01-06T01:28:13.490943,ok
836624,0002560-39.2018.8.16.0170,117,4,2026-01-06T01:28:13.490943,ok
836625,0001157-96.2016.8.16.0043,117,4,2026-01-06T01:28:13.490943,ok
836626,0001012-69.2016.8.16.0001,117,4,2026-01-06T01:28:13.490943,ok
836627,0019340-74.2017.8.16.0013,117,4,2026-01-06T01:28:13.490943,ok
836628,0039681-29.2018.8.16.0000,117,4,2026-01-06T01:28:13.490943,ok
836629,0001528-86.2018.8.16.0044,117,4,2026-01-06T01:28:13.490943,ok
836630,0000590-68.2013.8.16.0076,117,4,2026-01-06T01:28:13.490943,ok
836631,0028857-74.2015.8.16.0013,117,4,2026-01-06T01:28:13.490943,ok
836632,0000121-43.2005.8.16.0095,117,4,2026-01-06T01:28:13.490943,ok
836633,0044710-60.2018.8.16.0000,117,4,2026-01-06T01:28:13.490943,ok
836634,0000525-89.2017.8.16.0090,117,4,2026-01-06T01:28:13.490943,ok
836635,0011914-21.2011.8.16.0013,117,4,2026-01-06T01:28:13.490943,ok
836636,0047277-64.2018.8.16.0000,117,4,2026-01-06T01:28:13.490943,ok
836637,0048781-08.2018.8.16.0000,117,4,2026-01-06T01:28:13.490943,ok
836638,0049454-98.2018.8.16.0000,117,4,2026-01-06T01:28:13.490943,ok
836639,0049543-24.2018.8.16.0000,117,4,2026-01-06T01:28:13.490943,ok
836640,0000202-22.2018.8.16.0067,117,4,2026-01-06T01:28:13.490943,ok
836641,0003470-72.2014.8.16.0084,117,4,2026-01-06T01:28:13.490943,ok
836642,0002062-67.2015.8.16.0001,117,4,2026-01-06T01:28:13.490943,ok
836643,0012524-27.2016.8.16.0170,117,4,2026-01-06T01:28:13.490943,ok
836644,0005148-15.2016.8.16.0097,117,4,2026-01-06T01:28:13.490943,ok
836645,0033661-22.2018.8.16.0000,117,4,2026-01-06T01:28:13.490943,ok
836646,0042067-68.2014.8.16.0001,117,4,2026-01-06T01:28:13.490943,ok
836647,0005119-93.2009.8.16.0069,117,4,2026-01-06T01:28:13.490943,ok
836648,0002730-48.2017.8.16.0169,117,4,2026-01-06T01:28:13.490943,ok
836649,0013200-04.2016.8.16.0031,117,4,2026-01-06T01:28:13.490943,ok
836650,0027578-58.2017.8.16.0021,117,4,2026-01-06T01:28:13.490943,ok
836651,0018706-17.2017.8.16.0001,117,4,2026-01-06T01:28:13.490943,ok
836652,0015132-51.2017.8.16.0044,117,4,2026-01-06T01:28:13.490943,ok
836653,0004932-41.2018.8.16.0014,117,4,2026-01-06T01:28:13.490943,ok
836654,0014841-10.2018.8.16.0014,117,4,2026-01-06T01:28:13.490943,ok
836655,0000844-87.2018.8.16.0101,117,4,2026-01-06T01:28:13.490943,ok
836656,0041516-52.2018.8.16.0000,117,4,2026-01-06T01:28:13.490943,ok
836657,0000887-78.2016.8.16.0138,117,4,2026-01-06T01:28:13.490943,ok
836658,0051172-33.2018.8.16.0000,117,4,2026-01-06T01:28:13.490943,ok
836659,0052298-21.2018.8.16.0000,117,4,2026-01-06T01:28:13.490943,ok
836660,0003470-26.2015.8.16.0185,115,4,2026-01-06T01:28:13.490943,ok
836661,0002623-51.2016.8.16.0100,115,4,2026-01-06T01:28:13.490943,ok
836662,0004745-72.2016.8.16.0056,115,4,2026-01-06T01:28:13.490943,ok
836663,0042179-98.2018.8.16.0000,115,4,2026-01-06T01:28:13.490943,ok
836664,0042971-52.2018.8.16.0000,115,4,2026-01-06T01:28:13.490943,ok
836665,0025806-47.2018.8.16.0014,115,4,2026-01-06T01:28:13.490943,ok
836666,0002594-97.2017.8.16.0089,115,4,2026-01-06T01:28:13.490943,ok
836667,0009952-84.2017.8.16.0131,115,4,2026-01-06T01:28:13.490943,ok
836668,0037481-54.2016.8.16.0021,115,4,2026-01-06T01:28:13.490943,ok
836669,0004559-78.2018.8.16.0056,115,4,2026-01-06T01:28:13.490943,ok
836670,0083601-84.2013.8.16.0014,115,4,2026-01-06T01:28:13.490943,ok
836671,0027335-97.2015.8.16.0017,115,4,2026-01-06T01:28:13.490943,ok
836672,0003820-32.2015.8.16.0179,115,4,2026-01-06T01:28:13.490943,ok
836673,0004251-16.2018.8.16.0000,115,4,2026-01-06T01:28:13.490943,ok
836674,0001558-53.2016.8.16.0057,115,4,2026-01-06T01:28:13.490943,ok
836675,0008945-63.2017.8.16.0129,115,4,2026-01-06T01:28:13.490943,ok
836676,0027673-20.2018.8.16.0000,115,4,2026-01-06T01:28:13.490943,ok
836677,0000792-76.2016.8.16.0064,115,4,2026-01-06T01:28:13.490943,ok
836678,0050898-69.2018.8.16.0000,115,4,2026-01-06T01:28:13.490943,ok
836679,0051350-79.2018.8.16.0000,115,4,2026-01-06T01:28:13.490943,ok
836680,0025422-29.2018.8.16.0000,115,4,2026-01-06T01:28:13.490943,ok
836681,0001436-55.2016.8.16.0052,115,4,2026-01-06T01:28:13.490943,ok
836682,0019688-36.2014.8.16.0001,115,4,2026-01-06T01:28:13.490943,ok
836683,0023544-08.2014.8.16.0001,115,4,2026-01-06T01:28:13.490943,ok
836684,0005951-24.2017.8.16.0077,115,4,2026-01-06T01:28:13.490943,ok
836685,0038567-55.2018.8.16.0000,115,4,2026-01-06T01:28:13.490943,ok
836686,0039044-78.2018.8.16.0000,115,4,2026-01-06T01:28:13.490943,ok
836687,0040175-88.2018.8.16.0000,115,4,2026-01-06T01:28:13.490943,ok
836688,0040697-18.2018.8.16.0000,115,4,2026-01-06T01:28:13.490943,ok
836689,0040816-76.2018.8.16.0000,115,4,2026-01-06T01:28:13.490943,ok
836690,0040875-64.2018.8.16.0000,115,4,2026-01-06T01:28:13.490943,ok
836691,0001957-07.2016.8.16.0179,115,4,2026-01-06T01:28:13.490943,ok
836692,0002658-31.2017.8.16.0179,115,4,2026-01-06T01:28:13.490943,ok
836693,0001765-52.2012.8.16.0070,115,4,2026-01-06T01:28:13.490943,ok
836694,0009795-19.2017.8.16.0194,115,4,2026-01-06T01:28:13.490943,ok
836695,0042322-87.2018.8.16.0000,115,4,2026-01-06T01:28:13.490943,ok
836696,0042460-54.2018.8.16.0000,115,4,2026-01-06T01:28:13.490943,ok
836697,0043159-45.2018.8.16.0000,115,4,2026-01-06T01:28:13.490943,ok
836698,0009952-26.2016.8.16.0194,115,4,2026-01-06T01:28:13.490943,ok
836699,0011167-71.2015.8.16.0194,115,4,2026-01-06T01:28:13.490943,ok
836700,0005334-35.2016.8.16.0001,115,4,2026-01-06T01:28:13.490943,ok
836701,0001690-40.2016.8.16.0145,115,4,2026-01-06T01:28:13.490943,ok
836702,0016820-22.2013.8.16.0001,115,4,2026-01-06T01:28:13.490943,ok
836703,0015334-46.2016.8.16.0017,115,4,2026-01-06T01:28:13.490943,ok
836704,0014956-75.2015.8.16.0001,115,4,2026-01-06T01:28:13.490943,ok
836705,0016208-16.2015.8.16.0001,115,4,2026-01-06T01:28:13.490943,ok
836706,0003438-38.2005.8.16.0034,115,4,2026-01-06T01:28:13.490943,ok
836707,0013117-13.2018.8.16.0000,115,4,2026-01-06T01:28:13.490943,ok
836708,0014849-29.2018.8.16.0000,115,4,2026-01-06T01:28:13.490943,ok
836709,0015031-07.2004.8.16.0129,115,4,2026-01-06T01:28:13.490943,ok
836710,0002637-12.2014.8.16.0001,119,4,2026-01-06T01:28:13.490943,ok
836711,0030244-44.2013.8.16.0030,119,4,2026-01-06T01:28:13.490943,ok
836712,0001849-87.2017.8.16.0196,119,4,2026-01-06T01:28:13.490943,ok
836713,0000461-81.2017.8.16.0057,119,4,2026-01-06T01:28:13.490943,ok
836714,0000187-04.2004.8.16.0048,119,4,2026-01-06T01:28:13.490943,ok
836715,0019528-60.2014.8.16.0017,119,4,2026-01-06T01:28:13.490943,ok
836716,0045385-23.2018.8.16.0000,119,4,2026-01-06T01:28:13.490943,ok
836717,0053002-34.2018.8.16.0000,119,4,2026-01-06T01:28:13.490943,ok
836718,0053127-02.2018.8.16.0000,119,4,2026-01-06T01:28:13.490943,ok
836719,0053488-19.2018.8.16.0000,119,4,2026-01-06T01:28:13.490943,ok
836720,0025503-75.2018.8.16.0000,119,4,2026-01-06T01:28:13.490943,ok
836721,0023918-77.2017.8.16.0014,119,4,2026-01-06T01:28:13.490943,ok
836722,0047699-39.2018.8.16.0000,119,4,2026-01-06T01:28:13.490943,ok
836723,0003397-71.2013.8.16.0105,119,4,2026-01-06T01:28:13.490943,ok
836724,0007771-64.2017.8.16.0017,119,4,2026-01-06T01:28:13.490943,ok
836725,0000641-36.2014.8.16.0176,119,4,2026-01-06T01:28:13.490943,ok
836726,0039410-56.2014.8.16.0001,119,4,2026-01-06T01:28:13.490943,ok
836727,0055677-30.2015.8.16.0014,119,4,2026-01-06T01:28:13.490943,ok
836728,0029205-31.2015.8.16.0001,119,4,2026-01-06T01:28:13.490943,ok
836729,0014746-24.2015.8.16.0001,119,4,2026-01-06T01:28:13.490943,ok
836730,0006404-67.2011.8.16.0129,119,4,2026-01-06T01:28:13.490943,ok
836731,0022015-15.2018.8.16.0000,119,4,2026-01-06T01:28:13.490943,ok
836732,0014785-65.2014.8.16.0030,119,4,2026-01-06T01:28:13.490943,ok
836733,0025744-49.2018.8.16.0000,119,4,2026-01-06T01:28:13.490943,ok
836734,0037541-82.2015.8.16.0014,119,4,2026-01-06T01:28:13.490943,ok
836735,0008279-10.2007.8.16.0001,119,4,2026-01-06T01:28:13.490943,ok
836736,0004399-95.2015.8.16.0173,119,4,2026-01-06T01:28:13.490943,ok
836737,0035077-25.2018.8.16.0000,119,4,2026-01-06T01:28:13.490943,ok
836738,0000323-41.2017.8.16.0049,119,4,2026-01-06T01:28:13.490943,ok
836739,0036070-68.2018.8.16.0000,119,4,2026-01-06T01:28:13.490943,ok
836740,0001992-40.2017.8.16.0014,119,4,2026-01-06T01:28:13.490943,ok
836741,0002513-09.2016.8.16.0179,119,4,2026-01-06T01:28:13.490943,ok
836742,0025078-89.2017.8.16.0030,119,4,2026-01-06T01:28:13.490943,ok
836743,0008503-55.2015.8.16.0004,119,4,2026-01-06T01:28:13.490943,ok
836744,0001117-42.1999.8.16.0001,119,4,2026-01-06T01:28:13.490943,ok
836745,0001371-15.2013.8.16.0101,119,4,2026-01-06T01:28:13.490943,ok
836746,0061242-04.2017.8.16.0014,119,4,2026-01-06T01:28:13.490943,ok
836747,0011675-63.2016.8.16.0038,119,4,2026-01-06T01:28:13.490943,ok
836748,0065425-18.2017.8.16.0014,119,4,2026-01-06T01:28:13.490943,ok
836749,0006949-40.2011.8.16.0129,119,4,2026-01-06T01:28:13.490943,ok
836750,0007811-41.2017.8.16.0148,119,4,2026-01-06T01:28:13.490943,ok
836751,0000321-21.2011.8.16.0166,119,4,2026-01-06T01:28:13.490943,ok
836752,0023770-37.2016.8.16.0035,119,4,2026-01-06T01:28:13.490943,ok
836753,0006402-97.2011.8.16.0129,119,4,2026-01-06T01:28:13.490943,ok
836754,0018096-29.2016.8.16.0019,119,4,2026-01-06T01:28:13.490943,ok
836755,0018560-42.2018.8.16.0000,119,4,2026-01-06T01:28:13.490943,ok
836756,0021571-79.2018.8.16.0000,119,4,2026-01-06T01:28:13.490943,ok
836757,0001682-38.2011.8.16.0113,119,4,2026-01-06T01:28:13.490943,ok
836758,0001467-20.2017.8.16.0156,119,4,2026-01-06T01:28:13.490943,ok
836759,0009389-71.2011.8.16.0173,119,4,2026-01-06T01:28:13.490943,ok
836760,0002083-14.2015.8.16.0140,118,4,2026-01-06T01:28:13.490943,ok
836761,0002258-90.2014.8.16.0124,118,4,2026-01-06T01:28:13.490943,ok
836762,0000881-48.2015.8.16.0060,118,4,2026-01-06T01:28:13.490943,ok
836763,0001029-05.2016.8.16.0196,118,4,2026-01-06T01:28:13.490943,ok
836764,0042621-35.2017.8.16.0021,118,4,2026-01-06T01:28:13.490943,ok
836765,0008749-87.2017.8.16.0131,118,4,2026-01-06T01:28:13.490943,ok
836766,0000425-39.2017.8.16.0057,118,4,2026-01-06T01:28:13.490943,ok
836767,0002034-34.2014.8.16.0131,118,4,2026-01-06T01:28:13.490943,ok
836768,0020008-13.2016.8.16.0035,118,4,2026-01-06T01:28:13.490943,ok
836769,0041515-44.2017.8.16.0019,118,4,2026-01-06T01:28:13.490943,ok
836770,0000220-74.2017.8.16.0165,118,4,2026-01-06T01:28:13.490943,ok
836771,0004603-94.2011.8.16.0104,118,4,2026-01-06T01:28:13.490943,ok
836772,0002933-05.2018.8.16.0030,118,4,2026-01-06T01:28:13.490943,ok
836773,0000365-46.2010.8.16.0046,118,4,2026-01-06T01:28:13.490943,ok
836774,0005752-78.2017.8.16.0084,118,4,2026-01-06T01:28:13.490943,ok
836775,0000310-82.2017.8.16.0165,118,4,2026-01-06T01:28:13.490943,ok
836776,0018937-79.2016.8.16.0130,118,4,2026-01-06T01:28:13.490943,ok
836777,0050248-22.2018.8.16.0000,118,4,2026-01-06T01:28:13.490943,ok
836778,0051533-50.2018.8.16.0000,118,4,2026-01-06T01:28:13.490943,ok
836779,0051562-03.2018.8.16.0000,118,4,2026-01-06T01:28:13.490943,ok
836780,0051682-46.2018.8.16.0000,118,4,2026-01-06T01:28:13.490943,ok
836781,0051758-70.2018.8.16.0000,118,4,2026-01-06T01:28:13.490943,ok
836782,0052146-70.2018.8.16.0000,118,4,2026-01-06T01:28:13.490943,ok
836783,0000627-74.2015.8.16.0125,118,4,2026-01-06T01:28:13.490943,ok
836784,0000045-59.2013.8.16.0088,118,4,2026-01-06T01:28:13.490943,ok
836785,0003353-91.2016.8.16.0058,118,4,2026-01-06T01:28:13.490943,ok
836786,0000811-70.2018.8.16.0013,118,4,2026-01-06T01:28:13.490943,ok
836787,0023816-63.2018.8.16.0000,118,4,2026-01-06T01:28:13.490943,ok
836788,0001555-35.2017.8.16.0196,118,4,2026-01-06T01:28:13.490943,ok
836789,0007829-47.2016.8.16.0035,118,4,2026-01-06T01:28:13.490943,ok
836790,0002378-77.2014.8.16.0175,118,4,2026-01-06T01:28:13.490943,ok
836791,0003102-21.2012.8.16.0056,118,4,2026-01-06T01:28:13.490943,ok
836792,0003081-43.2016.8.16.0173,118,4,2026-01-06T01:28:13.490943,ok
836793,0000646-13.2014.8.16.0094,118,4,2026-01-06T01:28:13.490943,ok
836794,0028850-60.2017.8.16.0030,118,4,2026-01-06T01:28:13.490943,ok
836795,0001511-34.2007.8.16.0174,118,4,2026-01-06T01:28:13.490943,ok
836796,0001386-70.2013.8.16.0040,118,4,2026-01-06T01:28:13.490943,ok
836797,0001212-47.2010.8.16.0014,118,4,2026-01-06T01:28:13.490943,ok
836798,0005786-17.2016.8.16.0075,118,4,2026-01-06T01:28:13.490943,ok
836799,0022541-28.2014.8.16.0030,118,4,2026-01-06T01:28:13.490943,ok
836800,0008219-61.2018.8.16.0030,118,4,2026-01-06T01:28:13.490943,ok
836801,0005084-31.2016.8.16.0056,118,4,2026-01-06T01:28:13.490943,ok
836802,0000454-90.2018.8.16.0013,118,4,2026-01-06T01:28:13.490943,ok
836803,0002195-61.2017.8.16.0156,118,4,2026-01-06T01:28:13.490943,ok
836804,0004867-29.2017.8.16.0031,118,4,2026-01-06T01:28:13.490943,ok
836805,0007485-95.2017.8.16.0014,118,4,2026-01-06T01:28:13.490943,ok
836806,0008489-37.2017.8.16.0025,118,4,2026-01-06T01:28:13.490943,ok
836807,0001473-10.2017.8.16.0194,118,4,2026-01-06T01:28:13.490943,ok
836808,0008392-71.2016.8.16.0025,118,4,2026-01-06T01:28:13.490943,ok
836809,0002892-52.2013.8.16.0179,120,4,2026-01-06T01:28:13.490943,ok
836810,0028520-92.2013.8.16.0001,120,4,2026-01-06T01:28:13.490943,ok
836811,0023988-05.2018.8.16.0000,120,4,2026-01-06T01:28:13.490943,ok
836812,0024244-45.2018.8.16.0000,120,4,2026-01-06T01:28:13.490943,ok
836813,0005647-88.2016.8.16.0035,120,4,2026-01-06T01:28:13.490943,ok
836814,0020548-37.2014.8.16.0001,120,4,2026-01-06T01:28:13.490943,ok
836815,0033268-97.2018.8.16.0000,120,4,2026-01-06T01:28:13.490943,ok
836816,0001679-92.2016.8.16.0021,120,4,2026-01-06T01:28:13.490943,ok
836817,0034328-08.2018.8.16.0000,120,4,2026-01-06T01:28:13.490943,ok
836818,0035824-72.2018.8.16.0000,120,4,2026-01-06T01:28:13.490943,ok
836819,0039401-58.2018.8.16.0000,120,4,2026-01-06T01:28:13.490943,ok
836820,0039845-91.2018.8.16.0000,120,4,2026-01-06T01:28:13.490943,ok
836821,0040212-18.2018.8.16.0000,120,4,2026-01-06T01:28:13.490943,ok
836822,0040569-95.2018.8.16.0000,120,4,2026-01-06T01:28:13.490943,ok
836823,0040844-44.2018.8.16.0000,120,4,2026-01-06T01:28:13.490943,ok
836824,0032834-03.2017.8.16.0014,120,4,2026-01-06T01:28:13.490943,ok
836825,0001104-48.2015.8.16.0109,120,4,2026-01-06T01:28:13.490943,ok
836826,0009022-29.2017.8.16.0014,120,4,2026-01-06T01:28:13.490943,ok
836827,0002370-38.2017.8.16.0194,120,4,2026-01-06T01:28:13.490943,ok
836828,0008999-74.2017.8.16.0017,120,4,2026-01-06T01:28:13.490943,ok
836829,0023097-81.2018.8.16.0000,120,4,2026-01-06T01:28:13.490943,ok
836830,0001533-80.2017.8.16.0194,120,4,2026-01-06T01:28:13.490943,ok
836831,0026497-06.2018.8.16.0000,120,4,2026-01-06T01:28:13.490943,ok
836832,0037031-09.2018.8.16.0000,120,4,2026-01-06T01:28:13.490943,ok
836833,0000705-70.2018.8.16.0155,120,4,2026-01-06T01:28:13.490943,ok
836834,0004454-34.2016.8.16.0101,120,4,2026-01-06T01:28:13.490943,ok
836835,0007268-38.2017.8.16.0148,120,4,2026-01-06T01:28:13.490943,ok
836836,0001795-93.2016.8.16.0055,120,4,2026-01-06T01:28:13.490943,ok
836837,0033450-83.2018.8.16.0000,120,4,2026-01-06T01:28:13.490943,ok
836838,0038115-37.2017.8.16.0014,120,4,2026-01-06T01:28:13.490943,ok
836839,0000884-45.1999.8.16.0001,120,4,2026-01-06T01:28:13.490943,ok
836840,0001164-78.2016.8.16.0014,120,4,2026-01-06T01:28:13.490943,ok
836841,0003912-62.2015.8.16.0194,120,4,2026-01-06T01:28:13.490943,ok
836842,0007425-89.2016.8.16.0004,120,4,2026-01-06T01:28:13.490943,ok
836843,0003121-92.2016.8.16.0086,120,4,2026-01-06T01:28:13.490943,ok
836844,0010531-83.2017.8.16.0017,120,4,2026-01-06T01:28:13.490943,ok
836845,0024404-70.2018.8.16.0000,120,4,2026-01-06T01:28:13.490943,ok
836846,0000224-53.2016.8.16.0131,120,4,2026-01-06T01:28:13.490943,ok
836847,0007626-31.2015.8.16.0129,120,4,2026-01-06T01:28:13.490943,ok
836848,0001970-06.2016.8.16.0179,120,4,2026-01-06T01:28:13.490943,ok
836849,0013365-59.2017.8.16.0017,120,4,2026-01-06T01:28:13.490943,ok
836850,0003864-37.2014.8.16.0001,120,4,2026-01-06T01:28:13.490943,ok
836851,0029126-57.2012.8.16.0001,120,4,2026-01-06T01:28:13.490943,ok
836852,0011303-63.2015.8.16.0131,120,4,2026-01-06T01:28:13.490943,ok
836853,0000068-97.2015.8.16.0164,120,4,2026-01-06T01:28:13.490943,ok
836854,0077779-75.2017.8.16.0014,120,4,2026-01-06T01:28:13.490943,ok
836855,0008531-62.2017.8.16.0130,120,4,2026-01-06T01:28:13.490943,ok
836856,0001160-23.2017.8.16.0041,120,4,2026-01-06T01:28:13.490943,ok
836857,0035804-52.2017.8.16.0021,120,4,2026-01-06T01:28:13.490943,ok
836858,0000151-66.2015.8.16.0115,120,4,2026-01-06T01:28:13.490943,ok
836859,0031726-12.2016.8.16.0001,122,4,2026-01-06T01:28:13.490943,ok
836860,0006512-80.2014.8.16.0165,122,4,2026-01-06T01:28:13.490943,ok
836861,0001714-29.2014.8.16.0019,122,4,2026-01-06T01:28:13.490943,ok
836862,0000940-33.2015.8.16.0061,122,4,2026-01-06T01:28:13.490943,ok
836863,0002918-06.2017.8.16.0019,122,4,2026-01-06T01:28:13.490943,ok
836864,0009829-33.2014.8.16.0021,122,4,2026-01-06T01:28:13.490943,ok
836865,0003433-32.2016.8.16.0098,122,4,2026-01-06T01:28:13.490943,ok
836866,0006188-05.2017.8.16.0030,122,4,2026-01-06T01:28:13.490943,ok
836867,0005956-78.2017.8.16.0131,122,4,2026-01-06T01:28:13.490943,ok
836868,0000047-53.2012.8.16.0059,122,4,2026-01-06T01:28:13.490943,ok
836869,0012325-27.2015.8.16.0174,122,4,2026-01-06T01:28:13.490943,ok
836870,0039637-54.2012.8.16.0021,122,4,2026-01-06T01:28:13.490943,ok
836871,0000892-48.2017.8.16.0144,122,4,2026-01-06T01:28:13.490943,ok
836872,0002938-88.2016.8.16.0194,122,4,2026-01-06T01:28:13.490943,ok
836873,0001904-21.2015.8.16.0192,122,4,2026-01-06T01:28:13.490943,ok
836874,0034980-02.2017.8.16.0019,122,4,2026-01-06T01:28:13.490943,ok
836875,0015258-46.2017.8.16.0030,122,4,2026-01-06T01:28:13.490943,ok
836876,0018157-39.2015.8.16.0013,122,4,2026-01-06T01:28:13.490943,ok
836877,0044067-05.2018.8.16.0000,122,4,2026-01-06T01:28:13.490943,ok
836878,0045130-65.2018.8.16.0000,122,4,2026-01-06T01:28:13.490943,ok
836879,0049051-32.2018.8.16.0000,122,4,2026-01-06T01:28:13.490943,ok
836880,0049762-37.2018.8.16.0000,122,4,2026-01-06T01:28:13.490943,ok
836881,0051806-29.2018.8.16.0000,122,4,2026-01-06T01:28:13.490943,ok
836882,0002041-03.2016.8.16.0116,122,4,2026-01-06T01:28:13.490943,ok
836883,0000149-90.2018.8.16.0083,122,4,2026-01-06T01:28:13.490943,ok
836884,0007025-35.2013.8.16.0019,122,4,2026-01-06T01:28:13.490943,ok
836885,0000139-55.2016.8.16.0135,122,4,2026-01-06T01:28:13.490943,ok
836886,0047563-42.2018.8.16.0000,122,4,2026-01-06T01:28:13.490943,ok
836887,0047743-58.2018.8.16.0000,122,4,2026-01-06T01:28:13.490943,ok
836888,0049183-89.2018.8.16.0000,122,4,2026-01-06T01:28:13.490943,ok
836889,0021427-59.2015.8.16.0017,122,4,2026-01-06T01:28:13.490943,ok
836890,0002620-61.2010.8.16.0115,122,4,2026-01-06T01:28:13.490943,ok
836891,0024816-27.2016.8.16.0014,122,4,2026-01-06T01:28:13.490943,ok
836892,0000581-86.2016.8.16.0081,122,4,2026-01-06T01:28:13.490943,ok
836893,0024573-49.2017.8.16.0014,122,4,2026-01-06T01:28:13.490943,ok
836894,0005004-34.2013.8.16.0004,122,4,2026-01-06T01:28:13.490943,ok
836895,0001374-73.2012.8.16.0078,121,4,2026-01-06T01:28:13.490943,ok
836896,0000440-60.2016.8.16.0051,121,4,2026-01-06T01:28:13.490943,ok
836897,0000468-17.2007.8.16.0092,121,4,2026-01-06T01:28:13.490943,ok
836898,0027477-45.2017.8.16.0013,121,4,2026-01-06T01:28:13.490943,ok
836899,0000641-10.2011.8.16.0057,121,4,2026-01-06T01:28:13.490943,ok
836900,0004322-93.2010.8.16.0098,121,4,2026-01-06T01:28:13.490943,ok
836901,0047007-40.2018.8.16.0000,121,4,2026-01-06T01:28:13.490943,ok
836902,0047822-37.2018.8.16.0000,121,4,2026-01-06T01:28:13.490943,ok
836903,0048086-54.2018.8.16.0000,121,4,2026-01-06T01:28:13.490943,ok
836904,0050137-38.2018.8.16.0000,121,4,2026-01-06T01:28:13.490943,ok
836905,0050575-64.2018.8.16.0000,121,4,2026-01-06T01:28:13.490943,ok
836906,0050884-85.2018.8.16.0000,121,4,2026-01-06T01:28:13.490943,ok
836907,0051040-73.2018.8.16.0000,121,4,2026-01-06T01:28:13.490943,ok
836908,0051216-52.2018.8.16.0000,121,4,2026-01-06T01:28:13.490943,ok
836909,0051713-66.2018.8.16.0000,121,4,2026-01-06T01:28:13.490943,ok
836910,0051929-27.2018.8.16.0000,121,4,2026-01-06T01:28:13.490943,ok
836911,0002997-58.2015.8.16.0179,121,4,2026-01-06T01:28:13.490943,ok
836912,0002634-52.2014.8.16.0035,121,4,2026-01-06T01:28:13.490943,ok
836913,0083232-51.2017.8.16.0014,121,4,2026-01-06T01:28:13.490943,ok
836914,0010043-05.2017.8.16.0058,121,4,2026-01-06T01:28:13.490943,ok
836915,0050127-64.2013.8.16.0001,121,4,2026-01-06T01:28:13.490943,ok
836916,0048280-54.2018.8.16.0000,121,4,2026-01-06T01:28:13.490943,ok
836917,0048718-80.2018.8.16.0000,121,4,2026-01-06T01:28:13.490943,ok
836918,0049944-23.2018.8.16.0000,121,4,2026-01-06T01:28:13.490943,ok
836919,0050072-43.2018.8.16.0000,121,4,2026-01-06T01:28:13.490943,ok
836920,0050088-94.2018.8.16.0000,121,4,2026-01-06T01:28:13.490943,ok
836921,0050946-28.2018.8.16.0000,121,4,2026-01-06T01:28:13.490943,ok
836922,0051925-87.2018.8.16.0000,121,4,2026-01-06T01:28:13.490943,ok
836923,0000087-68.2015.8.16.0014,121,4,2026-01-06T01:28:13.490943,ok
836924,0003160-39.2015.8.16.0017,121,4,2026-01-06T01:28:13.490943,ok
836925,0044738-28.2018.8.16.0000,121,4,2026-01-06T01:28:13.490943,ok
836926,0044977-32.2018.8.16.0000,121,4,2026-01-06T01:28:13.490943,ok
836927,0048076-10.2018.8.16.0000,121,4,2026-01-06T01:28:13.490943,ok
836928,0049560-60.2018.8.16.0000,121,4,2026-01-06T01:28:13.490943,ok
836929,0050686-48.2018.8.16.0000,121,4,2026-01-06T01:28:13.490943,ok
836930,0016899-91.2015.8.16.0013,121,4,2026-01-06T01:28:13.490943,ok
836931,0000713-12.2017.8.16.0081,121,4,2026-01-06T01:28:13.490943,ok
836932,0003246-03.2013.8.16.0139,121,4,2026-01-06T01:28:13.490943,ok
836933,0001335-53.2014.8.16.0063,121,4,2026-01-06T01:28:13.490943,ok
836934,0024713-91.2014.8.16.0013,121,4,2026-01-06T01:28:13.490943,ok
836935,0005949-09.2015.8.16.0147,121,4,2026-01-06T01:28:13.490943,ok
836936,0015687-69.2018.8.16.0000,121,4,2026-01-06T01:28:13.490943,ok
836937,0015975-17.2018.8.16.0000,121,4,2026-01-06T01:28:13.490943,ok
836938,0001466-86.2016.8.16.0021,121,4,2026-01-06T01:28:13.490943,ok
836939,0017061-23.2018.8.16.0000,121,4,2026-01-06T01:28:13.490943,ok
836940,0017784-42.2018.8.16.0000,121,4,2026-01-06T01:28:13.490943,ok
836941,0020273-52.2018.8.16.0000,121,4,2026-01-06T01:28:13.490943,ok
836942,0000124-11.2015.8.16.0139,121,4,2026-01-06T01:28:13.490943,ok
836943,0002893-56.2010.8.16.0045,121,4,2026-01-06T01:28:13.490943,ok
836944,0001839-50.2012.8.16.0024,121,4,2026-01-06T01:28:13.490943,ok
836945,0015765-02.2014.8.16.0001,143,4,2026-01-06T01:28:13.490943,ok
836946,0001452-67.2011.8.16.0057,143,4,2026-01-06T01:28:13.490943,ok
836947,0000365-05.2017.8.16.0142,144,4,2026-01-06T01:28:13.490943,ok
836948,0000370-27.2017.8.16.0142,144,4,2026-01-06T01:28:13.490943,ok
836949,0006677-25.2017.8.16.0165,144,4,2026-01-06T01:28:13.490943,ok
836950,0000986-06.2018.8.16.0194,144,4,2026-01-06T01:28:13.490943,ok
836951,0000158-19.2012.8.16.0065,144,4,2026-01-06T01:28:13.490943,ok
836952,0021208-65.2013.8.16.0001,144,4,2026-01-06T01:28:13.490943,ok
836953,0008777-31.2015.8.16.0194,144,4,2026-01-06T01:28:13.490943,ok
836954,0002589-20.2009.8.16.0004,145,4,2026-01-06T01:28:13.490943,ok
836955,0024543-82.2015.8.16.0014,145,4,2026-01-06T01:28:13.490943,ok
836956,1722507-3,145,4,2026-01-06T01:28:13.490943,ok
836957,992260-9,145,4,2026-01-06T01:28:13.490943,ok
836958,1047752-0,145,4,2026-01-06T01:28:13.490943,ok
836959,1048343-5,145,4,2026-01-06T01:28:13.490943,ok
836960,1069270-7,145,4,2026-01-06T01:28:13.490943,ok
836961,1720796-2,145,4,2026-01-06T01:28:13.490943,ok
836962,1719208-0,145,4,2026-01-06T01:28:13.490943,ok
836963,1741249-8,145,4,2026-01-06T01:28:13.490943,ok
836964,1742702-4,145,4,2026-01-06T01:28:13.490943,ok
836965,1194777-2,145,4,2026-01-06T01:28:13.490943,ok
836966,1656232-4,145,4,2026-01-06T01:28:13.490943,ok
836967,1056233-9,145,4,2026-01-06T01:28:13.490943,ok
836968,1589100-6,146,4,2026-01-06T01:28:13.490943,ok
836969,1581732-6,146,4,2026-01-06T01:28:13.490943,ok
836970,1235149-6,146,4,2026-01-06T01:28:13.490943,ok
836971,1691277-5,146,4,2026-01-06T01:28:13.490943,ok
836972,1734882-2,146,4,2026-01-06T01:28:13.490943,ok
836973,1604599-1,146,4,2026-01-06T01:28:13.490943,ok
836974,1388384-4,146,4,2026-01-06T01:28:13.490943,ok
836975,5003246-05.2017.8.16.0000,146,4,2026-01-06T01:28:13.490943,ok
836976,1546493-2,146,4,2026-01-06T01:28:13.490943,ok
836977,1536023-7,146,4,2026-01-06T01:28:13.490943,ok
836978,1369904-4,146,4,2026-01-06T01:28:13.490943,ok
836979,1336658-6,146,4,2026-01-06T01:28:13.490943,ok
836980,1582926-2,146,4,2026-01-06T01:28:13.490943,ok
836981,1443554-6,146,4,2026-01-06T01:28:13.490943,ok
836982,1529799-5,146,4,2026-01-06T01:28:13.490943,ok
836983,1571723-4,146,4,2026-01-06T01:28:13.490943,ok
836984,1440461-4,146,4,2026-01-06T01:28:13.490943,ok
836985,1434111-2,146,4,2026-01-06T01:28:13.490943,ok
836986,1263845-4,146,4,2026-01-06T01:28:13.490943,ok
836987,1484827-0,146,4,2026-01-06T01:28:13.490943,ok
836988,1698354-5,146,4,2026-01-06T01:28:13.490943,ok
836989,788274-0,146,4,2026-01-06T01:28:13.490943,ok
836990,1582276-7,146,4,2026-01-06T01:28:13.490943,ok
836991,1364922-2,146,4,2026-01-06T01:28:13.490943,ok
836992,1748157-3,146,4,2026-01-06T01:28:13.490943,ok
836993,0019480-71.2018.8.16.0014,154,4,2026-01-06T01:28:13.490943,ok
836994,0000669-06.2017.8.16.0109,154,4,2026-01-06T01:28:13.490943,ok
836995,0000067-40.2018.8.16.0057,154,4,2026-01-06T01:28:13.490943,ok
836996,0001585-74.2016.8.16.0109,154,4,2026-01-06T01:28:13.490943,ok
836997,0002591-54.2016.8.16.0162,154,4,2026-01-06T01:28:13.490943,ok
836998,0002811-35.2013.8.16.0137,154,4,2026-01-06T01:28:13.490943,ok
836999,0000434-05.2016.8.16.0164,154,4,2026-01-06T01:28:13.490943,ok
