Id,chunk_entrada,chunk_saida,status,tokens,timestamp
833005,000001.tar,000001,sucesso,36511,2026-01-08T16:12:17.688113
833006,000001.tar,000001,sucesso,34582,2026-01-08T16:12:17.688135
833012,000001.tar,000001,sucesso,39996,2026-01-08T16:12:17.688140
833014,000001.tar,000001,sucesso,39137,2026-01-08T16:12:17.688144
833015,000001.tar,000001,sucesso,29670,2026-01-08T16:12:17.688149
833017,000001.tar,000001,sucesso,33397,2026-01-08T16:12:17.688154
833018,000001.tar,000001,sucesso,33351,2026-01-08T16:12:17.688159
833019,000001.tar,000001,sucesso,34197,2026-01-08T16:12:17.688165
833020,000001.tar,000001,sucesso,28107,2026-01-08T16:12:17.688171
833023,000001.tar,000001,sucesso,30177,2026-01-08T16:12:17.688176
833024,000001.tar,000001,sucesso,34754,2026-01-08T16:12:17.688181
833026,000001.tar,000001,sucesso,27782,2026-01-08T16:12:17.688185
833027,000001.tar,000001,sucesso,33015,2026-01-08T16:12:17.688189
833028,000001.tar,000001,sucesso,33698,2026-01-08T16:12:17.688193
833029,000001.tar,000001,sucesso,27923,2026-01-08T16:12:17.688196
833031,000001.tar,000001,sucesso,30618,2026-01-08T16:12:17.688200
833032,000001.tar,000001,sucesso,29665,2026-01-08T16:12:17.688205
833044,000001.tar,000001,sucesso,32928,2026-01-08T16:12:17.688210
833045,000001.tar,000001,sucesso,32605,2026-01-08T16:12:17.688214
833048,000001.tar,000001,sucesso,32707,2026-01-08T16:12:17.688219
833053,000001.tar,000001,sucesso,48363,2026-01-08T16:12:17.688222
833054,000001.tar,000001,sucesso,33609,2026-01-08T16:12:17.688225
833056,000001.tar,000001,sucesso,34346,2026-01-08T16:12:17.688229
833058,000001.tar,000001,sucesso,39003,2026-01-08T16:12:17.688233
833059,000001.tar,000001,sucesso,41773,2026-01-08T16:12:17.688236
833060,000001.tar,000001,sucesso,33191,2026-01-08T16:12:17.688240
833061,000001.tar,000001,sucesso,33811,2026-01-08T16:12:17.688244
833062,000001.tar,000001,sucesso,33439,2026-01-08T16:12:17.688248
833064,000001.tar,000001,sucesso,25983,2026-01-08T16:12:17.688252
833065,000001.tar,000001,sucesso,34243,2026-01-08T16:12:17.688256
833066,000001.tar,000001,sucesso,37383,2026-01-08T16:12:17.688261
833067,000001.tar,000001,sucesso,30759,2026-01-08T16:12:17.688265
833068,000001.tar,000001,sucesso,38048,2026-01-08T16:12:17.688268
833069,000001.tar,000001,sucesso,31604,2026-01-08T16:12:17.688272
833070,000001.tar,000001,sucesso,24042,2026-01-08T16:12:17.688276
833071,000001.tar,000001,sucesso,33654,2026-01-08T16:12:17.688279
833082,000001.tar,000001,sucesso,25148,2026-01-08T16:12:17.688282
833088,000001.tar,000001,sucesso,32968,2026-01-08T16:12:17.688286
833089,000001.tar,000001,sucesso,38155,2026-01-08T16:12:17.688291
833090,000001.tar,000001,sucesso,32812,2026-01-08T16:12:17.688295
833091,000001.tar,000001,sucesso,34046,2026-01-08T16:12:17.688300
833092,000001.tar,000001,sucesso,35167,2026-01-08T16:12:17.688306
833093,000001.tar,000001,sucesso,42866,2026-01-08T16:12:17.688310
833094,000001.tar,000001,sucesso,33393,2026-01-08T16:12:17.688315
833095,000001.tar,000001,sucesso,25191,2026-01-08T16:12:17.688319
833096,000001.tar,000001,sucesso,25454,2026-01-08T16:12:17.688323
833097,000001.tar,000001,sucesso,31531,2026-01-08T16:12:17.688327
833098,000001.tar,000001,sucesso,35468,2026-01-08T16:12:17.688331
833099,000001.tar,000001,sucesso,32572,2026-01-08T16:12:17.688336
833100,000001.tar,000001,sucesso,27573,2026-01-08T16:12:17.688340
833101,000001.tar,000001,sucesso,29892,2026-01-08T16:12:17.688345
833102,000001.tar,000001,sucesso,32982,2026-01-08T16:12:17.688348
833103,000001.tar,000001,sucesso,36093,2026-01-08T16:12:17.688352
833104,000001.tar,000001,sucesso,37908,2026-01-08T16:12:17.688358
833105,000001.tar,000001,sucesso,33476,2026-01-08T16:12:17.688361
833106,000001.tar,000001,sucesso,29572,2026-01-08T16:12:17.688365
833107,000001.tar,000001,sucesso,33033,2026-01-08T16:12:17.688369
833108,000001.tar,000001,sucesso,37388,2026-01-08T16:12:17.688372
833109,000001.tar,000001,sucesso,38200,2026-01-08T16:12:17.688378
833110,000001.tar,000001,sucesso,34187,2026-01-08T16:12:17.688382
833111,000001.tar,000001,sucesso,30163,2026-01-08T16:12:17.688387
833112,000001.tar,000001,sucesso,26227,2026-01-08T16:12:17.688390
833113,000001.tar,000001,sucesso,24956,2026-01-08T16:12:17.688394
833114,000001.tar,000001,sucesso,28666,2026-01-08T16:12:17.688398
833115,000001.tar,000001,sucesso,27976,2026-01-08T16:12:17.688402
833116,000001.tar,000001,sucesso,34437,2026-01-08T16:12:17.688406
833117,000001.tar,000001,sucesso,30336,2026-01-08T16:12:17.688410
833118,000001.tar,000001,sucesso,36471,2026-01-08T16:12:17.688414
833119,000001.tar,000001,sucesso,32942,2026-01-08T16:12:17.688418
833120,000001.tar,000001,sucesso,33627,2026-01-08T16:12:17.688422
833121,000001.tar,000001,sucesso,34618,2026-01-08T16:12:17.688425
833122,000001.tar,000001,sucesso,31178,2026-01-08T16:12:17.688429
833123,000001.tar,000001,sucesso,37568,2026-01-08T16:12:17.688433
833124,000001.tar,000001,sucesso,31640,2026-01-08T16:12:17.688437
833125,000001.tar,000001,sucesso,48168,2026-01-08T16:12:17.688440
833126,000001.tar,000001,sucesso,31134,2026-01-08T16:12:17.688445
833127,000001.tar,000001,sucesso,37132,2026-01-08T16:12:17.688449
833128,000001.tar,000001,sucesso,27574,2026-01-08T16:12:17.688455
833129,000001.tar,000001,sucesso,33770,2026-01-08T16:12:17.688459
833130,000001.tar,000001,sucesso,38125,2026-01-08T16:12:17.688463
833131,000001.tar,000001,sucesso,40975,2026-01-08T16:12:17.688468
833132,000001.tar,000001,sucesso,34496,2026-01-08T16:12:17.688471
833133,000001.tar,000001,sucesso,37956,2026-01-08T16:12:17.688474
833134,000001.tar,000001,sucesso,38072,2026-01-08T16:12:17.688478
833135,000001.tar,000001,sucesso,26704,2026-01-08T16:12:17.688482
833136,000001.tar,000001,sucesso,47511,2026-01-08T16:12:17.688485
833137,000001.tar,000001,sucesso,25903,2026-01-08T16:12:17.688489
833139,000001.tar,000001,sucesso,36937,2026-01-08T16:12:17.688492
833140,000001.tar,000001,sucesso,38497,2026-01-08T16:12:17.688496
833142,000001.tar,000001,sucesso,41067,2026-01-08T16:12:17.688500
833143,000001.tar,000001,sucesso,40091,2026-01-08T16:12:17.688503
833144,000001.tar,000001,sucesso,35287,2026-01-08T16:12:17.688506
833146,000001.tar,000001,sucesso,26426,2026-01-08T16:12:17.688509
833148,000001.tar,000001,sucesso,27756,2026-01-08T16:12:17.688514
833152,000001.tar,000001,sucesso,27363,2026-01-08T16:12:17.688518
833153,000001.tar,000001,sucesso,33550,2026-01-08T16:12:17.688523
833159,000001.tar,000001,sucesso,28980,2026-01-08T16:12:17.688527
833161,000001.tar,000001,sucesso,36359,2026-01-08T16:12:17.688530
833164,000001.tar,000001,sucesso,32731,2026-01-08T16:12:17.688533
833165,000001.tar,000001,sucesso,33616,2026-01-08T16:12:17.688537
833166,000001.tar,000001,sucesso,35152,2026-01-08T16:12:17.688541
833167,000001.tar,000001,sucesso,36815,2026-01-08T16:12:17.688544
833171,000001.tar,000001,sucesso,36562,2026-01-08T16:12:17.688548
833172,000001.tar,000001,sucesso,33245,2026-01-08T16:12:17.688551
833173,000001.tar,000001,sucesso,35364,2026-01-08T16:12:17.688555
833174,000001.tar,000001,sucesso,26823,2026-01-08T16:12:17.688558
833175,000001.tar,000001,sucesso,26088,2026-01-08T16:12:17.688561
833176,000001.tar,000001,sucesso,30112,2026-01-08T16:12:17.688565
833177,000001.tar,000001,sucesso,34125,2026-01-08T16:12:17.688569
833178,000001.tar,000001,sucesso,33504,2026-01-08T16:12:17.688573
833179,000001.tar,000001,sucesso,30075,2026-01-08T16:12:17.688577
833180,000001.tar,000001,sucesso,38375,2026-01-08T16:12:17.688580
833181,000001.tar,000001,sucesso,32520,2026-01-08T16:12:17.688585
833182,000001.tar,000001,sucesso,31985,2026-01-08T16:12:17.688588
833183,000001.tar,000001,sucesso,29909,2026-01-08T16:12:17.688591
833184,000001.tar,000001,sucesso,29006,2026-01-08T16:12:17.688595
833185,000001.tar,000001,sucesso,35833,2026-01-08T16:12:17.688599
833186,000001.tar,000001,sucesso,29693,2026-01-08T16:12:17.688602
833187,000001.tar,000001,sucesso,28682,2026-01-08T16:12:17.688606
833189,000001.tar,000001,sucesso,27952,2026-01-08T16:12:17.688609
833190,000001.tar,000001,sucesso,32640,2026-01-08T16:12:17.688612
833191,000001.tar,000001,sucesso,41928,2026-01-08T16:12:17.688615
833192,000001.tar,000001,sucesso,37300,2026-01-08T16:12:17.688619
833193,000001.tar,000001,sucesso,41754,2026-01-08T16:12:17.688622
833194,000001.tar,000001,sucesso,26475,2026-01-08T16:12:17.688625
833195,000001.tar,000001,sucesso,47754,2026-01-08T16:12:17.688629
833196,000001.tar,000001,sucesso,32734,2026-01-08T16:12:17.688632
833197,000001.tar,000001,sucesso,35362,2026-01-08T16:12:17.688636
833198,000001.tar,000001,sucesso,32298,2026-01-08T16:12:17.688639
833199,000001.tar,000001,sucesso,29602,2026-01-08T16:12:17.688643
833200,000001.tar,000001,sucesso,35204,2026-01-08T16:12:17.688647
833201,000001.tar,000001,sucesso,32186,2026-01-08T16:12:17.688650
833202,000001.tar,000001,sucesso,26239,2026-01-08T16:12:17.688654
833203,000001.tar,000001,sucesso,37728,2026-01-08T16:12:17.688660
833204,000001.tar,000001,sucesso,28080,2026-01-08T16:12:17.688664
833205,000001.tar,000001,sucesso,27192,2026-01-08T16:12:17.688667
833206,000001.tar,000001,sucesso,27829,2026-01-08T16:12:17.688671
833207,000001.tar,000001,sucesso,31711,2026-01-08T16:12:17.688674
833208,000001.tar,000001,sucesso,34441,2026-01-08T16:12:17.688678
833209,000001.tar,000001,sucesso,36073,2026-01-08T16:12:17.688682
833210,000001.tar,000001,sucesso,27501,2026-01-08T16:12:17.688686
833211,000001.tar,000001,sucesso,36211,2026-01-08T16:12:17.688690
833212,000001.tar,000001,sucesso,29470,2026-01-08T16:12:17.688693
833213,000001.tar,000001,sucesso,33712,2026-01-08T16:12:17.688697
833214,000001.tar,000001,sucesso,30289,2026-01-08T16:12:17.688700
833215,000001.tar,000001,sucesso,23776,2026-01-08T16:12:17.688704
833216,000001.tar,000001,sucesso,31966,2026-01-08T16:12:17.688709
833217,000001.tar,000001,sucesso,39473,2026-01-08T16:12:17.688714
833218,000001.tar,000001,sucesso,34510,2026-01-08T16:12:17.688718
833219,000001.tar,000001,sucesso,34188,2026-01-08T16:12:17.688722
833220,000001.tar,000001,sucesso,27868,2026-01-08T16:12:17.688725
833221,000001.tar,000001,sucesso,44609,2026-01-08T16:12:17.688730
833222,000001.tar,000001,sucesso,31940,2026-01-08T16:12:17.688734
833223,000001.tar,000001,sucesso,23061,2026-01-08T16:12:17.688738
833224,000001.tar,000001,sucesso,32033,2026-01-08T16:12:17.688742
833225,000001.tar,000001,sucesso,33044,2026-01-08T16:12:17.688746
833226,000001.tar,000001,sucesso,40372,2026-01-08T16:12:17.688750
833227,000001.tar,000001,sucesso,30556,2026-01-08T16:12:17.688753
833228,000001.tar,000001,sucesso,29129,2026-01-08T16:12:17.688757
833229,000001.tar,000001,sucesso,34992,2026-01-08T16:12:17.688760
833230,000001.tar,000001,sucesso,30517,2026-01-08T16:12:17.688764
833231,000001.tar,000001,sucesso,35777,2026-01-08T16:12:17.688767
833232,000001.tar,000001,sucesso,35268,2026-01-08T16:12:17.688771
833233,000001.tar,000001,sucesso,36603,2026-01-08T16:12:17.688775
833234,000001.tar,000001,sucesso,38653,2026-01-08T16:12:17.688779
833235,000001.tar,000001,sucesso,35858,2026-01-08T16:12:17.688782
833236,000001.tar,000001,sucesso,31617,2026-01-08T16:12:17.688786
833237,000001.tar,000001,sucesso,39707,2026-01-08T16:12:17.688790
833242,000001.tar,000001,sucesso,31151,2026-01-08T16:12:17.688794
833243,000001.tar,000001,sucesso,36017,2026-01-08T16:12:17.688798
833246,000001.tar,000001,sucesso,40956,2026-01-08T16:12:17.688802
833248,000001.tar,000001,sucesso,29561,2026-01-08T16:12:17.688805
833252,000001.tar,000001,sucesso,30502,2026-01-08T16:12:17.688808
833255,000001.tar,000001,sucesso,33748,2026-01-08T16:12:17.688812
833256,000001.tar,000001,sucesso,30769,2026-01-08T16:12:17.688816
833257,000001.tar,000001,sucesso,27276,2026-01-08T16:12:17.688819
833258,000001.tar,000001,sucesso,42060,2026-01-08T16:12:17.688822
833259,000001.tar,000001,sucesso,35330,2026-01-08T16:12:17.688826
833260,000001.tar,000001,sucesso,27581,2026-01-08T16:12:17.688829
833261,000001.tar,000001,sucesso,46461,2026-01-08T16:12:17.688832
833263,000001.tar,000001,sucesso,32930,2026-01-08T16:12:17.688835
833265,000001.tar,000001,sucesso,39139,2026-01-08T16:12:17.688839
833266,000001.tar,000001,sucesso,33938,2026-01-08T16:12:17.688842
833267,000001.tar,000001,sucesso,37112,2026-01-08T16:12:17.688845
833268,000001.tar,000001,sucesso,36963,2026-01-08T16:12:17.688849
833269,000001.tar,000001,sucesso,28768,2026-01-08T16:12:17.688852
833270,000001.tar,000001,sucesso,37161,2026-01-08T16:12:17.688856
833271,000001.tar,000001,sucesso,33053,2026-01-08T16:12:17.688861
833272,000001.tar,000001,sucesso,55876,2026-01-08T16:12:17.688865
833273,000001.tar,000001,sucesso,31241,2026-01-08T16:12:17.688869
833274,000001.tar,000001,sucesso,36141,2026-01-08T16:12:17.688872
833275,000001.tar,000001,sucesso,35828,2026-01-08T16:12:17.688877
833276,000001.tar,000001,sucesso,32717,2026-01-08T16:12:17.688881
833277,000001.tar,000001,sucesso,26561,2026-01-08T16:12:17.688885
833278,000001.tar,000001,sucesso,28357,2026-01-08T16:12:17.688889
833279,000001.tar,000001,sucesso,44248,2026-01-08T16:12:17.688893
833280,000001.tar,000001,sucesso,27927,2026-01-08T16:12:17.688896
833281,000001.tar,000001,sucesso,32635,2026-01-08T16:12:17.688899
833282,000001.tar,000001,sucesso,40191,2026-01-08T16:12:17.688903
833283,000001.tar,000001,sucesso,29776,2026-01-08T16:12:17.688907
833284,000001.tar,000001,sucesso,37012,2026-01-08T16:12:17.688911
833285,000001.tar,000001,sucesso,38071,2026-01-08T16:12:17.688916
833286,000001.tar,000001,sucesso,40835,2026-01-08T16:12:17.688919
833287,000001.tar,000001,sucesso,37979,2026-01-08T16:12:17.688923
833288,000001.tar,000001,sucesso,29056,2026-01-08T16:12:17.688926
833289,000001.tar,000001,sucesso,36663,2026-01-08T16:12:17.688931
833290,000001.tar,000001,sucesso,36417,2026-01-08T16:12:17.688936
833291,000001.tar,000001,sucesso,25903,2026-01-08T16:12:17.688939
833292,000001.tar,000001,sucesso,44850,2026-01-08T16:12:17.688943
833293,000001.tar,000001,sucesso,35194,2026-01-08T16:12:17.688947
833294,000001.tar,000001,sucesso,34137,2026-01-08T16:12:17.688951
833295,000001.tar,000001,sucesso,36290,2026-01-08T16:12:17.688955
833296,000001.tar,000001,sucesso,36599,2026-01-08T16:12:17.688959
833297,000001.tar,000001,sucesso,34598,2026-01-08T16:12:17.688962
833298,000001.tar,000001,sucesso,34010,2026-01-08T16:12:17.688966
833299,000001.tar,000001,sucesso,36178,2026-01-08T16:12:17.688970
833300,000001.tar,000001,sucesso,37094,2026-01-08T16:12:17.688974
833301,000001.tar,000001,sucesso,34115,2026-01-08T16:12:17.688978
833302,000001.tar,000001,sucesso,30116,2026-01-08T16:12:17.688981
833303,000001.tar,000001,sucesso,40803,2026-01-08T16:12:17.688984
833304,000001.tar,000001,sucesso,32748,2026-01-08T16:12:17.688988
833305,000001.tar,000001,sucesso,41217,2026-01-08T16:12:17.688992
833306,000001.tar,000001,sucesso,41611,2026-01-08T16:12:17.688996
833307,000001.tar,000001,sucesso,32558,2026-01-08T16:12:17.689000
833308,000001.tar,000001,sucesso,32889,2026-01-08T16:12:17.689003
833309,000001.tar,000001,sucesso,30547,2026-01-08T16:12:17.689007
833310,000001.tar,000001,sucesso,38050,2026-01-08T16:12:17.689010
833311,000001.tar,000001,sucesso,32843,2026-01-08T16:12:17.689013
833312,000001.tar,000001,sucesso,43466,2026-01-08T16:12:17.689017
833313,000001.tar,000001,sucesso,46819,2026-01-08T16:12:17.689021
833314,000001.tar,000001,sucesso,30267,2026-01-08T16:12:17.689025
833315,000001.tar,000001,sucesso,38306,2026-01-08T16:12:17.689029
833316,000001.tar,000001,sucesso,41023,2026-01-08T16:12:17.689032
833317,000001.tar,000001,sucesso,32643,2026-01-08T16:12:17.689037
833318,000001.tar,000001,sucesso,38096,2026-01-08T16:12:17.689040
833319,000001.tar,000001,sucesso,34044,2026-01-08T16:12:17.689044
833320,000001.tar,000001,sucesso,32917,2026-01-08T16:12:17.689047
833321,000001.tar,000001,sucesso,33545,2026-01-08T16:12:17.689051
833322,000001.tar,000001,sucesso,32176,2026-01-08T16:12:17.689055
833323,000001.tar,000001,sucesso,36895,2026-01-08T16:12:17.689059
833324,000001.tar,000001,sucesso,33350,2026-01-08T16:12:17.689062
833325,000001.tar,000001,sucesso,36993,2026-01-08T16:12:17.689067
833326,000001.tar,000001,sucesso,32929,2026-01-08T16:12:17.689072
833327,000001.tar,000001,sucesso,32408,2026-01-08T16:12:17.689076
833328,000001.tar,000001,sucesso,29378,2026-01-08T16:12:17.689079
833329,000001.tar,000001,sucesso,31168,2026-01-08T16:12:17.689083
833330,000001.tar,000001,sucesso,36462,2026-01-08T16:12:17.689087
833331,000001.tar,000001,sucesso,30400,2026-01-08T16:12:17.689090
833332,000001.tar,000001,sucesso,30088,2026-01-08T16:12:17.689094
833333,000001.tar,000001,sucesso,30483,2026-01-08T16:12:17.689097
833334,000001.tar,000001,sucesso,34514,2026-01-08T16:12:17.689102
833335,000001.tar,000001,sucesso,30282,2026-01-08T16:12:17.689106
833336,000001.tar,000001,sucesso,27478,2026-01-08T16:12:17.689110
833337,000001.tar,000001,falha,0,2026-01-08T16:12:17.689183
833338,000001.tar,000001,sucesso,29516,2026-01-08T16:12:17.689186
833339,000001.tar,000001,sucesso,34086,2026-01-08T16:12:17.689191
833340,000001.tar,000001,sucesso,37984,2026-01-08T16:12:17.689195
833341,000001.tar,000001,sucesso,34222,2026-01-08T16:12:17.689199
833342,000001.tar,000001,sucesso,37399,2026-01-08T16:12:17.689203
833343,000001.tar,000001,sucesso,33026,2026-01-08T16:12:17.689207
833344,000001.tar,000001,sucesso,36888,2026-01-08T16:12:17.689210
833345,000001.tar,000001,sucesso,32529,2026-01-08T16:12:17.689214
833346,000001.tar,000001,sucesso,30989,2026-01-08T16:12:17.689218
833347,000001.tar,000001,sucesso,26797,2026-01-08T16:12:17.689222
833348,000001.tar,000001,sucesso,33513,2026-01-08T16:12:17.689226
833349,000001.tar,000001,sucesso,36747,2026-01-08T16:12:17.689229
833350,000001.tar,000001,sucesso,28947,2026-01-08T16:12:17.689233
833351,000001.tar,000001,sucesso,30535,2026-01-08T16:12:17.689237
833352,000001.tar,000001,sucesso,36168,2026-01-08T16:12:17.689240
833353,000001.tar,000001,sucesso,35123,2026-01-08T16:12:17.689244
833354,000001.tar,000001,sucesso,25020,2026-01-08T16:12:17.689249
833355,000001.tar,000001,sucesso,36711,2026-01-08T16:12:17.689252
833356,000001.tar,000001,sucesso,27773,2026-01-08T16:12:17.689256
833357,000001.tar,000001,sucesso,28904,2026-01-08T16:12:17.689259
833358,000001.tar,000001,sucesso,38646,2026-01-08T16:12:17.689262
833359,000001.tar,000001,sucesso,34967,2026-01-08T16:12:17.689266
833360,000001.tar,000001,sucesso,34724,2026-01-08T16:12:17.689316
833361,000001.tar,000001,sucesso,31284,2026-01-08T16:12:17.689320
833362,000001.tar,000001,sucesso,32361,2026-01-08T16:12:17.689323
833363,000001.tar,000001,sucesso,31578,2026-01-08T16:12:17.689327
833364,000001.tar,000001,sucesso,27284,2026-01-08T16:12:17.689333
833365,000001.tar,000001,sucesso,34101,2026-01-08T16:12:17.689336
833366,000001.tar,000001,sucesso,37805,2026-01-08T16:12:17.689339
833367,000001.tar,000001,sucesso,25441,2026-01-08T16:12:17.689343
833368,000001.tar,000001,sucesso,32852,2026-01-08T16:12:17.689346
833369,000001.tar,000001,sucesso,36209,2026-01-08T16:12:17.689350
833370,000001.tar,000001,sucesso,33821,2026-01-08T16:12:17.689353
833372,000001.tar,000001,sucesso,35936,2026-01-08T16:12:17.689356
833376,000001.tar,000001,sucesso,26133,2026-01-08T16:12:17.689360
833377,000001.tar,000001,sucesso,32925,2026-01-08T16:12:17.689363
833378,000001.tar,000001,sucesso,46898,2026-01-08T16:12:17.689367
833379,000001.tar,000001,sucesso,35787,2026-01-08T16:12:17.689371
833380,000001.tar,000001,sucesso,35627,2026-01-08T16:12:17.689375
833381,000001.tar,000001,sucesso,24379,2026-01-08T16:12:17.689379
833382,000001.tar,000001,sucesso,26100,2026-01-08T16:12:17.689382
833383,000001.tar,000001,sucesso,38905,2026-01-08T16:12:17.689385
833384,000001.tar,000001,sucesso,33417,2026-01-08T16:12:17.689389
833385,000001.tar,000001,sucesso,42727,2026-01-08T16:12:17.689392
833386,000001.tar,000001,sucesso,33755,2026-01-08T16:12:17.689396
833387,000001.tar,000001,sucesso,38471,2026-01-08T16:12:17.689399
833388,000001.tar,000001,sucesso,25258,2026-01-08T16:12:17.689403
833389,000001.tar,000001,sucesso,40499,2026-01-08T16:12:17.689406
833390,000001.tar,000001,sucesso,29891,2026-01-08T16:12:17.689415
833391,000001.tar,000001,sucesso,30071,2026-01-08T16:12:17.689419
833392,000001.tar,000001,sucesso,43276,2026-01-08T16:12:17.689423
833393,000001.tar,000001,sucesso,43759,2026-01-08T16:12:17.689426
833394,000001.tar,000001,sucesso,34041,2026-01-08T16:12:17.689430
833395,000001.tar,000001,sucesso,31516,2026-01-08T16:12:17.689434
833396,000001.tar,000001,sucesso,30296,2026-01-08T16:12:17.689441
833397,000001.tar,000001,sucesso,32309,2026-01-08T16:12:17.689446
833398,000001.tar,000001,sucesso,29993,2026-01-08T16:12:17.689449
833399,000001.tar,000001,sucesso,35743,2026-01-08T16:12:17.689453
833400,000001.tar,000001,sucesso,33773,2026-01-08T16:12:17.689457
833401,000001.tar,000001,sucesso,24374,2026-01-08T16:12:17.689461
833402,000001.tar,000001,sucesso,29339,2026-01-08T16:12:17.689466
833403,000001.tar,000001,sucesso,28940,2026-01-08T16:12:17.689469
833404,000001.tar,000001,sucesso,43945,2026-01-08T16:12:17.689473
833405,000001.tar,000001,sucesso,38510,2026-01-08T16:12:17.689476
833406,000001.tar,000001,sucesso,29734,2026-01-08T16:12:17.689481
833407,000001.tar,000001,sucesso,35199,2026-01-08T16:12:17.689485
833408,000001.tar,000001,sucesso,33017,2026-01-08T16:12:17.689488
833409,000001.tar,000001,sucesso,44472,2026-01-08T16:12:17.689493
833410,000001.tar,000001,sucesso,40797,2026-01-08T16:12:17.689497
833411,000001.tar,000001,sucesso,31656,2026-01-08T16:12:17.689500
833412,000001.tar,000001,sucesso,35675,2026-01-08T16:12:17.689503
833413,000001.tar,000001,sucesso,28321,2026-01-08T16:12:17.689507
833414,000001.tar,000001,sucesso,28859,2026-01-08T16:12:17.689510
833415,000001.tar,000001,sucesso,39997,2026-01-08T16:12:17.689514
833416,000001.tar,000001,sucesso,38317,2026-01-08T16:12:17.689518
833417,000001.tar,000001,sucesso,30444,2026-01-08T16:12:17.689522
833418,000001.tar,000001,sucesso,30423,2026-01-08T16:12:17.689526
833419,000001.tar,000001,sucesso,30956,2026-01-08T16:12:17.689529
833420,000001.tar,000001,sucesso,28862,2026-01-08T16:12:17.689532
833421,000001.tar,000001,sucesso,33866,2026-01-08T16:12:17.689536
833422,000001.tar,000001,sucesso,33785,2026-01-08T16:12:17.689539
833423,000001.tar,000001,sucesso,40416,2026-01-08T16:12:17.689543
833424,000001.tar,000001,sucesso,30949,2026-01-08T16:12:17.689547
833425,000001.tar,000001,sucesso,35491,2026-01-08T16:12:17.689551
833426,000001.tar,000001,sucesso,26172,2026-01-08T16:12:17.689554
833427,000001.tar,000001,sucesso,36666,2026-01-08T16:12:17.689558
833428,000001.tar,000001,sucesso,27646,2026-01-08T16:12:17.689562
833429,000001.tar,000001,sucesso,29208,2026-01-08T16:12:17.689565
833430,000001.tar,000001,sucesso,24828,2026-01-08T16:12:17.689569
833431,000001.tar,000001,sucesso,29394,2026-01-08T16:12:17.689572
833432,000001.tar,000001,sucesso,33463,2026-01-08T16:12:17.689576
833433,000001.tar,000001,sucesso,34676,2026-01-08T16:12:17.689580
833434,000001.tar,000001,sucesso,33397,2026-01-08T16:12:17.689583
833435,000001.tar,000001,sucesso,32262,2026-01-08T16:12:17.689587
833436,000001.tar,000001,sucesso,35028,2026-01-08T16:12:17.689590
833437,000001.tar,000001,sucesso,28349,2026-01-08T16:12:17.689595
833438,000001.tar,000001,sucesso,37567,2026-01-08T16:12:17.689599
833439,000001.tar,000001,sucesso,21489,2026-01-08T16:12:17.689603
833440,000001.tar,000001,sucesso,38283,2026-01-08T16:12:17.689607
833441,000001.tar,000001,sucesso,28867,2026-01-08T16:12:17.689611
833442,000001.tar,000001,sucesso,39194,2026-01-08T16:12:17.689616
833443,000001.tar,000001,sucesso,36043,2026-01-08T16:12:17.689619
833444,000001.tar,000001,sucesso,45239,2026-01-08T16:12:17.689623
833445,000001.tar,000001,sucesso,32504,2026-01-08T16:12:17.689627
833446,000001.tar,000001,sucesso,38281,2026-01-08T16:12:17.689931
833447,000001.tar,000001,sucesso,27934,2026-01-08T16:12:17.689935
833448,000001.tar,000001,sucesso,40967,2026-01-08T16:12:17.689939
833449,000001.tar,000001,sucesso,40812,2026-01-08T16:12:17.689942
833450,000001.tar,000001,sucesso,37345,2026-01-08T16:12:17.689947
833451,000001.tar,000001,sucesso,30200,2026-01-08T16:12:17.689950
833452,000001.tar,000001,sucesso,35855,2026-01-08T16:12:17.689954
833453,000001.tar,000001,sucesso,34849,2026-01-08T16:12:17.689957
833454,000001.tar,000001,sucesso,29912,2026-01-08T16:12:17.689961
833455,000001.tar,000001,sucesso,33547,2026-01-08T16:12:17.689964
833456,000001.tar,000001,sucesso,33248,2026-01-08T16:12:17.689968
833457,000001.tar,000001,sucesso,27882,2026-01-08T16:12:17.689972
833458,000001.tar,000001,sucesso,36411,2026-01-08T16:12:17.689975
833459,000001.tar,000001,sucesso,37835,2026-01-08T16:12:17.689979
833460,000001.tar,000001,sucesso,25749,2026-01-08T16:12:17.689983
833461,000001.tar,000001,sucesso,28131,2026-01-08T16:12:17.689986
833462,000001.tar,000001,sucesso,25014,2026-01-08T16:12:17.689990
833463,000001.tar,000001,sucesso,32764,2026-01-08T16:12:17.689993
833464,000001.tar,000001,sucesso,32076,2026-01-08T16:12:17.689998
833465,000001.tar,000001,sucesso,31279,2026-01-08T16:12:17.690002
833466,000001.tar,000001,sucesso,43088,2026-01-08T16:12:17.690005
833467,000001.tar,000001,sucesso,29070,2026-01-08T16:12:17.690008
833468,000001.tar,000001,sucesso,30824,2026-01-08T16:12:17.690012
833469,000001.tar,000001,sucesso,31816,2026-01-08T16:12:17.690016
833470,000001.tar,000001,sucesso,30798,2026-01-08T16:12:17.690020
833471,000001.tar,000001,sucesso,29710,2026-01-08T16:12:17.690024
833472,000001.tar,000001,sucesso,48577,2026-01-08T16:12:17.690030
833473,000001.tar,000001,sucesso,29779,2026-01-08T16:12:17.690033
833474,000001.tar,000001,sucesso,36484,2026-01-08T16:12:17.690037
833475,000001.tar,000001,sucesso,35389,2026-01-08T16:12:17.690040
833476,000001.tar,000001,sucesso,28303,2026-01-08T16:12:17.690043
833477,000001.tar,000001,sucesso,38994,2026-01-08T16:12:17.690046
833478,000001.tar,000001,sucesso,21700,2026-01-08T16:12:17.690050
833479,000001.tar,000001,sucesso,34108,2026-01-08T16:12:17.690054
833480,000001.tar,000001,sucesso,37290,2026-01-08T16:12:17.690058
833481,000001.tar,000001,sucesso,36077,2026-01-08T16:12:17.690062
833482,000001.tar,000001,sucesso,28731,2026-01-08T16:12:17.690065
833483,000001.tar,000001,sucesso,31945,2026-01-08T16:12:17.690068
833484,000001.tar,000001,sucesso,29589,2026-01-08T16:12:17.690072
833485,000001.tar,000001,sucesso,24379,2026-01-08T16:12:17.690075
833486,000001.tar,000001,sucesso,30853,2026-01-08T16:12:17.690079
833487,000001.tar,000001,sucesso,39270,2026-01-08T16:12:17.690082
833488,000001.tar,000001,sucesso,30589,2026-01-08T16:12:17.690086
833489,000001.tar,000001,sucesso,34953,2026-01-08T16:12:17.690091
833490,000001.tar,000001,sucesso,29116,2026-01-08T16:12:17.690095
833491,000001.tar,000001,sucesso,28949,2026-01-08T16:12:17.690098
833492,000001.tar,000001,sucesso,34102,2026-01-08T16:12:17.690104
833493,000001.tar,000001,sucesso,32692,2026-01-08T16:12:17.690108
833494,000001.tar,000001,sucesso,33401,2026-01-08T16:12:17.690111
833495,000001.tar,000001,sucesso,25817,2026-01-08T16:12:17.690115
833496,000001.tar,000001,sucesso,33295,2026-01-08T16:12:17.690118
833497,000001.tar,000001,sucesso,33699,2026-01-08T16:12:17.690121
833498,000001.tar,000001,sucesso,30642,2026-01-08T16:12:17.690125
833499,000001.tar,000001,sucesso,29399,2026-01-08T16:12:17.690129
833500,000001.tar,000001,sucesso,29394,2026-01-08T16:12:17.690132
833501,000001.tar,000001,sucesso,31734,2026-01-08T16:12:17.690136
833502,000001.tar,000001,sucesso,36813,2026-01-08T16:12:17.690139
833503,000001.tar,000001,sucesso,34175,2026-01-08T16:12:17.690143
833504,000001.tar,000001,sucesso,32451,2026-01-08T16:12:17.690147
833505,000001.tar,000001,sucesso,33488,2026-01-08T16:12:17.690150
833506,000001.tar,000001,sucesso,26088,2026-01-08T16:12:17.690154
833507,000001.tar,000001,sucesso,35976,2026-01-08T16:12:17.690158
833508,000001.tar,000001,sucesso,30883,2026-01-08T16:12:17.690163
833509,000001.tar,000001,sucesso,48212,2026-01-08T16:12:17.690167
833510,000001.tar,000001,sucesso,28925,2026-01-08T16:12:17.690170
833511,000001.tar,000001,sucesso,28048,2026-01-08T16:12:17.690175
833512,000001.tar,000001,sucesso,27851,2026-01-08T16:12:17.690179
833513,000001.tar,000001,sucesso,27931,2026-01-08T16:12:17.690183
833514,000001.tar,000001,sucesso,32940,2026-01-08T16:12:17.690187
833515,000001.tar,000001,sucesso,27723,2026-01-08T16:12:17.690190
833516,000001.tar,000001,sucesso,28856,2026-01-08T16:12:17.690195
833517,000001.tar,000001,sucesso,33172,2026-01-08T16:12:17.690199
833518,000001.tar,000001,sucesso,33742,2026-01-08T16:12:17.690202
833519,000001.tar,000001,sucesso,36594,2026-01-08T16:12:17.690206
833520,000001.tar,000001,sucesso,28251,2026-01-08T16:12:17.690209
833521,000001.tar,000001,sucesso,28718,2026-01-08T16:12:17.690212
833522,000001.tar,000001,sucesso,37238,2026-01-08T16:12:17.690215
833523,000001.tar,000001,sucesso,29416,2026-01-08T16:12:17.690219
833524,000001.tar,000001,sucesso,24919,2026-01-08T16:12:17.690222
833525,000001.tar,000001,sucesso,33169,2026-01-08T16:12:17.690226
833526,000001.tar,000001,sucesso,30241,2026-01-08T16:12:17.690229
833527,000001.tar,000001,sucesso,31618,2026-01-08T16:12:17.690233
833528,000001.tar,000001,sucesso,30540,2026-01-08T16:12:17.690237
833529,000001.tar,000001,sucesso,37419,2026-01-08T16:12:17.690241
833530,000001.tar,000001,sucesso,38696,2026-01-08T16:12:17.690245
833531,000001.tar,000001,sucesso,30853,2026-01-08T16:12:17.690248
833532,000001.tar,000001,sucesso,32961,2026-01-08T16:12:17.690252
833533,000001.tar,000001,sucesso,24261,2026-01-08T16:12:17.690255
833534,000001.tar,000001,sucesso,31308,2026-01-08T16:12:17.690259
833535,000001.tar,000001,falha,0,2026-01-08T16:12:17.690310
833536,000001.tar,000001,sucesso,35983,2026-01-08T16:12:17.690313
833537,000001.tar,000001,sucesso,24635,2026-01-08T16:12:17.690318
833538,000001.tar,000001,sucesso,41391,2026-01-08T16:12:17.690321
833539,000001.tar,000001,sucesso,37215,2026-01-08T16:12:17.690324
833540,000001.tar,000001,sucesso,27061,2026-01-08T16:12:17.690328
833541,000001.tar,000001,sucesso,32925,2026-01-08T16:12:17.690332
833542,000001.tar,000001,sucesso,22535,2026-01-08T16:12:17.690336
833543,000001.tar,000001,sucesso,30677,2026-01-08T16:12:17.690342
833544,000001.tar,000001,sucesso,38947,2026-01-08T16:12:17.690346
833545,000001.tar,000001,sucesso,29697,2026-01-08T16:12:17.690350
833546,000001.tar,000001,sucesso,26950,2026-01-08T16:12:17.690354
833547,000001.tar,000001,sucesso,27859,2026-01-08T16:12:17.690359
833548,000001.tar,000001,sucesso,24627,2026-01-08T16:12:17.690363
833549,000001.tar,000001,sucesso,25813,2026-01-08T16:12:17.690367
833550,000001.tar,000001,sucesso,35379,2026-01-08T16:12:17.690370
833551,000001.tar,000001,sucesso,36205,2026-01-08T16:12:17.690373
833552,000001.tar,000001,sucesso,27100,2026-01-08T16:12:17.690377
833553,000001.tar,000001,sucesso,25994,2026-01-08T16:12:17.690380
833554,000001.tar,000001,sucesso,27776,2026-01-08T16:12:17.690384
833555,000001.tar,000001,sucesso,36738,2026-01-08T16:12:17.690388
833556,000001.tar,000001,sucesso,30858,2026-01-08T16:12:17.690392
833557,000001.tar,000001,sucesso,31962,2026-01-08T16:12:17.690395
833558,000001.tar,000001,sucesso,29601,2026-01-08T16:12:17.690399
833559,000001.tar,000001,sucesso,33859,2026-01-08T16:12:17.690403
833560,000001.tar,000001,sucesso,26697,2026-01-08T16:12:17.690406
833561,000001.tar,000001,sucesso,27525,2026-01-08T16:12:17.690410
833562,000001.tar,000001,sucesso,24276,2026-01-08T16:12:17.690414
833563,000001.tar,000001,sucesso,35468,2026-01-08T16:12:17.690417
833564,000001.tar,000001,sucesso,26735,2026-01-08T16:12:17.690421
833573,000001.tar,000001,sucesso,28325,2026-01-08T16:12:17.690425
833574,000001.tar,000001,sucesso,33607,2026-01-08T16:12:17.690428
833575,000001.tar,000001,sucesso,31517,2026-01-08T16:12:17.690431
833577,000001.tar,000001,sucesso,31384,2026-01-08T16:12:17.690435
833578,000001.tar,000001,sucesso,31138,2026-01-08T16:12:17.690438
833579,000001.tar,000001,sucesso,28665,2026-01-08T16:12:17.690442
833580,000001.tar,000001,sucesso,40519,2026-01-08T16:12:17.690446
833581,000001.tar,000001,sucesso,35890,2026-01-08T16:12:17.690449
833582,000001.tar,000001,sucesso,31969,2026-01-08T16:12:17.690453
833583,000001.tar,000001,sucesso,39000,2026-01-08T16:12:17.690456
833584,000001.tar,000001,sucesso,27380,2026-01-08T16:12:17.690460
833585,000001.tar,000001,sucesso,37162,2026-01-08T16:12:17.690463
833586,000001.tar,000001,sucesso,36336,2026-01-08T16:12:17.690467
833587,000001.tar,000001,sucesso,23662,2026-01-08T16:12:17.690471
833588,000001.tar,000001,sucesso,24933,2026-01-08T16:12:17.690535
833589,000001.tar,000001,sucesso,36147,2026-01-08T16:12:17.690541
833590,000001.tar,000001,sucesso,31153,2026-01-08T16:12:17.690546
833591,000001.tar,000001,sucesso,34071,2026-01-08T16:12:17.690550
833592,000001.tar,000001,sucesso,28803,2026-01-08T16:12:17.690554
833593,000001.tar,000001,sucesso,28281,2026-01-08T16:12:17.690557
833594,000001.tar,000001,sucesso,29869,2026-01-08T16:12:17.690561
833595,000001.tar,000001,sucesso,27925,2026-01-08T16:12:17.690564
833596,000001.tar,000001,sucesso,36740,2026-01-08T16:12:17.690567
833597,000001.tar,000001,sucesso,33674,2026-01-08T16:12:17.690571
833598,000001.tar,000001,sucesso,32674,2026-01-08T16:12:17.690574
833599,000001.tar,000001,sucesso,29361,2026-01-08T16:12:17.690578
833600,000001.tar,000001,sucesso,35967,2026-01-08T16:12:17.690581
833601,000001.tar,000001,sucesso,28621,2026-01-08T16:12:17.690585
833602,000001.tar,000001,sucesso,28848,2026-01-08T16:12:17.690589
833603,000001.tar,000001,sucesso,29404,2026-01-08T16:12:17.690593
833604,000001.tar,000001,sucesso,29864,2026-01-08T16:12:17.690599
833605,000001.tar,000001,sucesso,38299,2026-01-08T16:12:17.690603
833606,000001.tar,000001,sucesso,35776,2026-01-08T16:12:17.690607
833607,000001.tar,000001,sucesso,25295,2026-01-08T16:12:17.690610
833608,000001.tar,000001,sucesso,42274,2026-01-08T16:12:17.690614
833609,000001.tar,000001,sucesso,25850,2026-01-08T16:12:17.690618
833610,000001.tar,000001,sucesso,32272,2026-01-08T16:12:17.690623
833611,000001.tar,000001,sucesso,31352,2026-01-08T16:12:17.690627
833612,000001.tar,000001,sucesso,27870,2026-01-08T16:12:17.690631
833613,000001.tar,000001,sucesso,38894,2026-01-08T16:12:17.690635
833614,000001.tar,000001,sucesso,36146,2026-01-08T16:12:17.690638
833615,000001.tar,000001,sucesso,60196,2026-01-08T16:12:17.690641
833616,000001.tar,000001,sucesso,37551,2026-01-08T16:12:17.690645
833617,000001.tar,000001,sucesso,35826,2026-01-08T16:12:17.690648
833618,000001.tar,000001,sucesso,30402,2026-01-08T16:12:17.690653
833619,000001.tar,000001,sucesso,32263,2026-01-08T16:12:17.690656
833620,000001.tar,000001,sucesso,37025,2026-01-08T16:12:17.690661
833621,000001.tar,000001,sucesso,36744,2026-01-08T16:12:17.690664
833622,000001.tar,000001,sucesso,36600,2026-01-08T16:12:17.690669
833623,000001.tar,000001,sucesso,39999,2026-01-08T16:12:17.690672
833624,000001.tar,000001,sucesso,30924,2026-01-08T16:12:17.690678
833625,000001.tar,000001,sucesso,36221,2026-01-08T16:12:17.690682
833626,000001.tar,000001,sucesso,27799,2026-01-08T16:12:17.690686
833627,000001.tar,000001,sucesso,27786,2026-01-08T16:12:17.690689
833628,000001.tar,000001,sucesso,31006,2026-01-08T16:12:17.690692
833629,000001.tar,000001,sucesso,38786,2026-01-08T16:12:17.690696
833630,000001.tar,000001,sucesso,27212,2026-01-08T16:12:17.690699
833631,000001.tar,000001,sucesso,38312,2026-01-08T16:12:17.690702
833632,000001.tar,000001,sucesso,38296,2026-01-08T16:12:17.690706
833633,000001.tar,000001,sucesso,43940,2026-01-08T16:12:17.690710
833634,000001.tar,000001,sucesso,31589,2026-01-08T16:12:17.690713
833635,000001.tar,000001,sucesso,32117,2026-01-08T16:12:17.690717
833636,000001.tar,000001,sucesso,39375,2026-01-08T16:12:17.690720
833637,000001.tar,000001,sucesso,39247,2026-01-08T16:12:17.690733
833638,000001.tar,000001,sucesso,27580,2026-01-08T16:12:17.690736
833639,000001.tar,000001,sucesso,37011,2026-01-08T16:12:17.690740
833640,000001.tar,000001,sucesso,29092,2026-01-08T16:12:17.690744
833641,000001.tar,000001,sucesso,30813,2026-01-08T16:12:17.690748
833642,000001.tar,000001,sucesso,44260,2026-01-08T16:12:17.690752
833643,000001.tar,000001,sucesso,30665,2026-01-08T16:12:17.690755
833644,000001.tar,000001,sucesso,39290,2026-01-08T16:12:17.690758
833645,000001.tar,000001,sucesso,26349,2026-01-08T16:12:17.690761
833646,000001.tar,000001,sucesso,34455,2026-01-08T16:12:17.690766
833647,000001.tar,000001,sucesso,29229,2026-01-08T16:12:17.690769
833648,000001.tar,000001,sucesso,29150,2026-01-08T16:12:17.690773
833649,000001.tar,000001,sucesso,51203,2026-01-08T16:12:17.690777
833650,000001.tar,000001,sucesso,28856,2026-01-08T16:12:17.690781
833651,000001.tar,000001,sucesso,32694,2026-01-08T16:12:17.690785
833652,000001.tar,000001,sucesso,33059,2026-01-08T16:12:17.690789
833653,000001.tar,000001,sucesso,35705,2026-01-08T16:12:17.690793
833654,000001.tar,000001,sucesso,33832,2026-01-08T16:12:17.690798
833655,000001.tar,000001,sucesso,29891,2026-01-08T16:12:17.690802
833656,000001.tar,000001,sucesso,36433,2026-01-08T16:12:17.690805
833657,000001.tar,000001,sucesso,27518,2026-01-08T16:12:17.690808
833658,000001.tar,000001,sucesso,40274,2026-01-08T16:12:17.690813
833659,000001.tar,000001,sucesso,32749,2026-01-08T16:12:17.690817
833660,000001.tar,000001,sucesso,42607,2026-01-08T16:12:17.690820
833661,000001.tar,000001,sucesso,35701,2026-01-08T16:12:17.690823
833662,000001.tar,000001,sucesso,33079,2026-01-08T16:12:17.690827
833663,000001.tar,000001,sucesso,29062,2026-01-08T16:12:17.690830
833664,000001.tar,000001,sucesso,37561,2026-01-08T16:12:17.690834
833665,000001.tar,000001,sucesso,31019,2026-01-08T16:12:17.690837
833666,000001.tar,000001,sucesso,32083,2026-01-08T16:12:17.690841
833667,000001.tar,000001,sucesso,34452,2026-01-08T16:12:17.690844
833668,000001.tar,000001,sucesso,34301,2026-01-08T16:12:17.690848
833669,000001.tar,000001,sucesso,36244,2026-01-08T16:12:17.690851
833670,000001.tar,000001,sucesso,26561,2026-01-08T16:12:17.690855
833671,000001.tar,000001,sucesso,31243,2026-01-08T16:12:17.690858
833672,000001.tar,000001,sucesso,42925,2026-01-08T16:12:17.690861
833674,000001.tar,000001,sucesso,36668,2026-01-08T16:12:17.690865
833676,000001.tar,000001,sucesso,34000,2026-01-08T16:12:17.690869
833677,000001.tar,000001,sucesso,30973,2026-01-08T16:12:17.690872
833682,000001.tar,000001,sucesso,27627,2026-01-08T16:12:17.690875
833683,000001.tar,000001,sucesso,44323,2026-01-08T16:12:17.690878
833684,000001.tar,000001,sucesso,28221,2026-01-08T16:12:17.690882
833685,000001.tar,000001,sucesso,30670,2026-01-08T16:12:17.690886
833686,000001.tar,000001,sucesso,32304,2026-01-08T16:12:17.690889
833687,000001.tar,000001,sucesso,27327,2026-01-08T16:12:17.690894
833688,000001.tar,000001,sucesso,31418,2026-01-08T16:12:17.690898
833689,000001.tar,000001,sucesso,33629,2026-01-08T16:12:17.690902
833690,000001.tar,000001,sucesso,42790,2026-01-08T16:12:17.690905
833691,000001.tar,000001,sucesso,29389,2026-01-08T16:12:17.690909
833692,000001.tar,000001,sucesso,31180,2026-01-08T16:12:17.690913
833693,000001.tar,000001,sucesso,35874,2026-01-08T16:12:17.690917
833694,000001.tar,000001,sucesso,42894,2026-01-08T16:12:17.690920
833695,000001.tar,000001,sucesso,33385,2026-01-08T16:12:17.690924
833696,000001.tar,000001,sucesso,37245,2026-01-08T16:12:17.690928
833697,000001.tar,000001,sucesso,41540,2026-01-08T16:12:17.690932
833698,000001.tar,000001,sucesso,43089,2026-01-08T16:12:17.690937
833699,000001.tar,000001,sucesso,41015,2026-01-08T16:12:17.690940
833700,000001.tar,000001,sucesso,31837,2026-01-08T16:12:17.690945
833701,000001.tar,000001,sucesso,35294,2026-01-08T16:12:17.690948
833702,000001.tar,000001,sucesso,31514,2026-01-08T16:12:17.690952
833703,000001.tar,000001,sucesso,34545,2026-01-08T16:12:17.690955
833704,000001.tar,000001,sucesso,39032,2026-01-08T16:12:17.690960
833705,000001.tar,000001,sucesso,28360,2026-01-08T16:12:17.690964
833706,000001.tar,000001,sucesso,42950,2026-01-08T16:12:17.690968
833707,000001.tar,000001,sucesso,32575,2026-01-08T16:12:17.690971
833708,000001.tar,000001,sucesso,33813,2026-01-08T16:12:17.690976
833709,000001.tar,000001,sucesso,37635,2026-01-08T16:12:17.690980
833710,000001.tar,000001,sucesso,40486,2026-01-08T16:12:17.690983
833711,000001.tar,000001,sucesso,39162,2026-01-08T16:12:17.690986
833712,000001.tar,000001,sucesso,46255,2026-01-08T16:12:17.690990
833713,000001.tar,000001,sucesso,36680,2026-01-08T16:12:17.690995
833714,000001.tar,000001,sucesso,33646,2026-01-08T16:12:17.690998
833715,000001.tar,000001,sucesso,31444,2026-01-08T16:12:17.691001
833716,000001.tar,000001,sucesso,40668,2026-01-08T16:12:17.691005
833717,000001.tar,000001,sucesso,38206,2026-01-08T16:12:17.691009
833718,000001.tar,000001,sucesso,33855,2026-01-08T16:12:17.691012
833719,000001.tar,000001,sucesso,39326,2026-01-08T16:12:17.691016
833720,000001.tar,000001,sucesso,31095,2026-01-08T16:12:17.691020
833721,000001.tar,000001,sucesso,35450,2026-01-08T16:12:17.691023
833722,000001.tar,000001,sucesso,40571,2026-01-08T16:12:17.691026
833723,000001.tar,000001,sucesso,49660,2026-01-08T16:12:17.691030
833724,000001.tar,000001,sucesso,35423,2026-01-08T16:12:17.691033
833725,000001.tar,000001,sucesso,40643,2026-01-08T16:12:17.691036
833726,000001.tar,000001,sucesso,32042,2026-01-08T16:12:17.691040
833727,000001.tar,000001,sucesso,36028,2026-01-08T16:12:17.691043
833728,000001.tar,000001,sucesso,34539,2026-01-08T16:12:17.691046
833729,000001.tar,000001,sucesso,37591,2026-01-08T16:12:17.691050
833730,000001.tar,000001,sucesso,28624,2026-01-08T16:12:17.691053
833731,000001.tar,000001,sucesso,30830,2026-01-08T16:12:17.691057
833732,000001.tar,000001,sucesso,39016,2026-01-08T16:12:17.691061
833734,000001.tar,000001,sucesso,38589,2026-01-08T16:12:17.691063
833738,000001.tar,000001,sucesso,22109,2026-01-08T16:12:17.691066
833740,000001.tar,000001,sucesso,24886,2026-01-08T16:12:17.691070
833741,000001.tar,000001,sucesso,28128,2026-01-08T16:12:17.691074
833743,000001.tar,000001,sucesso,32393,2026-01-08T16:12:17.691077
833744,000001.tar,000001,sucesso,34987,2026-01-08T16:12:17.691082
833745,000001.tar,000001,sucesso,30417,2026-01-08T16:12:17.691086
833747,000001.tar,000001,sucesso,29594,2026-01-08T16:12:17.691089
833748,000001.tar,000001,sucesso,25124,2026-01-08T16:12:17.691092
833749,000001.tar,000001,sucesso,29512,2026-01-08T16:12:17.691096
833751,000001.tar,000001,sucesso,39506,2026-01-08T16:12:17.691100
833752,000001.tar,000001,sucesso,29405,2026-01-08T16:12:17.691104
833753,000001.tar,000001,sucesso,34459,2026-01-08T16:12:17.691107
833754,000001.tar,000001,sucesso,41768,2026-01-08T16:12:17.691111
833757,000001.tar,000001,sucesso,29828,2026-01-08T16:12:17.691114
833758,000001.tar,000001,sucesso,32294,2026-01-08T16:12:17.691117
833759,000001.tar,000001,sucesso,37779,2026-01-08T16:12:17.691121
833760,000001.tar,000001,sucesso,27162,2026-01-08T16:12:17.691124
833762,000001.tar,000001,sucesso,30810,2026-01-08T16:12:17.691128
833763,000001.tar,000001,sucesso,29012,2026-01-08T16:12:17.691132
833765,000001.tar,000001,sucesso,35423,2026-01-08T16:12:17.691136
833766,000001.tar,000001,sucesso,37662,2026-01-08T16:12:17.691139
833767,000001.tar,000001,sucesso,31471,2026-01-08T16:12:17.691143
833768,000001.tar,000001,sucesso,31051,2026-01-08T16:12:17.691147
833769,000001.tar,000001,sucesso,34457,2026-01-08T16:12:17.691158
833770,000001.tar,000001,sucesso,33826,2026-01-08T16:12:17.691161
833771,000001.tar,000001,sucesso,38877,2026-01-08T16:12:17.691165
833772,000001.tar,000001,sucesso,36091,2026-01-08T16:12:17.691169
833773,000001.tar,000001,sucesso,26901,2026-01-08T16:12:17.691173
833774,000001.tar,000001,sucesso,34896,2026-01-08T16:12:17.691176
833775,000001.tar,000001,sucesso,31783,2026-01-08T16:12:17.691179
833776,000001.tar,000001,sucesso,34019,2026-01-08T16:12:17.691184
833777,000001.tar,000001,sucesso,37480,2026-01-08T16:12:17.691188
833778,000001.tar,000001,sucesso,49251,2026-01-08T16:12:17.691192
833779,000001.tar,000001,sucesso,52455,2026-01-08T16:12:17.691196
833780,000001.tar,000001,sucesso,44273,2026-01-08T16:12:17.691199
833781,000001.tar,000001,sucesso,36854,2026-01-08T16:12:17.691203
833782,000001.tar,000001,sucesso,50587,2026-01-08T16:12:17.691206
833783,000001.tar,000001,sucesso,22910,2026-01-08T16:12:17.691210
833784,000001.tar,000001,sucesso,32777,2026-01-08T16:12:17.691214
833785,000001.tar,000001,sucesso,25851,2026-01-08T16:12:17.691218
833786,000001.tar,000001,sucesso,41268,2026-01-08T16:12:17.691224
833787,000001.tar,000001,sucesso,35472,2026-01-08T16:12:17.691227
833788,000001.tar,000001,sucesso,33954,2026-01-08T16:12:17.691232
833789,000001.tar,000001,falha,0,2026-01-08T16:12:17.691275
833790,000001.tar,000001,sucesso,50724,2026-01-08T16:12:17.691278
833791,000001.tar,000001,sucesso,38258,2026-01-08T16:12:17.691283
833792,000001.tar,000001,sucesso,42564,2026-01-08T16:12:17.691287
833793,000001.tar,000001,sucesso,35782,2026-01-08T16:12:17.691290
833794,000001.tar,000001,sucesso,42781,2026-01-08T16:12:17.691294
833795,000001.tar,000001,sucesso,44163,2026-01-08T16:12:17.691297
833796,000001.tar,000001,sucesso,26370,2026-01-08T16:12:17.691300
833797,000001.tar,000001,sucesso,24941,2026-01-08T16:12:17.691303
833798,000001.tar,000001,sucesso,34609,2026-01-08T16:12:17.691307
833799,000001.tar,000001,sucesso,31102,2026-01-08T16:12:17.691310
833800,000001.tar,000001,sucesso,38538,2026-01-08T16:12:17.691314
833801,000001.tar,000001,sucesso,35275,2026-01-08T16:12:17.691317
833802,000001.tar,000001,sucesso,34821,2026-01-08T16:12:17.691321
833803,000001.tar,000001,sucesso,36126,2026-01-08T16:12:17.691324
833804,000001.tar,000001,sucesso,39415,2026-01-08T16:12:17.691328
833805,000001.tar,000001,sucesso,39241,2026-01-08T16:12:17.691331
833806,000001.tar,000001,sucesso,38415,2026-01-08T16:12:17.691334
833807,000001.tar,000001,sucesso,27456,2026-01-08T16:12:17.691337
833808,000001.tar,000001,sucesso,33826,2026-01-08T16:12:17.691341
833809,000001.tar,000001,sucesso,32562,2026-01-08T16:12:17.691344
833810,000001.tar,000001,sucesso,37382,2026-01-08T16:12:17.691348
833811,000001.tar,000001,sucesso,29111,2026-01-08T16:12:17.691351
833812,000001.tar,000001,sucesso,36021,2026-01-08T16:12:17.691355
833813,000001.tar,000001,sucesso,27624,2026-01-08T16:12:17.691358
833814,000001.tar,000001,sucesso,38908,2026-01-08T16:12:17.691362
833815,000001.tar,000001,sucesso,29812,2026-01-08T16:12:17.691366
833816,000001.tar,000001,sucesso,28793,2026-01-08T16:12:17.691369
833817,000001.tar,000001,sucesso,31527,2026-01-08T16:12:17.691372
833818,000001.tar,000001,sucesso,36570,2026-01-08T16:12:17.691376
833819,000001.tar,000001,sucesso,31457,2026-01-08T16:12:17.691382
833820,000001.tar,000001,sucesso,29549,2026-01-08T16:12:17.691385
833821,000001.tar,000001,sucesso,34303,2026-01-08T16:12:17.691388
833822,000001.tar,000001,sucesso,31149,2026-01-08T16:12:17.691391
833823,000001.tar,000001,sucesso,31592,2026-01-08T16:12:17.691395
833824,000001.tar,000001,sucesso,29059,2026-01-08T16:12:17.691399
833825,000001.tar,000001,sucesso,33308,2026-01-08T16:12:17.691402
833826,000001.tar,000001,sucesso,42499,2026-01-08T16:12:17.691406
833827,000001.tar,000001,sucesso,38880,2026-01-08T16:12:17.691409
833828,000001.tar,000001,sucesso,32004,2026-01-08T16:12:17.691416
833829,000001.tar,000001,sucesso,45061,2026-01-08T16:12:17.691419
833830,000001.tar,000001,sucesso,33886,2026-01-08T16:12:17.691427
833831,000001.tar,000001,sucesso,29582,2026-01-08T16:12:17.691430
833832,000001.tar,000001,sucesso,33736,2026-01-08T16:12:17.691434
833833,000001.tar,000001,sucesso,34154,2026-01-08T16:12:17.691437
833834,000001.tar,000001,sucesso,40467,2026-01-08T16:12:17.691441
833835,000001.tar,000001,sucesso,40144,2026-01-08T16:12:17.691445
833836,000001.tar,000001,sucesso,38761,2026-01-08T16:12:17.691448
833837,000001.tar,000001,sucesso,42403,2026-01-08T16:12:17.691452
833838,000001.tar,000001,sucesso,38841,2026-01-08T16:12:17.691456
833839,000001.tar,000001,sucesso,33364,2026-01-08T16:12:17.691459
833840,000001.tar,000001,sucesso,35116,2026-01-08T16:12:17.691463
833841,000001.tar,000001,sucesso,28728,2026-01-08T16:12:17.691467
833842,000001.tar,000001,sucesso,29431,2026-01-08T16:12:17.691470
833843,000001.tar,000001,sucesso,33272,2026-01-08T16:12:17.691473
833844,000001.tar,000001,sucesso,38077,2026-01-08T16:12:17.691477
833845,000001.tar,000001,sucesso,37862,2026-01-08T16:12:17.691480
833846,000001.tar,000001,sucesso,32029,2026-01-08T16:12:17.691484
833847,000001.tar,000001,sucesso,46775,2026-01-08T16:12:17.691487
833848,000001.tar,000001,sucesso,42507,2026-01-08T16:12:17.691491
833849,000001.tar,000001,sucesso,31592,2026-01-08T16:12:17.691494
833850,000001.tar,000001,sucesso,38286,2026-01-08T16:12:17.691499
833851,000001.tar,000001,sucesso,36523,2026-01-08T16:12:17.691502
833852,000001.tar,000001,falha,0,2026-01-08T16:12:17.691527
833853,000001.tar,000001,sucesso,33219,2026-01-08T16:12:17.691529
833854,000001.tar,000001,sucesso,34188,2026-01-08T16:12:17.691534
833855,000001.tar,000001,sucesso,36970,2026-01-08T16:12:17.691537
833856,000001.tar,000001,sucesso,35444,2026-01-08T16:12:17.691542
833857,000001.tar,000001,sucesso,27167,2026-01-08T16:12:17.691546
833858,000001.tar,000001,sucesso,27759,2026-01-08T16:12:17.691549
833859,000001.tar,000001,sucesso,41819,2026-01-08T16:12:17.691553
833860,000001.tar,000001,sucesso,34188,2026-01-08T16:12:17.691556
833861,000001.tar,000001,sucesso,32545,2026-01-08T16:12:17.691561
833862,000001.tar,000001,sucesso,29752,2026-01-08T16:12:17.691564
833863,000001.tar,000001,sucesso,31368,2026-01-08T16:12:17.691567
833864,000001.tar,000001,sucesso,36883,2026-01-08T16:12:17.691570
833865,000001.tar,000001,sucesso,37021,2026-01-08T16:12:17.691575
833866,000001.tar,000001,sucesso,29998,2026-01-08T16:12:17.691578
833867,000001.tar,000001,sucesso,38354,2026-01-08T16:12:17.691582
833868,000001.tar,000001,sucesso,29641,2026-01-08T16:12:17.691585
833869,000001.tar,000001,sucesso,36117,2026-01-08T16:12:17.691588
833870,000001.tar,000001,sucesso,27900,2026-01-08T16:12:17.691592
833871,000001.tar,000001,sucesso,46556,2026-01-08T16:12:17.691595
833872,000001.tar,000001,sucesso,32718,2026-01-08T16:12:17.691598
833873,000001.tar,000001,sucesso,31753,2026-01-08T16:12:17.691602
833874,000001.tar,000001,sucesso,29757,2026-01-08T16:12:17.691605
833875,000001.tar,000001,sucesso,36022,2026-01-08T16:12:17.691609
833876,000001.tar,000001,sucesso,32386,2026-01-08T16:12:17.691613
833877,000001.tar,000001,sucesso,28913,2026-01-08T16:12:17.691617
833878,000001.tar,000001,sucesso,37602,2026-01-08T16:12:17.691622
833879,000001.tar,000001,sucesso,32524,2026-01-08T16:12:17.691625
833880,000001.tar,000001,sucesso,45285,2026-01-08T16:12:17.691629
833881,000001.tar,000001,sucesso,33671,2026-01-08T16:12:17.691633
833882,000001.tar,000001,sucesso,34724,2026-01-08T16:12:17.691636
833883,000001.tar,000001,sucesso,29468,2026-01-08T16:12:17.691639
833884,000001.tar,000001,sucesso,35528,2026-01-08T16:12:17.691642
833885,000001.tar,000001,sucesso,32810,2026-01-08T16:12:17.691646
833886,000001.tar,000001,sucesso,45922,2026-01-08T16:12:17.691650
833887,000001.tar,000001,sucesso,30542,2026-01-08T16:12:17.691653
833888,000001.tar,000001,sucesso,30249,2026-01-08T16:12:17.691656
833889,000001.tar,000001,sucesso,35478,2026-01-08T16:12:17.691660
833890,000001.tar,000001,sucesso,38211,2026-01-08T16:12:17.691666
833891,000001.tar,000001,sucesso,38458,2026-01-08T16:12:17.691669
833892,000001.tar,000001,sucesso,28606,2026-01-08T16:12:17.691673
833893,000001.tar,000001,sucesso,33823,2026-01-08T16:12:17.691685
833894,000001.tar,000001,sucesso,41436,2026-01-08T16:12:17.691690
833895,000001.tar,000001,sucesso,39219,2026-01-08T16:12:17.691694
833896,000001.tar,000001,sucesso,41638,2026-01-08T16:12:17.691698
833897,000001.tar,000001,sucesso,32496,2026-01-08T16:12:17.691701
833898,000001.tar,000001,sucesso,33981,2026-01-08T16:12:17.691705
833899,000001.tar,000001,sucesso,32224,2026-01-08T16:12:17.691708
833900,000001.tar,000001,sucesso,34152,2026-01-08T16:12:17.691712
833901,000001.tar,000001,sucesso,31795,2026-01-08T16:12:17.691716
833902,000001.tar,000001,sucesso,38295,2026-01-08T16:12:17.691719
833903,000001.tar,000001,sucesso,28909,2026-01-08T16:12:17.691723
833904,000001.tar,000001,sucesso,34637,2026-01-08T16:12:17.691726
833905,000001.tar,000001,sucesso,26309,2026-01-08T16:12:17.691730
833906,000001.tar,000001,sucesso,36887,2026-01-08T16:12:17.691734
833907,000001.tar,000001,sucesso,27368,2026-01-08T16:12:17.691737
833908,000001.tar,000001,sucesso,22818,2026-01-08T16:12:17.691740
833909,000001.tar,000001,sucesso,29857,2026-01-08T16:12:17.691744
833910,000001.tar,000001,sucesso,34433,2026-01-08T16:12:17.691748
833911,000001.tar,000001,sucesso,38398,2026-01-08T16:12:17.691752
833912,000001.tar,000001,sucesso,42065,2026-01-08T16:12:17.691755
833913,000001.tar,000001,sucesso,34994,2026-01-08T16:12:17.691759
833914,000001.tar,000001,sucesso,34309,2026-01-08T16:12:17.691762
833915,000001.tar,000001,falha,0,2026-01-08T16:12:17.691785
833916,000001.tar,000001,sucesso,34467,2026-01-08T16:12:17.691788
833917,000001.tar,000001,sucesso,37050,2026-01-08T16:12:17.691791
833918,000001.tar,000001,sucesso,38199,2026-01-08T16:12:17.691795
833919,000001.tar,000001,sucesso,45156,2026-01-08T16:12:17.691799
833920,000001.tar,000001,sucesso,38303,2026-01-08T16:12:17.691803
833921,000001.tar,000001,falha,0,2026-01-08T16:12:17.691822
833922,000001.tar,000001,sucesso,43018,2026-01-08T16:12:17.691825
833923,000001.tar,000001,sucesso,33053,2026-01-08T16:12:17.691829
833924,000001.tar,000001,sucesso,37329,2026-01-08T16:12:17.691834
833925,000001.tar,000001,sucesso,39438,2026-01-08T16:12:17.691838
833926,000001.tar,000001,sucesso,38370,2026-01-08T16:12:17.691842
833927,000001.tar,000001,sucesso,36145,2026-01-08T16:12:17.691846
833928,000001.tar,000001,sucesso,41840,2026-01-08T16:12:17.691849
833929,000001.tar,000001,sucesso,34437,2026-01-08T16:12:17.691853
833930,000001.tar,000001,sucesso,31121,2026-01-08T16:12:17.691858
833931,000001.tar,000001,sucesso,38092,2026-01-08T16:12:17.691862
833932,000001.tar,000001,sucesso,36428,2026-01-08T16:12:17.692158
833933,000001.tar,000001,sucesso,37528,2026-01-08T16:12:17.692435
833934,000001.tar,000001,sucesso,40794,2026-01-08T16:12:17.692439
833935,000001.tar,000001,sucesso,28337,2026-01-08T16:12:17.692442
833936,000001.tar,000001,sucesso,29963,2026-01-08T16:12:17.692446
833937,000001.tar,000001,sucesso,34565,2026-01-08T16:12:17.692450
833938,000001.tar,000001,sucesso,30246,2026-01-08T16:12:17.692454
833939,000001.tar,000001,sucesso,34162,2026-01-08T16:12:17.692457
833940,000001.tar,000001,sucesso,35798,2026-01-08T16:12:17.692461
833941,000001.tar,000001,sucesso,36172,2026-01-08T16:12:17.692465
833942,000001.tar,000001,sucesso,30668,2026-01-08T16:12:17.692468
833943,000001.tar,000001,sucesso,36497,2026-01-08T16:12:17.692471
833944,000001.tar,000001,sucesso,36566,2026-01-08T16:12:17.692474
833945,000001.tar,000001,sucesso,37017,2026-01-08T16:12:17.692478
833946,000001.tar,000001,sucesso,28718,2026-01-08T16:12:17.692483
833947,000001.tar,000001,sucesso,33889,2026-01-08T16:12:17.692488
833948,000001.tar,000001,sucesso,34671,2026-01-08T16:12:17.692492
833949,000001.tar,000001,sucesso,36548,2026-01-08T16:12:17.692495
833950,000001.tar,000001,sucesso,26415,2026-01-08T16:12:17.692499
833951,000001.tar,000001,sucesso,34300,2026-01-08T16:12:17.692502
833952,000001.tar,000001,sucesso,23648,2026-01-08T16:12:17.692506
833953,000001.tar,000001,sucesso,31830,2026-01-08T16:12:17.692509
833954,000001.tar,000001,sucesso,26919,2026-01-08T16:12:17.692513
833955,000001.tar,000001,sucesso,29255,2026-01-08T16:12:17.692517
833956,000001.tar,000001,sucesso,33896,2026-01-08T16:12:17.692522
833957,000001.tar,000001,sucesso,35338,2026-01-08T16:12:17.692526
833958,000001.tar,000001,sucesso,28009,2026-01-08T16:12:17.692529
833959,000001.tar,000001,sucesso,41185,2026-01-08T16:12:17.692533
833960,000001.tar,000001,sucesso,31580,2026-01-08T16:12:17.692536
833961,000001.tar,000001,sucesso,30005,2026-01-08T16:12:17.692540
833962,000001.tar,000001,sucesso,38280,2026-01-08T16:12:17.692544
833963,000001.tar,000001,sucesso,32071,2026-01-08T16:12:17.692548
833964,000001.tar,000001,sucesso,36784,2026-01-08T16:12:17.692551
833965,000001.tar,000001,sucesso,32879,2026-01-08T16:12:17.692555
833966,000001.tar,000001,sucesso,37855,2026-01-08T16:12:17.692559
833967,000001.tar,000001,sucesso,42221,2026-01-08T16:12:17.692562
833968,000001.tar,000001,sucesso,39165,2026-01-08T16:12:17.692566
833969,000001.tar,000001,sucesso,31805,2026-01-08T16:12:17.692570
833970,000001.tar,000001,sucesso,39148,2026-01-08T16:12:17.692573
833971,000001.tar,000001,sucesso,40221,2026-01-08T16:12:17.692576
833972,000001.tar,000001,sucesso,32360,2026-01-08T16:12:17.692579
833973,000001.tar,000001,sucesso,28269,2026-01-08T16:12:17.692583
833974,000001.tar,000001,sucesso,29844,2026-01-08T16:12:17.692586
833975,000001.tar,000001,sucesso,29729,2026-01-08T16:12:17.692590
833976,000001.tar,000001,sucesso,29065,2026-01-08T16:12:17.692595
833977,000001.tar,000001,sucesso,32059,2026-01-08T16:12:17.692599
833978,000001.tar,000001,sucesso,33598,2026-01-08T16:12:17.692603
833979,000001.tar,000001,sucesso,43068,2026-01-08T16:12:17.692606
833980,000001.tar,000001,sucesso,43512,2026-01-08T16:12:17.692610
833981,000001.tar,000001,sucesso,42754,2026-01-08T16:12:17.692615
833982,000001.tar,000001,sucesso,30135,2026-01-08T16:12:17.692618
833983,000001.tar,000001,sucesso,36921,2026-01-08T16:12:17.692622
833984,000001.tar,000001,sucesso,33406,2026-01-08T16:12:17.692626
833985,000001.tar,000001,sucesso,34798,2026-01-08T16:12:17.692630
833986,000001.tar,000001,sucesso,34047,2026-01-08T16:12:17.692633
833987,000001.tar,000001,sucesso,38296,2026-01-08T16:12:17.692637
833988,000001.tar,000001,sucesso,35817,2026-01-08T16:12:17.692640
833989,000001.tar,000001,sucesso,30184,2026-01-08T16:12:17.692644
833990,000001.tar,000001,sucesso,33651,2026-01-08T16:12:17.692648
833991,000001.tar,000001,sucesso,38319,2026-01-08T16:12:17.692652
833992,000001.tar,000001,sucesso,39556,2026-01-08T16:12:17.692655
833993,000001.tar,000001,sucesso,31513,2026-01-08T16:12:17.692658
833994,000001.tar,000001,sucesso,28120,2026-01-08T16:12:17.692661
833995,000001.tar,000001,sucesso,35956,2026-01-08T16:12:17.692665
833996,000001.tar,000001,sucesso,38382,2026-01-08T16:12:17.692669
833997,000001.tar,000001,sucesso,34862,2026-01-08T16:12:17.692672
833998,000001.tar,000001,sucesso,33156,2026-01-08T16:12:17.692675
833999,000001.tar,000001,sucesso,31190,2026-01-08T16:12:17.692678
834000,000002.tar,000002,sucesso,29936,2026-01-08T17:26:10.413649
834001,000002.tar,000002,sucesso,27794,2026-01-08T17:26:10.413833
834002,000002.tar,000002,sucesso,31028,2026-01-08T17:26:10.413853
834003,000002.tar,000002,sucesso,34554,2026-01-08T17:26:10.413860
834004,000002.tar,000002,sucesso,34333,2026-01-08T17:26:10.413867
834005,000002.tar,000002,sucesso,28137,2026-01-08T17:26:10.413873
834006,000002.tar,000002,sucesso,38460,2026-01-08T17:26:10.413878
834007,000002.tar,000002,sucesso,34316,2026-01-08T17:26:10.413883
834008,000002.tar,000002,sucesso,33819,2026-01-08T17:26:10.413888
834009,000002.tar,000002,sucesso,31393,2026-01-08T17:26:10.413893
834010,000002.tar,000002,sucesso,41954,2026-01-08T17:26:10.413897
834011,000002.tar,000002,sucesso,48304,2026-01-08T17:26:10.413902
834012,000002.tar,000002,sucesso,42374,2026-01-08T17:26:10.413908
834013,000002.tar,000002,sucesso,37916,2026-01-08T17:26:10.413912
834014,000002.tar,000002,sucesso,32053,2026-01-08T17:26:10.413917
834015,000002.tar,000002,sucesso,28049,2026-01-08T17:26:10.413922
834016,000002.tar,000002,sucesso,34888,2026-01-08T17:26:10.413927
834017,000002.tar,000002,sucesso,36704,2026-01-08T17:26:10.413934
834018,000002.tar,000002,sucesso,38985,2026-01-08T17:26:10.413940
834019,000002.tar,000002,sucesso,49065,2026-01-08T17:26:10.413947
834020,000002.tar,000002,sucesso,30774,2026-01-08T17:26:10.413952
834021,000002.tar,000002,sucesso,40149,2026-01-08T17:26:10.413957
834022,000002.tar,000002,sucesso,40165,2026-01-08T17:26:10.413962
834023,000002.tar,000002,sucesso,24941,2026-01-08T17:26:10.413967
834024,000002.tar,000002,sucesso,36884,2026-01-08T17:26:10.413971
834025,000002.tar,000002,sucesso,36804,2026-01-08T17:26:10.413977
834026,000002.tar,000002,sucesso,44452,2026-01-08T17:26:10.413981
834027,000002.tar,000002,sucesso,39318,2026-01-08T17:26:10.413985
834028,000002.tar,000002,sucesso,38082,2026-01-08T17:26:10.413994
834029,000002.tar,000002,sucesso,37408,2026-01-08T17:26:10.413998
834030,000002.tar,000002,sucesso,36622,2026-01-08T17:26:10.414002
834031,000002.tar,000002,sucesso,36896,2026-01-08T17:26:10.414006
834032,000002.tar,000002,sucesso,35559,2026-01-08T17:26:10.414013
834033,000002.tar,000002,sucesso,34864,2026-01-08T17:26:10.414020
834034,000002.tar,000002,sucesso,34314,2026-01-08T17:26:10.414025
834035,000002.tar,000002,sucesso,36058,2026-01-08T17:26:10.414030
834036,000002.tar,000002,sucesso,35076,2026-01-08T17:26:10.414035
834037,000002.tar,000002,sucesso,47711,2026-01-08T17:26:10.414039
834038,000002.tar,000002,sucesso,37934,2026-01-08T17:26:10.414043
834039,000002.tar,000002,sucesso,47675,2026-01-08T17:26:10.414047
834040,000002.tar,000002,sucesso,37576,2026-01-08T17:26:10.414051
834041,000002.tar,000002,sucesso,41624,2026-01-08T17:26:10.414056
834042,000002.tar,000002,sucesso,37115,2026-01-08T17:26:10.414060
834043,000002.tar,000002,sucesso,37133,2026-01-08T17:26:10.414064
834044,000002.tar,000002,sucesso,35137,2026-01-08T17:26:10.414069
834045,000002.tar,000002,sucesso,36924,2026-01-08T17:26:10.414073
834046,000002.tar,000002,sucesso,50610,2026-01-08T17:26:10.414080
834047,000002.tar,000002,sucesso,36967,2026-01-08T17:26:10.414084
834048,000002.tar,000002,sucesso,40911,2026-01-08T17:26:10.414089
834049,000002.tar,000002,sucesso,38970,2026-01-08T17:26:10.414095
834050,000002.tar,000002,sucesso,36197,2026-01-08T17:26:10.414101
834051,000002.tar,000002,sucesso,39434,2026-01-08T17:26:10.414105
834052,000002.tar,000002,sucesso,42228,2026-01-08T17:26:10.414109
834053,000002.tar,000002,sucesso,44466,2026-01-08T17:26:10.414115
834054,000002.tar,000002,sucesso,36016,2026-01-08T17:26:10.414119
834055,000002.tar,000002,sucesso,38955,2026-01-08T17:26:10.414126
834056,000002.tar,000002,sucesso,39830,2026-01-08T17:26:10.414131
834057,000002.tar,000002,sucesso,31248,2026-01-08T17:26:10.414136
834058,000002.tar,000002,sucesso,49415,2026-01-08T17:26:10.414142
834059,000002.tar,000002,sucesso,30918,2026-01-08T17:26:10.414148
834060,000002.tar,000002,sucesso,25560,2026-01-08T17:26:10.414155
834061,000002.tar,000002,sucesso,25005,2026-01-08T17:26:10.414160
834062,000002.tar,000002,sucesso,36635,2026-01-08T17:26:10.414166
834063,000002.tar,000002,sucesso,30601,2026-01-08T17:26:10.414172
834064,000002.tar,000002,sucesso,41750,2026-01-08T17:26:10.414178
834065,000002.tar,000002,sucesso,33377,2026-01-08T17:26:10.414187
834066,000002.tar,000002,falha,0,2026-01-08T17:26:10.414316
834067,000002.tar,000002,sucesso,34394,2026-01-08T17:26:10.414323
834068,000002.tar,000002,sucesso,39943,2026-01-08T17:26:10.414330
834069,000002.tar,000002,sucesso,35638,2026-01-08T17:26:10.414336
834070,000002.tar,000002,sucesso,28161,2026-01-08T17:26:10.414341
834071,000002.tar,000002,sucesso,35523,2026-01-08T17:26:10.414347
834072,000002.tar,000002,sucesso,48572,2026-01-08T17:26:10.414353
834073,000002.tar,000002,sucesso,36286,2026-01-08T17:26:10.414358
834074,000002.tar,000002,sucesso,41935,2026-01-08T17:26:10.414364
834075,000002.tar,000002,sucesso,38330,2026-01-08T17:26:10.414369
834076,000002.tar,000002,sucesso,33433,2026-01-08T17:26:10.414374
834077,000002.tar,000002,sucesso,41441,2026-01-08T17:26:10.414395
834078,000002.tar,000002,sucesso,31553,2026-01-08T17:26:10.414402
834079,000002.tar,000002,sucesso,34237,2026-01-08T17:26:10.414408
834080,000002.tar,000002,sucesso,34252,2026-01-08T17:26:10.414418
834081,000002.tar,000002,sucesso,31176,2026-01-08T17:26:10.414426
834082,000002.tar,000002,sucesso,28447,2026-01-08T17:26:10.414432
834083,000002.tar,000002,falha,0,2026-01-08T17:26:10.414521
834084,000002.tar,000002,sucesso,36456,2026-01-08T17:26:10.414527
834085,000002.tar,000002,sucesso,37140,2026-01-08T17:26:10.414532
834086,000002.tar,000002,sucesso,26032,2026-01-08T17:26:10.414536
834087,000002.tar,000002,sucesso,39678,2026-01-08T17:26:10.414541
834088,000002.tar,000002,sucesso,35124,2026-01-08T17:26:10.414544
834089,000002.tar,000002,sucesso,38167,2026-01-08T17:26:10.414548
834090,000002.tar,000002,sucesso,44426,2026-01-08T17:26:10.414552
834091,000002.tar,000002,sucesso,37281,2026-01-08T17:26:10.414557
834092,000002.tar,000002,sucesso,38832,2026-01-08T17:26:10.414561
834093,000002.tar,000002,sucesso,38045,2026-01-08T17:26:10.414565
834094,000002.tar,000002,sucesso,31647,2026-01-08T17:26:10.414570
834095,000002.tar,000002,sucesso,39058,2026-01-08T17:26:10.414578
834096,000002.tar,000002,sucesso,40335,2026-01-08T17:26:10.414583
834097,000002.tar,000002,sucesso,36065,2026-01-08T17:26:10.414590
834098,000002.tar,000002,sucesso,41090,2026-01-08T17:26:10.414595
834099,000002.tar,000002,sucesso,35961,2026-01-08T17:26:10.414601
834100,000002.tar,000002,sucesso,35321,2026-01-08T17:26:10.414607
834101,000002.tar,000002,sucesso,38435,2026-01-08T17:26:10.414612
834102,000002.tar,000002,sucesso,33958,2026-01-08T17:26:10.414618
834103,000002.tar,000002,sucesso,31455,2026-01-08T17:26:10.414624
834104,000002.tar,000002,sucesso,41017,2026-01-08T17:26:10.414632
834105,000002.tar,000002,sucesso,38569,2026-01-08T17:26:10.414639
834106,000002.tar,000002,sucesso,51447,2026-01-08T17:26:10.414645
834107,000002.tar,000002,sucesso,35252,2026-01-08T17:26:10.414651
834108,000002.tar,000002,sucesso,32244,2026-01-08T17:26:10.414657
834109,000002.tar,000002,sucesso,50791,2026-01-08T17:26:10.414663
834110,000002.tar,000002,sucesso,38547,2026-01-08T17:26:10.414669
834111,000002.tar,000002,sucesso,35964,2026-01-08T17:26:10.414676
834112,000002.tar,000002,sucesso,43755,2026-01-08T17:26:10.414681
834113,000002.tar,000002,sucesso,38834,2026-01-08T17:26:10.414699
834114,000002.tar,000002,sucesso,42452,2026-01-08T17:26:10.414705
834115,000002.tar,000002,sucesso,30081,2026-01-08T17:26:10.414711
834116,000002.tar,000002,sucesso,33750,2026-01-08T17:26:10.414717
834117,000002.tar,000002,sucesso,38770,2026-01-08T17:26:10.414723
834118,000002.tar,000002,sucesso,38038,2026-01-08T17:26:10.414732
834119,000002.tar,000002,sucesso,42665,2026-01-08T17:26:10.414739
834120,000002.tar,000002,sucesso,34776,2026-01-08T17:26:10.414745
834121,000002.tar,000002,sucesso,36236,2026-01-08T17:26:10.414750
834122,000002.tar,000002,sucesso,33783,2026-01-08T17:26:10.414756
834123,000002.tar,000002,sucesso,39710,2026-01-08T17:26:10.414762
834124,000002.tar,000002,sucesso,37498,2026-01-08T17:26:10.414768
834125,000002.tar,000002,sucesso,40647,2026-01-08T17:26:10.414774
834126,000002.tar,000002,sucesso,42864,2026-01-08T17:26:10.414778
834127,000002.tar,000002,sucesso,28930,2026-01-08T17:26:10.414782
834128,000002.tar,000002,sucesso,37670,2026-01-08T17:26:10.414787
834129,000002.tar,000002,sucesso,39407,2026-01-08T17:26:10.414791
834130,000002.tar,000002,sucesso,36141,2026-01-08T17:26:10.414795
834131,000002.tar,000002,sucesso,33757,2026-01-08T17:26:10.414799
834132,000002.tar,000002,sucesso,39311,2026-01-08T17:26:10.414806
834133,000002.tar,000002,sucesso,31214,2026-01-08T17:26:10.414810
834134,000002.tar,000002,sucesso,35638,2026-01-08T17:26:10.414827
834135,000002.tar,000002,sucesso,38397,2026-01-08T17:26:10.414832
834136,000002.tar,000002,sucesso,43085,2026-01-08T17:26:10.414835
834137,000002.tar,000002,sucesso,33925,2026-01-08T17:26:10.414840
834138,000002.tar,000002,sucesso,40368,2026-01-08T17:26:10.414845
834139,000002.tar,000002,sucesso,36284,2026-01-08T17:26:10.414848
834140,000002.tar,000002,sucesso,30366,2026-01-08T17:26:10.414852
834141,000002.tar,000002,sucesso,33245,2026-01-08T17:26:10.414856
834142,000002.tar,000002,sucesso,38436,2026-01-08T17:26:10.414860
834143,000002.tar,000002,sucesso,32877,2026-01-08T17:26:10.414863
834144,000002.tar,000002,sucesso,34104,2026-01-08T17:26:10.414868
834145,000002.tar,000002,sucesso,47210,2026-01-08T17:26:10.414873
834146,000002.tar,000002,sucesso,31301,2026-01-08T17:26:10.414879
834147,000002.tar,000002,sucesso,34753,2026-01-08T17:26:10.414886
834148,000002.tar,000002,sucesso,34329,2026-01-08T17:26:10.414891
834149,000002.tar,000002,sucesso,39807,2026-01-08T17:26:10.414897
834150,000002.tar,000002,sucesso,27784,2026-01-08T17:26:10.414903
834151,000002.tar,000002,sucesso,33107,2026-01-08T17:26:10.414909
834152,000002.tar,000002,sucesso,37166,2026-01-08T17:26:10.414914
834153,000002.tar,000002,sucesso,36763,2026-01-08T17:26:10.414920
834154,000002.tar,000002,sucesso,30099,2026-01-08T17:26:10.414926
834155,000002.tar,000002,sucesso,32225,2026-01-08T17:26:10.414931
834156,000002.tar,000002,sucesso,38373,2026-01-08T17:26:10.414937
834157,000002.tar,000002,sucesso,27580,2026-01-08T17:26:10.414946
834158,000002.tar,000002,sucesso,44514,2026-01-08T17:26:10.414953
834159,000002.tar,000002,sucesso,46383,2026-01-08T17:26:10.414957
834160,000002.tar,000002,sucesso,34309,2026-01-08T17:26:10.414961
834161,000002.tar,000002,sucesso,44300,2026-01-08T17:26:10.414965
834162,000002.tar,000002,sucesso,37808,2026-01-08T17:26:10.414968
834163,000002.tar,000002,sucesso,32656,2026-01-08T17:26:10.414972
834164,000002.tar,000002,sucesso,36469,2026-01-08T17:26:10.414976
834165,000002.tar,000002,sucesso,38056,2026-01-08T17:26:10.414980
834166,000002.tar,000002,sucesso,36826,2026-01-08T17:26:10.414983
834167,000002.tar,000002,sucesso,43791,2026-01-08T17:26:10.414987
834168,000002.tar,000002,sucesso,36833,2026-01-08T17:26:10.414991
834169,000002.tar,000002,sucesso,36072,2026-01-08T17:26:10.414996
834170,000002.tar,000002,sucesso,26864,2026-01-08T17:26:10.415000
834171,000002.tar,000002,sucesso,58754,2026-01-08T17:26:10.415003
834172,000002.tar,000002,sucesso,38086,2026-01-08T17:26:10.415008
834173,000002.tar,000002,sucesso,32518,2026-01-08T17:26:10.415012
834174,000002.tar,000002,falha,0,2026-01-08T17:26:10.415095
834175,000002.tar,000002,sucesso,36325,2026-01-08T17:26:10.415101
834176,000002.tar,000002,sucesso,31911,2026-01-08T17:26:10.415107
834177,000002.tar,000002,sucesso,44427,2026-01-08T17:26:10.415114
834178,000002.tar,000002,sucesso,31884,2026-01-08T17:26:10.415120
834179,000002.tar,000002,sucesso,36553,2026-01-08T17:26:10.415126
834180,000002.tar,000002,sucesso,25556,2026-01-08T17:26:10.415133
834181,000002.tar,000002,sucesso,40693,2026-01-08T17:26:10.415140
834182,000002.tar,000002,sucesso,47236,2026-01-08T17:26:10.415150
834183,000002.tar,000002,sucesso,38081,2026-01-08T17:26:10.415156
834184,000002.tar,000002,sucesso,34403,2026-01-08T17:26:10.415162
834185,000002.tar,000002,sucesso,35525,2026-01-08T17:26:10.415169
834186,000002.tar,000002,sucesso,42302,2026-01-08T17:26:10.415174
834187,000002.tar,000002,sucesso,37274,2026-01-08T17:26:10.415177
834188,000002.tar,000002,sucesso,42863,2026-01-08T17:26:10.415181
834189,000002.tar,000002,sucesso,37711,2026-01-08T17:26:10.415185
834190,000002.tar,000002,sucesso,34596,2026-01-08T17:26:10.415189
834191,000002.tar,000002,sucesso,33112,2026-01-08T17:26:10.415193
834192,000002.tar,000002,sucesso,43779,2026-01-08T17:26:10.415197
834193,000002.tar,000002,sucesso,41751,2026-01-08T17:26:10.415203
834194,000002.tar,000002,sucesso,32905,2026-01-08T17:26:10.415207
834195,000002.tar,000002,sucesso,35110,2026-01-08T17:26:10.415212
834196,000002.tar,000002,sucesso,32116,2026-01-08T17:26:10.415215
834197,000002.tar,000002,sucesso,39180,2026-01-08T17:26:10.415219
834198,000002.tar,000002,sucesso,24592,2026-01-08T17:26:10.415223
834199,000002.tar,000002,sucesso,29966,2026-01-08T17:26:10.415227
834200,000002.tar,000002,sucesso,31989,2026-01-08T17:26:10.415231
834201,000002.tar,000002,sucesso,36074,2026-01-08T17:26:10.415235
834202,000002.tar,000002,sucesso,35342,2026-01-08T17:26:10.415239
834203,000002.tar,000002,sucesso,38347,2026-01-08T17:26:10.415243
834204,000002.tar,000002,sucesso,40903,2026-01-08T17:26:10.415248
834205,000002.tar,000002,sucesso,38871,2026-01-08T17:26:10.415252
834206,000002.tar,000002,sucesso,25497,2026-01-08T17:26:10.415256
834207,000002.tar,000002,sucesso,40308,2026-01-08T17:26:10.415260
834208,000002.tar,000002,sucesso,31915,2026-01-08T17:26:10.415264
834209,000002.tar,000002,sucesso,31548,2026-01-08T17:26:10.415268
834210,000002.tar,000002,sucesso,35256,2026-01-08T17:26:10.415272
834211,000002.tar,000002,sucesso,39306,2026-01-08T17:26:10.415276
834212,000002.tar,000002,sucesso,33211,2026-01-08T17:26:10.415281
834213,000002.tar,000002,sucesso,38075,2026-01-08T17:26:10.415285
834214,000002.tar,000002,sucesso,35116,2026-01-08T17:26:10.415290
834215,000002.tar,000002,sucesso,34014,2026-01-08T17:26:10.415300
834216,000002.tar,000002,sucesso,32956,2026-01-08T17:26:10.415306
834217,000002.tar,000002,sucesso,30406,2026-01-08T17:26:10.415311
834218,000002.tar,000002,sucesso,33144,2026-01-08T17:26:10.415316
834219,000002.tar,000002,sucesso,27994,2026-01-08T17:26:10.415321
834220,000002.tar,000002,sucesso,36384,2026-01-08T17:26:10.415327
834221,000002.tar,000002,sucesso,36068,2026-01-08T17:26:10.415334
834222,000002.tar,000002,sucesso,34706,2026-01-08T17:26:10.415340
834223,000002.tar,000002,sucesso,38197,2026-01-08T17:26:10.415345
834224,000002.tar,000002,sucesso,39657,2026-01-08T17:26:10.415351
834225,000002.tar,000002,sucesso,44820,2026-01-08T17:26:10.415357
834226,000002.tar,000002,sucesso,41017,2026-01-08T17:26:10.415363
834227,000002.tar,000002,sucesso,37849,2026-01-08T17:26:10.415368
834228,000002.tar,000002,sucesso,32352,2026-01-08T17:26:10.415375
834229,000002.tar,000002,sucesso,33362,2026-01-08T17:26:10.415381
834230,000002.tar,000002,sucesso,32877,2026-01-08T17:26:10.415387
834231,000002.tar,000002,sucesso,33915,2026-01-08T17:26:10.415393
834232,000002.tar,000002,sucesso,38655,2026-01-08T17:26:10.415398
834233,000002.tar,000002,sucesso,35858,2026-01-08T17:26:10.415407
834234,000002.tar,000002,sucesso,41778,2026-01-08T17:26:10.415412
834235,000002.tar,000002,sucesso,40492,2026-01-08T17:26:10.415418
834236,000002.tar,000002,sucesso,50927,2026-01-08T17:26:10.415424
834237,000002.tar,000002,sucesso,33345,2026-01-08T17:26:10.415429
834238,000002.tar,000002,sucesso,28808,2026-01-08T17:26:10.415435
834239,000002.tar,000002,sucesso,31559,2026-01-08T17:26:10.415441
834240,000002.tar,000002,sucesso,37176,2026-01-08T17:26:10.415446
834241,000002.tar,000002,sucesso,34122,2026-01-08T17:26:10.415452
834242,000002.tar,000002,sucesso,38963,2026-01-08T17:26:10.415456
834243,000002.tar,000002,sucesso,44337,2026-01-08T17:26:10.415460
834244,000002.tar,000002,sucesso,35574,2026-01-08T17:26:10.415464
834245,000002.tar,000002,sucesso,38280,2026-01-08T17:26:10.415469
834246,000002.tar,000002,sucesso,35461,2026-01-08T17:26:10.415473
834247,000002.tar,000002,sucesso,35319,2026-01-08T17:26:10.415476
834248,000002.tar,000002,sucesso,31606,2026-01-08T17:26:10.415480
834249,000002.tar,000002,sucesso,33843,2026-01-08T17:26:10.415483
834250,000002.tar,000002,sucesso,32685,2026-01-08T17:26:10.415487
834251,000002.tar,000002,sucesso,37693,2026-01-08T17:26:10.415492
834252,000002.tar,000002,sucesso,38084,2026-01-08T17:26:10.415496
834253,000002.tar,000002,sucesso,47112,2026-01-08T17:26:10.415500
834254,000002.tar,000002,sucesso,36503,2026-01-08T17:26:10.415503
834255,000002.tar,000002,sucesso,40266,2026-01-08T17:26:10.415508
834256,000002.tar,000002,sucesso,40881,2026-01-08T17:26:10.415515
834257,000002.tar,000002,sucesso,37834,2026-01-08T17:26:10.415520
834258,000002.tar,000002,sucesso,42458,2026-01-08T17:26:10.415526
834259,000002.tar,000002,sucesso,28160,2026-01-08T17:26:10.415531
834260,000002.tar,000002,sucesso,36023,2026-01-08T17:26:10.415537
834261,000002.tar,000002,sucesso,43116,2026-01-08T17:26:10.415543
834262,000002.tar,000002,sucesso,39947,2026-01-08T17:26:10.415549
834263,000002.tar,000002,sucesso,33800,2026-01-08T17:26:10.415555
834264,000002.tar,000002,sucesso,56651,2026-01-08T17:26:10.415563
834265,000002.tar,000002,sucesso,29560,2026-01-08T17:26:10.415570
834266,000002.tar,000002,sucesso,35892,2026-01-08T17:26:10.415575
834267,000002.tar,000002,sucesso,41294,2026-01-08T17:26:10.415582
834268,000002.tar,000002,sucesso,39110,2026-01-08T17:26:10.415586
834269,000002.tar,000002,sucesso,32336,2026-01-08T17:26:10.415592
834270,000002.tar,000002,sucesso,33589,2026-01-08T17:26:10.415596
834271,000002.tar,000002,sucesso,34972,2026-01-08T17:26:10.415600
834272,000002.tar,000002,sucesso,29802,2026-01-08T17:26:10.415604
834273,000002.tar,000002,sucesso,31229,2026-01-08T17:26:10.415608
834274,000002.tar,000002,sucesso,39601,2026-01-08T17:26:10.415612
834275,000002.tar,000002,sucesso,41042,2026-01-08T17:26:10.415616
834276,000002.tar,000002,sucesso,36838,2026-01-08T17:26:10.415620
834277,000002.tar,000002,sucesso,36311,2026-01-08T17:26:10.415624
834278,000002.tar,000002,sucesso,35067,2026-01-08T17:26:10.415628
834279,000002.tar,000002,sucesso,32621,2026-01-08T17:26:10.415631
834280,000002.tar,000002,sucesso,47372,2026-01-08T17:26:10.415637
834281,000002.tar,000002,sucesso,35175,2026-01-08T17:26:10.415641
834282,000002.tar,000002,sucesso,32109,2026-01-08T17:26:10.415645
834283,000002.tar,000002,sucesso,34508,2026-01-08T17:26:10.415649
834284,000002.tar,000002,sucesso,30688,2026-01-08T17:26:10.415656
834285,000002.tar,000002,sucesso,35574,2026-01-08T17:26:10.415659
834286,000002.tar,000002,sucesso,30063,2026-01-08T17:26:10.415663
834287,000002.tar,000002,sucesso,31843,2026-01-08T17:26:10.415678
834288,000002.tar,000002,sucesso,50008,2026-01-08T17:26:10.415682
834289,000002.tar,000002,sucesso,31493,2026-01-08T17:26:10.415686
834290,000002.tar,000002,sucesso,35575,2026-01-08T17:26:10.415690
834291,000002.tar,000002,sucesso,34159,2026-01-08T17:26:10.415694
834292,000002.tar,000002,sucesso,31221,2026-01-08T17:26:10.415698
834293,000002.tar,000002,sucesso,35129,2026-01-08T17:26:10.415702
834294,000002.tar,000002,sucesso,32422,2026-01-08T17:26:10.415708
834295,000002.tar,000002,sucesso,39066,2026-01-08T17:26:10.415714
834296,000002.tar,000002,sucesso,37517,2026-01-08T17:26:10.415719
834297,000002.tar,000002,sucesso,50316,2026-01-08T17:26:10.415725
834298,000002.tar,000002,sucesso,38730,2026-01-08T17:26:10.415731
834299,000002.tar,000002,sucesso,36446,2026-01-08T17:26:10.415739
834300,000002.tar,000002,sucesso,33025,2026-01-08T17:26:10.415745
834301,000002.tar,000002,sucesso,37846,2026-01-08T17:26:10.415751
834302,000002.tar,000002,sucesso,28427,2026-01-08T17:26:10.415756
834303,000002.tar,000002,sucesso,30641,2026-01-08T17:26:10.415761
834304,000002.tar,000002,sucesso,29973,2026-01-08T17:26:10.415767
834305,000002.tar,000002,sucesso,36070,2026-01-08T17:26:10.415772
834306,000002.tar,000002,sucesso,34226,2026-01-08T17:26:10.415777
834307,000002.tar,000002,sucesso,30217,2026-01-08T17:26:10.415783
834308,000002.tar,000002,sucesso,35231,2026-01-08T17:26:10.415789
834309,000002.tar,000002,sucesso,32625,2026-01-08T17:26:10.415796
834310,000002.tar,000002,sucesso,36853,2026-01-08T17:26:10.415801
834311,000002.tar,000002,sucesso,30251,2026-01-08T17:26:10.415806
834312,000002.tar,000002,sucesso,29077,2026-01-08T17:26:10.415814
834313,000002.tar,000002,sucesso,40303,2026-01-08T17:26:10.415819
834314,000002.tar,000002,sucesso,23033,2026-01-08T17:26:10.415825
834315,000002.tar,000002,sucesso,27296,2026-01-08T17:26:10.415830
834316,000002.tar,000002,sucesso,30311,2026-01-08T17:26:10.415835
834317,000002.tar,000002,sucesso,26253,2026-01-08T17:26:10.415841
834318,000002.tar,000002,sucesso,27419,2026-01-08T17:26:10.415846
834319,000002.tar,000002,sucesso,37540,2026-01-08T17:26:10.415852
834320,000002.tar,000002,sucesso,35974,2026-01-08T17:26:10.415857
834321,000002.tar,000002,sucesso,27799,2026-01-08T17:26:10.415862
834322,000002.tar,000002,sucesso,29549,2026-01-08T17:26:10.415868
834323,000002.tar,000002,sucesso,43694,2026-01-08T17:26:10.415874
834324,000002.tar,000002,sucesso,28548,2026-01-08T17:26:10.415879
834325,000002.tar,000002,sucesso,35964,2026-01-08T17:26:10.415885
834326,000002.tar,000002,sucesso,31530,2026-01-08T17:26:10.415891
834327,000002.tar,000002,sucesso,31561,2026-01-08T17:26:10.415897
834328,000002.tar,000002,sucesso,35543,2026-01-08T17:26:10.415902
834329,000002.tar,000002,sucesso,33312,2026-01-08T17:26:10.415907
834330,000002.tar,000002,sucesso,33129,2026-01-08T17:26:10.415910
834331,000002.tar,000002,sucesso,31076,2026-01-08T17:26:10.415917
834332,000002.tar,000002,sucesso,30089,2026-01-08T17:26:10.415921
834333,000002.tar,000002,sucesso,38653,2026-01-08T17:26:10.415926
834334,000002.tar,000002,sucesso,37252,2026-01-08T17:26:10.415930
834335,000002.tar,000002,sucesso,41015,2026-01-08T17:26:10.415934
834336,000002.tar,000002,sucesso,37439,2026-01-08T17:26:10.415940
834337,000002.tar,000002,sucesso,37555,2026-01-08T17:26:10.415944
834338,000002.tar,000002,sucesso,49337,2026-01-08T17:26:10.415948
834339,000002.tar,000002,sucesso,35300,2026-01-08T17:26:10.415952
834340,000002.tar,000002,sucesso,39513,2026-01-08T17:26:10.415955
834341,000002.tar,000002,sucesso,41990,2026-01-08T17:26:10.415959
834342,000002.tar,000002,sucesso,47587,2026-01-08T17:26:10.415963
834343,000002.tar,000002,sucesso,47235,2026-01-08T17:26:10.415967
834344,000002.tar,000002,sucesso,37475,2026-01-08T17:26:10.415970
834345,000002.tar,000002,sucesso,43305,2026-01-08T17:26:10.415974
834346,000002.tar,000002,sucesso,29446,2026-01-08T17:26:10.415979
834347,000002.tar,000002,sucesso,33940,2026-01-08T17:26:10.415983
834348,000002.tar,000002,sucesso,36553,2026-01-08T17:26:10.415987
834349,000002.tar,000002,sucesso,40271,2026-01-08T17:26:10.415991
834350,000002.tar,000002,sucesso,41588,2026-01-08T17:26:10.415996
834351,000002.tar,000002,sucesso,34381,2026-01-08T17:26:10.416001
834352,000002.tar,000002,sucesso,44072,2026-01-08T17:26:10.416006
834353,000002.tar,000002,sucesso,33644,2026-01-08T17:26:10.416030
834354,000002.tar,000002,sucesso,42478,2026-01-08T17:26:10.416036
834355,000002.tar,000002,sucesso,31275,2026-01-08T17:26:10.416041
834356,000002.tar,000002,sucesso,28025,2026-01-08T17:26:10.416048
834357,000002.tar,000002,sucesso,29793,2026-01-08T17:26:10.416053
834358,000002.tar,000002,sucesso,31233,2026-01-08T17:26:10.416058
834359,000002.tar,000002,sucesso,33007,2026-01-08T17:26:10.416064
834360,000002.tar,000002,sucesso,37572,2026-01-08T17:26:10.416069
834361,000002.tar,000002,sucesso,33094,2026-01-08T17:26:10.416075
834362,000002.tar,000002,sucesso,31740,2026-01-08T17:26:10.416081
834363,000002.tar,000002,sucesso,31337,2026-01-08T17:26:10.416085
834364,000002.tar,000002,sucesso,34607,2026-01-08T17:26:10.416089
834365,000002.tar,000002,sucesso,28982,2026-01-08T17:26:10.416092
834366,000002.tar,000002,sucesso,33553,2026-01-08T17:26:10.416099
834367,000002.tar,000002,sucesso,31438,2026-01-08T17:26:10.416103
834368,000002.tar,000002,sucesso,30411,2026-01-08T17:26:10.416107
834369,000002.tar,000002,sucesso,43807,2026-01-08T17:26:10.416111
834370,000002.tar,000002,sucesso,33515,2026-01-08T17:26:10.416116
834371,000002.tar,000002,sucesso,42506,2026-01-08T17:26:10.416120
834372,000002.tar,000002,sucesso,36811,2026-01-08T17:26:10.416124
834373,000002.tar,000002,sucesso,42531,2026-01-08T17:26:10.416128
834374,000002.tar,000002,sucesso,41197,2026-01-08T17:26:10.416132
834375,000002.tar,000002,sucesso,32095,2026-01-08T17:26:10.416135
834376,000002.tar,000002,sucesso,36501,2026-01-08T17:26:10.416138
834377,000002.tar,000002,sucesso,36963,2026-01-08T17:26:10.416142
834378,000002.tar,000002,sucesso,42174,2026-01-08T17:26:10.416147
834379,000002.tar,000002,sucesso,25106,2026-01-08T17:26:10.416151
834380,000002.tar,000002,sucesso,28995,2026-01-08T17:26:10.416155
834381,000002.tar,000002,falha,0,2026-01-08T17:26:10.416253
834382,000002.tar,000002,sucesso,38276,2026-01-08T17:26:10.416259
834383,000002.tar,000002,sucesso,34508,2026-01-08T17:26:10.416267
834385,000002.tar,000002,sucesso,37145,2026-01-08T17:26:10.416272
834386,000002.tar,000002,sucesso,29169,2026-01-08T17:26:10.416278
834387,000002.tar,000002,sucesso,31346,2026-01-08T17:26:10.416287
834388,000002.tar,000002,sucesso,29922,2026-01-08T17:26:10.416293
834390,000002.tar,000002,sucesso,36226,2026-01-08T17:26:10.416299
834391,000002.tar,000002,sucesso,45500,2026-01-08T17:26:10.416306
834392,000002.tar,000002,sucesso,34061,2026-01-08T17:26:10.416311
834393,000002.tar,000002,sucesso,48897,2026-01-08T17:26:10.416317
834394,000002.tar,000002,sucesso,26322,2026-01-08T17:26:10.416323
834395,000002.tar,000002,sucesso,34237,2026-01-08T17:26:10.416329
834396,000002.tar,000002,sucesso,33665,2026-01-08T17:26:10.416335
834397,000002.tar,000002,sucesso,35004,2026-01-08T17:26:10.416340
834398,000002.tar,000002,sucesso,28296,2026-01-08T17:26:10.416347
834399,000002.tar,000002,sucesso,37134,2026-01-08T17:26:10.416352
834400,000002.tar,000002,sucesso,37200,2026-01-08T17:26:10.416356
834401,000002.tar,000002,sucesso,36512,2026-01-08T17:26:10.416360
834402,000002.tar,000002,sucesso,34253,2026-01-08T17:26:10.416366
834403,000002.tar,000002,sucesso,37833,2026-01-08T17:26:10.416372
834404,000002.tar,000002,sucesso,26459,2026-01-08T17:26:10.416376
834405,000002.tar,000002,sucesso,35180,2026-01-08T17:26:10.416381
834406,000002.tar,000002,sucesso,30141,2026-01-08T17:26:10.416385
834408,000002.tar,000002,sucesso,24436,2026-01-08T17:26:10.416391
834410,000002.tar,000002,sucesso,35012,2026-01-08T17:26:10.416395
834412,000002.tar,000002,sucesso,26922,2026-01-08T17:26:10.416399
834413,000002.tar,000002,sucesso,28890,2026-01-08T17:26:10.416403
834414,000002.tar,000002,sucesso,39748,2026-01-08T17:26:10.416406
834415,000002.tar,000002,sucesso,35680,2026-01-08T17:26:10.416411
834416,000002.tar,000002,sucesso,34988,2026-01-08T17:26:10.416416
834417,000002.tar,000002,sucesso,36651,2026-01-08T17:26:10.416420
834418,000002.tar,000002,sucesso,30220,2026-01-08T17:26:10.416424
834419,000002.tar,000002,sucesso,34759,2026-01-08T17:26:10.416428
834420,000002.tar,000002,sucesso,32365,2026-01-08T17:26:10.416431
834421,000002.tar,000002,sucesso,37023,2026-01-08T17:26:10.416435
834422,000002.tar,000002,sucesso,29004,2026-01-08T17:26:10.416439
834423,000002.tar,000002,sucesso,29967,2026-01-08T17:26:10.416443
834424,000002.tar,000002,sucesso,28947,2026-01-08T17:26:10.416446
834425,000002.tar,000002,sucesso,29267,2026-01-08T17:26:10.416450
834426,000002.tar,000002,sucesso,39949,2026-01-08T17:26:10.416454
834427,000002.tar,000002,sucesso,34685,2026-01-08T17:26:10.416458
834428,000002.tar,000002,sucesso,40022,2026-01-08T17:26:10.416461
834429,000002.tar,000002,sucesso,31117,2026-01-08T17:26:10.416465
834430,000002.tar,000002,sucesso,31151,2026-01-08T17:26:10.416469
834431,000002.tar,000002,sucesso,36084,2026-01-08T17:26:10.416473
834432,000002.tar,000002,sucesso,41588,2026-01-08T17:26:10.416477
834433,000002.tar,000002,sucesso,42366,2026-01-08T17:26:10.416480
834434,000002.tar,000002,sucesso,32780,2026-01-08T17:26:10.416484
834435,000002.tar,000002,sucesso,49780,2026-01-08T17:26:10.416490
834436,000002.tar,000002,sucesso,38747,2026-01-08T17:26:10.416496
834437,000002.tar,000002,sucesso,32334,2026-01-08T17:26:10.416502
834438,000002.tar,000002,sucesso,32767,2026-01-08T17:26:10.416506
834439,000002.tar,000002,sucesso,46114,2026-01-08T17:26:10.416510
834440,000002.tar,000002,sucesso,41226,2026-01-08T17:26:10.416516
834441,000002.tar,000002,sucesso,42532,2026-01-08T17:26:10.416521
834442,000002.tar,000002,sucesso,43150,2026-01-08T17:26:10.416525
834443,000002.tar,000002,sucesso,33091,2026-01-08T17:26:10.416529
834444,000002.tar,000002,sucesso,28510,2026-01-08T17:26:10.416532
834445,000002.tar,000002,sucesso,46194,2026-01-08T17:26:10.416536
834446,000002.tar,000002,sucesso,28537,2026-01-08T17:26:10.416540
834447,000002.tar,000002,sucesso,37110,2026-01-08T17:26:10.416544
834448,000002.tar,000002,sucesso,35632,2026-01-08T17:26:10.416549
834449,000002.tar,000002,sucesso,28909,2026-01-08T17:26:10.416553
834450,000002.tar,000002,sucesso,32433,2026-01-08T17:26:10.416557
834451,000002.tar,000002,sucesso,32854,2026-01-08T17:26:10.416561
834452,000002.tar,000002,sucesso,41077,2026-01-08T17:26:10.416567
834453,000002.tar,000002,sucesso,33414,2026-01-08T17:26:10.416573
834454,000002.tar,000002,sucesso,23349,2026-01-08T17:26:10.416578
834455,000002.tar,000002,sucesso,28507,2026-01-08T17:26:10.416582
834456,000002.tar,000002,sucesso,44224,2026-01-08T17:26:10.416586
834457,000002.tar,000002,sucesso,26140,2026-01-08T17:26:10.416591
834458,000002.tar,000002,sucesso,33060,2026-01-08T17:26:10.416596
834459,000002.tar,000002,sucesso,32601,2026-01-08T17:26:10.416599
834460,000002.tar,000002,sucesso,42248,2026-01-08T17:26:10.416602
834461,000002.tar,000002,sucesso,30270,2026-01-08T17:26:10.416606
834462,000002.tar,000002,sucesso,35482,2026-01-08T17:26:10.416610
834463,000002.tar,000002,sucesso,37662,2026-01-08T17:26:10.416614
834464,000002.tar,000002,sucesso,30005,2026-01-08T17:26:10.416618
834465,000002.tar,000002,sucesso,42415,2026-01-08T17:26:10.416622
834466,000002.tar,000002,sucesso,25279,2026-01-08T17:26:10.416628
834467,000002.tar,000002,sucesso,28179,2026-01-08T17:26:10.416634
834468,000002.tar,000002,sucesso,36773,2026-01-08T17:26:10.416640
834469,000002.tar,000002,sucesso,42445,2026-01-08T17:26:10.416645
834470,000002.tar,000002,sucesso,25851,2026-01-08T17:26:10.416650
834471,000002.tar,000002,sucesso,26385,2026-01-08T17:26:10.416656
834472,000002.tar,000002,sucesso,25207,2026-01-08T17:26:10.416662
834473,000002.tar,000002,sucesso,31301,2026-01-08T17:26:10.416674
834474,000002.tar,000002,sucesso,33965,2026-01-08T17:26:10.416680
834475,000002.tar,000002,sucesso,33525,2026-01-08T17:26:10.416685
834476,000002.tar,000002,sucesso,33921,2026-01-08T17:26:10.416691
834477,000002.tar,000002,sucesso,32829,2026-01-08T17:26:10.416696
834478,000002.tar,000002,sucesso,37310,2026-01-08T17:26:10.416705
834479,000002.tar,000002,sucesso,35969,2026-01-08T17:26:10.416710
834480,000002.tar,000002,sucesso,41221,2026-01-08T17:26:10.416716
834481,000002.tar,000002,sucesso,34592,2026-01-08T17:26:10.416722
834482,000002.tar,000002,sucesso,39491,2026-01-08T17:26:10.416729
834483,000002.tar,000002,sucesso,54983,2026-01-08T17:26:10.416734
834484,000002.tar,000002,sucesso,37952,2026-01-08T17:26:10.416739
834485,000002.tar,000002,sucesso,32237,2026-01-08T17:26:10.416743
834486,000002.tar,000002,sucesso,41827,2026-01-08T17:26:10.416747
834487,000002.tar,000002,sucesso,39455,2026-01-08T17:26:10.416751
834488,000002.tar,000002,sucesso,36092,2026-01-08T17:26:10.416755
834489,000002.tar,000002,sucesso,39664,2026-01-08T17:26:10.416759
834490,000002.tar,000002,sucesso,38842,2026-01-08T17:26:10.416762
834491,000002.tar,000002,sucesso,41629,2026-01-08T17:26:10.416766
834492,000002.tar,000002,sucesso,33530,2026-01-08T17:26:10.416770
834493,000002.tar,000002,sucesso,36652,2026-01-08T17:26:10.416776
834494,000002.tar,000002,sucesso,38190,2026-01-08T17:26:10.416782
834495,000002.tar,000002,sucesso,36943,2026-01-08T17:26:10.416787
834496,000002.tar,000002,sucesso,39320,2026-01-08T17:26:10.417053
834497,000002.tar,000002,sucesso,41248,2026-01-08T17:26:10.417062
834498,000002.tar,000002,sucesso,42744,2026-01-08T17:26:10.417067
834499,000002.tar,000002,sucesso,33780,2026-01-08T17:26:10.417070
834500,000002.tar,000002,sucesso,38493,2026-01-08T17:26:10.417075
834501,000002.tar,000002,sucesso,40724,2026-01-08T17:26:10.417079
834502,000002.tar,000002,sucesso,30157,2026-01-08T17:26:10.417083
834503,000002.tar,000002,sucesso,35740,2026-01-08T17:26:10.417087
834504,000002.tar,000002,sucesso,36912,2026-01-08T17:26:10.417091
834505,000002.tar,000002,sucesso,37813,2026-01-08T17:26:10.417095
834506,000002.tar,000002,sucesso,44756,2026-01-08T17:26:10.417099
834507,000002.tar,000002,sucesso,34256,2026-01-08T17:26:10.417102
834508,000002.tar,000002,sucesso,37636,2026-01-08T17:26:10.417106
834509,000002.tar,000002,sucesso,39901,2026-01-08T17:26:10.417110
834510,000002.tar,000002,sucesso,41319,2026-01-08T17:26:10.417114
834511,000002.tar,000002,sucesso,41519,2026-01-08T17:26:10.417117
834512,000002.tar,000002,sucesso,40845,2026-01-08T17:26:10.417120
834513,000002.tar,000002,sucesso,36314,2026-01-08T17:26:10.417125
834514,000002.tar,000002,sucesso,41609,2026-01-08T17:26:10.417132
834515,000002.tar,000002,sucesso,44870,2026-01-08T17:26:10.417143
834516,000002.tar,000002,sucesso,36610,2026-01-08T17:26:10.417149
834517,000002.tar,000002,sucesso,33986,2026-01-08T17:26:10.417154
834518,000002.tar,000002,sucesso,30193,2026-01-08T17:26:10.417160
834519,000002.tar,000002,sucesso,30200,2026-01-08T17:26:10.417166
834520,000002.tar,000002,sucesso,28573,2026-01-08T17:26:10.417175
834521,000002.tar,000002,sucesso,40935,2026-01-08T17:26:10.417181
834522,000002.tar,000002,sucesso,35403,2026-01-08T17:26:10.417187
834523,000002.tar,000002,sucesso,30306,2026-01-08T17:26:10.417193
834524,000002.tar,000002,sucesso,43137,2026-01-08T17:26:10.417199
834525,000002.tar,000002,sucesso,40154,2026-01-08T17:26:10.417204
834526,000002.tar,000002,sucesso,44223,2026-01-08T17:26:10.417211
834527,000002.tar,000002,sucesso,34884,2026-01-08T17:26:10.417215
834528,000002.tar,000002,sucesso,37721,2026-01-08T17:26:10.417219
834529,000002.tar,000002,sucesso,26525,2026-01-08T17:26:10.417223
834530,000002.tar,000002,sucesso,28154,2026-01-08T17:26:10.417230
834531,000002.tar,000002,sucesso,34256,2026-01-08T17:26:10.417236
834532,000002.tar,000002,sucesso,41032,2026-01-08T17:26:10.417241
834533,000002.tar,000002,sucesso,37759,2026-01-08T17:26:10.417245
834534,000002.tar,000002,sucesso,33858,2026-01-08T17:26:10.417251
834535,000002.tar,000002,sucesso,33252,2026-01-08T17:26:10.417257
834536,000002.tar,000002,sucesso,47252,2026-01-08T17:26:10.417262
834537,000002.tar,000002,sucesso,33875,2026-01-08T17:26:10.417266
834538,000002.tar,000002,sucesso,36837,2026-01-08T17:26:10.417270
834539,000002.tar,000002,sucesso,43395,2026-01-08T17:26:10.417274
834540,000002.tar,000002,sucesso,44703,2026-01-08T17:26:10.417277
834541,000002.tar,000002,sucesso,31977,2026-01-08T17:26:10.417281
834542,000002.tar,000002,sucesso,49459,2026-01-08T17:26:10.417285
834543,000002.tar,000002,sucesso,35495,2026-01-08T17:26:10.417288
834544,000002.tar,000002,sucesso,42945,2026-01-08T17:26:10.417292
834545,000002.tar,000002,sucesso,39689,2026-01-08T17:26:10.417299
834546,000002.tar,000002,sucesso,28533,2026-01-08T17:26:10.417304
834547,000002.tar,000002,sucesso,36482,2026-01-08T17:26:10.417309
834548,000002.tar,000002,sucesso,33500,2026-01-08T17:26:10.417315
834549,000002.tar,000002,sucesso,36072,2026-01-08T17:26:10.417320
834550,000002.tar,000002,sucesso,38817,2026-01-08T17:26:10.417325
834551,000002.tar,000002,sucesso,29137,2026-01-08T17:26:10.417332
834552,000002.tar,000002,sucesso,37676,2026-01-08T17:26:10.417337
834553,000002.tar,000002,sucesso,23485,2026-01-08T17:26:10.417342
834554,000002.tar,000002,sucesso,37353,2026-01-08T17:26:10.417347
834555,000002.tar,000002,sucesso,37625,2026-01-08T17:26:10.417352
834556,000002.tar,000002,sucesso,35892,2026-01-08T17:26:10.417358
834557,000002.tar,000002,sucesso,36309,2026-01-08T17:26:10.417363
834558,000002.tar,000002,sucesso,29890,2026-01-08T17:26:10.417369
834559,000002.tar,000002,sucesso,42028,2026-01-08T17:26:10.417374
834560,000002.tar,000002,sucesso,27616,2026-01-08T17:26:10.417380
834561,000002.tar,000002,sucesso,26102,2026-01-08T17:26:10.417386
834562,000002.tar,000002,sucesso,22730,2026-01-08T17:26:10.417392
834563,000002.tar,000002,sucesso,28021,2026-01-08T17:26:10.417398
834564,000002.tar,000002,sucesso,42125,2026-01-08T17:26:10.417404
834567,000002.tar,000002,sucesso,24154,2026-01-08T17:26:10.417410
834570,000002.tar,000002,sucesso,31031,2026-01-08T17:26:10.417415
834572,000002.tar,000002,sucesso,42374,2026-01-08T17:26:10.417420
834573,000002.tar,000002,sucesso,31146,2026-01-08T17:26:10.417424
834574,000002.tar,000002,sucesso,30660,2026-01-08T17:26:10.417428
834575,000002.tar,000002,sucesso,30521,2026-01-08T17:26:10.417432
834576,000002.tar,000002,sucesso,29288,2026-01-08T17:26:10.417436
834577,000002.tar,000002,sucesso,33407,2026-01-08T17:26:10.417439
834578,000002.tar,000002,sucesso,41177,2026-01-08T17:26:10.417443
834579,000002.tar,000002,sucesso,37228,2026-01-08T17:26:10.417447
834581,000002.tar,000002,sucesso,33565,2026-01-08T17:26:10.417460
834582,000002.tar,000002,sucesso,25201,2026-01-08T17:26:10.417464
834583,000002.tar,000002,sucesso,34544,2026-01-08T17:26:10.417468
834584,000002.tar,000002,sucesso,36248,2026-01-08T17:26:10.417472
834586,000002.tar,000002,sucesso,31173,2026-01-08T17:26:10.417476
834591,000002.tar,000002,sucesso,29625,2026-01-08T17:26:10.417479
834597,000002.tar,000002,sucesso,32557,2026-01-08T17:26:10.417483
834598,000002.tar,000002,sucesso,32441,2026-01-08T17:26:10.417487
834600,000002.tar,000002,sucesso,33083,2026-01-08T17:26:10.417491
834602,000002.tar,000002,sucesso,29172,2026-01-08T17:26:10.417494
834607,000002.tar,000002,sucesso,32125,2026-01-08T17:26:10.417498
834610,000002.tar,000002,sucesso,27341,2026-01-08T17:26:10.417504
834611,000002.tar,000002,sucesso,24683,2026-01-08T17:26:10.417507
834612,000002.tar,000002,sucesso,32759,2026-01-08T17:26:10.417511
834614,000002.tar,000002,sucesso,39168,2026-01-08T17:26:10.417515
834615,000002.tar,000002,sucesso,28930,2026-01-08T17:26:10.417518
834619,000002.tar,000002,sucesso,27310,2026-01-08T17:26:10.417522
834620,000002.tar,000002,sucesso,37089,2026-01-08T17:26:10.417526
834628,000002.tar,000002,sucesso,33267,2026-01-08T17:26:10.417530
834631,000002.tar,000002,sucesso,23611,2026-01-08T17:26:10.417535
834632,000002.tar,000002,sucesso,36248,2026-01-08T17:26:10.417541
834633,000002.tar,000002,sucesso,34582,2026-01-08T17:26:10.417546
834634,000002.tar,000002,sucesso,37296,2026-01-08T17:26:10.417553
834635,000002.tar,000002,sucesso,30337,2026-01-08T17:26:10.417559
834636,000002.tar,000002,sucesso,34863,2026-01-08T17:26:10.417564
834637,000002.tar,000002,sucesso,42561,2026-01-08T17:26:10.417572
834638,000002.tar,000002,sucesso,34238,2026-01-08T17:26:10.417579
834639,000002.tar,000002,sucesso,31337,2026-01-08T17:26:10.417585
834640,000002.tar,000002,sucesso,31688,2026-01-08T17:26:10.417591
834641,000002.tar,000002,sucesso,35603,2026-01-08T17:26:10.417596
834642,000002.tar,000002,sucesso,34472,2026-01-08T17:26:10.417602
834643,000002.tar,000002,sucesso,32878,2026-01-08T17:26:10.417608
834644,000002.tar,000002,sucesso,33152,2026-01-08T17:26:10.417614
834646,000002.tar,000002,sucesso,25561,2026-01-08T17:26:10.417620
834649,000002.tar,000002,sucesso,32642,2026-01-08T17:26:10.417624
834657,000002.tar,000002,sucesso,34640,2026-01-08T17:26:10.417631
834659,000002.tar,000002,sucesso,31036,2026-01-08T17:26:10.417636
834660,000002.tar,000002,sucesso,31664,2026-01-08T17:26:10.417641
834661,000002.tar,000002,sucesso,34044,2026-01-08T17:26:10.417647
834662,000002.tar,000002,sucesso,36934,2026-01-08T17:26:10.417653
834663,000002.tar,000002,sucesso,34389,2026-01-08T17:26:10.417659
834664,000002.tar,000002,sucesso,43072,2026-01-08T17:26:10.417665
834665,000002.tar,000002,sucesso,36281,2026-01-08T17:26:10.417671
834666,000002.tar,000002,sucesso,33992,2026-01-08T17:26:10.417677
834667,000002.tar,000002,sucesso,44543,2026-01-08T17:26:10.417683
834668,000002.tar,000002,sucesso,39800,2026-01-08T17:26:10.417688
834669,000002.tar,000002,sucesso,39470,2026-01-08T17:26:10.417693
834673,000002.tar,000002,sucesso,39104,2026-01-08T17:26:10.417696
834674,000002.tar,000002,sucesso,38162,2026-01-08T17:26:10.417703
834675,000002.tar,000002,sucesso,30182,2026-01-08T17:26:10.417707
834676,000002.tar,000002,sucesso,34656,2026-01-08T17:26:10.417711
834677,000002.tar,000002,sucesso,32693,2026-01-08T17:26:10.417715
834680,000002.tar,000002,sucesso,36863,2026-01-08T17:26:10.417720
834681,000002.tar,000002,sucesso,32845,2026-01-08T17:26:10.417726
834682,000002.tar,000002,sucesso,38921,2026-01-08T17:26:10.417731
834683,000002.tar,000002,sucesso,33413,2026-01-08T17:26:10.417736
834684,000002.tar,000002,sucesso,32321,2026-01-08T17:26:10.417741
834685,000002.tar,000002,sucesso,32845,2026-01-08T17:26:10.417748
834686,000002.tar,000002,sucesso,30330,2026-01-08T17:26:10.417754
834687,000002.tar,000002,sucesso,29249,2026-01-08T17:26:10.417759
834688,000002.tar,000002,sucesso,31936,2026-01-08T17:26:10.417765
834689,000002.tar,000002,sucesso,36878,2026-01-08T17:26:10.417771
834692,000002.tar,000002,sucesso,41560,2026-01-08T17:26:10.417776
834696,000002.tar,000002,sucesso,35007,2026-01-08T17:26:10.417781
834697,000002.tar,000002,sucesso,44349,2026-01-08T17:26:10.417788
834698,000002.tar,000002,sucesso,40979,2026-01-08T17:26:10.417793
834699,000002.tar,000002,sucesso,42646,2026-01-08T17:26:10.417798
834700,000002.tar,000002,sucesso,50490,2026-01-08T17:26:10.417804
834701,000002.tar,000002,sucesso,32573,2026-01-08T17:26:10.417809
834702,000002.tar,000002,sucesso,37219,2026-01-08T17:26:10.417814
834703,000002.tar,000002,sucesso,35979,2026-01-08T17:26:10.417820
834704,000002.tar,000002,sucesso,47844,2026-01-08T17:26:10.417825
834705,000002.tar,000002,sucesso,31543,2026-01-08T17:26:10.417831
834706,000002.tar,000002,sucesso,53139,2026-01-08T17:26:10.417840
834707,000002.tar,000002,sucesso,23626,2026-01-08T17:26:10.417845
834708,000002.tar,000002,sucesso,26608,2026-01-08T17:26:10.417850
834709,000002.tar,000002,sucesso,34430,2026-01-08T17:26:10.417854
834710,000002.tar,000002,sucesso,23519,2026-01-08T17:26:10.417859
834711,000002.tar,000002,sucesso,25205,2026-01-08T17:26:10.417866
834712,000002.tar,000002,sucesso,23525,2026-01-08T17:26:10.417872
834713,000002.tar,000002,sucesso,28309,2026-01-08T17:26:10.417876
834714,000002.tar,000002,sucesso,27180,2026-01-08T17:26:10.417880
834715,000002.tar,000002,sucesso,23844,2026-01-08T17:26:10.417883
834716,000002.tar,000002,sucesso,29116,2026-01-08T17:26:10.417888
834717,000002.tar,000002,sucesso,26469,2026-01-08T17:26:10.417900
834718,000002.tar,000002,sucesso,32144,2026-01-08T17:26:10.417905
834719,000002.tar,000002,sucesso,42683,2026-01-08T17:26:10.417910
834720,000002.tar,000002,sucesso,42843,2026-01-08T17:26:10.417917
834721,000002.tar,000002,sucesso,31046,2026-01-08T17:26:10.417922
834722,000002.tar,000002,sucesso,46050,2026-01-08T17:26:10.417928
834723,000002.tar,000002,falha,0,2026-01-08T17:26:10.417994
834724,000002.tar,000002,sucesso,47379,2026-01-08T17:26:10.417998
834725,000002.tar,000002,sucesso,37863,2026-01-08T17:26:10.418003
834726,000002.tar,000002,sucesso,41565,2026-01-08T17:26:10.418010
834727,000002.tar,000002,sucesso,44920,2026-01-08T17:26:10.418015
834728,000002.tar,000002,sucesso,35399,2026-01-08T17:26:10.418020
834729,000002.tar,000002,sucesso,30920,2026-01-08T17:26:10.418025
834730,000002.tar,000002,sucesso,30889,2026-01-08T17:26:10.418029
834731,000002.tar,000002,sucesso,28303,2026-01-08T17:26:10.418033
834732,000002.tar,000002,sucesso,33546,2026-01-08T17:26:10.418038
834733,000002.tar,000002,sucesso,30629,2026-01-08T17:26:10.418042
834734,000002.tar,000002,sucesso,36605,2026-01-08T17:26:10.418049
834735,000002.tar,000002,sucesso,37275,2026-01-08T17:26:10.418054
834736,000002.tar,000002,sucesso,20906,2026-01-08T17:26:10.418060
834737,000002.tar,000002,sucesso,25907,2026-01-08T17:26:10.418065
834738,000002.tar,000002,sucesso,50026,2026-01-08T17:26:10.418071
834739,000002.tar,000002,sucesso,34292,2026-01-08T17:26:10.418077
834740,000002.tar,000002,sucesso,28744,2026-01-08T17:26:10.418083
834741,000002.tar,000002,sucesso,32038,2026-01-08T17:26:10.418090
834742,000002.tar,000002,sucesso,29308,2026-01-08T17:26:10.418095
834743,000002.tar,000002,sucesso,28928,2026-01-08T17:26:10.418100
834744,000002.tar,000002,sucesso,28892,2026-01-08T17:26:10.418106
834745,000002.tar,000002,sucesso,39319,2026-01-08T17:26:10.418111
834746,000002.tar,000002,sucesso,31271,2026-01-08T17:26:10.418118
834747,000002.tar,000002,sucesso,37350,2026-01-08T17:26:10.418123
834748,000002.tar,000002,sucesso,37470,2026-01-08T17:26:10.418128
834749,000002.tar,000002,sucesso,44907,2026-01-08T17:26:10.418135
834750,000002.tar,000002,sucesso,37319,2026-01-08T17:26:10.418141
834751,000002.tar,000002,sucesso,39751,2026-01-08T17:26:10.418146
834752,000002.tar,000002,sucesso,38171,2026-01-08T17:26:10.418152
834753,000002.tar,000002,sucesso,32295,2026-01-08T17:26:10.418158
834754,000002.tar,000002,sucesso,25961,2026-01-08T17:26:10.418164
834755,000002.tar,000002,sucesso,34232,2026-01-08T17:26:10.418174
834756,000002.tar,000002,sucesso,37525,2026-01-08T17:26:10.418178
834757,000002.tar,000002,sucesso,38848,2026-01-08T17:26:10.418182
834758,000002.tar,000002,sucesso,33970,2026-01-08T17:26:10.418186
834759,000002.tar,000002,sucesso,33483,2026-01-08T17:26:10.418190
834760,000002.tar,000002,sucesso,40355,2026-01-08T17:26:10.418195
834761,000002.tar,000002,sucesso,33277,2026-01-08T17:26:10.418199
834762,000002.tar,000002,sucesso,26038,2026-01-08T17:26:10.418203
834763,000002.tar,000002,sucesso,31718,2026-01-08T17:26:10.418206
834764,000002.tar,000002,sucesso,38907,2026-01-08T17:26:10.418210
834765,000002.tar,000002,sucesso,28977,2026-01-08T17:26:10.418214
834766,000002.tar,000002,sucesso,28492,2026-01-08T17:26:10.418218
834767,000002.tar,000002,sucesso,32918,2026-01-08T17:26:10.418221
834768,000002.tar,000002,sucesso,26029,2026-01-08T17:26:10.418225
834769,000002.tar,000002,sucesso,27114,2026-01-08T17:26:10.418229
834770,000002.tar,000002,sucesso,26016,2026-01-08T17:26:10.418232
834771,000002.tar,000002,sucesso,24664,2026-01-08T17:26:10.418237
834773,000002.tar,000002,sucesso,31242,2026-01-08T17:26:10.418241
834775,000002.tar,000002,sucesso,38578,2026-01-08T17:26:10.418245
834776,000002.tar,000002,sucesso,31078,2026-01-08T17:26:10.418251
834778,000002.tar,000002,sucesso,31867,2026-01-08T17:26:10.418256
834781,000002.tar,000002,sucesso,33544,2026-01-08T17:26:10.418261
834782,000002.tar,000002,sucesso,29987,2026-01-08T17:26:10.418266
834783,000002.tar,000002,sucesso,25676,2026-01-08T17:26:10.418271
834784,000002.tar,000002,sucesso,29756,2026-01-08T17:26:10.418276
834785,000002.tar,000002,sucesso,46796,2026-01-08T17:26:10.418282
834786,000002.tar,000002,sucesso,32149,2026-01-08T17:26:10.418287
834787,000002.tar,000002,sucesso,30380,2026-01-08T17:26:10.418293
834788,000002.tar,000002,sucesso,30040,2026-01-08T17:26:10.418299
834789,000002.tar,000002,sucesso,28634,2026-01-08T17:26:10.418304
834790,000002.tar,000002,sucesso,26426,2026-01-08T17:26:10.418310
834791,000002.tar,000002,sucesso,24494,2026-01-08T17:26:10.418315
834792,000002.tar,000002,sucesso,35913,2026-01-08T17:26:10.418321
834793,000002.tar,000002,sucesso,33084,2026-01-08T17:26:10.418325
834794,000002.tar,000002,sucesso,32814,2026-01-08T17:26:10.418329
834795,000002.tar,000002,sucesso,28279,2026-01-08T17:26:10.418334
834796,000002.tar,000002,sucesso,36110,2026-01-08T17:26:10.418339
834797,000002.tar,000002,sucesso,32718,2026-01-08T17:26:10.418344
834798,000002.tar,000002,sucesso,32672,2026-01-08T17:26:10.418347
834799,000002.tar,000002,sucesso,41068,2026-01-08T17:26:10.418351
834800,000002.tar,000002,sucesso,38243,2026-01-08T17:26:10.418354
834801,000002.tar,000002,sucesso,39356,2026-01-08T17:26:10.418357
834802,000002.tar,000002,sucesso,36603,2026-01-08T17:26:10.418361
834803,000002.tar,000002,sucesso,35652,2026-01-08T17:26:10.418365
834804,000002.tar,000002,sucesso,32822,2026-01-08T17:26:10.418369
834805,000002.tar,000002,sucesso,37163,2026-01-08T17:26:10.418373
834806,000002.tar,000002,sucesso,29991,2026-01-08T17:26:10.418376
834807,000002.tar,000002,sucesso,35003,2026-01-08T17:26:10.418380
834808,000002.tar,000002,sucesso,37399,2026-01-08T17:26:10.418384
834809,000002.tar,000002,sucesso,39601,2026-01-08T17:26:10.418388
834810,000002.tar,000002,sucesso,36952,2026-01-08T17:26:10.418392
834811,000002.tar,000002,sucesso,34770,2026-01-08T17:26:10.418396
834812,000002.tar,000002,sucesso,34823,2026-01-08T17:26:10.418400
834813,000002.tar,000002,sucesso,28599,2026-01-08T17:26:10.418403
834817,000002.tar,000002,sucesso,35033,2026-01-08T17:26:10.418406
834818,000002.tar,000002,sucesso,29430,2026-01-08T17:26:10.418410
834819,000002.tar,000002,sucesso,28820,2026-01-08T17:26:10.418414
834820,000002.tar,000002,sucesso,23482,2026-01-08T17:26:10.418420
834821,000002.tar,000002,sucesso,39103,2026-01-08T17:26:10.418424
834822,000002.tar,000002,sucesso,41572,2026-01-08T17:26:10.418428
834823,000002.tar,000002,sucesso,39287,2026-01-08T17:26:10.418432
834824,000002.tar,000002,sucesso,34954,2026-01-08T17:26:10.418436
834825,000002.tar,000002,sucesso,38762,2026-01-08T17:26:10.418440
834826,000002.tar,000002,sucesso,51177,2026-01-08T17:26:10.418444
834827,000002.tar,000002,sucesso,39714,2026-01-08T17:26:10.418449
834828,000002.tar,000002,sucesso,35113,2026-01-08T17:26:10.418453
834829,000002.tar,000002,sucesso,45033,2026-01-08T17:26:10.418457
834830,000002.tar,000002,sucesso,34967,2026-01-08T17:26:10.418463
834831,000002.tar,000002,sucesso,30823,2026-01-08T17:26:10.418468
834832,000002.tar,000002,sucesso,43886,2026-01-08T17:26:10.418475
834833,000002.tar,000002,sucesso,35052,2026-01-08T17:26:10.418480
834834,000002.tar,000002,sucesso,37970,2026-01-08T17:26:10.418488
834835,000002.tar,000002,sucesso,40519,2026-01-08T17:26:10.418494
834836,000002.tar,000002,sucesso,36657,2026-01-08T17:26:10.418499
834837,000002.tar,000002,sucesso,33570,2026-01-08T17:26:10.418506
834838,000002.tar,000002,sucesso,28361,2026-01-08T17:26:10.418510
834839,000002.tar,000002,sucesso,34135,2026-01-08T17:26:10.418515
834840,000002.tar,000002,sucesso,32208,2026-01-08T17:26:10.418521
834841,000002.tar,000002,sucesso,34720,2026-01-08T17:26:10.418526
834842,000002.tar,000002,sucesso,36752,2026-01-08T17:26:10.418531
834843,000002.tar,000002,sucesso,26584,2026-01-08T17:26:10.418536
834844,000002.tar,000002,sucesso,24252,2026-01-08T17:26:10.418541
834845,000002.tar,000002,sucesso,29272,2026-01-08T17:26:10.418545
834846,000002.tar,000002,sucesso,30197,2026-01-08T17:26:10.418551
834847,000002.tar,000002,sucesso,26393,2026-01-08T17:26:10.418556
834848,000002.tar,000002,sucesso,27500,2026-01-08T17:26:10.418561
834849,000002.tar,000002,sucesso,30978,2026-01-08T17:26:10.418567
834850,000002.tar,000002,sucesso,26759,2026-01-08T17:26:10.418573
834851,000002.tar,000002,sucesso,35143,2026-01-08T17:26:10.418579
834852,000002.tar,000002,sucesso,38121,2026-01-08T17:26:10.418584
834854,000002.tar,000002,sucesso,46421,2026-01-08T17:26:10.418590
834858,000002.tar,000002,sucesso,26566,2026-01-08T17:26:10.418596
834859,000002.tar,000002,sucesso,41066,2026-01-08T17:26:10.418601
834860,000002.tar,000002,sucesso,40591,2026-01-08T17:26:10.418608
834861,000002.tar,000002,sucesso,34734,2026-01-08T17:26:10.418613
834862,000002.tar,000002,sucesso,35557,2026-01-08T17:26:10.418618
834863,000002.tar,000002,sucesso,39361,2026-01-08T17:26:10.418623
834866,000002.tar,000002,sucesso,33324,2026-01-08T17:26:10.418629
834870,000002.tar,000002,sucesso,27193,2026-01-08T17:26:10.418633
834872,000002.tar,000002,sucesso,32249,2026-01-08T17:26:10.418638
834873,000002.tar,000002,sucesso,25353,2026-01-08T17:26:10.418644
834874,000002.tar,000002,sucesso,42827,2026-01-08T17:26:10.418649
834875,000002.tar,000002,sucesso,29096,2026-01-08T17:26:10.418654
834876,000002.tar,000002,sucesso,32492,2026-01-08T17:26:10.418661
834877,000002.tar,000002,sucesso,54712,2026-01-08T17:26:10.418666
834878,000002.tar,000002,sucesso,41182,2026-01-08T17:26:10.418675
834879,000002.tar,000002,sucesso,39559,2026-01-08T17:26:10.418682
834880,000002.tar,000002,sucesso,40684,2026-01-08T17:26:10.418689
834881,000002.tar,000002,sucesso,43745,2026-01-08T17:26:10.418695
834882,000002.tar,000002,sucesso,31768,2026-01-08T17:26:10.418700
834883,000002.tar,000002,sucesso,39617,2026-01-08T17:26:10.418706
834884,000002.tar,000002,sucesso,39880,2026-01-08T17:26:10.418711
834885,000002.tar,000002,sucesso,36097,2026-01-08T17:26:10.418717
834886,000002.tar,000002,sucesso,28162,2026-01-08T17:26:10.418723
834887,000002.tar,000002,sucesso,35631,2026-01-08T17:26:10.418727
834888,000002.tar,000002,sucesso,37958,2026-01-08T17:26:10.418734
834889,000002.tar,000002,sucesso,37126,2026-01-08T17:26:10.418739
834890,000002.tar,000002,sucesso,35885,2026-01-08T17:26:10.418745
834891,000002.tar,000002,sucesso,40016,2026-01-08T17:26:10.418749
834892,000002.tar,000002,sucesso,43019,2026-01-08T17:26:10.418754
834893,000002.tar,000002,sucesso,38848,2026-01-08T17:26:10.418760
834894,000002.tar,000002,sucesso,36751,2026-01-08T17:26:10.418766
834895,000002.tar,000002,sucesso,44898,2026-01-08T17:26:10.418771
834896,000002.tar,000002,sucesso,31811,2026-01-08T17:26:10.418777
834897,000002.tar,000002,sucesso,28627,2026-01-08T17:26:10.418783
834898,000002.tar,000002,sucesso,54065,2026-01-08T17:26:10.418788
834899,000002.tar,000002,sucesso,29634,2026-01-08T17:26:10.418794
834900,000002.tar,000002,sucesso,35112,2026-01-08T17:26:10.418800
834901,000002.tar,000002,sucesso,25636,2026-01-08T17:26:10.418806
834902,000002.tar,000002,sucesso,26665,2026-01-08T17:26:10.418812
834903,000002.tar,000002,sucesso,38539,2026-01-08T17:26:10.418818
834904,000002.tar,000002,sucesso,32040,2026-01-08T17:26:10.418823
834905,000002.tar,000002,sucesso,34804,2026-01-08T17:26:10.418828
834906,000002.tar,000002,sucesso,35250,2026-01-08T17:26:10.418834
834907,000002.tar,000002,sucesso,29480,2026-01-08T17:26:10.418839
834908,000002.tar,000002,sucesso,33721,2026-01-08T17:26:10.418845
834909,000002.tar,000002,sucesso,33377,2026-01-08T17:26:10.418850
834910,000002.tar,000002,sucesso,32854,2026-01-08T17:26:10.418856
834911,000002.tar,000002,sucesso,32331,2026-01-08T17:26:10.418861
834912,000002.tar,000002,sucesso,45078,2026-01-08T17:26:10.418867
834913,000002.tar,000002,sucesso,32480,2026-01-08T17:26:10.418873
834914,000002.tar,000002,sucesso,37649,2026-01-08T17:26:10.418879
834915,000002.tar,000002,sucesso,30176,2026-01-08T17:26:10.418884
834916,000002.tar,000002,sucesso,29012,2026-01-08T17:26:10.418889
834917,000002.tar,000002,sucesso,31204,2026-01-08T17:26:10.418898
834918,000002.tar,000002,sucesso,29742,2026-01-08T17:26:10.418904
834919,000002.tar,000002,sucesso,32214,2026-01-08T17:26:10.418910
834920,000002.tar,000002,sucesso,42539,2026-01-08T17:26:10.418915
834921,000002.tar,000002,sucesso,26527,2026-01-08T17:26:10.418921
834924,000002.tar,000002,sucesso,26717,2026-01-08T17:26:10.418926
834925,000002.tar,000002,sucesso,30784,2026-01-08T17:26:10.418933
834928,000002.tar,000002,sucesso,35929,2026-01-08T17:26:10.418937
834930,000002.tar,000002,sucesso,31100,2026-01-08T17:26:10.418941
834931,000002.tar,000002,sucesso,37491,2026-01-08T17:26:10.418945
834932,000002.tar,000002,sucesso,37648,2026-01-08T17:26:10.418949
834933,000002.tar,000002,sucesso,39230,2026-01-08T17:26:10.418953
834934,000002.tar,000002,sucesso,33900,2026-01-08T17:26:10.418957
834936,000002.tar,000002,sucesso,25353,2026-01-08T17:26:10.418961
834937,000002.tar,000002,sucesso,30261,2026-01-08T17:26:10.418965
834938,000002.tar,000002,sucesso,33675,2026-01-08T17:26:10.418972
834939,000002.tar,000002,sucesso,38280,2026-01-08T17:26:10.418975
834940,000002.tar,000002,sucesso,41865,2026-01-08T17:26:10.418981
834941,000002.tar,000002,sucesso,34863,2026-01-08T17:26:10.418988
834942,000002.tar,000002,sucesso,38768,2026-01-08T17:26:10.418991
834943,000002.tar,000002,sucesso,32667,2026-01-08T17:26:10.418995
834949,000002.tar,000002,sucesso,39861,2026-01-08T17:26:10.418998
834950,000002.tar,000002,sucesso,31221,2026-01-08T17:26:10.419002
834951,000002.tar,000002,sucesso,55548,2026-01-08T17:26:10.419005
834952,000002.tar,000002,sucesso,34230,2026-01-08T17:26:10.419009
834953,000002.tar,000002,sucesso,26456,2026-01-08T17:26:10.419015
834954,000002.tar,000002,sucesso,30235,2026-01-08T17:26:10.419022
834955,000002.tar,000002,sucesso,30112,2026-01-08T17:26:10.419026
834956,000002.tar,000002,sucesso,35095,2026-01-08T17:26:10.419031
834957,000002.tar,000002,sucesso,26790,2026-01-08T17:26:10.419036
834958,000002.tar,000002,sucesso,36800,2026-01-08T17:26:10.419041
834959,000002.tar,000002,sucesso,28288,2026-01-08T17:26:10.419047
834960,000002.tar,000002,sucesso,29486,2026-01-08T17:26:10.419053
834961,000002.tar,000002,sucesso,29963,2026-01-08T17:26:10.419058
834962,000002.tar,000002,sucesso,31494,2026-01-08T17:26:10.419063
834963,000002.tar,000002,sucesso,29611,2026-01-08T17:26:10.419071
834964,000002.tar,000002,sucesso,27607,2026-01-08T17:26:10.419076
834965,000002.tar,000002,sucesso,25442,2026-01-08T17:26:10.419083
834966,000002.tar,000002,sucesso,29300,2026-01-08T17:26:10.419086
834967,000002.tar,000002,sucesso,33918,2026-01-08T17:26:10.419090
834968,000002.tar,000002,sucesso,32613,2026-01-08T17:26:10.419094
834969,000002.tar,000002,sucesso,30502,2026-01-08T17:26:10.419098
834970,000002.tar,000002,sucesso,33310,2026-01-08T17:26:10.419101
834971,000002.tar,000002,sucesso,31894,2026-01-08T17:26:10.419105
834972,000002.tar,000002,sucesso,31901,2026-01-08T17:26:10.419108
834973,000002.tar,000002,sucesso,29048,2026-01-08T17:26:10.419112
834974,000002.tar,000002,sucesso,24503,2026-01-08T17:26:10.419116
834975,000002.tar,000002,sucesso,34099,2026-01-08T17:26:10.419120
834979,000002.tar,000002,sucesso,30929,2026-01-08T17:26:10.419125
834980,000002.tar,000002,sucesso,37113,2026-01-08T17:26:10.419129
834981,000002.tar,000002,falha,0,2026-01-08T17:26:10.419185
834982,000002.tar,000002,sucesso,35553,2026-01-08T17:26:10.419188
834983,000002.tar,000002,sucesso,50680,2026-01-08T17:26:10.419195
834984,000002.tar,000002,sucesso,41823,2026-01-08T17:26:10.419201
834985,000002.tar,000002,sucesso,29846,2026-01-08T17:26:10.419207
834986,000002.tar,000002,sucesso,31180,2026-01-08T17:26:10.419210
834987,000002.tar,000002,sucesso,34229,2026-01-08T17:26:10.419215
834988,000002.tar,000002,sucesso,34550,2026-01-08T17:26:10.419220
834989,000002.tar,000002,sucesso,35099,2026-01-08T17:26:10.419226
834990,000002.tar,000002,sucesso,38381,2026-01-08T17:26:10.419231
834991,000002.tar,000002,sucesso,42177,2026-01-08T17:26:10.419236
834992,000002.tar,000002,sucesso,30873,2026-01-08T17:26:10.419241
834993,000002.tar,000002,sucesso,36185,2026-01-08T17:26:10.419246
834994,000002.tar,000002,sucesso,31738,2026-01-08T17:26:10.419251
834995,000002.tar,000002,sucesso,41963,2026-01-08T17:26:10.419257
834996,000002.tar,000002,sucesso,34800,2026-01-08T17:26:10.419263
834997,000002.tar,000002,sucesso,29073,2026-01-08T17:26:10.419269
834998,000002.tar,000002,sucesso,35248,2026-01-08T17:26:10.419279
834999,000002.tar,000002,sucesso,36444,2026-01-08T17:26:10.419284
