Id_processo,processo_25,pagina_extraida,chunk_inserida,timestamp,status
0,N/A,4,0,2026-01-07T01:21:52.729091,ignorado
0,N/A,4,0,2026-01-07T01:21:52.756854,ignorado
0,N/A,4,0,2026-01-07T01:21:52.756876,ignorado
0,N/A,4,0,2026-01-07T01:21:52.756980,ignorado
0,N/A,4,0,2026-01-07T01:21:52.756989,ignorado
0,N/A,4,0,2026-01-07T01:21:52.757060,ignorado
0,0002837-40.2021.8.16.0044,5,0,2026-01-07T01:21:55.920847,ignorado
0,N/A,5,0,2026-01-07T01:21:55.920850,ignorado
0,N/A,5,0,2026-01-07T01:21:55.920858,ignorado
0,N/A,5,0,2026-01-07T01:21:55.920875,ignorado
0,N/A,5,0,2026-01-07T01:21:55.920883,ignorado
0,N/A,5,0,2026-01-07T01:21:55.920889,ignorado
0,N/A,5,0,2026-01-07T01:21:55.920896,ignorado
0,N/A,5,0,2026-01-07T01:21:55.920902,ignorado
0,N/A,5,0,2026-01-07T01:21:55.920908,ignorado
0,N/A,5,0,2026-01-07T01:21:55.920915,ignorado
0,N/A,5,0,2026-01-07T01:21:55.920921,ignorado
0,N/A,5,0,2026-01-07T01:21:55.920927,ignorado
0,N/A,5,0,2026-01-07T01:21:55.920934,ignorado
0,N/A,5,0,2026-01-07T01:21:55.920941,ignorado
0,N/A,5,0,2026-01-07T01:21:55.920947,ignorado
0,N/A,5,0,2026-01-07T01:21:55.920953,ignorado
0,N/A,5,0,2026-01-07T01:21:55.920959,ignorado
0,N/A,5,0,2026-01-07T01:21:55.920966,ignorado
0,N/A,5,0,2026-01-07T01:21:55.920972,ignorado
0,0000734-54.2019.8.16.0101,5,0,2026-01-07T01:21:55.920978,ignorado
0,0007805-31.2020.8.16.0018,5,0,2026-01-07T01:21:55.920982,ignorado
0,N/A,3,0,2026-01-07T01:21:56.755085,ignorado
0,N/A,3,0,2026-01-07T01:21:56.755123,ignorado
0,N/A,3,0,2026-01-07T01:21:56.755133,ignorado
0,N/A,3,0,2026-01-07T01:21:56.755141,ignorado
0,N/A,3,0,2026-01-07T01:21:56.755148,ignorado
0,N/A,3,0,2026-01-07T01:21:56.755155,ignorado
0,N/A,3,0,2026-01-07T01:21:56.755162,ignorado
0,N/A,3,0,2026-01-07T01:21:56.755168,ignorado
0,N/A,3,0,2026-01-07T01:21:56.755175,ignorado
0,N/A,3,0,2026-01-07T01:21:56.755181,ignorado
0,N/A,3,0,2026-01-07T01:21:56.755188,ignorado
0,N/A,3,0,2026-01-07T01:21:56.755195,ignorado
0,N/A,3,0,2026-01-07T01:21:56.755201,ignorado
0,N/A,3,0,2026-01-07T01:21:56.755208,ignorado
0,N/A,3,0,2026-01-07T01:21:56.755215,ignorado
0,N/A,3,0,2026-01-07T01:21:56.755221,ignorado
0,N/A,3,0,2026-01-07T01:21:56.755227,ignorado
0,N/A,3,0,2026-01-07T01:21:56.755233,ignorado
0,N/A,3,0,2026-01-07T01:21:56.755240,ignorado
0,N/A,3,0,2026-01-07T01:21:56.755246,ignorado
0,N/A,3,0,2026-01-07T01:21:56.755252,ignorado
0,N/A,3,0,2026-01-07T01:21:56.755259,ignorado
0,N/A,3,0,2026-01-07T01:21:56.755265,ignorado
0,N/A,3,0,2026-01-07T01:21:56.755272,ignorado
0,N/A,3,0,2026-01-07T01:21:56.755278,ignorado
0,N/A,3,0,2026-01-07T01:21:56.755284,ignorado
0,N/A,3,0,2026-01-07T01:21:56.755290,ignorado
0,N/A,3,0,2026-01-07T01:21:56.755296,ignorado
0,N/A,3,0,2026-01-07T01:21:56.755303,ignorado
0,N/A,3,0,2026-01-07T01:21:56.755309,ignorado
0,N/A,3,0,2026-01-07T01:21:56.755316,ignorado
0,N/A,3,0,2026-01-07T01:21:56.755322,ignorado
0,N/A,3,0,2026-01-07T01:21:56.755328,ignorado
0,N/A,3,0,2026-01-07T01:21:56.755334,ignorado
0,N/A,3,0,2026-01-07T01:21:56.755341,ignorado
0,N/A,3,0,2026-01-07T01:21:56.755347,ignorado
0,N/A,3,0,2026-01-07T01:21:56.755354,ignorado
0,N/A,3,0,2026-01-07T01:21:56.755360,ignorado
0,N/A,3,0,2026-01-07T01:21:56.755366,ignorado
0,N/A,3,0,2026-01-07T01:21:56.755372,ignorado
0,N/A,3,0,2026-01-07T01:21:56.755378,ignorado
0,N/A,3,0,2026-01-07T01:21:56.755385,ignorado
0,N/A,3,0,2026-01-07T01:21:56.755396,ignorado
0,N/A,2,0,2026-01-07T01:21:56.932259,ignorado
0,N/A,2,0,2026-01-07T01:21:56.932295,ignorado
0,N/A,2,0,2026-01-07T01:21:56.932304,ignorado
0,N/A,2,0,2026-01-07T01:21:56.932312,ignorado
0,N/A,2,0,2026-01-07T01:21:56.932318,ignorado
0,N/A,2,0,2026-01-07T01:21:56.932324,ignorado
0,N/A,2,0,2026-01-07T01:21:56.932331,ignorado
0,N/A,2,0,2026-01-07T01:21:56.932337,ignorado
0,N/A,2,0,2026-01-07T01:21:56.932344,ignorado
0,N/A,2,0,2026-01-07T01:21:56.932350,ignorado
0,N/A,2,0,2026-01-07T01:21:56.932356,ignorado
0,N/A,2,0,2026-01-07T01:21:56.932362,ignorado
0,N/A,2,0,2026-01-07T01:21:56.932368,ignorado
0,N/A,2,0,2026-01-07T01:21:56.932374,ignorado
0,N/A,2,0,2026-01-07T01:21:56.932380,ignorado
0,N/A,2,0,2026-01-07T01:21:56.932386,ignorado
0,N/A,2,0,2026-01-07T01:21:56.932392,ignorado
0,N/A,2,0,2026-01-07T01:21:56.932399,ignorado
0,N/A,2,0,2026-01-07T01:21:56.932405,ignorado
0,N/A,2,0,2026-01-07T01:21:56.932411,ignorado
0,N/A,2,0,2026-01-07T01:21:56.932417,ignorado
0,N/A,2,0,2026-01-07T01:21:56.932423,ignorado
0,N/A,2,0,2026-01-07T01:21:56.932429,ignorado
0,N/A,2,0,2026-01-07T01:21:56.932435,ignorado
0,N/A,2,0,2026-01-07T01:21:56.932441,ignorado
0,N/A,2,0,2026-01-07T01:21:56.932448,ignorado
0,N/A,2,0,2026-01-07T01:21:56.932454,ignorado
0,N/A,2,0,2026-01-07T01:21:56.932461,ignorado
0,N/A,2,0,2026-01-07T01:21:56.932467,ignorado
0,N/A,2,0,2026-01-07T01:21:56.932474,ignorado
0,N/A,2,0,2026-01-07T01:21:56.932480,ignorado
0,N/A,2,0,2026-01-07T01:21:56.932487,ignorado
0,N/A,2,0,2026-01-07T01:21:56.932494,ignorado
0,N/A,2,0,2026-01-07T01:21:56.932500,ignorado
0,N/A,2,0,2026-01-07T01:21:56.932506,ignorado
0,N/A,2,0,2026-01-07T01:21:56.932512,ignorado
0,N/A,2,0,2026-01-07T01:21:56.932518,ignorado
0,N/A,2,0,2026-01-07T01:21:56.932524,ignorado
0,N/A,2,0,2026-01-07T01:21:56.932531,ignorado
0,N/A,2,0,2026-01-07T01:21:56.932537,ignorado
0,N/A,2,0,2026-01-07T01:21:56.932543,ignorado
0,N/A,2,0,2026-01-07T01:21:56.932549,ignorado
0,N/A,2,0,2026-01-07T01:21:56.932555,ignorado
0,N/A,2,0,2026-01-07T01:21:56.932560,ignorado
0,N/A,2,0,2026-01-07T01:21:56.932566,ignorado
0,N/A,2,0,2026-01-07T01:21:56.932572,ignorado
0,N/A,2,0,2026-01-07T01:21:56.932579,ignorado
0,N/A,2,0,2026-01-07T01:21:56.932584,ignorado
0,N/A,2,0,2026-01-07T01:21:56.932590,ignorado
0,N/A,2,0,2026-01-07T01:21:56.932595,ignorado
0,N/A,1,0,2026-01-07T01:21:56.954073,ignorado
0,N/A,1,0,2026-01-07T01:21:56.954081,ignorado
0,N/A,1,0,2026-01-07T01:21:56.954119,ignorado
0,N/A,1,0,2026-01-07T01:21:56.954126,ignorado
0,N/A,1,0,2026-01-07T01:21:56.954136,ignorado
0,N/A,1,0,2026-01-07T01:21:56.954164,ignorado
0,N/A,1,0,2026-01-07T01:21:56.954198,ignorado
0,N/A,1,0,2026-01-07T01:21:56.954241,ignorado
0,N/A,1,0,2026-01-07T01:21:56.954247,ignorado
0,N/A,1,0,2026-01-07T01:21:56.954252,ignorado
0,N/A,1,0,2026-01-07T01:21:56.954258,ignorado
0,N/A,10,0,2026-01-07T01:22:00.762586,ignorado
0,N/A,10,0,2026-01-07T01:22:00.762595,ignorado
0,N/A,10,0,2026-01-07T01:22:00.762602,ignorado
0,N/A,10,0,2026-01-07T01:22:00.762609,ignorado
0,N/A,10,0,2026-01-07T01:22:00.762616,ignorado
0,N/A,10,0,2026-01-07T01:22:00.762623,ignorado
0,N/A,10,0,2026-01-07T01:22:00.762631,ignorado
0,N/A,10,0,2026-01-07T01:22:00.762637,ignorado
0,N/A,10,0,2026-01-07T01:22:00.762644,ignorado
0,N/A,10,0,2026-01-07T01:22:00.762651,ignorado
0,N/A,10,0,2026-01-07T01:22:00.762658,ignorado
0,N/A,10,0,2026-01-07T01:22:00.762664,ignorado
0,N/A,10,0,2026-01-07T01:22:00.762671,ignorado
0,N/A,10,0,2026-01-07T01:22:00.762678,ignorado
0,N/A,10,0,2026-01-07T01:22:00.762684,ignorado
0,N/A,10,0,2026-01-07T01:22:00.762691,ignorado
0,N/A,10,0,2026-01-07T01:22:00.762698,ignorado
0,N/A,10,0,2026-01-07T01:22:00.762705,ignorado
0,N/A,10,0,2026-01-07T01:22:00.762711,ignorado
0,N/A,10,0,2026-01-07T01:22:00.762718,ignorado
0,N/A,10,0,2026-01-07T01:22:00.762724,ignorado
0,N/A,10,0,2026-01-07T01:22:00.762731,ignorado
0,N/A,10,0,2026-01-07T01:22:00.762737,ignorado
0,N/A,10,0,2026-01-07T01:22:00.762744,ignorado
0,N/A,10,0,2026-01-07T01:22:00.762750,ignorado
0,N/A,10,0,2026-01-07T01:22:00.762761,ignorado
0,N/A,10,0,2026-01-07T01:22:00.762768,ignorado
0,N/A,10,0,2026-01-07T01:22:00.762774,ignorado
0,N/A,10,0,2026-01-07T01:22:00.762789,ignorado
0,N/A,10,0,2026-01-07T01:22:00.762795,ignorado
0,N/A,10,0,2026-01-07T01:22:00.762821,ignorado
0,N/A,10,0,2026-01-07T01:22:00.762828,ignorado
0,N/A,10,0,2026-01-07T01:22:00.794697,ignorado
0,N/A,11,0,2026-01-07T01:22:11.054014,ignorado
0,N/A,11,0,2026-01-07T01:22:11.054032,ignorado
0,N/A,11,0,2026-01-07T01:22:11.054039,ignorado
0,N/A,11,0,2026-01-07T01:22:11.054053,ignorado
0,N/A,11,0,2026-01-07T01:22:11.054067,ignorado
0,N/A,11,0,2026-01-07T01:22:11.054084,ignorado
0,N/A,11,0,2026-01-07T01:22:11.054133,ignorado
0,N/A,18,0,2026-01-07T01:22:14.696168,ignorado
0,N/A,18,0,2026-01-07T01:22:14.696204,ignorado
0,N/A,18,0,2026-01-07T01:22:14.696214,ignorado
0,N/A,18,0,2026-01-07T01:22:14.696222,ignorado
0,N/A,18,0,2026-01-07T01:22:14.696229,ignorado
0,N/A,18,0,2026-01-07T01:22:14.696236,ignorado
0,N/A,18,0,2026-01-07T01:22:14.696242,ignorado
0,N/A,18,0,2026-01-07T01:22:14.696249,ignorado
0,N/A,18,0,2026-01-07T01:22:14.696256,ignorado
0,N/A,18,0,2026-01-07T01:22:14.696263,ignorado
0,N/A,18,0,2026-01-07T01:22:14.696270,ignorado
0,N/A,18,0,2026-01-07T01:22:14.696276,ignorado
0,N/A,18,0,2026-01-07T01:22:14.696283,ignorado
0,N/A,18,0,2026-01-07T01:22:14.696289,ignorado
0,N/A,18,0,2026-01-07T01:22:14.696295,ignorado
0,N/A,18,0,2026-01-07T01:22:14.696302,ignorado
0,N/A,18,0,2026-01-07T01:22:14.696316,ignorado
0,N/A,18,0,2026-01-07T01:22:14.696322,ignorado
0,N/A,18,0,2026-01-07T01:22:14.696329,ignorado
0,N/A,18,0,2026-01-07T01:22:14.696336,ignorado
0,0032695-27.2020.8.16.0182,18,0,2026-01-07T01:22:14.696342,ignorado
0,0002341-41.2021.8.16.0034,18,0,2026-01-07T01:22:14.696346,ignorado
0,N/A,18,0,2026-01-07T01:22:14.696349,ignorado
0,N/A,18,0,2026-01-07T01:22:14.696356,ignorado
0,N/A,18,0,2026-01-07T01:22:14.696363,ignorado
0,N/A,18,0,2026-01-07T01:22:14.696370,ignorado
0,N/A,18,0,2026-01-07T01:22:14.696376,ignorado
0,N/A,18,0,2026-01-07T01:22:14.696402,ignorado
0,N/A,18,0,2026-01-07T01:22:14.696410,ignorado
0,N/A,18,0,2026-01-07T01:22:14.696417,ignorado
0,N/A,18,0,2026-01-07T01:22:14.696425,ignorado
0,N/A,18,0,2026-01-07T01:22:14.696432,ignorado
0,N/A,18,0,2026-01-07T01:22:14.696438,ignorado
0,N/A,18,0,2026-01-07T01:22:14.696445,ignorado
0,N/A,18,0,2026-01-07T01:22:14.696452,ignorado
0,N/A,18,0,2026-01-07T01:22:14.696458,ignorado
0,N/A,18,0,2026-01-07T01:22:14.696465,ignorado
0,N/A,18,0,2026-01-07T01:22:14.696471,ignorado
0,N/A,18,0,2026-01-07T01:22:14.696477,ignorado
0,N/A,18,0,2026-01-07T01:22:14.696483,ignorado
0,N/A,18,0,2026-01-07T01:22:14.696489,ignorado
0,N/A,18,0,2026-01-07T01:22:14.696496,ignorado
0,N/A,18,0,2026-01-07T01:22:14.696502,ignorado
0,N/A,18,0,2026-01-07T01:22:14.696508,ignorado
0,N/A,17,0,2026-01-07T01:22:16.334646,ignorado
0,N/A,17,0,2026-01-07T01:22:16.334684,ignorado
0,N/A,17,0,2026-01-07T01:22:16.334695,ignorado
0,N/A,17,0,2026-01-07T01:22:16.334704,ignorado
0,N/A,17,0,2026-01-07T01:22:16.334711,ignorado
0,N/A,17,0,2026-01-07T01:22:16.334718,ignorado
0,N/A,17,0,2026-01-07T01:22:16.334726,ignorado
0,N/A,17,0,2026-01-07T01:22:16.334732,ignorado
0,N/A,17,0,2026-01-07T01:22:16.334739,ignorado
0,N/A,17,0,2026-01-07T01:22:16.334746,ignorado
0,N/A,17,0,2026-01-07T01:22:16.334753,ignorado
0,N/A,17,0,2026-01-07T01:22:16.334759,ignorado
0,N/A,17,0,2026-01-07T01:22:16.334766,ignorado
0,N/A,17,0,2026-01-07T01:22:16.334772,ignorado
0,N/A,17,0,2026-01-07T01:22:16.334779,ignorado
0,N/A,17,0,2026-01-07T01:22:16.334785,ignorado
0,N/A,17,0,2026-01-07T01:22:16.334792,ignorado
0,N/A,17,0,2026-01-07T01:22:16.334798,ignorado
0,N/A,17,0,2026-01-07T01:22:16.334805,ignorado
0,N/A,17,0,2026-01-07T01:22:16.334812,ignorado
0,N/A,17,0,2026-01-07T01:22:16.334818,ignorado
0,N/A,17,0,2026-01-07T01:22:16.334825,ignorado
0,N/A,17,0,2026-01-07T01:22:16.334831,ignorado
0,N/A,17,0,2026-01-07T01:22:16.334837,ignorado
0,N/A,17,0,2026-01-07T01:22:16.334843,ignorado
0,N/A,17,0,2026-01-07T01:22:16.334849,ignorado
0,N/A,17,0,2026-01-07T01:22:16.334856,ignorado
0,N/A,17,0,2026-01-07T01:22:16.334862,ignorado
0,N/A,17,0,2026-01-07T01:22:16.334869,ignorado
0,N/A,17,0,2026-01-07T01:22:16.334875,ignorado
0,N/A,17,0,2026-01-07T01:22:16.334882,ignorado
0,N/A,17,0,2026-01-07T01:22:16.334888,ignorado
0,N/A,17,0,2026-01-07T01:22:16.334896,ignorado
0,N/A,17,0,2026-01-07T01:22:16.334902,ignorado
0,N/A,17,0,2026-01-07T01:22:16.334908,ignorado
0,N/A,17,0,2026-01-07T01:22:16.334915,ignorado
0,N/A,17,0,2026-01-07T01:22:16.334922,ignorado
0,N/A,17,0,2026-01-07T01:22:16.334928,ignorado
0,N/A,17,0,2026-01-07T01:22:16.334935,ignorado
0,N/A,17,0,2026-01-07T01:22:16.334941,ignorado
0,N/A,17,0,2026-01-07T01:22:16.334948,ignorado
0,N/A,17,0,2026-01-07T01:22:16.334954,ignorado
0,N/A,17,0,2026-01-07T01:22:16.334960,ignorado
0,N/A,17,0,2026-01-07T01:22:16.334966,ignorado
0,N/A,17,0,2026-01-07T01:22:16.334973,ignorado
0,N/A,17,0,2026-01-07T01:22:16.334979,ignorado
0,N/A,17,0,2026-01-07T01:22:16.334985,ignorado
0,N/A,17,0,2026-01-07T01:22:16.334991,ignorado
0,N/A,17,0,2026-01-07T01:22:16.334997,ignorado
0,N/A,17,0,2026-01-07T01:22:16.335003,ignorado
0,N/A,16,0,2026-01-07T01:22:16.822734,ignorado
0,N/A,16,0,2026-01-07T01:22:16.822742,ignorado
0,N/A,16,0,2026-01-07T01:22:16.822749,ignorado
0,N/A,16,0,2026-01-07T01:22:16.822757,ignorado
0,N/A,16,0,2026-01-07T01:22:16.822763,ignorado
0,N/A,20,0,2026-01-07T01:22:16.909774,ignorado
0,N/A,20,0,2026-01-07T01:22:16.909804,ignorado
0,N/A,20,0,2026-01-07T01:22:16.909814,ignorado
0,N/A,20,0,2026-01-07T01:22:16.909822,ignorado
0,N/A,20,0,2026-01-07T01:22:16.909829,ignorado
0,N/A,20,0,2026-01-07T01:22:16.909836,ignorado
0,N/A,20,0,2026-01-07T01:22:16.909848,ignorado
0,N/A,20,0,2026-01-07T01:22:16.909855,ignorado
0,N/A,20,0,2026-01-07T01:22:16.909862,ignorado
0,N/A,20,0,2026-01-07T01:22:16.909869,ignorado
0,N/A,20,0,2026-01-07T01:22:16.909876,ignorado
0,N/A,20,0,2026-01-07T01:22:16.909883,ignorado
0,N/A,20,0,2026-01-07T01:22:16.909889,ignorado
0,N/A,20,0,2026-01-07T01:22:16.909895,ignorado
0,N/A,20,0,2026-01-07T01:22:16.909902,ignorado
0,N/A,20,0,2026-01-07T01:22:16.909909,ignorado
0,N/A,20,0,2026-01-07T01:22:16.909915,ignorado
0,N/A,20,0,2026-01-07T01:22:16.909922,ignorado
0,N/A,20,0,2026-01-07T01:22:16.909928,ignorado
0,N/A,20,0,2026-01-07T01:22:16.909934,ignorado
0,N/A,20,0,2026-01-07T01:22:16.909941,ignorado
0,N/A,20,0,2026-01-07T01:22:16.909947,ignorado
0,N/A,20,0,2026-01-07T01:22:16.909953,ignorado
0,N/A,20,0,2026-01-07T01:22:16.909959,ignorado
0,N/A,20,0,2026-01-07T01:22:16.909966,ignorado
0,N/A,20,0,2026-01-07T01:22:16.909972,ignorado
0,N/A,20,0,2026-01-07T01:22:16.909978,ignorado
0,N/A,20,0,2026-01-07T01:22:16.909984,ignorado
0,N/A,20,0,2026-01-07T01:22:16.909991,ignorado
0,N/A,20,0,2026-01-07T01:22:16.909997,ignorado
0,N/A,20,0,2026-01-07T01:22:16.910003,ignorado
0,N/A,20,0,2026-01-07T01:22:16.910009,ignorado
0,N/A,20,0,2026-01-07T01:22:16.910015,ignorado
0,N/A,20,0,2026-01-07T01:22:16.910021,ignorado
0,N/A,20,0,2026-01-07T01:22:16.910027,ignorado
0,N/A,20,0,2026-01-07T01:22:16.910033,ignorado
0,N/A,20,0,2026-01-07T01:22:16.910039,ignorado
0,N/A,20,0,2026-01-07T01:22:16.910049,ignorado
0,N/A,20,0,2026-01-07T01:22:16.910055,ignorado
0,N/A,20,0,2026-01-07T01:22:16.910061,ignorado
0,N/A,20,0,2026-01-07T01:22:16.910067,ignorado
0,N/A,20,0,2026-01-07T01:22:16.910073,ignorado
0,N/A,20,0,2026-01-07T01:22:16.910079,ignorado
0,N/A,20,0,2026-01-07T01:22:16.910085,ignorado
0,N/A,20,0,2026-01-07T01:22:16.910091,ignorado
0,N/A,20,0,2026-01-07T01:22:16.910096,ignorado
0,N/A,20,0,2026-01-07T01:22:16.910102,ignorado
0,N/A,20,0,2026-01-07T01:22:16.910108,ignorado
0,N/A,19,0,2026-01-07T01:22:17.453511,ignorado
0,N/A,19,0,2026-01-07T01:22:17.453548,ignorado
0,N/A,19,0,2026-01-07T01:22:17.453557,ignorado
0,N/A,19,0,2026-01-07T01:22:17.453564,ignorado
0,N/A,19,0,2026-01-07T01:22:17.453571,ignorado
0,N/A,19,0,2026-01-07T01:22:17.453587,ignorado
0,N/A,19,0,2026-01-07T01:22:17.453593,ignorado
0,N/A,19,0,2026-01-07T01:22:17.453600,ignorado
0,N/A,19,0,2026-01-07T01:22:17.453607,ignorado
0,N/A,19,0,2026-01-07T01:22:17.453613,ignorado
0,N/A,19,0,2026-01-07T01:22:17.453619,ignorado
0,N/A,19,0,2026-01-07T01:22:17.453626,ignorado
0,N/A,19,0,2026-01-07T01:22:17.453632,ignorado
0,N/A,19,0,2026-01-07T01:22:17.453638,ignorado
0,N/A,19,0,2026-01-07T01:22:17.453648,ignorado
0,N/A,19,0,2026-01-07T01:22:17.453655,ignorado
0,N/A,19,0,2026-01-07T01:22:17.453661,ignorado
0,N/A,19,0,2026-01-07T01:22:17.453668,ignorado
0,N/A,19,0,2026-01-07T01:22:17.453678,ignorado
0,N/A,19,0,2026-01-07T01:22:17.453684,ignorado
0,N/A,19,0,2026-01-07T01:22:17.453694,ignorado
0,N/A,19,0,2026-01-07T01:22:17.453701,ignorado
0,N/A,19,0,2026-01-07T01:22:17.453725,ignorado
0,N/A,19,0,2026-01-07T01:22:17.453731,ignorado
0,N/A,19,0,2026-01-07T01:22:17.453737,ignorado
0,N/A,19,0,2026-01-07T01:22:17.453743,ignorado
0,N/A,19,0,2026-01-07T01:22:17.453753,ignorado
0,N/A,19,0,2026-01-07T01:22:17.453759,ignorado
0,N/A,19,0,2026-01-07T01:22:17.453765,ignorado
0,N/A,19,0,2026-01-07T01:22:17.453771,ignorado
0,N/A,19,0,2026-01-07T01:22:17.453777,ignorado
0,N/A,19,0,2026-01-07T01:22:17.453784,ignorado
0,N/A,19,0,2026-01-07T01:22:17.453790,ignorado
0,N/A,19,0,2026-01-07T01:22:17.453796,ignorado
0,N/A,19,0,2026-01-07T01:22:17.453802,ignorado
0,N/A,19,0,2026-01-07T01:22:17.453809,ignorado
0,N/A,19,0,2026-01-07T01:22:17.453815,ignorado
0,N/A,19,0,2026-01-07T01:22:17.453821,ignorado
0,N/A,21,0,2026-01-07T01:22:18.718638,ignorado
0,N/A,21,0,2026-01-07T01:22:18.718676,ignorado
0,N/A,21,0,2026-01-07T01:22:18.718686,ignorado
0,N/A,21,0,2026-01-07T01:22:18.718694,ignorado
0,N/A,21,0,2026-01-07T01:22:18.718702,ignorado
0,N/A,21,0,2026-01-07T01:22:18.718709,ignorado
0,N/A,21,0,2026-01-07T01:22:18.718715,ignorado
0,N/A,21,0,2026-01-07T01:22:18.718722,ignorado
0,N/A,21,0,2026-01-07T01:22:18.718728,ignorado
0,N/A,21,0,2026-01-07T01:22:18.718735,ignorado
0,N/A,21,0,2026-01-07T01:22:18.718742,ignorado
0,N/A,21,0,2026-01-07T01:22:18.718748,ignorado
0,N/A,21,0,2026-01-07T01:22:18.718755,ignorado
0,N/A,21,0,2026-01-07T01:22:18.718761,ignorado
0,N/A,21,0,2026-01-07T01:22:18.718768,ignorado
0,N/A,21,0,2026-01-07T01:22:18.718774,ignorado
0,N/A,21,0,2026-01-07T01:22:18.718781,ignorado
0,N/A,21,0,2026-01-07T01:22:18.718787,ignorado
0,N/A,21,0,2026-01-07T01:22:18.718794,ignorado
0,N/A,21,0,2026-01-07T01:22:18.718800,ignorado
0,N/A,21,0,2026-01-07T01:22:18.718806,ignorado
0,N/A,21,0,2026-01-07T01:22:18.718813,ignorado
0,N/A,21,0,2026-01-07T01:22:18.718820,ignorado
0,N/A,21,0,2026-01-07T01:22:18.718827,ignorado
0,N/A,21,0,2026-01-07T01:22:18.718833,ignorado
0,N/A,21,0,2026-01-07T01:22:18.718840,ignorado
0,N/A,21,0,2026-01-07T01:22:18.718846,ignorado
0,N/A,21,0,2026-01-07T01:22:18.718853,ignorado
0,N/A,21,0,2026-01-07T01:22:18.718859,ignorado
0,N/A,21,0,2026-01-07T01:22:18.718865,ignorado
0,N/A,21,0,2026-01-07T01:22:18.718872,ignorado
0,N/A,21,0,2026-01-07T01:22:18.718878,ignorado
0,N/A,21,0,2026-01-07T01:22:18.718885,ignorado
0,N/A,21,0,2026-01-07T01:22:18.718896,ignorado
0,N/A,21,0,2026-01-07T01:22:18.718903,ignorado
0,N/A,21,0,2026-01-07T01:22:18.718909,ignorado
0,N/A,21,0,2026-01-07T01:22:18.718916,ignorado
0,N/A,21,0,2026-01-07T01:22:18.718922,ignorado
0,N/A,21,0,2026-01-07T01:22:18.718929,ignorado
0,N/A,21,0,2026-01-07T01:22:18.718934,ignorado
0,N/A,21,0,2026-01-07T01:22:18.718940,ignorado
0,N/A,21,0,2026-01-07T01:22:18.718946,ignorado
0,N/A,21,0,2026-01-07T01:22:18.718952,ignorado
0,N/A,21,0,2026-01-07T01:22:18.718958,ignorado
0,N/A,21,0,2026-01-07T01:22:18.718963,ignorado
0,N/A,21,0,2026-01-07T01:22:18.718969,ignorado
0,N/A,21,0,2026-01-07T01:22:18.718976,ignorado
0,N/A,21,0,2026-01-07T01:22:18.718982,ignorado
0,N/A,21,0,2026-01-07T01:22:18.718988,ignorado
0,N/A,22,0,2026-01-07T01:22:24.939234,ignorado
0,N/A,22,0,2026-01-07T01:22:24.939275,ignorado
0,N/A,22,0,2026-01-07T01:22:24.939285,ignorado
0,N/A,22,0,2026-01-07T01:22:24.939293,ignorado
0,N/A,22,0,2026-01-07T01:22:24.939300,ignorado
0,N/A,22,0,2026-01-07T01:22:24.939307,ignorado
0,N/A,22,0,2026-01-07T01:22:24.939314,ignorado
0,N/A,22,0,2026-01-07T01:22:24.939321,ignorado
0,N/A,22,0,2026-01-07T01:22:24.939327,ignorado
0,N/A,22,0,2026-01-07T01:22:24.939334,ignorado
0,N/A,22,0,2026-01-07T01:22:24.939341,ignorado
0,N/A,22,0,2026-01-07T01:22:24.939348,ignorado
0,N/A,22,0,2026-01-07T01:22:24.939361,ignorado
0,N/A,22,0,2026-01-07T01:22:24.939367,ignorado
0,N/A,22,0,2026-01-07T01:22:24.939374,ignorado
0,N/A,22,0,2026-01-07T01:22:24.939385,ignorado
0,N/A,22,0,2026-01-07T01:22:24.939391,ignorado
0,N/A,22,0,2026-01-07T01:22:24.939398,ignorado
0,N/A,22,0,2026-01-07T01:22:24.939404,ignorado
0,N/A,22,0,2026-01-07T01:22:24.939410,ignorado
0,N/A,22,0,2026-01-07T01:22:24.939416,ignorado
0,N/A,22,0,2026-01-07T01:22:24.939423,ignorado
0,N/A,22,0,2026-01-07T01:22:24.939429,ignorado
0,N/A,22,0,2026-01-07T01:22:24.939436,ignorado
0,N/A,22,0,2026-01-07T01:22:24.939443,ignorado
0,N/A,22,0,2026-01-07T01:22:24.939449,ignorado
0,N/A,22,0,2026-01-07T01:22:24.939455,ignorado
0,N/A,22,0,2026-01-07T01:22:24.939462,ignorado
0,N/A,22,0,2026-01-07T01:22:24.939468,ignorado
0,N/A,22,0,2026-01-07T01:22:24.939474,ignorado
0,N/A,29,0,2026-01-07T01:22:28.830501,ignorado
0,N/A,29,0,2026-01-07T01:22:28.830543,ignorado
0,N/A,29,0,2026-01-07T01:22:28.830554,ignorado
0,N/A,29,0,2026-01-07T01:22:28.830562,ignorado
0,N/A,29,0,2026-01-07T01:22:28.830570,ignorado
0,N/A,29,0,2026-01-07T01:22:28.830577,ignorado
0,N/A,29,0,2026-01-07T01:22:28.830585,ignorado
0,N/A,29,0,2026-01-07T01:22:28.830592,ignorado
0,N/A,29,0,2026-01-07T01:22:28.830598,ignorado
0,N/A,29,0,2026-01-07T01:22:28.830605,ignorado
0,N/A,29,0,2026-01-07T01:22:28.830612,ignorado
0,N/A,29,0,2026-01-07T01:22:28.830619,ignorado
0,N/A,29,0,2026-01-07T01:22:28.830626,ignorado
0,N/A,29,0,2026-01-07T01:22:28.830633,ignorado
0,N/A,29,0,2026-01-07T01:22:28.830639,ignorado
0,N/A,29,0,2026-01-07T01:22:28.830646,ignorado
0,N/A,29,0,2026-01-07T01:22:28.830652,ignorado
0,N/A,29,0,2026-01-07T01:22:28.830659,ignorado
0,N/A,29,0,2026-01-07T01:22:28.830666,ignorado
0,N/A,29,0,2026-01-07T01:22:28.830672,ignorado
0,N/A,29,0,2026-01-07T01:22:28.830679,ignorado
0,N/A,29,0,2026-01-07T01:22:28.830686,ignorado
0,N/A,29,0,2026-01-07T01:22:28.830693,ignorado
0,N/A,29,0,2026-01-07T01:22:28.830700,ignorado
0,N/A,29,0,2026-01-07T01:22:28.830706,ignorado
0,N/A,29,0,2026-01-07T01:22:28.830712,ignorado
0,N/A,29,0,2026-01-07T01:22:28.830719,ignorado
0,N/A,29,0,2026-01-07T01:22:28.830726,ignorado
0,N/A,29,0,2026-01-07T01:22:28.830732,ignorado
0,N/A,29,0,2026-01-07T01:22:28.830739,ignorado
0,N/A,29,0,2026-01-07T01:22:28.830746,ignorado
0,N/A,29,0,2026-01-07T01:22:28.830753,ignorado
0,N/A,29,0,2026-01-07T01:22:28.830760,ignorado
0,N/A,29,0,2026-01-07T01:22:28.830767,ignorado
0,N/A,29,0,2026-01-07T01:22:28.830773,ignorado
0,N/A,29,0,2026-01-07T01:22:28.830780,ignorado
0,N/A,29,0,2026-01-07T01:22:28.830786,ignorado
0,N/A,29,0,2026-01-07T01:22:28.830793,ignorado
0,N/A,29,0,2026-01-07T01:22:28.830799,ignorado
0,N/A,29,0,2026-01-07T01:22:28.830806,ignorado
0,N/A,29,0,2026-01-07T01:22:28.830812,ignorado
0,N/A,29,0,2026-01-07T01:22:28.830825,ignorado
0,N/A,29,0,2026-01-07T01:22:28.830831,ignorado
0,N/A,29,0,2026-01-07T01:22:28.830838,ignorado
0,N/A,29,0,2026-01-07T01:22:28.830845,ignorado
0,N/A,29,0,2026-01-07T01:22:28.830853,ignorado
0,N/A,29,0,2026-01-07T01:22:28.830860,ignorado
0,N/A,29,0,2026-01-07T01:22:28.830866,ignorado
0,N/A,29,0,2026-01-07T01:22:28.830872,ignorado
0,0020940-06.2020.8.16.0182,27,0,2026-01-07T01:22:29.035646,ignorado
0,N/A,27,0,2026-01-07T01:22:29.035649,ignorado
0,N/A,27,0,2026-01-07T01:22:29.035657,ignorado
0,N/A,27,0,2026-01-07T01:22:29.035665,ignorado
0,N/A,27,0,2026-01-07T01:22:29.035672,ignorado
0,N/A,27,0,2026-01-07T01:22:29.035679,ignorado
0,N/A,27,0,2026-01-07T01:22:29.035685,ignorado
0,N/A,27,0,2026-01-07T01:22:29.035691,ignorado
0,N/A,27,0,2026-01-07T01:22:29.035698,ignorado
0,N/A,27,0,2026-01-07T01:22:29.035705,ignorado
0,N/A,27,0,2026-01-07T01:22:29.035712,ignorado
0,N/A,27,0,2026-01-07T01:22:29.035718,ignorado
0,N/A,27,0,2026-01-07T01:22:29.035725,ignorado
0,N/A,27,0,2026-01-07T01:22:29.035732,ignorado
0,N/A,27,0,2026-01-07T01:22:29.035739,ignorado
0,N/A,27,0,2026-01-07T01:22:29.035746,ignorado
0,N/A,27,0,2026-01-07T01:22:29.035752,ignorado
0,N/A,27,0,2026-01-07T01:22:29.035759,ignorado
0,N/A,27,0,2026-01-07T01:22:29.035766,ignorado
0,N/A,27,0,2026-01-07T01:22:29.035772,ignorado
0,N/A,27,0,2026-01-07T01:22:29.035779,ignorado
0,N/A,27,0,2026-01-07T01:22:29.035786,ignorado
0,N/A,27,0,2026-01-07T01:22:29.035792,ignorado
0,N/A,27,0,2026-01-07T01:22:29.035799,ignorado
0,N/A,27,0,2026-01-07T01:22:29.035805,ignorado
0,N/A,27,0,2026-01-07T01:22:29.035812,ignorado
0,N/A,27,0,2026-01-07T01:22:29.035819,ignorado
0,N/A,27,0,2026-01-07T01:22:29.035825,ignorado
0,N/A,27,0,2026-01-07T01:22:29.035831,ignorado
0,N/A,27,0,2026-01-07T01:22:29.035838,ignorado
0,N/A,27,0,2026-01-07T01:22:29.035844,ignorado
0,N/A,27,0,2026-01-07T01:22:29.035851,ignorado
0,N/A,27,0,2026-01-07T01:22:29.035857,ignorado
0,N/A,27,0,2026-01-07T01:22:29.035864,ignorado
0,N/A,27,0,2026-01-07T01:22:29.035870,ignorado
0,N/A,26,0,2026-01-07T01:22:29.240273,ignorado
0,N/A,28,0,2026-01-07T01:22:29.275359,ignorado
0,N/A,28,0,2026-01-07T01:22:29.275387,ignorado
0,N/A,28,0,2026-01-07T01:22:29.275402,ignorado
0,N/A,28,0,2026-01-07T01:22:29.275415,ignorado
0,N/A,28,0,2026-01-07T01:22:29.275428,ignorado
0,N/A,28,0,2026-01-07T01:22:29.275435,ignorado
0,N/A,28,0,2026-01-07T01:22:29.275442,ignorado
0,N/A,28,0,2026-01-07T01:22:29.275449,ignorado
0,N/A,28,0,2026-01-07T01:22:29.275456,ignorado
0,N/A,28,0,2026-01-07T01:22:29.275463,ignorado
0,N/A,28,0,2026-01-07T01:22:29.275469,ignorado
0,N/A,28,0,2026-01-07T01:22:29.275476,ignorado
0,N/A,28,0,2026-01-07T01:22:29.275482,ignorado
0,N/A,28,0,2026-01-07T01:22:29.275489,ignorado
0,N/A,28,0,2026-01-07T01:22:29.275496,ignorado
0,N/A,28,0,2026-01-07T01:22:29.275502,ignorado
0,N/A,28,0,2026-01-07T01:22:29.275508,ignorado
0,N/A,28,0,2026-01-07T01:22:29.275515,ignorado
0,N/A,28,0,2026-01-07T01:22:29.275521,ignorado
0,N/A,28,0,2026-01-07T01:22:29.275528,ignorado
0,N/A,28,0,2026-01-07T01:22:29.275534,ignorado
0,N/A,28,0,2026-01-07T01:22:29.275540,ignorado
0,N/A,28,0,2026-01-07T01:22:29.275547,ignorado
0,N/A,28,0,2026-01-07T01:22:29.275553,ignorado
0,N/A,28,0,2026-01-07T01:22:29.275560,ignorado
0,N/A,28,0,2026-01-07T01:22:29.275566,ignorado
0,N/A,28,0,2026-01-07T01:22:29.275572,ignorado
0,N/A,28,0,2026-01-07T01:22:29.275578,ignorado
0,N/A,28,0,2026-01-07T01:22:29.275585,ignorado
0,N/A,28,0,2026-01-07T01:22:29.275591,ignorado
0,N/A,28,0,2026-01-07T01:22:29.275597,ignorado
0,N/A,28,0,2026-01-07T01:22:29.275604,ignorado
0,N/A,28,0,2026-01-07T01:22:29.275610,ignorado
0,N/A,28,0,2026-01-07T01:22:29.275616,ignorado
0,N/A,28,0,2026-01-07T01:22:29.275622,ignorado
0,N/A,28,0,2026-01-07T01:22:29.275627,ignorado
0,N/A,28,0,2026-01-07T01:22:29.275633,ignorado
0,N/A,28,0,2026-01-07T01:22:29.275640,ignorado
0,N/A,28,0,2026-01-07T01:22:29.275647,ignorado
0,N/A,28,0,2026-01-07T01:22:29.275653,ignorado
0,N/A,28,0,2026-01-07T01:22:29.275659,ignorado
0,N/A,28,0,2026-01-07T01:22:29.275666,ignorado
0,N/A,28,0,2026-01-07T01:22:29.275672,ignorado
0,N/A,28,0,2026-01-07T01:22:29.275678,ignorado
0,N/A,28,0,2026-01-07T01:22:29.275684,ignorado
0,N/A,28,0,2026-01-07T01:22:29.275690,ignorado
0,N/A,28,0,2026-01-07T01:22:29.275697,ignorado
0,N/A,28,0,2026-01-07T01:22:29.275703,ignorado
0,N/A,28,0,2026-01-07T01:22:29.275709,ignorado
0,N/A,28,0,2026-01-07T01:22:29.275715,ignorado
0,N/A,23,0,2026-01-07T01:22:29.472567,ignorado
0,N/A,30,0,2026-01-07T01:22:30.530692,ignorado
0,N/A,30,0,2026-01-07T01:22:30.530733,ignorado
0,N/A,30,0,2026-01-07T01:22:30.530743,ignorado
0,N/A,30,0,2026-01-07T01:22:30.530770,ignorado
0,N/A,30,0,2026-01-07T01:22:30.530804,ignorado
0,N/A,30,0,2026-01-07T01:22:30.530811,ignorado
0,N/A,30,0,2026-01-07T01:22:30.530817,ignorado
0,N/A,30,0,2026-01-07T01:22:30.530823,ignorado
0,N/A,30,0,2026-01-07T01:22:30.530829,ignorado
0,N/A,30,0,2026-01-07T01:22:30.530835,ignorado
0,N/A,30,0,2026-01-07T01:22:30.530841,ignorado
0,N/A,30,0,2026-01-07T01:22:30.530847,ignorado
0,N/A,30,0,2026-01-07T01:22:30.530853,ignorado
0,N/A,30,0,2026-01-07T01:22:30.530860,ignorado
0,N/A,30,0,2026-01-07T01:22:30.530866,ignorado
0,N/A,30,0,2026-01-07T01:22:30.530873,ignorado
0,N/A,30,0,2026-01-07T01:22:30.530880,ignorado
0,N/A,30,0,2026-01-07T01:22:30.530886,ignorado
0,N/A,30,0,2026-01-07T01:22:30.530893,ignorado
0,N/A,30,0,2026-01-07T01:22:30.530899,ignorado
0,N/A,30,0,2026-01-07T01:22:30.530905,ignorado
0,N/A,30,0,2026-01-07T01:22:30.530911,ignorado
0,N/A,30,0,2026-01-07T01:22:30.530918,ignorado
0,N/A,30,0,2026-01-07T01:22:30.530924,ignorado
0,N/A,30,0,2026-01-07T01:22:30.530931,ignorado
0,N/A,30,0,2026-01-07T01:22:30.530938,ignorado
0,N/A,30,0,2026-01-07T01:22:30.530944,ignorado
0,N/A,30,0,2026-01-07T01:22:30.530950,ignorado
0,N/A,30,0,2026-01-07T01:22:30.530956,ignorado
0,N/A,30,0,2026-01-07T01:22:30.530963,ignorado
0,N/A,30,0,2026-01-07T01:22:30.530969,ignorado
0,N/A,30,0,2026-01-07T01:22:30.530975,ignorado
0,N/A,30,0,2026-01-07T01:22:30.530981,ignorado
0,N/A,30,0,2026-01-07T01:22:30.530987,ignorado
0,N/A,30,0,2026-01-07T01:22:30.530993,ignorado
0,N/A,30,0,2026-01-07T01:22:30.531000,ignorado
0,N/A,30,0,2026-01-07T01:22:30.531005,ignorado
0,N/A,30,0,2026-01-07T01:22:30.531012,ignorado
0,N/A,30,0,2026-01-07T01:22:30.531018,ignorado
0,N/A,32,0,2026-01-07T01:22:32.311469,ignorado
0,N/A,32,0,2026-01-07T01:22:32.311505,ignorado
0,N/A,32,0,2026-01-07T01:22:32.311515,ignorado
0,N/A,32,0,2026-01-07T01:22:32.311523,ignorado
0,N/A,32,0,2026-01-07T01:22:32.311530,ignorado
0,N/A,32,0,2026-01-07T01:22:32.311536,ignorado
0,N/A,32,0,2026-01-07T01:22:32.311543,ignorado
0,N/A,32,0,2026-01-07T01:22:32.311551,ignorado
0,N/A,32,0,2026-01-07T01:22:32.311558,ignorado
0,N/A,32,0,2026-01-07T01:22:32.311564,ignorado
0,N/A,32,0,2026-01-07T01:22:32.311571,ignorado
0,N/A,32,0,2026-01-07T01:22:32.311577,ignorado
0,N/A,32,0,2026-01-07T01:22:32.311584,ignorado
0,N/A,32,0,2026-01-07T01:22:32.311591,ignorado
0,N/A,32,0,2026-01-07T01:22:32.311598,ignorado
0,N/A,32,0,2026-01-07T01:22:32.311604,ignorado
0,N/A,32,0,2026-01-07T01:22:32.311611,ignorado
0,N/A,32,0,2026-01-07T01:22:32.311618,ignorado
0,N/A,32,0,2026-01-07T01:22:32.311624,ignorado
0,N/A,32,0,2026-01-07T01:22:32.311630,ignorado
0,N/A,32,0,2026-01-07T01:22:32.311636,ignorado
0,N/A,32,0,2026-01-07T01:22:32.311643,ignorado
0,N/A,32,0,2026-01-07T01:22:32.311649,ignorado
0,N/A,32,0,2026-01-07T01:22:32.311655,ignorado
0,N/A,32,0,2026-01-07T01:22:32.311662,ignorado
0,N/A,32,0,2026-01-07T01:22:32.311669,ignorado
0,N/A,32,0,2026-01-07T01:22:32.311675,ignorado
0,N/A,32,0,2026-01-07T01:22:32.311682,ignorado
0,N/A,32,0,2026-01-07T01:22:32.311693,ignorado
0,N/A,32,0,2026-01-07T01:22:32.311700,ignorado
0,N/A,32,0,2026-01-07T01:22:32.311706,ignorado
0,N/A,32,0,2026-01-07T01:22:32.311713,ignorado
0,N/A,32,0,2026-01-07T01:22:32.311719,ignorado
0,N/A,32,0,2026-01-07T01:22:32.311725,ignorado
0,N/A,32,0,2026-01-07T01:22:32.311731,ignorado
0,N/A,32,0,2026-01-07T01:22:32.311737,ignorado
0,N/A,32,0,2026-01-07T01:22:32.311744,ignorado
0,N/A,32,0,2026-01-07T01:22:32.311750,ignorado
0,N/A,32,0,2026-01-07T01:22:32.311756,ignorado
0,N/A,32,0,2026-01-07T01:22:32.311762,ignorado
0,N/A,32,0,2026-01-07T01:22:32.311769,ignorado
0,N/A,32,0,2026-01-07T01:22:32.311774,ignorado
0,N/A,32,0,2026-01-07T01:22:32.311780,ignorado
0,N/A,32,0,2026-01-07T01:22:32.311786,ignorado
0,N/A,32,0,2026-01-07T01:22:32.311793,ignorado
0,N/A,32,0,2026-01-07T01:22:32.311799,ignorado
0,N/A,32,0,2026-01-07T01:22:32.311805,ignorado
0,N/A,32,0,2026-01-07T01:22:32.311811,ignorado
0,N/A,32,0,2026-01-07T01:22:32.311817,ignorado
0,N/A,31,0,2026-01-07T01:22:32.866196,ignorado
0,N/A,31,0,2026-01-07T01:22:32.866236,ignorado
0,N/A,31,0,2026-01-07T01:22:32.866251,ignorado
0,N/A,31,0,2026-01-07T01:22:32.866264,ignorado
0,N/A,31,0,2026-01-07T01:22:32.866278,ignorado
0,N/A,31,0,2026-01-07T01:22:32.866291,ignorado
0,N/A,31,0,2026-01-07T01:22:32.866299,ignorado
0,N/A,31,0,2026-01-07T01:22:32.866306,ignorado
0,N/A,31,0,2026-01-07T01:22:32.866313,ignorado
0,N/A,31,0,2026-01-07T01:22:32.866319,ignorado
0,N/A,31,0,2026-01-07T01:22:32.866326,ignorado
0,N/A,31,0,2026-01-07T01:22:32.866332,ignorado
0,N/A,31,0,2026-01-07T01:22:32.866339,ignorado
0,N/A,31,0,2026-01-07T01:22:32.866355,ignorado
0,N/A,31,0,2026-01-07T01:22:32.866362,ignorado
0,N/A,31,0,2026-01-07T01:22:32.866369,ignorado
0,N/A,31,0,2026-01-07T01:22:32.866376,ignorado
0,N/A,31,0,2026-01-07T01:22:32.866382,ignorado
0,N/A,31,0,2026-01-07T01:22:32.866388,ignorado
0,N/A,31,0,2026-01-07T01:22:32.866394,ignorado
0,N/A,31,0,2026-01-07T01:22:32.866401,ignorado
0,N/A,31,0,2026-01-07T01:22:32.866407,ignorado
0,N/A,31,0,2026-01-07T01:22:32.866414,ignorado
0,N/A,31,0,2026-01-07T01:22:32.866420,ignorado
0,N/A,31,0,2026-01-07T01:22:32.866426,ignorado
0,N/A,31,0,2026-01-07T01:22:32.866433,ignorado
0,N/A,31,0,2026-01-07T01:22:32.866440,ignorado
0,N/A,31,0,2026-01-07T01:22:32.866446,ignorado
0,N/A,31,0,2026-01-07T01:22:32.866457,ignorado
0,N/A,31,0,2026-01-07T01:22:32.866463,ignorado
0,N/A,31,0,2026-01-07T01:22:32.866469,ignorado
0,N/A,31,0,2026-01-07T01:22:32.866475,ignorado
0,N/A,31,0,2026-01-07T01:22:32.866481,ignorado
0,N/A,31,0,2026-01-07T01:22:32.866487,ignorado
0,N/A,31,0,2026-01-07T01:22:32.866494,ignorado
0,N/A,31,0,2026-01-07T01:22:32.866500,ignorado
0,N/A,31,0,2026-01-07T01:22:32.866506,ignorado
0,N/A,31,0,2026-01-07T01:22:32.866512,ignorado
0,N/A,31,0,2026-01-07T01:22:32.866518,ignorado
0,N/A,31,0,2026-01-07T01:22:32.866524,ignorado
0,N/A,31,0,2026-01-07T01:22:32.866530,ignorado
0,N/A,31,0,2026-01-07T01:22:32.866537,ignorado
0,N/A,31,0,2026-01-07T01:22:32.866543,ignorado
0,N/A,31,0,2026-01-07T01:22:32.866549,ignorado
0,N/A,31,0,2026-01-07T01:22:32.866555,ignorado
0,N/A,31,0,2026-01-07T01:22:32.866561,ignorado
0,N/A,31,0,2026-01-07T01:22:32.866567,ignorado
0,N/A,33,0,2026-01-07T01:22:43.455566,ignorado
0,N/A,33,0,2026-01-07T01:22:43.455602,ignorado
0,N/A,33,0,2026-01-07T01:22:43.455612,ignorado
0,N/A,33,0,2026-01-07T01:22:43.455620,ignorado
0,N/A,33,0,2026-01-07T01:22:43.455627,ignorado
0,N/A,33,0,2026-01-07T01:22:43.455633,ignorado
0,N/A,33,0,2026-01-07T01:22:43.455639,ignorado
0,N/A,33,0,2026-01-07T01:22:43.455645,ignorado
0,N/A,33,0,2026-01-07T01:22:43.455651,ignorado
0,N/A,33,0,2026-01-07T01:22:43.455657,ignorado
0,N/A,33,0,2026-01-07T01:22:43.455663,ignorado
0,N/A,33,0,2026-01-07T01:22:43.455669,ignorado
0,N/A,33,0,2026-01-07T01:22:43.455676,ignorado
0,N/A,33,0,2026-01-07T01:22:43.455682,ignorado
0,N/A,33,0,2026-01-07T01:22:43.455688,ignorado
0,N/A,33,0,2026-01-07T01:22:43.455695,ignorado
0,N/A,33,0,2026-01-07T01:22:43.455701,ignorado
0,N/A,33,0,2026-01-07T01:22:43.455706,ignorado
0,N/A,33,0,2026-01-07T01:22:43.455712,ignorado
0,N/A,33,0,2026-01-07T01:22:43.455718,ignorado
0,N/A,33,0,2026-01-07T01:22:43.455724,ignorado
0,N/A,33,0,2026-01-07T01:22:43.455730,ignorado
0,N/A,33,0,2026-01-07T01:22:43.455736,ignorado
0,N/A,33,0,2026-01-07T01:22:43.455741,ignorado
0,N/A,33,0,2026-01-07T01:22:43.455747,ignorado
0,N/A,33,0,2026-01-07T01:22:43.455753,ignorado
0,N/A,33,0,2026-01-07T01:22:43.455759,ignorado
0,N/A,33,0,2026-01-07T01:22:43.455765,ignorado
0,N/A,33,0,2026-01-07T01:22:43.455770,ignorado
0,N/A,33,0,2026-01-07T01:22:43.455777,ignorado
0,N/A,33,0,2026-01-07T01:22:43.455782,ignorado
0,N/A,33,0,2026-01-07T01:22:43.455788,ignorado
0,N/A,33,0,2026-01-07T01:22:43.455794,ignorado
0,N/A,33,0,2026-01-07T01:22:43.455800,ignorado
0,N/A,33,0,2026-01-07T01:22:43.455806,ignorado
0,N/A,33,0,2026-01-07T01:22:43.455812,ignorado
0,N/A,33,0,2026-01-07T01:22:43.455823,ignorado
0,N/A,33,0,2026-01-07T01:22:43.455829,ignorado
0,N/A,33,0,2026-01-07T01:22:43.455836,ignorado
0,N/A,33,0,2026-01-07T01:22:43.455842,ignorado
0,N/A,33,0,2026-01-07T01:22:43.455848,ignorado
0,N/A,33,0,2026-01-07T01:22:43.455854,ignorado
0,N/A,33,0,2026-01-07T01:22:43.455860,ignorado
0,N/A,33,0,2026-01-07T01:22:43.455865,ignorado
0,N/A,33,0,2026-01-07T01:22:43.455871,ignorado
0,N/A,33,0,2026-01-07T01:22:43.455877,ignorado
0,N/A,33,0,2026-01-07T01:22:43.455883,ignorado
0,N/A,33,0,2026-01-07T01:22:43.455888,ignorado
0,N/A,33,0,2026-01-07T01:22:43.455894,ignorado
0,N/A,34,0,2026-01-07T01:22:44.894925,ignorado
0,N/A,34,0,2026-01-07T01:22:44.894963,ignorado
0,N/A,34,0,2026-01-07T01:22:44.894974,ignorado
0,N/A,34,0,2026-01-07T01:22:44.894982,ignorado
0,N/A,34,0,2026-01-07T01:22:44.894989,ignorado
0,N/A,34,0,2026-01-07T01:22:44.894995,ignorado
0,N/A,34,0,2026-01-07T01:22:44.895002,ignorado
0,N/A,34,0,2026-01-07T01:22:44.895008,ignorado
0,N/A,34,0,2026-01-07T01:22:44.895015,ignorado
0,N/A,34,0,2026-01-07T01:22:44.895021,ignorado
0,N/A,34,0,2026-01-07T01:22:44.895028,ignorado
0,N/A,34,0,2026-01-07T01:22:44.895034,ignorado
0,N/A,34,0,2026-01-07T01:22:44.895040,ignorado
0,N/A,34,0,2026-01-07T01:22:44.895046,ignorado
0,N/A,34,0,2026-01-07T01:22:44.895053,ignorado
0,N/A,34,0,2026-01-07T01:22:44.895059,ignorado
0,N/A,34,0,2026-01-07T01:22:44.895065,ignorado
0,N/A,34,0,2026-01-07T01:22:44.895071,ignorado
0,N/A,34,0,2026-01-07T01:22:44.895077,ignorado
0,N/A,34,0,2026-01-07T01:22:44.895083,ignorado
0,N/A,34,0,2026-01-07T01:22:44.895090,ignorado
0,N/A,34,0,2026-01-07T01:22:44.895096,ignorado
0,N/A,34,0,2026-01-07T01:22:44.895102,ignorado
0,N/A,34,0,2026-01-07T01:22:44.895108,ignorado
0,N/A,34,0,2026-01-07T01:22:44.895114,ignorado
0,N/A,34,0,2026-01-07T01:22:44.895120,ignorado
0,N/A,34,0,2026-01-07T01:22:44.895127,ignorado
0,N/A,34,0,2026-01-07T01:22:44.895133,ignorado
0,N/A,34,0,2026-01-07T01:22:44.895138,ignorado
0,N/A,34,0,2026-01-07T01:22:44.895144,ignorado
0,N/A,34,0,2026-01-07T01:22:44.895151,ignorado
0,N/A,34,0,2026-01-07T01:22:44.895157,ignorado
0,N/A,34,0,2026-01-07T01:22:44.895163,ignorado
0,N/A,34,0,2026-01-07T01:22:44.895169,ignorado
0,N/A,34,0,2026-01-07T01:22:44.895176,ignorado
0,N/A,34,0,2026-01-07T01:22:44.895181,ignorado
0,N/A,34,0,2026-01-07T01:22:44.895188,ignorado
0,N/A,34,0,2026-01-07T01:22:44.895193,ignorado
0,N/A,34,0,2026-01-07T01:22:44.895200,ignorado
0,N/A,34,0,2026-01-07T01:22:44.895206,ignorado
0,N/A,34,0,2026-01-07T01:22:44.895212,ignorado
0,N/A,34,0,2026-01-07T01:22:44.895218,ignorado
0,N/A,34,0,2026-01-07T01:22:44.895224,ignorado
0,N/A,34,0,2026-01-07T01:22:44.895230,ignorado
0,N/A,34,0,2026-01-07T01:22:44.895236,ignorado
0,N/A,34,0,2026-01-07T01:22:44.895243,ignorado
0,N/A,34,0,2026-01-07T01:22:44.895250,ignorado
0,N/A,34,0,2026-01-07T01:22:44.895256,ignorado
0,N/A,34,0,2026-01-07T01:22:44.895262,ignorado
0,N/A,34,0,2026-01-07T01:22:44.895267,ignorado
0,N/A,35,0,2026-01-07T01:22:45.911754,ignorado
0,N/A,35,0,2026-01-07T01:22:45.911788,ignorado
0,N/A,35,0,2026-01-07T01:22:45.911798,ignorado
0,N/A,35,0,2026-01-07T01:22:45.911806,ignorado
0,N/A,35,0,2026-01-07T01:22:45.911813,ignorado
0,N/A,35,0,2026-01-07T01:22:45.911820,ignorado
0,N/A,35,0,2026-01-07T01:22:45.911826,ignorado
0,N/A,35,0,2026-01-07T01:22:45.911832,ignorado
0,N/A,35,0,2026-01-07T01:22:45.911838,ignorado
0,N/A,35,0,2026-01-07T01:22:45.911846,ignorado
0,N/A,35,0,2026-01-07T01:22:45.911852,ignorado
0,N/A,35,0,2026-01-07T01:22:45.911858,ignorado
0,N/A,35,0,2026-01-07T01:22:45.911864,ignorado
0,N/A,35,0,2026-01-07T01:22:45.911871,ignorado
0,N/A,35,0,2026-01-07T01:22:45.911877,ignorado
0,N/A,35,0,2026-01-07T01:22:45.911883,ignorado
0,N/A,35,0,2026-01-07T01:22:45.911889,ignorado
0,N/A,35,0,2026-01-07T01:22:45.911895,ignorado
0,N/A,35,0,2026-01-07T01:22:45.911901,ignorado
0,N/A,35,0,2026-01-07T01:22:45.911907,ignorado
0,N/A,35,0,2026-01-07T01:22:45.911913,ignorado
0,N/A,35,0,2026-01-07T01:22:45.911920,ignorado
0,N/A,35,0,2026-01-07T01:22:45.911926,ignorado
0,N/A,35,0,2026-01-07T01:22:45.911932,ignorado
0,N/A,35,0,2026-01-07T01:22:45.911938,ignorado
0,N/A,35,0,2026-01-07T01:22:45.911943,ignorado
0,N/A,35,0,2026-01-07T01:22:45.911949,ignorado
0,N/A,35,0,2026-01-07T01:22:45.911955,ignorado
0,N/A,35,0,2026-01-07T01:22:45.911961,ignorado
0,N/A,35,0,2026-01-07T01:22:45.911967,ignorado
0,N/A,35,0,2026-01-07T01:22:45.911977,ignorado
0,N/A,35,0,2026-01-07T01:22:45.911984,ignorado
0,N/A,35,0,2026-01-07T01:22:45.911991,ignorado
0,N/A,35,0,2026-01-07T01:22:45.911997,ignorado
0,N/A,35,0,2026-01-07T01:22:45.912003,ignorado
0,N/A,35,0,2026-01-07T01:22:45.912009,ignorado
0,N/A,35,0,2026-01-07T01:22:45.912015,ignorado
0,N/A,35,0,2026-01-07T01:22:45.912021,ignorado
0,N/A,35,0,2026-01-07T01:22:45.912027,ignorado
0,N/A,35,0,2026-01-07T01:22:45.912033,ignorado
0,N/A,35,0,2026-01-07T01:22:45.912038,ignorado
0,N/A,35,0,2026-01-07T01:22:45.912044,ignorado
0,N/A,35,0,2026-01-07T01:22:45.912050,ignorado
0,N/A,35,0,2026-01-07T01:22:45.912055,ignorado
1417999,0076775-06.2021.8.16.0000,4,1,2026-01-07T01:22:59.341037,ok
1418000,0077217-69.2021.8.16.0000,4,1,2026-01-07T01:22:59.341037,ok
1418001,0077054-89.2021.8.16.0000,4,1,2026-01-07T01:22:59.341037,ok
1418002,0076305-72.2021.8.16.0000,4,1,2026-01-07T01:22:59.341037,ok
1418003,0077110-25.2021.8.16.0000,4,1,2026-01-07T01:22:59.341037,ok
1418004,0077019-32.2021.8.16.0000,4,1,2026-01-07T01:22:59.341037,ok
1418005,0005385-97.2020.8.16.0165,4,1,2026-01-07T01:22:59.341037,ok
1418006,0009524-65.2021.8.16.0001,4,1,2026-01-07T01:22:59.341037,ok
1418007,0006060-98.2021.8.16.0044,4,1,2026-01-07T01:22:59.341037,ok
1418008,0010139-64.2014.8.16.0045,4,1,2026-01-07T01:22:59.341037,ok
1418009,0002080-15.2020.8.16.0001,4,1,2026-01-07T01:22:59.341037,ok
1418010,0077116-32.2021.8.16.0000,4,1,2026-01-07T01:22:59.341037,ok
1418011,0010774-90.2018.8.16.0017,4,1,2026-01-07T01:22:59.341037,ok
1418012,0077203-85.2021.8.16.0000,4,1,2026-01-07T01:22:59.341037,ok
1418013,0077196-93.2021.8.16.0000,4,1,2026-01-07T01:22:59.341037,ok
1418014,0076986-42.2021.8.16.0000,4,1,2026-01-07T01:22:59.341037,ok
1418015,0002021-27.2020.8.16.0001,4,1,2026-01-07T01:22:59.341037,ok
1418016,0002441-96.2020.8.16.0109,4,1,2026-01-07T01:22:59.341037,ok
1418017,0077151-89.2021.8.16.0000,4,1,2026-01-07T01:22:59.341037,ok
1418018,0076991-64.2021.8.16.0000,4,1,2026-01-07T01:22:59.341037,ok
1418019,0077009-85.2021.8.16.0000,4,1,2026-01-07T01:22:59.341037,ok
1418020,0076906-78.2021.8.16.0000,4,1,2026-01-07T01:22:59.341037,ok
1418021,0062881-60.2021.8.16.0000,4,1,2026-01-07T01:22:59.341037,ok
1418022,0000829-87.2017.8.16.0155,4,1,2026-01-07T01:22:59.341037,ok
1418023,0051177-50.2021.8.16.0000,4,1,2026-01-07T01:22:59.341037,ok
1418024,0047946-15.2021.8.16.0000,4,1,2026-01-07T01:22:59.341037,ok
1418025,0005063-41.2007.8.16.0001,4,1,2026-01-07T01:22:59.341037,ok
1418026,0076995-04.2021.8.16.0000,4,1,2026-01-07T01:22:59.341037,ok
1418027,0077045-30.2021.8.16.0000,4,1,2026-01-07T01:22:59.341037,ok
1418028,0076551-68.2021.8.16.0000,4,1,2026-01-07T01:22:59.341037,ok
1418029,0076698-94.2021.8.16.0000,4,1,2026-01-07T01:22:59.341037,ok
1418030,0076924-02.2021.8.16.0000,4,1,2026-01-07T01:22:59.341037,ok
1418031,0076982-05.2021.8.16.0000,4,1,2026-01-07T01:22:59.341037,ok
1418032,0076717-03.2021.8.16.0000,4,1,2026-01-07T01:22:59.341037,ok
1418033,0007069-61.2016.8.16.0112,4,1,2026-01-07T01:22:59.341037,ok
1418034,0000173-28.2004.8.16.0013,4,1,2026-01-07T01:22:59.341037,ok
1418035,0076604-49.2021.8.16.0000,4,1,2026-01-07T01:22:59.341037,ok
1418036,0067671-87.2021.8.16.0000,4,1,2026-01-07T01:22:59.341037,ok
1418037,0076673-81.2021.8.16.0000,4,1,2026-01-07T01:22:59.341037,ok
1418038,0048728-22.2021.8.16.0000,4,1,2026-01-07T01:22:59.341037,ok
1418039,0003273-85.2008.8.16.0001,4,1,2026-01-07T01:22:59.341037,ok
1418040,0072065-40.2021.8.16.0000,4,1,2026-01-07T01:22:59.341037,ok
1418041,0075218-18.2020.8.16.0000,4,1,2026-01-07T01:22:59.341037,ok
1418042,0071303-58.2020.8.16.0000,4,1,2026-01-07T01:22:59.341037,ok
1418043,0010982-57.2020.8.16.0194,5,1,2026-01-07T01:22:59.341037,ok
1418044,0002060-66.2017.8.16.0021,5,1,2026-01-07T01:22:59.341037,ok
1418045,0021074-60.2021.8.16.0000,5,1,2026-01-07T01:22:59.341037,ok
1418046,0068295-39.2021.8.16.0000,5,1,2026-01-07T01:22:59.341037,ok
1418047,0076857-37.2021.8.16.0000,5,1,2026-01-07T01:22:59.341037,ok
1418048,0056898-80.2021.8.16.0000,5,1,2026-01-07T01:22:59.341037,ok
1418049,0046611-58.2021.8.16.0000,5,1,2026-01-07T01:22:59.341037,ok
1418050,0068857-48.2021.8.16.0000,5,1,2026-01-07T01:22:59.341037,ok
1418051,0076582-88.2021.8.16.0000,5,1,2026-01-07T01:22:59.341037,ok
1418052,0076819-25.2021.8.16.0000,5,1,2026-01-07T01:22:59.341037,ok
1418053,0014465-61.2021.8.16.0000,5,1,2026-01-07T01:22:59.341037,ok
1418054,0075981-82.2021.8.16.0000,5,1,2026-01-07T01:22:59.341037,ok
1418055,0036537-42.2021.8.16.0000,5,1,2026-01-07T01:22:59.341037,ok
1418056,0032916-37.2021.8.16.0000,5,1,2026-01-07T01:22:59.341037,ok
1418057,0031544-53.2021.8.16.0000,5,1,2026-01-07T01:22:59.341037,ok
1418058,0004766-56.2020.8.16.0105,5,1,2026-01-07T01:22:59.341037,ok
1418059,0008707-44.2017.8.16.0129,5,1,2026-01-07T01:22:59.341037,ok
1418060,0006461-95.2020.8.16.0056,5,1,2026-01-07T01:22:59.341037,ok
1418061,0000098-12.2021.8.16.0136,5,1,2026-01-07T01:22:59.341037,ok
1418062,0003876-88.2020.8.16.0050,5,1,2026-01-07T01:22:59.341037,ok
1418063,0000031-17.2020.8.16.0125,5,1,2026-01-07T01:22:59.341037,ok
1418064,0035732-89.2021.8.16.0000,5,1,2026-01-07T01:22:59.341037,ok
1418065,0014177-71.2021.8.16.0014,5,1,2026-01-07T01:22:59.341037,ok
1418066,0006621-81.2020.8.16.0069,5,1,2026-01-07T01:22:59.341037,ok
1418067,0048583-63.2021.8.16.0000,5,1,2026-01-07T01:22:59.341037,ok
1418068,0050885-65.2021.8.16.0000,5,1,2026-01-07T01:22:59.341037,ok
1418069,0012285-71.2020.8.16.0044,5,1,2026-01-07T01:22:59.341037,ok
1418070,0005126-88.2020.8.16.0105,5,1,2026-01-07T01:22:59.341037,ok
1418071,0005133-80.2020.8.16.0105,5,1,2026-01-07T01:22:59.341037,ok
1418072,0030850-23.2021.8.16.0182,3,1,2026-01-07T01:22:59.341037,ok
1418073,0051031-09.2021.8.16.0000,3,1,2026-01-07T01:22:59.341037,ok
1418074,0001366-20.2010.8.16.0126,3,1,2026-01-07T01:22:59.341037,ok
1418075,0075779-08.2021.8.16.0000,3,1,2026-01-07T01:22:59.341037,ok
1418076,0077318-09.2021.8.16.0000,3,1,2026-01-07T01:22:59.341037,ok
1418077,0011164-14.2018.8.16.0000,3,1,2026-01-07T01:22:59.341037,ok
1418078,0077282-64.2021.8.16.0000,3,1,2026-01-07T01:22:59.341037,ok
1418079,0016601-31.2021.8.16.0000,1,1,2026-01-07T01:22:59.341037,ok
1418080,0024619-92.2008.8.16.0001,1,1,2026-01-07T01:22:59.341037,ok
1418081,0014637-68.2019.8.16.0001,1,1,2026-01-07T01:22:59.341037,ok
1418082,0062155-23.2020.8.16.0000,1,1,2026-01-07T01:22:59.341037,ok
1418083,0004103-19.2017.8.16.0136,1,1,2026-01-07T01:22:59.341037,ok
1418084,0077561-50.2021.8.16.0000,1,1,2026-01-07T01:22:59.341037,ok
1418085,0077566-72.2021.8.16.0000,1,1,2026-01-07T01:22:59.341037,ok
1418086,0077377-94.2021.8.16.0000,1,1,2026-01-07T01:22:59.341037,ok
1418087,0077376-12.2021.8.16.0000,1,1,2026-01-07T01:22:59.341037,ok
1418088,0011298-38.2001.8.16.0129,1,1,2026-01-07T01:22:59.341037,ok
1418089,0045306-39.2021.8.16.0000,1,1,2026-01-07T01:22:59.341037,ok
1418090,0077522-53.2021.8.16.0000,1,1,2026-01-07T01:22:59.341037,ok
1418091,0077501-77.2021.8.16.0000,1,1,2026-01-07T01:22:59.341037,ok
1418092,0001213-24.2020.8.16.0065,1,1,2026-01-07T01:22:59.341037,ok
1418093,0000373-66.2007.8.16.0001,1,1,2026-01-07T01:22:59.341037,ok
1418094,0017700-36.2021.8.16.0000,1,1,2026-01-07T01:22:59.341037,ok
1418095,0057488-57.2021.8.16.0000,1,1,2026-01-07T01:22:59.341037,ok
1418096,0077510-39.2021.8.16.0000,1,1,2026-01-07T01:22:59.341037,ok
1418097,0077462-80.2021.8.16.0000,1,1,2026-01-07T01:22:59.341037,ok
1418098,0043997-80.2021.8.16.0000,1,1,2026-01-07T01:22:59.341037,ok
1418099,0008376-16.2011.8.16.0083,1,1,2026-01-07T01:22:59.341037,ok
1418100,0005949-11.2014.8.16.0190,1,1,2026-01-07T01:22:59.341037,ok
1418101,0033498-15.2019.8.16.0030,1,1,2026-01-07T01:22:59.341037,ok
1418102,0077461-95.2021.8.16.0000,1,1,2026-01-07T01:22:59.341037,ok
1418103,0070019-78.2021.8.16.0000,1,1,2026-01-07T01:22:59.341037,ok
1418104,0060239-17.2021.8.16.0000,1,1,2026-01-07T01:22:59.341037,ok
1418105,0033238-57.2021.8.16.0000,1,1,2026-01-07T01:22:59.341037,ok
1418106,0003548-46.2021.8.16.9000,1,1,2026-01-07T01:22:59.341037,ok
1418107,0077429-90.2021.8.16.0000,1,1,2026-01-07T01:22:59.341037,ok
1418108,0077344-07.2021.8.16.0000,1,1,2026-01-07T01:22:59.341037,ok
1418109,0077345-89.2021.8.16.0000,1,1,2026-01-07T01:22:59.341037,ok
1418110,0010843-76.2015.8.16.0131,1,1,2026-01-07T01:22:59.341037,ok
1418111,0000666-14.2021.8.16.9000,1,1,2026-01-07T01:22:59.341037,ok
1418112,0029009-25.2020.8.16.0021,1,1,2026-01-07T01:22:59.341037,ok
1418113,0001802-46.2021.8.16.9000,1,1,2026-01-07T01:22:59.341037,ok
1418114,0000657-52.2021.8.16.9000,1,1,2026-01-07T01:22:59.341037,ok
1418115,0002936-11.2021.8.16.9000,1,1,2026-01-07T01:22:59.341037,ok
1418116,0007367-59.2021.8.16.0021,1,1,2026-01-07T01:22:59.341037,ok
1418117,0077181-27.2021.8.16.0000,1,1,2026-01-07T01:22:59.341037,ok
1418118,0056301-14.2021.8.16.0000,10,1,2026-01-07T01:22:59.341037,ok
1418119,0001231-03.2019.8.16.0155,10,1,2026-01-07T01:22:59.341037,ok
1418120,0009620-40.2020.8.16.0058,10,1,2026-01-07T01:22:59.341037,ok
1418121,0001393-36.2018.8.16.0186,10,1,2026-01-07T01:22:59.341037,ok
1418122,0022728-26.2010.8.16.0014,10,1,2026-01-07T01:22:59.341037,ok
1418123,0011621-77.2017.8.16.0001,10,1,2026-01-07T01:22:59.341037,ok
1418124,0040753-72.2019.8.16.0014,10,1,2026-01-07T01:22:59.341037,ok
1418125,0043848-84.2021.8.16.0000,10,1,2026-01-07T01:22:59.341037,ok
1418126,0006844-45.2020.8.16.0130,10,1,2026-01-07T01:22:59.341037,ok
1418127,0000364-23.2021.8.16.0031,10,1,2026-01-07T01:22:59.341037,ok
1418128,0040628-78.2021.8.16.0000,10,1,2026-01-07T01:22:59.341037,ok
1418129,0048954-27.2021.8.16.0000,10,1,2026-01-07T01:22:59.341037,ok
1418130,0001300-29.2020.8.16.0081,10,1,2026-01-07T01:22:59.341037,ok
1418131,0044623-02.2021.8.16.0000,10,1,2026-01-07T01:22:59.341037,ok
1418132,0008169-55.2020.8.16.0130,10,1,2026-01-07T01:22:59.341037,ok
1418133,0005730-36.2020.8.16.0077,10,1,2026-01-07T01:22:59.341037,ok
1418134,0000268-62.2021.8.16.0110,10,1,2026-01-07T01:22:59.341037,ok
1418135,0021878-20.2020.8.16.0014,8,1,2026-01-07T01:22:59.341037,ok
1418136,0009536-53.2020.8.16.0021,8,1,2026-01-07T01:22:59.341037,ok
1418137,0005134-65.2020.8.16.0105,8,1,2026-01-07T01:22:59.341037,ok
1418138,0002196-75.2020.8.16.0080,8,1,2026-01-07T01:22:59.341037,ok
1418139,0045645-32.2020.8.16.0000,8,1,2026-01-07T01:22:59.341037,ok
1418140,0002928-03.2020.8.16.0130,8,1,2026-01-07T01:22:59.341037,ok
1418141,0045538-51.2021.8.16.0000,8,1,2026-01-07T01:22:59.341037,ok
1418142,0000262-10.2020.8.16.0104,8,1,2026-01-07T01:22:59.341037,ok
1418143,0003088-51.2021.8.16.0014,8,1,2026-01-07T01:22:59.341037,ok
1418144,0009063-96.2021.8.16.0000,8,1,2026-01-07T01:22:59.341037,ok
1418145,0021530-10.2021.8.16.0000,8,1,2026-01-07T01:22:59.341037,ok
1418146,0019288-78.2021.8.16.0000,8,1,2026-01-07T01:22:59.341037,ok
1418147,0024307-65.2021.8.16.0000,8,1,2026-01-07T01:22:59.341037,ok
1418148,0046930-26.2021.8.16.0000,8,1,2026-01-07T01:22:59.341037,ok
1418149,0009149-25.2021.8.16.0014,8,1,2026-01-07T01:22:59.341037,ok
1418150,0000571-86.2019.8.16.0194,8,1,2026-01-07T01:22:59.341037,ok
1418151,0047340-84.2021.8.16.0000,8,1,2026-01-07T01:22:59.341037,ok
1418152,0000912-07.2021.8.16.0077,8,1,2026-01-07T01:22:59.341037,ok
1418153,0002369-18.2021.8.16.0031,8,1,2026-01-07T01:22:59.341037,ok
1418154,0033626-57.2021.8.16.0000,8,1,2026-01-07T01:22:59.341037,ok
1418155,0032258-13.2021.8.16.0000,8,1,2026-01-07T01:22:59.341037,ok
1418156,0008778-06.2021.8.16.0000,8,1,2026-01-07T01:22:59.341037,ok
1418157,0057475-50.2020.8.16.0014,8,1,2026-01-07T01:22:59.341037,ok
1418158,0030179-61.2021.8.16.0000,8,1,2026-01-07T01:22:59.341037,ok
1418159,0030799-73.2021.8.16.0000,8,1,2026-01-07T01:22:59.341037,ok
1418160,0006776-60.2020.8.16.0174,8,1,2026-01-07T01:22:59.341037,ok
1418161,0007780-47.2020.8.16.0170,8,1,2026-01-07T01:22:59.341037,ok
1418162,0058193-55.2021.8.16.0000,8,1,2026-01-07T01:22:59.341037,ok
1418163,0015378-77.2019.8.16.0173,8,1,2026-01-07T01:22:59.341037,ok
1418164,0049676-53.2020.8.16.0014,8,1,2026-01-07T01:22:59.341037,ok
1418165,0003071-89.2020.8.16.0130,8,1,2026-01-07T01:22:59.341037,ok
1418166,0001584-78.2013.8.16.0082,8,1,2026-01-07T01:22:59.341037,ok
1418167,0000813-89.2020.8.16.0071,8,1,2026-01-07T01:22:59.341037,ok
1418168,0007340-74.2020.8.16.0033,8,1,2026-01-07T01:22:59.341037,ok
1418169,0054438-15.2020.8.16.0014,8,1,2026-01-07T01:22:59.341037,ok
1418170,0067787-93.2021.8.16.0000,8,1,2026-01-07T01:22:59.341037,ok
1418171,0067970-64.2021.8.16.0000,8,1,2026-01-07T01:22:59.341037,ok
1418172,0068272-93.2021.8.16.0000,8,1,2026-01-07T01:22:59.341037,ok
1418173,0042910-89.2021.8.16.0000,8,1,2026-01-07T01:22:59.341037,ok
1418174,0024936-22.2010.8.16.0001,8,1,2026-01-07T01:22:59.341037,ok
1418175,0056079-46.2021.8.16.0000,8,1,2026-01-07T01:22:59.341037,ok
1418176,0054147-33.2015.8.16.0000,8,1,2026-01-07T01:22:59.341037,ok
1418177,0053678-84.2015.8.16.0000,8,1,2026-01-07T01:22:59.341037,ok
1418178,0000052-30.2021.8.16.0166,8,1,2026-01-07T01:22:59.341037,ok
1418179,0000494-91.2021.8.16.0102,8,1,2026-01-07T01:22:59.341037,ok
1418180,0012194-14.2020.8.16.0130,8,1,2026-01-07T01:22:59.341037,ok
1418181,0055898-45.2021.8.16.0000,8,1,2026-01-07T01:22:59.341037,ok
1418182,0036225-66.2021.8.16.0000,8,1,2026-01-07T01:22:59.341037,ok
1418183,0050031-71.2021.8.16.0000,8,1,2026-01-07T01:22:59.341037,ok
1418184,0007774-31.2021.8.16.0194,8,1,2026-01-07T01:22:59.341037,ok
1418185,0027378-75.2021.8.16.0000,9,1,2026-01-07T01:22:59.341037,ok
1418186,0030644-28.2021.8.16.0014,9,1,2026-01-07T01:22:59.341037,ok
1418187,0002971-31.2021.8.16.0056,9,1,2026-01-07T01:22:59.341037,ok
1418188,0030877-67.2021.8.16.0000,9,1,2026-01-07T01:22:59.341037,ok
1418189,0004438-29.2020.8.16.0105,9,1,2026-01-07T01:22:59.341037,ok
1418190,0031487-35.2021.8.16.0000,9,1,2026-01-07T01:22:59.341037,ok
1418191,0029175-86.2021.8.16.0000,9,1,2026-01-07T01:22:59.341037,ok
1418192,0019365-87.2021.8.16.0000,9,1,2026-01-07T01:22:59.341037,ok
1418193,0007297-76.2020.8.16.0021,9,1,2026-01-07T01:22:59.341037,ok
1418194,0055629-06.2021.8.16.0000,9,1,2026-01-07T01:22:59.341037,ok
1418195,0000173-68.2021.8.16.0098,9,1,2026-01-07T01:22:59.341037,ok
1418196,0003059-46.2020.8.16.0075,9,1,2026-01-07T01:22:59.341037,ok
1418197,0003179-23.2020.8.16.0194,9,1,2026-01-07T01:22:59.341037,ok
1418198,0023599-15.2021.8.16.0000,9,1,2026-01-07T01:22:59.341037,ok
1418199,0015169-74.2018.8.16.0034,9,1,2026-01-07T01:22:59.341037,ok
1418200,0008703-22.2021.8.16.0014,9,1,2026-01-07T01:22:59.341037,ok
1418201,0007755-81.2020.8.16.0025,9,1,2026-01-07T01:22:59.341037,ok
1418202,0000397-50.2021.8.16.0051,9,1,2026-01-07T01:22:59.341037,ok
1418203,0028179-42.2014.8.16.0030,9,1,2026-01-07T01:22:59.341037,ok
1418204,0001731-79.2020.8.16.0108,9,1,2026-01-07T01:22:59.341037,ok
1418205,0052497-30.2020.8.16.0014,9,1,2026-01-07T01:22:59.341037,ok
1418206,0001174-10.2020.8.16.0103,9,1,2026-01-07T01:22:59.341037,ok
1418207,0002681-45.2020.8.16.0090,9,1,2026-01-07T01:22:59.341037,ok
1418208,0037871-48.2020.8.16.0000,9,1,2026-01-07T01:22:59.341037,ok
1418209,0038421-09.2021.8.16.0000,9,1,2026-01-07T01:22:59.341037,ok
1418210,0013871-47.2021.8.16.0000,9,1,2026-01-07T01:22:59.341037,ok
1418211,0051609-69.2021.8.16.0000,9,1,2026-01-07T01:22:59.341037,ok
1418212,0017062-03.2021.8.16.0000,9,1,2026-01-07T01:22:59.341037,ok
1418213,0057061-60.2021.8.16.0000,9,1,2026-01-07T01:22:59.341037,ok
1418214,0044811-29.2020.8.16.0000,9,1,2026-01-07T01:22:59.341037,ok
1418215,0060494-72.2021.8.16.0000,9,1,2026-01-07T01:22:59.341037,ok
1418216,0041581-42.2021.8.16.0000,9,1,2026-01-07T01:22:59.341037,ok
1418217,0000592-38.2019.8.16.0105,9,1,2026-01-07T01:22:59.341037,ok
1418218,0033137-30.2016.8.16.0021,9,1,2026-01-07T01:22:59.341037,ok
1418219,0001469-13.2020.8.16.0179,9,1,2026-01-07T01:22:59.341037,ok
1418220,0049790-97.2021.8.16.0000,9,1,2026-01-07T01:22:59.341037,ok
1418221,0033404-71.2017.8.16.0019,9,1,2026-01-07T01:22:59.341037,ok
1418222,0000314-44.2021.8.16.0080,9,1,2026-01-07T01:22:59.341037,ok
1418223,0023245-80.2014.8.16.0017,9,1,2026-01-07T01:22:59.341037,ok
1418224,0002289-33.2020.8.16.0017,9,1,2026-01-07T01:22:59.341037,ok
1418225,0001876-34.2020.8.16.0077,9,1,2026-01-07T01:22:59.341037,ok
1418226,0003390-90.2020.8.16.0119,9,1,2026-01-07T01:22:59.341037,ok
1418227,0000712-56.2021.8.16.0123,9,1,2026-01-07T01:22:59.341037,ok
1418228,0004435-74.2020.8.16.0105,9,1,2026-01-07T01:22:59.341037,ok
1418229,0035813-38.2021.8.16.0000,9,1,2026-01-07T01:22:59.341037,ok
1418230,0024251-32.2021.8.16.0000,9,1,2026-01-07T01:22:59.341037,ok
1418231,0005922-32.2020.8.16.0056,9,1,2026-01-07T01:22:59.341037,ok
1418232,0007431-35.2021.8.16.0000,9,1,2026-01-07T01:22:59.341037,ok
1418233,0007698-16.2020.8.16.0170,9,1,2026-01-07T01:22:59.341037,ok
1418234,0018368-75.2020.8.16.0021,9,1,2026-01-07T01:22:59.341037,ok
1418235,0020711-73.2021.8.16.0000,6,1,2026-01-07T01:22:59.341037,ok
1418236,0068771-69.2020.8.16.0014,6,1,2026-01-07T01:22:59.341037,ok
1418237,0028270-81.2021.8.16.0000,6,1,2026-01-07T01:22:59.341037,ok
1418238,0047751-30.2021.8.16.0000,6,1,2026-01-07T01:22:59.341037,ok
1418239,0012300-04.2019.8.16.0035,6,1,2026-01-07T01:22:59.341037,ok
1418240,0053713-34.2021.8.16.0000,6,1,2026-01-07T01:22:59.341037,ok
1418241,0000145-64.2021.8.16.0110,6,1,2026-01-07T01:22:59.341037,ok
1418242,0020092-46.2021.8.16.0000,6,1,2026-01-07T01:22:59.341037,ok
1418243,0008274-22.2017.8.16.0038,6,1,2026-01-07T01:22:59.341037,ok
1418244,0037176-60.2021.8.16.0000,6,1,2026-01-07T01:22:59.341037,ok
1418245,0000161-07.2014.8.16.0193,6,1,2026-01-07T01:22:59.341037,ok
1418246,0059037-05.2021.8.16.0000,6,1,2026-01-07T01:22:59.341037,ok
1418247,0046997-88.2021.8.16.0000,6,1,2026-01-07T01:22:59.341037,ok
1418248,0007407-94.2019.8.16.0026,6,1,2026-01-07T01:22:59.341037,ok
1418249,0076432-10.2021.8.16.0000,6,1,2026-01-07T01:22:59.341037,ok
1418250,0076114-27.2021.8.16.0000,6,1,2026-01-07T01:22:59.341037,ok
1418251,0074965-93.2021.8.16.0000,6,1,2026-01-07T01:22:59.341037,ok
1418252,0009010-72.2020.8.16.0058,6,1,2026-01-07T01:22:59.341037,ok
1418253,0002269-34.2021.8.16.0170,6,1,2026-01-07T01:22:59.341037,ok
1418254,0010055-14.2020.8.16.0058,6,1,2026-01-07T01:22:59.341037,ok
1418255,0072844-92.2021.8.16.0000,6,1,2026-01-07T01:22:59.341037,ok
1418256,0073226-85.2021.8.16.0000,6,1,2026-01-07T01:22:59.341037,ok
1418257,0072944-47.2021.8.16.0000,6,1,2026-01-07T01:22:59.341037,ok
1418258,0011667-62.2020.8.16.0130,6,1,2026-01-07T01:22:59.341037,ok
1418259,0063949-45.2021.8.16.0000,6,1,2026-01-07T01:22:59.341037,ok
1418260,0004719-09.2021.8.16.0021,6,1,2026-01-07T01:22:59.341037,ok
1418261,0033956-54.2021.8.16.0000,6,1,2026-01-07T01:22:59.341037,ok
1418262,0037158-39.2021.8.16.0000,6,1,2026-01-07T01:22:59.341037,ok
1418263,0000459-56.2021.8.16.0127,6,1,2026-01-07T01:22:59.341037,ok
1418264,0043115-21.2021.8.16.0000,6,1,2026-01-07T01:22:59.341037,ok
1418265,0027523-36.2014.8.16.0014,6,1,2026-01-07T01:22:59.341037,ok
1418266,0001249-79.2018.8.16.0148,6,1,2026-01-07T01:22:59.341037,ok
1418267,0033224-73.2021.8.16.0000,6,1,2026-01-07T01:22:59.341037,ok
1418268,0032458-20.2021.8.16.0000,6,1,2026-01-07T01:22:59.341037,ok
1418269,0000402-78.2021.8.16.0146,6,1,2026-01-07T01:22:59.341037,ok
1418270,0009345-91.2020.8.16.0058,6,1,2026-01-07T01:22:59.341037,ok
1418271,0005517-16.2020.8.16.0017,6,1,2026-01-07T01:22:59.341037,ok
1418272,0021112-60.2017.8.16.0017,6,1,2026-01-07T01:22:59.341037,ok
1418273,0005732-05.2020.8.16.0045,6,1,2026-01-07T01:22:59.341037,ok
1418274,0037489-21.2021.8.16.0000,6,1,2026-01-07T01:22:59.341037,ok
1418275,0030906-20.2021.8.16.0000,6,1,2026-01-07T01:22:59.341037,ok
1418276,0021926-84.2021.8.16.0000,6,1,2026-01-07T01:22:59.341037,ok
1418277,0012558-51.2021.8.16.0000,6,1,2026-01-07T01:22:59.341037,ok
1418278,0022940-06.2021.8.16.0000,6,1,2026-01-07T01:22:59.341037,ok
1418279,0003451-61.2018.8.16.0105,6,1,2026-01-07T01:22:59.341037,ok
1418280,0002218-06.2020.8.16.0090,6,1,2026-01-07T01:22:59.341037,ok
1418281,0010562-18.2021.8.16.0000,6,1,2026-01-07T01:22:59.341037,ok
1418282,0044459-37.2021.8.16.0000,6,1,2026-01-07T01:22:59.341037,ok
1418283,0057122-18.2021.8.16.0000,6,1,2026-01-07T01:22:59.341037,ok
1418284,0030789-97.2020.8.16.0021,6,1,2026-01-07T01:22:59.341037,ok
1418285,0041101-64.2021.8.16.0000,7,1,2026-01-07T01:22:59.341037,ok
1418286,0028582-21.2012.8.16.0017,7,1,2026-01-07T01:22:59.341037,ok
1418287,0006472-85.2020.8.16.0069,7,1,2026-01-07T01:22:59.341037,ok
1418288,0001164-15.2017.8.16.0056,7,1,2026-01-07T01:22:59.341037,ok
1418289,0001512-44.2014.8.16.0151,7,1,2026-01-07T01:22:59.341037,ok
1418290,0000230-64.2006.8.16.0049,7,1,2026-01-07T01:22:59.341037,ok
1418291,0010139-60.2018.8.16.0001,7,1,2026-01-07T01:22:59.341037,ok
1418292,0027411-65.2021.8.16.0000,7,1,2026-01-07T01:22:59.341037,ok
1418293,0082332-97.2019.8.16.0014,7,1,2026-01-07T01:22:59.341037,ok
1418294,0033839-63.2021.8.16.0000,7,1,2026-01-07T01:22:59.341037,ok
1418295,0027492-14.2021.8.16.0000,7,1,2026-01-07T01:22:59.341037,ok
1418296,0038429-83.2021.8.16.0000,7,1,2026-01-07T01:22:59.341037,ok
1418297,0074826-44.2021.8.16.0000,7,1,2026-01-07T01:22:59.341037,ok
1418298,0026803-40.2020.8.16.0182,7,1,2026-01-07T01:22:59.341037,ok
1418299,0016673-88.2020.8.16.0182,7,1,2026-01-07T01:22:59.341037,ok
1418300,0012155-55.2020.8.16.0182,7,1,2026-01-07T01:22:59.341037,ok
1418301,0044116-48.2019.8.16.0182,7,1,2026-01-07T01:22:59.341037,ok
1418302,0046783-89.2020.8.16.0014,7,1,2026-01-07T01:22:59.341037,ok
1418303,0020499-11.2015.8.16.0017,7,1,2026-01-07T01:22:59.341037,ok
1418304,0040802-31.2010.8.16.0014,7,1,2026-01-07T01:22:59.341037,ok
1418305,0007412-61.2020.8.16.0130,7,1,2026-01-07T01:22:59.341037,ok
1418306,0035033-98.2021.8.16.0000,7,1,2026-01-07T01:22:59.341037,ok
1418307,0000742-47.2018.8.16.0107,7,1,2026-01-07T01:22:59.341037,ok
1418308,0009290-63.2016.8.16.0129,7,1,2026-01-07T01:22:59.341037,ok
1418309,0012208-95.2020.8.16.0130,7,1,2026-01-07T01:22:59.341037,ok
1418310,0006733-97.2019.8.16.0194,7,1,2026-01-07T01:22:59.341037,ok
1418311,0029889-73.2013.8.16.0017,7,1,2026-01-07T01:22:59.341037,ok
1418312,0033400-52.2021.8.16.0000,7,1,2026-01-07T01:22:59.341037,ok
1418313,0032328-30.2021.8.16.0000,7,1,2026-01-07T01:22:59.341037,ok
1418314,0025003-04.2021.8.16.0000,7,1,2026-01-07T01:22:59.341037,ok
1418315,0000622-10.2021.8.16.0071,7,1,2026-01-07T01:22:59.341037,ok
1418316,0036885-60.2021.8.16.0000,7,1,2026-01-07T01:22:59.341037,ok
1418317,0006770-39.2020.8.16.0017,7,1,2026-01-07T01:22:59.341037,ok
1418318,0006453-92.2019.8.16.0173,7,1,2026-01-07T01:22:59.341037,ok
1418319,0024554-95.2012.8.16.0021,7,1,2026-01-07T01:22:59.341037,ok
1418320,0021780-24.2013.8.16.0000,7,1,2026-01-07T01:22:59.341037,ok
1418321,0004019-96.2021.8.16.0194,7,1,2026-01-07T01:22:59.341037,ok
1418322,0001797-78.2020.8.16.0037,7,1,2026-01-07T01:22:59.341037,ok
1418323,0014193-25.2021.8.16.0014,7,1,2026-01-07T01:22:59.341037,ok
1418324,0012083-46.2016.8.16.0170,7,1,2026-01-07T01:22:59.341037,ok
1418325,0033619-36.2020.8.16.0021,7,1,2026-01-07T01:22:59.341037,ok
1418326,0035864-07.2021.8.16.0014,7,1,2026-01-07T01:22:59.341037,ok
1418327,0006550-16.2021.8.16.0014,7,1,2026-01-07T01:22:59.341037,ok
1418328,0018021-71.2021.8.16.0000,7,1,2026-01-07T01:22:59.341037,ok
1418329,0000402-82.2021.8.16.0080,7,1,2026-01-07T01:22:59.341037,ok
1418330,0056729-93.2021.8.16.0000,7,1,2026-01-07T01:22:59.341037,ok
1418331,0003896-32.2013.8.16.0048,7,1,2026-01-07T01:22:59.341037,ok
1418332,0002369-79.2020.8.16.0119,7,1,2026-01-07T01:22:59.341037,ok
1418333,0002873-83.2021.8.16.0173,7,1,2026-01-07T01:22:59.341037,ok
1418334,0006942-58.2020.8.16.0056,7,1,2026-01-07T01:22:59.341037,ok
1418335,0076334-25.2021.8.16.0000,14,1,2026-01-07T01:22:59.341037,ok
1418336,0073836-53.2021.8.16.0000,14,1,2026-01-07T01:22:59.341037,ok
1418337,0073549-90.2021.8.16.0000,14,1,2026-01-07T01:22:59.341037,ok
1418338,0064372-05.2021.8.16.0000,14,1,2026-01-07T01:22:59.341037,ok
1418339,0076370-67.2021.8.16.0000,14,1,2026-01-07T01:22:59.341037,ok
1418340,0030309-51.2021.8.16.0000,14,1,2026-01-07T01:22:59.341037,ok
1418341,0075957-54.2021.8.16.0000,14,1,2026-01-07T01:22:59.341037,ok
1418342,0015899-27.2017.8.16.0000,14,1,2026-01-07T01:22:59.341037,ok
1418343,0076242-47.2021.8.16.0000,14,1,2026-01-07T01:22:59.341037,ok
1418344,0075960-09.2021.8.16.0000,14,1,2026-01-07T01:22:59.341037,ok
1418345,0066791-95.2021.8.16.0000,14,1,2026-01-07T01:22:59.341037,ok
1418346,0010938-64.2009.8.16.0116,14,1,2026-01-07T01:22:59.341037,ok
1418347,0075211-89.2021.8.16.0000,14,1,2026-01-07T01:22:59.341037,ok
1418348,0076198-28.2021.8.16.0000,14,1,2026-01-07T01:22:59.341037,ok
1418349,0071849-71.2020.8.16.0014,14,1,2026-01-07T01:22:59.341037,ok
1418350,0002530-69.2019.8.16.0137,14,1,2026-01-07T01:22:59.341037,ok
1418351,0002571-36.2019.8.16.0137,14,1,2026-01-07T01:22:59.341037,ok
1418352,0002574-88.2019.8.16.0137,14,1,2026-01-07T01:22:59.341037,ok
1418353,0074520-75.2021.8.16.0000,14,1,2026-01-07T01:22:59.341037,ok
1418354,0073927-46.2021.8.16.0000,14,1,2026-01-07T01:22:59.341037,ok
1418355,0072863-98.2021.8.16.0000,14,1,2026-01-07T01:22:59.341037,ok
1418356,0000518-66.2021.8.16.0055,14,1,2026-01-07T01:22:59.341037,ok
1418357,0000069-16.2021.8.16.0021,14,1,2026-01-07T01:22:59.341037,ok
1418358,0014144-04.2019.8.16.0030,14,1,2026-01-07T01:22:59.341037,ok
1418359,0065225-14.2021.8.16.0000,14,1,2026-01-07T01:22:59.341037,ok
1418360,0074430-67.2021.8.16.0000,14,1,2026-01-07T01:22:59.341037,ok
1418361,0076534-32.2021.8.16.0000,14,1,2026-01-07T01:22:59.341037,ok
1418362,0066843-91.2021.8.16.0000,14,1,2026-01-07T01:22:59.341037,ok
1418363,0066076-53.2021.8.16.0000,14,1,2026-01-07T01:22:59.341037,ok
1418364,0023477-02.2021.8.16.0000,14,1,2026-01-07T01:22:59.341037,ok
1418365,0023961-17.2021.8.16.0000,14,1,2026-01-07T01:22:59.341037,ok
1418366,0034275-22.2021.8.16.0000,14,1,2026-01-07T01:22:59.341037,ok
1418367,0053993-05.2021.8.16.0000,14,1,2026-01-07T01:22:59.341037,ok
1418368,0057734-53.2021.8.16.0000,14,1,2026-01-07T01:22:59.341037,ok
1418369,0000734-30.2021.8.16.0054,14,1,2026-01-07T01:22:59.341037,ok
1418370,0020228-98.2021.8.16.0014,14,1,2026-01-07T01:22:59.341037,ok
1418371,0009128-48.2020.8.16.0058,14,1,2026-01-07T01:22:59.341037,ok
1418372,0013238-36.2021.8.16.0000,14,1,2026-01-07T01:22:59.341037,ok
1418373,0068517-07.2021.8.16.0000,14,1,2026-01-07T01:22:59.341037,ok
1418374,0023779-86.2021.8.16.0014,14,1,2026-01-07T01:22:59.341037,ok
1418375,0075517-58.2021.8.16.0000,14,1,2026-01-07T01:22:59.341037,ok
1418376,0075489-90.2021.8.16.0000,14,1,2026-01-07T01:22:59.341037,ok
1418377,0056879-74.2021.8.16.0000,14,1,2026-01-07T01:22:59.341037,ok
1418378,0071745-79.2020.8.16.0014,14,1,2026-01-07T01:22:59.341037,ok
1418379,0002923-11.2021.8.16.0044,14,1,2026-01-07T01:22:59.341037,ok
1418380,0007118-13.2021.8.16.0182,14,1,2026-01-07T01:22:59.341037,ok
1418381,0030202-75.2020.8.16.0021,14,1,2026-01-07T01:22:59.341037,ok
1418382,0003997-19.2018.8.16.0105,14,1,2026-01-07T01:22:59.341037,ok
1418383,0009476-17.2019.8.16.0021,14,1,2026-01-07T01:22:59.341037,ok
1418384,0005060-23.2020.8.16.0004,14,1,2026-01-07T01:22:59.341037,ok
1418385,0000361-86.2010.8.16.0085,15,1,2026-01-07T01:22:59.341037,ok
1418386,0052479-85.2019.8.16.0000,15,1,2026-01-07T01:22:59.341037,ok
1418387,0067200-71.2021.8.16.0000,15,1,2026-01-07T01:22:59.341037,ok
1418388,0000770-76.2020.8.16.0161,15,1,2026-01-07T01:22:59.341037,ok
1418389,0074350-06.2021.8.16.0000,15,1,2026-01-07T01:22:59.341037,ok
1418390,0070799-18.2021.8.16.0000,15,1,2026-01-07T01:22:59.341037,ok
1418391,0031373-96.2021.8.16.0000,15,1,2026-01-07T01:22:59.341037,ok
1418392,0076091-81.2021.8.16.0000,15,1,2026-01-07T01:22:59.341037,ok
1418393,0050342-62.2021.8.16.0000,15,1,2026-01-07T01:22:59.341037,ok
1418394,0010832-42.2021.8.16.0000,15,1,2026-01-07T01:22:59.341037,ok
1418395,0028331-17.2009.8.16.0014,15,1,2026-01-07T01:22:59.341037,ok
1418396,0076283-14.2021.8.16.0000,15,1,2026-01-07T01:22:59.341037,ok
1418397,0060811-70.2021.8.16.0000,15,1,2026-01-07T01:22:59.341037,ok
1418398,0073975-05.2021.8.16.0000,15,1,2026-01-07T01:22:59.341037,ok
1418399,0075279-39.2021.8.16.0000,15,1,2026-01-07T01:22:59.341037,ok
1418400,0016323-69.2017.8.16.0000,15,1,2026-01-07T01:22:59.341037,ok
1418401,0076303-05.2021.8.16.0000,15,1,2026-01-07T01:22:59.341037,ok
1418402,0065548-19.2021.8.16.0000,15,1,2026-01-07T01:22:59.341037,ok
1418403,0006762-45.2019.8.16.0034,15,1,2026-01-07T01:22:59.341037,ok
1418404,0020950-77.2021.8.16.0000,15,1,2026-01-07T01:22:59.341037,ok
1418405,0075742-78.2021.8.16.0000,15,1,2026-01-07T01:22:59.341037,ok
1418406,0068149-32.2020.8.16.0000,15,1,2026-01-07T01:22:59.341037,ok
1418407,0070198-12.2021.8.16.0000,15,1,2026-01-07T01:22:59.341037,ok
1418408,0059937-85.2021.8.16.0000,15,1,2026-01-07T01:22:59.341037,ok
1418409,0060543-16.2021.8.16.0000,15,1,2026-01-07T01:22:59.341037,ok
1418410,0003140-55.2021.8.16.9000,15,1,2026-01-07T01:22:59.341037,ok
1418411,0003452-31.2021.8.16.9000,15,1,2026-01-07T01:22:59.341037,ok
1418412,0001802-78.2020.8.16.0109,15,1,2026-01-07T01:22:59.341037,ok
1418413,0014735-77.2020.8.16.0014,15,1,2026-01-07T01:22:59.341037,ok
1418414,0004587-22.2021.8.16.0030,15,1,2026-01-07T01:22:59.341037,ok
1418415,0003577-42.2019.8.16.0149,15,1,2026-01-07T01:22:59.341037,ok
1418416,0037084-24.2018.8.16.0021,15,1,2026-01-07T01:22:59.341037,ok
1418417,0074202-92.2021.8.16.0000,15,1,2026-01-07T01:22:59.341037,ok
1418418,0074564-94.2021.8.16.0000,15,1,2026-01-07T01:22:59.341037,ok
1418419,0070300-34.2021.8.16.0000,15,1,2026-01-07T01:22:59.341037,ok
1418420,0076222-56.2021.8.16.0000,15,1,2026-01-07T01:22:59.341037,ok
1418421,0076088-29.2021.8.16.0000,15,1,2026-01-07T01:22:59.341037,ok
1418422,0028228-32.2021.8.16.0000,15,1,2026-01-07T01:22:59.341037,ok
1418423,0072060-18.2021.8.16.0000,15,1,2026-01-07T01:22:59.341037,ok
1418424,0076467-67.2021.8.16.0000,15,1,2026-01-07T01:22:59.341037,ok
1418425,4003288-05.2021.8.16.0009,15,1,2026-01-07T01:22:59.341037,ok
1418426,0065161-04.2021.8.16.0000,15,1,2026-01-07T01:22:59.341037,ok
1418427,0056584-37.2021.8.16.0000,15,1,2026-01-07T01:22:59.341037,ok
1418428,0034610-41.2021.8.16.0000,15,1,2026-01-07T01:22:59.341037,ok
1418429,0002574-62.2021.8.16.0123,15,1,2026-01-07T01:22:59.341037,ok
1418430,0075218-81.2021.8.16.0000,15,1,2026-01-07T01:22:59.341037,ok
1418431,0076385-36.2021.8.16.0000,15,1,2026-01-07T01:22:59.341037,ok
1418432,0003394-96.2020.8.16.0194,15,1,2026-01-07T01:22:59.341037,ok
1418433,0010034-49.2018.8.16.0174,15,1,2026-01-07T01:22:59.341037,ok
1418434,0067991-40.2021.8.16.0000,15,1,2026-01-07T01:22:59.341037,ok
1418435,0076064-98.2021.8.16.0000,13,1,2026-01-07T01:22:59.341037,ok
1418436,0007890-59.2003.8.16.0035,13,1,2026-01-07T01:22:59.341037,ok
1418437,0061349-51.2021.8.16.0000,13,1,2026-01-07T01:22:59.341037,ok
1418438,0070149-68.2021.8.16.0000,13,1,2026-01-07T01:22:59.341037,ok
1418439,0035270-35.2021.8.16.0000,13,1,2026-01-07T01:22:59.341037,ok
1418440,0075942-85.2021.8.16.0000,13,1,2026-01-07T01:22:59.341037,ok
1418441,0026772-78.2020.8.16.0001,13,1,2026-01-07T01:22:59.341037,ok
1418442,0010180-68.2021.8.16.0018,13,1,2026-01-07T01:22:59.341037,ok
1418443,0004667-19.2021.8.16.0019,13,1,2026-01-07T01:22:59.341037,ok
1418444,0014689-02.2018.8.16.0130,13,1,2026-01-07T01:22:59.341037,ok
1418445,0003721-03.2016.8.16.0058,13,1,2026-01-07T01:22:59.341037,ok
1418446,0070721-24.2021.8.16.0000,13,1,2026-01-07T01:22:59.341037,ok
1418447,0072130-35.2021.8.16.0000,13,1,2026-01-07T01:22:59.341037,ok
1418448,0006574-86.2018.8.16.0034,13,1,2026-01-07T01:22:59.341037,ok
1418449,0073087-36.2021.8.16.0000,13,1,2026-01-07T01:22:59.341037,ok
1418450,0074148-29.2021.8.16.0000,13,1,2026-01-07T01:22:59.341037,ok
1418451,0061374-64.2021.8.16.0000,13,1,2026-01-07T01:22:59.341037,ok
1418452,0069696-73.2021.8.16.0000,13,1,2026-01-07T01:22:59.341037,ok
1418453,0058576-33.2021.8.16.0000,13,1,2026-01-07T01:22:59.341037,ok
1418454,0076203-50.2021.8.16.0000,13,1,2026-01-07T01:22:59.341037,ok
1418455,0004576-60.2008.8.16.0058,13,1,2026-01-07T01:22:59.341037,ok
1418456,0049334-50.2021.8.16.0000,13,1,2026-01-07T01:22:59.341037,ok
1418457,0017267-32.2021.8.16.0000,13,1,2026-01-07T01:22:59.341037,ok
1418458,0055124-15.2021.8.16.0000,13,1,2026-01-07T01:22:59.341037,ok
1418459,0027412-38.2017.8.16.0017,13,1,2026-01-07T01:22:59.341037,ok
1418460,0003974-93.2015.8.16.0100,13,1,2026-01-07T01:22:59.341037,ok
1418461,0002746-83.2015.8.16.0100,13,1,2026-01-07T01:22:59.341037,ok
1418462,0013029-71.2021.8.16.0031,13,1,2026-01-07T01:22:59.341037,ok
1418463,0074682-70.2021.8.16.0000,13,1,2026-01-07T01:22:59.341037,ok
1418464,0002737-24.2015.8.16.0100,13,1,2026-01-07T01:22:59.341037,ok
1418465,0075611-06.2021.8.16.0000,13,1,2026-01-07T01:22:59.341037,ok
1418466,0001170-86.2021.8.16.0054,13,1,2026-01-07T01:22:59.341037,ok
1418467,0069535-63.2021.8.16.0000,13,1,2026-01-07T01:22:59.341037,ok
1418468,0041454-96.2020.8.16.0014,13,1,2026-01-07T01:22:59.341037,ok
1418469,0018199-61.2010.8.16.0014,13,1,2026-01-07T01:22:59.341037,ok
1418470,0010684-30.2020.8.16.0044,13,1,2026-01-07T01:22:59.341037,ok
1418471,0003345-66.2019.8.16.0137,13,1,2026-01-07T01:22:59.341037,ok
1418472,0002730-76.2019.8.16.0137,13,1,2026-01-07T01:22:59.341037,ok
1418473,0003453-95.2019.8.16.0137,13,1,2026-01-07T01:22:59.341037,ok
1418474,0000422-92.2017.8.16.0119,13,1,2026-01-07T01:22:59.341037,ok
1418475,0016161-89.2009.8.16.0021,13,1,2026-01-07T01:22:59.341037,ok
1418476,0021728-20.2020.8.16.0182,13,1,2026-01-07T01:22:59.341037,ok
1418477,0003493-95.2021.8.16.9000,13,1,2026-01-07T01:22:59.341037,ok
1418478,0002209-52.2021.8.16.9000,13,1,2026-01-07T01:22:59.341037,ok
1418479,0072823-19.2021.8.16.0000,13,1,2026-01-07T01:22:59.341037,ok
1418480,0070276-06.2021.8.16.0000,13,1,2026-01-07T01:22:59.341037,ok
1418481,0071472-45.2020.8.16.0000,13,1,2026-01-07T01:22:59.341037,ok
1418482,0033221-21.2021.8.16.0000,13,1,2026-01-07T01:22:59.341037,ok
1418483,0038106-78.2021.8.16.0000,13,1,2026-01-07T01:22:59.341037,ok
1418484,0028201-49.2021.8.16.0000,13,1,2026-01-07T01:22:59.341037,ok
1418485,0032397-64.2018.8.16.0001,11,1,2026-01-07T01:22:59.341037,ok
1418486,0057195-87.2021.8.16.0000,11,1,2026-01-07T01:22:59.341037,ok
1418487,0003127-46.2020.8.16.0123,11,1,2026-01-07T01:22:59.341037,ok
1418488,0003894-41.2020.8.16.0105,11,1,2026-01-07T01:22:59.341037,ok
1418489,0000507-59.2019.8.16.0135,11,1,2026-01-07T01:22:59.341037,ok
1418490,0009073-75.2020.8.16.0033,11,1,2026-01-07T01:22:59.341037,ok
1418491,0039106-16.2021.8.16.0000,11,1,2026-01-07T01:22:59.341037,ok
1418492,0055940-94.2021.8.16.0000,11,1,2026-01-07T01:22:59.341037,ok
1418493,0047767-81.2021.8.16.0000,11,1,2026-01-07T01:22:59.341037,ok
1418494,0000447-95.2021.8.16.0077,11,1,2026-01-07T01:22:59.341037,ok
1418495,0076457-23.2021.8.16.0000,11,1,2026-01-07T01:22:59.341037,ok
1418496,0006700-93.2020.8.16.0058,11,1,2026-01-07T01:22:59.341037,ok
1418497,0074637-66.2021.8.16.0000,11,1,2026-01-07T01:22:59.341037,ok
1418498,0016681-61.2019.8.16.0130,11,1,2026-01-07T01:22:59.341037,ok
1418499,0014810-61.2021.8.16.0021,11,1,2026-01-07T01:22:59.341037,ok
1418500,0000261-79.2020.8.16.0086,11,1,2026-01-07T01:22:59.341037,ok
1418501,0075688-15.2021.8.16.0000,11,1,2026-01-07T01:22:59.341037,ok
1418502,0074502-54.2021.8.16.0000,11,1,2026-01-07T01:22:59.341037,ok
1418503,0075537-49.2021.8.16.0000,11,1,2026-01-07T01:22:59.341037,ok
1418504,0048343-74.2021.8.16.0000,11,1,2026-01-07T01:22:59.341037,ok
1418505,0075124-36.2021.8.16.0000,11,1,2026-01-07T01:22:59.341037,ok
1418506,0060395-05.2021.8.16.0000,11,1,2026-01-07T01:22:59.341037,ok
1418507,0076021-64.2021.8.16.0000,11,1,2026-01-07T01:22:59.341037,ok
1418508,0012484-94.2021.8.16.0000,11,1,2026-01-07T01:22:59.341037,ok
1418509,0075926-34.2021.8.16.0000,11,1,2026-01-07T01:22:59.341037,ok
1418510,0075592-97.2021.8.16.0000,11,1,2026-01-07T01:22:59.341037,ok
1418511,0074574-41.2021.8.16.0000,11,1,2026-01-07T01:22:59.341037,ok
1418512,0000166-23.2021.8.16.0051,11,1,2026-01-07T01:22:59.341037,ok
1418513,0033628-27.2021.8.16.0000,11,1,2026-01-07T01:22:59.341037,ok
1418514,0075583-38.2021.8.16.0000,11,1,2026-01-07T01:22:59.341037,ok
1418515,0074409-91.2021.8.16.0000,11,1,2026-01-07T01:22:59.341037,ok
1418516,0000259-42.2014.8.16.0047,11,1,2026-01-07T01:22:59.341037,ok
1418517,0004671-50.2020.8.16.0000,11,1,2026-01-07T01:22:59.341037,ok
1418518,0048154-96.2021.8.16.0000,11,1,2026-01-07T01:22:59.341037,ok
1418519,0012239-17.2020.8.16.0001,11,1,2026-01-07T01:22:59.341037,ok
1418520,0076392-28.2021.8.16.0000,11,1,2026-01-07T01:22:59.341037,ok
1418521,0000917-63.2017.8.16.0111,11,1,2026-01-07T01:22:59.341037,ok
1418522,0015588-62.2019.8.16.0001,11,1,2026-01-07T01:22:59.341037,ok
1418523,0005111-30.2017.8.16.0104,11,1,2026-01-07T01:22:59.341037,ok
1418524,0074555-35.2021.8.16.0000,11,1,2026-01-07T01:22:59.341037,ok
1418525,0075715-95.2021.8.16.0000,11,1,2026-01-07T01:22:59.341037,ok
1418526,0071646-20.2021.8.16.0000,11,1,2026-01-07T01:22:59.341037,ok
1418527,0072331-27.2021.8.16.0000,11,1,2026-01-07T01:22:59.341037,ok
1418528,0014716-90.2015.8.16.0129,12,1,2026-01-07T01:22:59.341037,ok
1418529,0006637-93.2013.8.16.0129,12,1,2026-01-07T01:22:59.341037,ok
1418530,0025629-23.2021.8.16.0000,12,1,2026-01-07T01:22:59.341037,ok
1418531,0017826-23.2020.8.16.0000,12,1,2026-01-07T01:22:59.341037,ok
1418532,0001376-69.2017.8.16.0142,12,1,2026-01-07T01:22:59.341037,ok
1418533,0000062-66.1992.8.16.0077,12,1,2026-01-07T01:22:59.341037,ok
1418534,0010031-25.2020.8.16.0045,12,1,2026-01-07T01:22:59.341037,ok
1418535,0001309-07.2020.8.16.0108,12,1,2026-01-07T01:22:59.341037,ok
1418536,0048437-14.2020.8.16.0014,12,1,2026-01-07T01:22:59.341037,ok
1418537,0003508-64.2021.8.16.9000,12,1,2026-01-07T01:22:59.341037,ok
1418538,0050747-08.2019.8.16.0182,12,1,2026-01-07T01:22:59.341037,ok
1418539,0003494-80.2021.8.16.9000,12,1,2026-01-07T01:22:59.341037,ok
1418540,0002615-55.2019.8.16.0137,12,1,2026-01-07T01:22:59.341037,ok
1418541,0002070-08.2016.8.16.0131,12,1,2026-01-07T01:22:59.341037,ok
1418542,0003963-25.2015.8.16.0113,12,1,2026-01-07T01:22:59.341037,ok
1418543,0074487-85.2021.8.16.0000,12,1,2026-01-07T01:22:59.341037,ok
1418544,0001733-24.2008.8.16.0123,12,1,2026-01-07T01:22:59.341037,ok
1418545,0016857-19.2014.8.16.0129,12,1,2026-01-07T01:22:59.341037,ok
1418546,0006191-94.2019.8.16.0189,12,1,2026-01-07T01:22:59.341037,ok
1418547,0055777-17.2021.8.16.0000,12,1,2026-01-07T01:22:59.341037,ok
1418548,0009342-82.2021.8.16.0000,12,1,2026-01-07T01:22:59.341037,ok
1418549,0075662-17.2021.8.16.0000,12,1,2026-01-07T01:22:59.341037,ok
1418550,0059293-79.2020.8.16.0000,12,1,2026-01-07T01:22:59.341037,ok
1418551,0073092-92.2020.8.16.0000,12,1,2026-01-07T01:22:59.341037,ok
1418552,0004091-96.1998.8.16.0030,12,1,2026-01-07T01:22:59.341037,ok
1418553,0075710-73.2021.8.16.0000,12,1,2026-01-07T01:22:59.341037,ok
1418554,0035890-30.2010.8.16.0001,12,1,2026-01-07T01:22:59.341037,ok
1418555,0009164-72.2017.8.16.0001,12,1,2026-01-07T01:22:59.341037,ok
1418556,0012531-59.2019.8.16.0058,12,1,2026-01-07T01:22:59.341037,ok
1418557,0002839-11.2021.8.16.9000,12,1,2026-01-07T01:22:59.341037,ok
1418558,0002361-03.2021.8.16.9000,12,1,2026-01-07T01:22:59.341037,ok
1418559,0003499-05.2021.8.16.9000,12,1,2026-01-07T01:22:59.341037,ok
1418560,0000364-89.2017.8.16.0119,12,1,2026-01-07T01:22:59.341037,ok
1418561,0000685-27.2017.8.16.0119,12,1,2026-01-07T01:22:59.341037,ok
1418562,0000757-14.2017.8.16.0119,12,1,2026-01-07T01:22:59.341037,ok
1418563,0007024-92.2016.8.16.0165,12,1,2026-01-07T01:22:59.341037,ok
1418564,0003484-36.2021.8.16.9000,12,1,2026-01-07T01:22:59.341037,ok
1418565,0073525-62.2021.8.16.0000,12,1,2026-01-07T01:22:59.341037,ok
1418566,0030106-89.2021.8.16.0000,12,1,2026-01-07T01:22:59.341037,ok
1418567,0068714-59.2021.8.16.0000,12,1,2026-01-07T01:22:59.341037,ok
1418568,0075408-44.2021.8.16.0000,12,1,2026-01-07T01:22:59.341037,ok
1418569,0076285-81.2021.8.16.0000,12,1,2026-01-07T01:22:59.341037,ok
1418570,0019073-28.2018.8.16.0188,12,1,2026-01-07T01:22:59.341037,ok
1418571,0076124-71.2021.8.16.0000,12,1,2026-01-07T01:22:59.341037,ok
1418572,0001735-18.2021.8.16.0000,12,1,2026-01-07T01:22:59.341037,ok
1418573,0026350-72.2021.8.16.0000,12,1,2026-01-07T01:22:59.341037,ok
1418574,0076377-59.2021.8.16.0000,12,1,2026-01-07T01:22:59.341037,ok
1418575,0030661-09.2021.8.16.0000,12,1,2026-01-07T01:22:59.341037,ok
1418576,0042086-33.2021.8.16.0000,12,1,2026-01-07T01:22:59.341037,ok
1418577,0033202-15.2021.8.16.0000,12,1,2026-01-07T01:22:59.341037,ok
1418578,0032040-82.2021.8.16.0000,18,1,2026-01-07T01:22:59.341037,ok
1418579,0039949-15.2020.8.16.0000,18,1,2026-01-07T01:22:59.341037,ok
1418580,0001188-17.2021.8.16.0084,18,1,2026-01-07T01:22:59.341037,ok
1418581,0008569-33.2020.8.16.0045,18,1,2026-01-07T01:22:59.341037,ok
1418582,0076176-67.2021.8.16.0000,18,1,2026-01-07T01:22:59.341037,ok
1418583,0049201-42.2020.8.16.0000,18,1,2026-01-07T01:22:59.341037,ok
1418584,0001094-51.2016.8.16.0179,16,1,2026-01-07T01:22:59.341037,ok
1418585,0034315-38.2020.8.16.0000,16,1,2026-01-07T01:22:59.341037,ok
1418586,0016926-41.2020.8.16.0129,16,1,2026-01-07T01:22:59.341037,ok
1418587,0029174-04.2021.8.16.0000,16,1,2026-01-07T01:22:59.341037,ok
1418588,0068132-59.2021.8.16.0000,16,1,2026-01-07T01:22:59.341037,ok
1418589,0065507-52.2021.8.16.0000,16,1,2026-01-07T01:22:59.341037,ok
1418590,0003391-73.2021.8.16.9000,16,1,2026-01-07T01:22:59.341037,ok
1418591,0003250-54.2021.8.16.9000,16,1,2026-01-07T01:22:59.341037,ok
1418592,0003341-47.2021.8.16.9000,16,1,2026-01-07T01:22:59.341037,ok
1418593,0002446-68.2019.8.16.0137,16,1,2026-01-07T01:22:59.341037,ok
1418594,0003460-87.2019.8.16.0137,16,1,2026-01-07T01:22:59.341037,ok
1418595,0008561-67.2019.8.16.0182,16,1,2026-01-07T01:22:59.341037,ok
1418596,0074266-05.2021.8.16.0000,16,1,2026-01-07T01:22:59.341037,ok
1418597,0071759-71.2021.8.16.0000,16,1,2026-01-07T01:22:59.341037,ok
1418598,0015039-84.2021.8.16.0000,16,1,2026-01-07T01:22:59.341037,ok
1418599,0001621-87.1995.8.16.0001,16,1,2026-01-07T01:22:59.341037,ok
1418600,0073270-07.2021.8.16.0000,16,1,2026-01-07T01:22:59.341037,ok
1418601,0004667-82.2014.8.16.0045,16,1,2026-01-07T01:22:59.341037,ok
1418602,0076386-21.2021.8.16.0000,16,1,2026-01-07T01:22:59.341037,ok
1418603,0076478-96.2021.8.16.0000,16,1,2026-01-07T01:22:59.341037,ok
1418604,0010282-69.2006.8.16.0001,16,1,2026-01-07T01:22:59.341037,ok
1418605,0008423-90.2020.8.16.0174,16,1,2026-01-07T01:22:59.341037,ok
1418606,0049997-96.2021.8.16.0000,16,1,2026-01-07T01:22:59.341037,ok
1418607,0075089-76.2021.8.16.0000,16,1,2026-01-07T01:22:59.341037,ok
1418608,0073223-33.2021.8.16.0000,16,1,2026-01-07T01:22:59.341037,ok
1418609,0076025-04.2021.8.16.0000,16,1,2026-01-07T01:22:59.341037,ok
1418610,0032733-66.2021.8.16.0000,16,1,2026-01-07T01:22:59.341037,ok
1418611,0009078-02.2020.8.16.0194,16,1,2026-01-07T01:22:59.341037,ok
1418612,0076132-48.2021.8.16.0000,16,1,2026-01-07T01:22:59.341037,ok
1418613,0008950-08.2009.8.16.0116,16,1,2026-01-07T01:22:59.341037,ok
1418614,0009656-84.2020.8.16.0025,16,1,2026-01-07T01:22:59.341037,ok
1418615,0000646-60.2018.8.16.0033,16,1,2026-01-07T01:22:59.341037,ok
1418616,0017238-57.2019.8.16.0030,16,1,2026-01-07T01:22:59.341037,ok
1418617,0000639-53.2020.8.16.0177,16,1,2026-01-07T01:22:59.341037,ok
1418618,0075992-14.2021.8.16.0000,16,1,2026-01-07T01:22:59.341037,ok
1418619,0022521-93.2015.8.16.0000,16,1,2026-01-07T01:22:59.341037,ok
1418620,0002891-67.2009.8.16.0095,16,1,2026-01-07T01:22:59.341037,ok
1418621,0057624-46.2020.8.16.0014,16,1,2026-01-07T01:22:59.341037,ok
1418622,0004308-88.2020.8.16.0024,16,1,2026-01-07T01:22:59.341037,ok
1418623,0003504-27.2021.8.16.9000,16,1,2026-01-07T01:22:59.341037,ok
1418624,0002827-76.2019.8.16.0137,16,1,2026-01-07T01:22:59.341037,ok
1418625,0001310-36.2019.8.16.0137,16,1,2026-01-07T01:22:59.341037,ok
1418626,0076047-62.2021.8.16.0000,16,1,2026-01-07T01:22:59.341037,ok
1418627,0060340-54.2021.8.16.0000,16,1,2026-01-07T01:22:59.341037,ok
1418628,0001014-95.2020.8.16.0034,16,1,2026-01-07T01:22:59.341037,ok
1418629,0004847-04.2020.8.16.0170,20,1,2026-01-07T01:22:59.341037,ok
1418630,0006994-82.2019.8.16.0058,20,1,2026-01-07T01:22:59.341037,ok
1418631,0009026-66.2019.8.16.0056,19,1,2026-01-07T01:22:59.341037,ok
1418632,0005646-38.2021.8.16.0000,19,1,2026-01-07T01:22:59.341037,ok
1418633,0011397-83.2018.8.16.0170,19,1,2026-01-07T01:22:59.341037,ok
1418634,0012038-33.2017.8.16.0194,19,1,2026-01-07T01:22:59.341037,ok
1418635,0002067-16.2020.8.16.0001,19,1,2026-01-07T01:22:59.341037,ok
1418636,0062185-24.2021.8.16.0000,19,1,2026-01-07T01:22:59.341037,ok
1418637,0060999-97.2020.8.16.0000,19,1,2026-01-07T01:22:59.341037,ok
1418638,0031600-97.2019.8.16.0019,19,1,2026-01-07T01:22:59.341037,ok
1418639,0062243-61.2020.8.16.0000,19,1,2026-01-07T01:22:59.341037,ok
1418640,0076109-05.2021.8.16.0000,19,1,2026-01-07T01:22:59.341037,ok
1418641,0013539-43.2009.8.16.0116,19,1,2026-01-07T01:22:59.341037,ok
1418642,0072057-63.2021.8.16.0000,19,1,2026-01-07T01:22:59.341037,ok
1418643,0002689-02.2019.8.16.0108,21,1,2026-01-07T01:22:59.341037,ok
1418644,0012159-69.2018.8.16.0083,22,1,2026-01-07T01:22:59.341037,ok
1418645,0029954-77.2017.8.16.0001,22,1,2026-01-07T01:22:59.341037,ok
1418646,0009446-09.2014.8.16.0004,22,1,2026-01-07T01:22:59.341037,ok
1418647,0005822-48.2020.8.16.0001,22,1,2026-01-07T01:22:59.341037,ok
1418648,0050255-09.2021.8.16.0000,22,1,2026-01-07T01:22:59.341037,ok
1418649,0044715-77.2021.8.16.0000,22,1,2026-01-07T01:22:59.341037,ok
1418650,0011525-16.2019.8.16.0026,22,1,2026-01-07T01:22:59.341037,ok
1418651,0076035-48.2021.8.16.0000,22,1,2026-01-07T01:22:59.341037,ok
1418652,0075444-86.2021.8.16.0000,22,1,2026-01-07T01:22:59.341037,ok
1418653,0074792-69.2021.8.16.0000,22,1,2026-01-07T01:22:59.341037,ok
1418654,0027586-59.2021.8.16.0000,22,1,2026-01-07T01:22:59.341037,ok
1418655,0012509-21.2019.8.16.0019,22,1,2026-01-07T01:22:59.341037,ok
1418656,0002557-08.2015.8.16.0100,22,1,2026-01-07T01:22:59.341037,ok
1418657,0000789-60.2020.8.16.0039,22,1,2026-01-07T01:22:59.341037,ok
1418658,0002442-93.2020.8.16.0105,22,1,2026-01-07T01:22:59.341037,ok
1418659,0011240-51.2016.8.16.0083,22,1,2026-01-07T01:22:59.341037,ok
1418660,0012673-79.2019.8.16.0182,22,1,2026-01-07T01:22:59.341037,ok
1418661,0051894-06.2018.8.16.0182,22,1,2026-01-07T01:22:59.341037,ok
1418662,0000828-09.2019.8.16.0131,22,1,2026-01-07T01:22:59.341037,ok
1418663,0009808-32.2020.8.16.0026,22,1,2026-01-07T01:22:59.341037,ok
1418664,0008695-59.2019.8.16.0129,24,1,2026-01-07T01:22:59.341037,ok
1418665,0002023-97.2020.8.16.0097,24,1,2026-01-07T01:22:59.341037,ok
1418666,0010066-26.2019.8.16.0075,24,1,2026-01-07T01:22:59.341037,ok
1418667,0029468-56.2021.8.16.0000,24,1,2026-01-07T01:22:59.341037,ok
1418668,0058754-16.2020.8.16.0000,24,1,2026-01-07T01:22:59.341037,ok
1418669,0002477-05.2012.8.16.0050,24,1,2026-01-07T01:22:59.341037,ok
1418670,0012882-33.2020.8.16.0014,24,1,2026-01-07T01:22:59.341037,ok
1418671,0001637-31.2017.8.16.0143,24,1,2026-01-07T01:22:59.341037,ok
1418672,0040268-46.2021.8.16.0000,24,1,2026-01-07T01:22:59.341037,ok
1418673,0059090-83.2021.8.16.0000,24,1,2026-01-07T01:22:59.341037,ok
1418674,0055976-39.2021.8.16.0000,24,1,2026-01-07T01:22:59.341037,ok
1418675,0002588-57.2019.8.16.0045,24,1,2026-01-07T01:22:59.341037,ok
1418676,0061091-41.2021.8.16.0000,24,1,2026-01-07T01:22:59.341037,ok
1418677,0072378-98.2021.8.16.0000,24,1,2026-01-07T01:22:59.341037,ok
1418678,0004582-79.2007.8.16.0033,24,1,2026-01-07T01:22:59.341037,ok
1418679,0063642-91.2021.8.16.0000,24,1,2026-01-07T01:22:59.341037,ok
1418680,0047640-46.2021.8.16.0000,24,1,2026-01-07T01:22:59.341037,ok
1418681,0003792-25.2012.8.16.0129,24,1,2026-01-07T01:22:59.341037,ok
1418682,0052170-93.2021.8.16.0000,24,1,2026-01-07T01:22:59.341037,ok
1418683,0069486-22.2021.8.16.0000,24,1,2026-01-07T01:22:59.341037,ok
1418684,0007168-10.2019.8.16.0182,24,1,2026-01-07T01:22:59.341037,ok
1418685,0012853-95.2019.8.16.0182,24,1,2026-01-07T01:22:59.341037,ok
1418686,0030469-83.2019.8.16.0182,24,1,2026-01-07T01:22:59.341037,ok
1418687,0008991-81.2019.8.16.0129,24,1,2026-01-07T01:22:59.341037,ok
1418688,0008687-82.2019.8.16.0129,24,1,2026-01-07T01:22:59.341037,ok
1418689,0008855-84.2019.8.16.0129,24,1,2026-01-07T01:22:59.341037,ok
1418690,0008174-17.2019.8.16.0129,24,1,2026-01-07T01:22:59.341037,ok
1418691,0007271-79.2019.8.16.0129,24,1,2026-01-07T01:22:59.341037,ok
1418692,0003293-88.2021.8.16.9000,24,1,2026-01-07T01:22:59.341037,ok
1418693,0013093-35.2021.8.16.0014,24,1,2026-01-07T01:22:59.341037,ok
1418694,0001282-47.2020.8.16.0165,24,1,2026-01-07T01:22:59.341037,ok
1418695,0010866-07.2014.8.16.0018,24,1,2026-01-07T01:22:59.341037,ok
1418696,0040917-11.2021.8.16.0000,24,1,2026-01-07T01:22:59.341037,ok
1418697,0007956-25.2009.8.16.0004,24,1,2026-01-07T01:22:59.341037,ok
1418698,0022971-94.2020.8.16.0021,24,1,2026-01-07T01:22:59.341037,ok
1418699,0067456-14.2021.8.16.0000,24,1,2026-01-07T01:22:59.341037,ok
1418700,0049262-63.2021.8.16.0000,24,1,2026-01-07T01:22:59.341037,ok
1418701,0000356-93.2021.8.16.0080,24,1,2026-01-07T01:22:59.341037,ok
1418702,0002111-89.2020.8.16.0080,24,1,2026-01-07T01:22:59.341037,ok
1418703,0054587-19.2021.8.16.0000,24,1,2026-01-07T01:22:59.341037,ok
1418704,0075256-93.2021.8.16.0000,24,1,2026-01-07T01:22:59.341037,ok
1418705,0005258-54.2008.8.16.0045,24,1,2026-01-07T01:22:59.341037,ok
1418706,0075656-10.2021.8.16.0000,24,1,2026-01-07T01:22:59.341037,ok
1418707,0002137-96.2017.8.16.0111,24,1,2026-01-07T01:22:59.341037,ok
1418708,0056378-23.2021.8.16.0000,24,1,2026-01-07T01:22:59.341037,ok
1418709,0075356-48.2021.8.16.0000,24,1,2026-01-07T01:22:59.341037,ok
1418710,0026575-73.2013.8.16.0000,24,1,2026-01-07T01:22:59.341037,ok
1418711,0052193-83.2014.8.16.0000,24,1,2026-01-07T01:22:59.341037,ok
1418712,0069487-07.2021.8.16.0000,24,1,2026-01-07T01:22:59.341037,ok
1418713,0032064-58.2018.8.16.0019,24,1,2026-01-07T01:22:59.341037,ok
1418714,0016773-53.2020.8.16.0017,29,1,2026-01-07T01:22:59.341037,ok
1418715,0044945-22.2021.8.16.0000,27,1,2026-01-07T01:22:59.341037,ok
1418716,0004809-53.2020.8.16.0182,27,1,2026-01-07T01:22:59.341037,ok
1418717,0020105-16.2020.8.16.0021,27,1,2026-01-07T01:22:59.341037,ok
1418718,0018758-47.2020.8.16.0182,27,1,2026-01-07T01:22:59.341037,ok
1418719,0002825-07.2021.8.16.0018,27,1,2026-01-07T01:22:59.341037,ok
1418720,0021358-48.2020.8.16.0018,27,1,2026-01-07T01:22:59.341037,ok
1418721,0002357-63.2021.8.16.9000,27,1,2026-01-07T01:22:59.341037,ok
1418722,0064114-92.2021.8.16.0000,27,1,2026-01-07T01:22:59.341037,ok
1418723,0000846-21.2020.8.16.0058,27,1,2026-01-07T01:22:59.341037,ok
1418724,0005676-47.2019.8.16.0193,27,1,2026-01-07T01:22:59.341037,ok
1418725,0075801-66.2021.8.16.0000,27,1,2026-01-07T01:22:59.341037,ok
1418726,0027857-15.2014.8.16.0000,27,1,2026-01-07T01:22:59.341037,ok
1418727,0075571-24.2021.8.16.0000,27,1,2026-01-07T01:22:59.341037,ok
1418728,0005535-22.2019.8.16.0001,27,1,2026-01-07T01:22:59.341037,ok
1418729,0075889-07.2021.8.16.0000,27,1,2026-01-07T01:22:59.341037,ok
1418730,0002231-78.2020.8.16.0001,26,1,2026-01-07T01:22:59.341037,ok
1418731,0001283-60.2019.8.16.0070,26,1,2026-01-07T01:22:59.341037,ok
1418732,0002056-86.2020.8.16.0065,26,1,2026-01-07T01:22:59.341037,ok
1418733,0003117-05.2020.8.16.0025,26,1,2026-01-07T01:22:59.341037,ok
1418734,0071122-23.2021.8.16.0000,26,1,2026-01-07T01:22:59.341037,ok
1418735,0018463-37.2021.8.16.0000,26,1,2026-01-07T01:22:59.341037,ok
1418736,0005241-92.2018.8.16.0004,26,1,2026-01-07T01:22:59.341037,ok
1418737,0072132-05.2021.8.16.0000,26,1,2026-01-07T01:22:59.341037,ok
1418738,0021305-64.2020.8.16.0019,26,1,2026-01-07T01:22:59.341037,ok
1418739,0075627-57.2021.8.16.0000,26,1,2026-01-07T01:22:59.341037,ok
1418740,0074173-42.2021.8.16.0000,26,1,2026-01-07T01:22:59.341037,ok
1418741,0054552-59.2021.8.16.0000,26,1,2026-01-07T01:22:59.341037,ok
1418742,0053208-43.2021.8.16.0000,26,1,2026-01-07T01:22:59.341037,ok
1418743,0062119-44.2021.8.16.0000,26,1,2026-01-07T01:22:59.341037,ok
1418744,0026129-67.2009.8.16.0014,26,1,2026-01-07T01:22:59.341037,ok
1418745,0017959-91.2009.8.16.0019,26,1,2026-01-07T01:22:59.341037,ok
1418746,0058825-81.2021.8.16.0000,26,1,2026-01-07T01:22:59.341037,ok
1418747,0002707-86.2015.8.16.0100,26,1,2026-01-07T01:22:59.341037,ok
1418748,0008568-86.2020.8.16.0000,26,1,2026-01-07T01:22:59.341037,ok
1418749,0033514-32.2010.8.16.0014,26,1,2026-01-07T01:22:59.341037,ok
1418750,0000780-94.2015.8.16.0000,26,1,2026-01-07T01:22:59.341037,ok
1418751,0006865-28.2020.8.16.0160,26,1,2026-01-07T01:22:59.341037,ok
1418752,0004263-59.2021.8.16.0021,26,1,2026-01-07T01:22:59.341037,ok
1418753,0011723-03.2019.8.16.0075,26,1,2026-01-07T01:22:59.341037,ok
1418754,0039411-97.2021.8.16.0000,26,1,2026-01-07T01:22:59.341037,ok
1418755,0041116-33.2021.8.16.0000,26,1,2026-01-07T01:22:59.341037,ok
1418756,0066260-98.2020.8.16.0014,26,1,2026-01-07T01:22:59.341037,ok
1418757,0002701-26.2016.8.16.0074,26,1,2026-01-07T01:22:59.341037,ok
1418758,0004592-08.2019.8.16.0194,26,1,2026-01-07T01:22:59.341037,ok
1418759,0019209-02.2021.8.16.0000,26,1,2026-01-07T01:22:59.341037,ok
1418760,0011520-91.2019.8.16.0026,26,1,2026-01-07T01:22:59.341037,ok
1418761,0038161-29.2021.8.16.0000,26,1,2026-01-07T01:22:59.341037,ok
1418762,0001354-78.2021.8.16.0139,26,1,2026-01-07T01:22:59.341037,ok
1418763,0057391-57.2021.8.16.0000,26,1,2026-01-07T01:22:59.341037,ok
1418764,0054436-53.2021.8.16.0000,26,1,2026-01-07T01:22:59.341037,ok
1418765,0075982-67.2021.8.16.0000,26,1,2026-01-07T01:22:59.341037,ok
1418766,0000555-08.2010.8.16.0014,26,1,2026-01-07T01:22:59.341037,ok
1418767,0036276-55.2009.8.16.0014,26,1,2026-01-07T01:22:59.341037,ok
1418768,0001416-84.2020.8.16.0194,26,1,2026-01-07T01:22:59.341037,ok
1418769,0031331-47.2021.8.16.0000,26,1,2026-01-07T01:22:59.341037,ok
1418770,0006439-08.2020.8.16.0001,26,1,2026-01-07T01:22:59.341037,ok
1418771,0047874-28.2021.8.16.0000,26,1,2026-01-07T01:22:59.341037,ok
1418772,0075907-28.2021.8.16.0000,26,1,2026-01-07T01:22:59.341037,ok
1418773,0002259-56.1997.8.16.0129,26,1,2026-01-07T01:22:59.341037,ok
1418774,0052713-96.2021.8.16.0000,26,1,2026-01-07T01:22:59.341037,ok
1418775,0075962-76.2021.8.16.0000,26,1,2026-01-07T01:22:59.341037,ok
1418776,0037415-64.2021.8.16.0000,26,1,2026-01-07T01:22:59.341037,ok
1418777,0002585-06.2016.8.16.0014,26,1,2026-01-07T01:22:59.341037,ok
1418778,0007372-86.2017.8.16.0000,26,1,2026-01-07T01:22:59.341037,ok
1418779,0000423-57.2018.8.16.0082,25,1,2026-01-07T01:22:59.341037,ok
1418780,0008813-03.2019.8.16.0075,25,1,2026-01-07T01:22:59.341037,ok
1418781,0008862-44.2019.8.16.0075,25,1,2026-01-07T01:22:59.341037,ok
1418782,0024770-07.2021.8.16.0000,25,1,2026-01-07T01:22:59.341037,ok
1418783,0040077-98.2021.8.16.0000,25,1,2026-01-07T01:22:59.341037,ok
1418784,0005310-42.2005.8.16.0017,25,1,2026-01-07T01:22:59.341037,ok
1418785,0045937-58.2013.8.16.0001,25,1,2026-01-07T01:22:59.341037,ok
1418786,0000307-35.2020.8.16.0000,25,1,2026-01-07T01:22:59.341037,ok
1418787,0002867-73.2021.8.16.0077,25,1,2026-01-07T01:22:59.341037,ok
1418788,0068555-19.2021.8.16.0000,25,1,2026-01-07T01:22:59.341037,ok
1418789,0076000-88.2021.8.16.0000,25,1,2026-01-07T01:22:59.341037,ok
1418790,0010670-81.2020.8.16.0194,25,1,2026-01-07T01:22:59.341037,ok
1418791,0062484-98.2021.8.16.0000,25,1,2026-01-07T01:22:59.341037,ok
1418792,0075001-38.2021.8.16.0000,25,1,2026-01-07T01:22:59.341037,ok
1418793,0073309-04.2021.8.16.0000,25,1,2026-01-07T01:22:59.341037,ok
1418794,0008819-42.2019.8.16.0129,25,1,2026-01-07T01:22:59.341037,ok
1418795,0008693-89.2019.8.16.0129,25,1,2026-01-07T01:22:59.341037,ok
1418796,0009043-77.2019.8.16.0129,25,1,2026-01-07T01:22:59.341037,ok
1418797,0002032-59.2020.8.16.0097,25,1,2026-01-07T01:22:59.341037,ok
1418798,0001105-93.2020.8.16.0097,25,1,2026-01-07T01:22:59.341037,ok
1418799,0002935-26.2021.8.16.9000,25,1,2026-01-07T01:22:59.341037,ok
1418800,0010348-64.2019.8.16.0075,25,1,2026-01-07T01:22:59.341037,ok
1418801,0003372-67.2021.8.16.9000,25,1,2026-01-07T01:22:59.341037,ok
1418802,0015228-98.2017.8.16.0001,25,1,2026-01-07T01:22:59.341037,ok
1418803,0040998-57.2021.8.16.0000,25,1,2026-01-07T01:22:59.341037,ok
1418804,0009689-91.2019.8.16.0160,25,1,2026-01-07T01:22:59.341037,ok
1418805,0000824-44.2020.8.16.0031,25,1,2026-01-07T01:22:59.341037,ok
1418806,0061549-58.2021.8.16.0000,25,1,2026-01-07T01:22:59.341037,ok
1418807,0074143-07.2021.8.16.0000,25,1,2026-01-07T01:22:59.341037,ok
1418808,0074348-36.2021.8.16.0000,25,1,2026-01-07T01:22:59.341037,ok
1418809,0074863-71.2021.8.16.0000,25,1,2026-01-07T01:22:59.341037,ok
1418810,0051492-78.2021.8.16.0000,25,1,2026-01-07T01:22:59.341037,ok
1418811,0046990-96.2021.8.16.0000,25,1,2026-01-07T01:22:59.341037,ok
1418812,0074416-83.2021.8.16.0000,25,1,2026-01-07T01:22:59.341037,ok
1418813,0075086-24.2021.8.16.0000,25,1,2026-01-07T01:22:59.341037,ok
1418814,0071092-85.2021.8.16.0000,25,1,2026-01-07T01:22:59.341037,ok
1418815,0002438-93.2019.8.16.0104,25,1,2026-01-07T01:22:59.341037,ok
1418816,0002542-85.2019.8.16.0104,25,1,2026-01-07T01:22:59.341037,ok
1418817,0001429-86.2019.8.16.0075,25,1,2026-01-07T01:22:59.341037,ok
1418818,0008686-97.2019.8.16.0129,25,1,2026-01-07T01:22:59.341037,ok
1418819,0007121-98.2019.8.16.0129,25,1,2026-01-07T01:22:59.341037,ok
1418820,0007358-35.2019.8.16.0129,25,1,2026-01-07T01:22:59.341037,ok
1418821,0003366-60.2021.8.16.9000,25,1,2026-01-07T01:22:59.341037,ok
1418822,0001612-44.2020.8.16.0165,25,1,2026-01-07T01:22:59.341037,ok
1418823,0003162-84.2019.8.16.9000,25,1,2026-01-07T01:22:59.341037,ok
1418824,0004089-21.2019.8.16.0021,25,1,2026-01-07T01:22:59.341037,ok
1418825,0011218-79.2019.8.16.0182,25,1,2026-01-07T01:22:59.341037,ok
1418826,0079373-56.2019.8.16.0014,25,1,2026-01-07T01:22:59.341037,ok
1418827,0071131-19.2020.8.16.0000,25,1,2026-01-07T01:22:59.341037,ok
1418828,0015117-07.2020.8.16.0035,25,1,2026-01-07T01:22:59.341037,ok
1418829,0008666-95.2019.8.16.0165,23,1,2026-01-07T01:22:59.341037,ok
1418830,0010716-73.2019.8.16.0075,23,1,2026-01-07T01:22:59.341037,ok
1418831,0001466-43.2018.8.16.0045,23,1,2026-01-07T01:22:59.341037,ok
1418832,0002377-55.2018.8.16.0045,23,1,2026-01-07T01:22:59.341037,ok
1418833,0006718-27.2018.8.16.0045,23,1,2026-01-07T01:22:59.341037,ok
1418834,0036022-07.2021.8.16.0000,23,1,2026-01-07T01:22:59.341037,ok
1418835,0000616-22.2021.8.16.0000,23,1,2026-01-07T01:22:59.341037,ok
1418836,0052165-71.2021.8.16.0000,23,1,2026-01-07T01:22:59.341037,ok
1418837,0050317-49.2021.8.16.0000,23,1,2026-01-07T01:22:59.341037,ok
1418838,0052638-57.2021.8.16.0000,23,1,2026-01-07T01:22:59.341037,ok
1418839,0002030-43.2020.8.16.0080,23,1,2026-01-07T01:22:59.341037,ok
1418840,0057817-69.2021.8.16.0000,23,1,2026-01-07T01:22:59.341037,ok
1418841,0068532-73.2021.8.16.0000,23,1,2026-01-07T01:22:59.341037,ok
1418842,0070489-12.2021.8.16.0000,23,1,2026-01-07T01:22:59.341037,ok
1418843,0075754-92.2021.8.16.0000,23,1,2026-01-07T01:22:59.341037,ok
1418844,0071285-03.2021.8.16.0000,23,1,2026-01-07T01:22:59.341037,ok
1418845,0061787-77.2021.8.16.0000,23,1,2026-01-07T01:22:59.341037,ok
1418846,0016851-75.2015.8.16.0129,23,1,2026-01-07T01:22:59.341037,ok
1418847,0051577-64.2021.8.16.0000,23,1,2026-01-07T01:22:59.341037,ok
1418848,0032537-96.2021.8.16.0000,23,1,2026-01-07T01:22:59.341037,ok
1418849,0073543-83.2021.8.16.0000,23,1,2026-01-07T01:22:59.341037,ok
1418850,0052403-90.2021.8.16.0000,23,1,2026-01-07T01:22:59.341037,ok
1418851,0011385-96.2019.8.16.0182,23,1,2026-01-07T01:22:59.341037,ok
1418852,0001744-43.2019.8.16.0131,23,1,2026-01-07T01:22:59.341037,ok
1418853,0001148-46.2018.8.16.0082,23,1,2026-01-07T01:22:59.341037,ok
1418854,0003496-50.2021.8.16.9000,23,1,2026-01-07T01:22:59.341037,ok
1418855,0012643-28.2019.8.16.0058,23,1,2026-01-07T01:22:59.341037,ok
1418856,0000791-55.2015.8.16.0152,23,1,2026-01-07T01:22:59.341037,ok
1418857,0002766-39.2021.8.16.9000,23,1,2026-01-07T01:22:59.341037,ok
1418858,0002255-42.2018.8.16.0045,23,1,2026-01-07T01:22:59.341037,ok
1418859,0002394-91.2018.8.16.0045,23,1,2026-01-07T01:22:59.341037,ok
1418860,0006738-51.2018.8.16.0131,23,1,2026-01-07T01:22:59.341037,ok
1418861,0000493-15.2010.8.16.0063,23,1,2026-01-07T01:22:59.341037,ok
1418862,0010274-75.2018.8.16.0194,23,1,2026-01-07T01:22:59.341037,ok
1418863,0018855-74.2021.8.16.0000,23,1,2026-01-07T01:22:59.341037,ok
1418864,0039396-31.2021.8.16.0000,23,1,2026-01-07T01:22:59.341037,ok
1418865,0002110-07.2020.8.16.0080,23,1,2026-01-07T01:22:59.341037,ok
1418866,0054369-88.2021.8.16.0000,23,1,2026-01-07T01:22:59.341037,ok
1418867,0017433-52.2017.8.16.0017,23,1,2026-01-07T01:22:59.341037,ok
1418868,0025960-05.2021.8.16.0000,23,1,2026-01-07T01:22:59.341037,ok
1418869,0075414-51.2021.8.16.0000,23,1,2026-01-07T01:22:59.341037,ok
1418870,0001438-70.2020.8.16.0024,23,1,2026-01-07T01:22:59.341037,ok
1418871,0038472-20.2021.8.16.0000,23,1,2026-01-07T01:22:59.341037,ok
1418872,0000548-16.2010.8.16.0014,23,1,2026-01-07T01:22:59.341037,ok
1418873,0075632-79.2021.8.16.0000,23,1,2026-01-07T01:22:59.341037,ok
1418874,0053122-72.2021.8.16.0000,23,1,2026-01-07T01:22:59.341037,ok
1418875,0045920-44.2021.8.16.0000,23,1,2026-01-07T01:22:59.341037,ok
1418876,0009955-85.2020.8.16.0017,23,1,2026-01-07T01:22:59.341037,ok
1418877,0033681-08.2021.8.16.0000,23,1,2026-01-07T01:22:59.341037,ok
1418878,0032065-95.2021.8.16.0000,30,1,2026-01-07T01:22:59.341037,ok
1418879,0012218-10.2021.8.16.0000,30,1,2026-01-07T01:22:59.341037,ok
1418880,0003281-05.2006.8.16.0075,30,1,2026-01-07T01:22:59.341037,ok
1418881,0000794-77.2020.8.16.0073,30,1,2026-01-07T01:22:59.341037,ok
1418882,0050121-79.2021.8.16.0000,30,1,2026-01-07T01:22:59.341037,ok
1418883,0031120-11.2021.8.16.0000,30,1,2026-01-07T01:22:59.341037,ok
1418884,0039086-25.2021.8.16.0000,30,1,2026-01-07T01:22:59.341037,ok
1418885,0030149-26.2021.8.16.0000,30,1,2026-01-07T01:22:59.341037,ok
1418886,0067922-97.2020.8.16.0014,30,1,2026-01-07T01:22:59.341037,ok
1418887,0033973-90.2021.8.16.0000,30,1,2026-01-07T01:22:59.341037,ok
1418888,0051628-75.2021.8.16.0000,30,1,2026-01-07T01:22:59.341037,ok
1418889,0058507-98.2021.8.16.0000,32,1,2026-01-07T01:22:59.341037,ok
1418890,0003559-19.2018.8.16.0064,31,1,2026-01-07T01:22:59.341037,ok
1418891,0004755-94.2020.8.16.0018,31,1,2026-01-07T01:22:59.341037,ok
1418892,0059943-92.2021.8.16.0000,31,1,2026-01-07T01:22:59.341037,ok
1418893,0063223-71.2021.8.16.0000,33,1,2026-01-07T01:22:59.341037,ok
1418894,0066194-29.2021.8.16.0000,35,1,2026-01-07T01:22:59.341037,ok
1418895,0003170-50.2012.8.16.0159,35,1,2026-01-07T01:22:59.341037,ok
1418896,0044570-21.2021.8.16.0000,35,1,2026-01-07T01:22:59.341037,ok
1418897,0042698-68.2021.8.16.0000,35,1,2026-01-07T01:22:59.341037,ok
1418898,0031170-29.2020.8.16.0014,35,1,2026-01-07T01:22:59.341037,ok
1418899,0036298-09.2020.8.16.0021,35,1,2026-01-07T01:22:59.341037,ok
1418900,0066628-18.2021.8.16.0000,37,1,2026-01-07T01:22:59.341037,ok
1418901,0008734-89.2017.8.16.0173,37,1,2026-01-07T01:22:59.341037,ok
1418902,0063190-18.2020.8.16.0000,37,1,2026-01-07T01:22:59.341037,ok
1418903,0059012-89.2021.8.16.0000,37,1,2026-01-07T01:22:59.341037,ok
1418904,0010842-93.2021.8.16.0030,37,1,2026-01-07T01:22:59.341037,ok
1418905,0058319-08.2021.8.16.0000,37,1,2026-01-07T01:22:59.341037,ok
1418906,0000858-06.2019.8.16.0176,37,1,2026-01-07T01:22:59.341037,ok
1418907,0005152-65.2020.8.16.0112,37,1,2026-01-07T01:22:59.341037,ok
1418908,0002386-69.2021.8.16.0123,37,1,2026-01-07T01:22:59.341037,ok
1418909,0001421-13.2020.8.16.0128,37,1,2026-01-07T01:22:59.341037,ok
1418910,0058573-78.2021.8.16.0000,37,1,2026-01-07T01:22:59.341037,ok
1418911,0020742-37.2014.8.16.0001,37,1,2026-01-07T01:22:59.341037,ok
1418912,0016576-57.2018.8.16.0021,37,1,2026-01-07T01:22:59.341037,ok
1418913,0015589-28.2008.8.16.0035,37,1,2026-01-07T01:22:59.341037,ok
1418914,0001467-67.2020.8.16.0074,37,1,2026-01-07T01:22:59.341037,ok
1418915,0000969-98.2017.8.16.0001,37,1,2026-01-07T01:22:59.341037,ok
1418916,0059899-73.2021.8.16.0000,37,1,2026-01-07T01:22:59.341037,ok
1418917,0008556-47.2018.8.16.0031,37,1,2026-01-07T01:22:59.341037,ok
1418918,0065494-53.2021.8.16.0000,37,1,2026-01-07T01:22:59.341037,ok
1418919,0066469-75.2021.8.16.0000,37,1,2026-01-07T01:22:59.341037,ok
1418920,0035569-12.2021.8.16.0000,37,1,2026-01-07T01:22:59.341037,ok
1418921,0072317-77.2020.8.16.0000,37,1,2026-01-07T01:22:59.341037,ok
1418922,0017459-40.2013.8.16.0001,37,1,2026-01-07T01:22:59.341037,ok
1418923,0055554-66.2014.8.16.0014,37,1,2026-01-07T01:22:59.341037,ok
1418924,0008386-35.2019.8.16.0130,37,1,2026-01-07T01:22:59.341037,ok
1418925,0034316-86.2021.8.16.0000,37,1,2026-01-07T01:22:59.341037,ok
1418926,0001702-44.2020.8.16.0103,37,1,2026-01-07T01:22:59.341037,ok
1418927,0008823-78.2019.8.16.0194,37,1,2026-01-07T01:22:59.341037,ok
1418928,0037622-63.2021.8.16.0000,37,1,2026-01-07T01:22:59.341037,ok
1418929,0051205-18.2021.8.16.0000,37,1,2026-01-07T01:22:59.341037,ok
1418930,0027493-04.2019.8.16.0021,37,1,2026-01-07T01:22:59.341037,ok
1418931,0017892-37.2015.8.16.0013,37,1,2026-01-07T01:22:59.341037,ok
1418932,0012421-83.2011.8.16.0044,37,1,2026-01-07T01:22:59.341037,ok
1418933,0003388-57.2017.8.16.0077,37,1,2026-01-07T01:22:59.341037,ok
1418934,0059893-66.2021.8.16.0000,37,1,2026-01-07T01:22:59.341037,ok
1418935,0053309-80.2021.8.16.0000,37,1,2026-01-07T01:22:59.341037,ok
1418936,0030190-78.2017.8.16.0017,37,1,2026-01-07T01:22:59.341037,ok
1418937,0008051-75.2012.8.16.0028,37,1,2026-01-07T01:22:59.341037,ok
1418938,0006501-07.2019.8.16.0123,37,1,2026-01-07T01:22:59.341037,ok
1418939,0001432-26.2020.8.16.0101,37,1,2026-01-07T01:22:59.341037,ok
1418940,0004014-36.2020.8.16.0024,37,1,2026-01-07T01:22:59.341037,ok
1418941,0005462-39.2019.8.16.0037,37,1,2026-01-07T01:22:59.341037,ok
1418942,0044235-91.2020.8.16.0014,37,1,2026-01-07T01:22:59.341037,ok
1418943,0002007-25.2021.8.16.0028,37,1,2026-01-07T01:22:59.341037,ok
1418944,4002832-55.2021.8.16.0009,37,1,2026-01-07T01:22:59.341037,ok
1418945,0050380-74.2021.8.16.0000,37,1,2026-01-07T01:22:59.341037,ok
1418946,0016370-21.2019.8.16.0017,37,1,2026-01-07T01:22:59.341037,ok
1418947,0027795-45.2019.8.16.0017,37,1,2026-01-07T01:22:59.341037,ok
1418948,0033593-67.2021.8.16.0000,37,1,2026-01-07T01:22:59.341037,ok
1418949,0031220-63.2021.8.16.0000,37,1,2026-01-07T01:22:59.341037,ok
1418950,0002529-27.2020.8.16.0080,36,1,2026-01-07T01:22:59.341037,ok
1418951,0007455-06.2012.8.16.0024,36,1,2026-01-07T01:22:59.341037,ok
1418952,0001827-93.2019.8.16.0055,36,1,2026-01-07T01:22:59.341037,ok
1418953,0002625-15.2019.8.16.0068,36,1,2026-01-07T01:22:59.341037,ok
1418954,0053369-53.2021.8.16.0000,36,1,2026-01-07T01:22:59.341037,ok
1418955,0058758-19.2021.8.16.0000,36,1,2026-01-07T01:22:59.341037,ok
1418956,0055114-68.2021.8.16.0000,36,1,2026-01-07T01:22:59.341037,ok
1418957,0003075-10.2021.8.16.0028,36,1,2026-01-07T01:22:59.341037,ok
1418958,0002002-65.2016.8.16.0064,36,1,2026-01-07T01:22:59.341037,ok
1418959,0004077-92.2018.8.16.0101,36,1,2026-01-07T01:22:59.341037,ok
1418960,0084523-18.2019.8.16.0014,36,1,2026-01-07T01:22:59.341037,ok
1418961,0054612-24.2020.8.16.0014,36,1,2026-01-07T01:22:59.341037,ok
1418962,0051797-62.2021.8.16.0000,36,1,2026-01-07T01:22:59.341037,ok
1418963,0009979-65.2020.8.16.0033,36,1,2026-01-07T01:22:59.341037,ok
1418964,0002834-36.2006.8.16.0004,36,1,2026-01-07T01:22:59.341037,ok
1418965,0024335-66.2019.8.16.0044,36,1,2026-01-07T01:22:59.341037,ok
1418966,0003772-52.2017.8.16.0034,36,1,2026-01-07T01:22:59.341037,ok
1418967,0002485-87.2019.8.16.0162,36,1,2026-01-07T01:22:59.341037,ok
1418968,0000265-49.2021.8.16.0000,36,1,2026-01-07T01:22:59.341037,ok
1418969,0022853-91.2020.8.16.0030,36,1,2026-01-07T01:22:59.341037,ok
1418970,0020956-59.2019.8.16.0031,36,1,2026-01-07T01:22:59.341037,ok
1418971,0070414-70.2021.8.16.0000,36,1,2026-01-07T01:22:59.341037,ok
1418972,0066717-41.2021.8.16.0000,36,1,2026-01-07T01:22:59.341037,ok
1418973,0070156-60.2021.8.16.0000,36,1,2026-01-07T01:22:59.341037,ok
1418974,0057376-88.2021.8.16.0000,36,1,2026-01-07T01:22:59.341037,ok
1418975,0048739-51.2021.8.16.0000,36,1,2026-01-07T01:22:59.341037,ok
1418976,0046158-63.2021.8.16.0000,36,1,2026-01-07T01:22:59.341037,ok
1418977,0002284-20.2021.8.16.0035,36,1,2026-01-07T01:22:59.341037,ok
1418978,4003175-51.2021.8.16.0009,36,1,2026-01-07T01:22:59.341037,ok
1418979,4002896-65.2021.8.16.0009,36,1,2026-01-07T01:22:59.341037,ok
1418980,0029387-10.2021.8.16.0000,36,1,2026-01-07T01:22:59.341037,ok
1418981,0056961-08.2021.8.16.0000,36,1,2026-01-07T01:22:59.341037,ok
1418982,0055668-03.2021.8.16.0000,36,1,2026-01-07T01:22:59.341037,ok
1418983,0054408-85.2021.8.16.0000,36,1,2026-01-07T01:22:59.341037,ok
1418984,0007388-48.2020.8.16.0028,36,1,2026-01-07T01:22:59.341037,ok
1418985,0012508-57.2020.8.16.0130,36,1,2026-01-07T01:22:59.341037,ok
1418986,0003434-73.2020.8.16.0131,36,1,2026-01-07T01:22:59.341037,ok
1418987,0061842-28.2021.8.16.0000,36,1,2026-01-07T01:22:59.341037,ok
1418988,0051513-88.2020.8.16.0000,36,1,2026-01-07T01:22:59.341037,ok
1418989,0005779-07.2018.8.16.0123,36,1,2026-01-07T01:22:59.341037,ok
1418990,0001954-09.2020.8.16.0051,36,1,2026-01-07T01:22:59.341037,ok
1418991,0043406-21.2021.8.16.0000,36,1,2026-01-07T01:22:59.341037,ok
1418992,0041391-79.2021.8.16.0000,36,1,2026-01-07T01:22:59.341037,ok
1418993,0000483-82.2020.8.16.0042,36,1,2026-01-07T01:22:59.341037,ok
1418994,0041746-89.2021.8.16.0000,36,1,2026-01-07T01:22:59.341037,ok
1418995,0006804-91.2020.8.16.0056,36,1,2026-01-07T01:22:59.341037,ok
1418996,0000867-81.2021.8.16.0148,36,1,2026-01-07T01:22:59.341037,ok
1418997,0032747-86.2017.8.16.0001,36,1,2026-01-07T01:22:59.341037,ok
1418998,0033497-52.2021.8.16.0000,36,1,2026-01-07T01:22:59.341037,ok
0,N/A,41,0,2026-01-07T01:23:04.892652,ignorado
0,N/A,41,0,2026-01-07T01:23:04.892791,ignorado
0,N/A,42,0,2026-01-07T01:23:05.244105,ignorado
0,N/A,54,0,2026-01-07T01:23:24.646879,ignorado
0,N/A,59,0,2026-01-07T01:23:25.936115,ignorado
0,N/A,60,0,2026-01-07T01:23:29.953690,ignorado
1418999,0005947-48.2019.8.16.0131,36,2,2026-01-07T01:23:41.291272,ok
1419000,0065295-31.2021.8.16.0000,39,2,2026-01-07T01:23:41.291272,ok
1419001,0065909-36.2021.8.16.0000,39,2,2026-01-07T01:23:41.291272,ok
1419002,0059023-21.2021.8.16.0000,39,2,2026-01-07T01:23:41.291272,ok
1419003,0024877-05.2018.8.16.0017,39,2,2026-01-07T01:23:41.291272,ok
1419004,0019304-32.2021.8.16.0000,39,2,2026-01-07T01:23:41.291272,ok
1419005,0000599-64.2021.8.16.0071,39,2,2026-01-07T01:23:41.291272,ok
1419006,0025728-90.2021.8.16.0000,39,2,2026-01-07T01:23:41.291272,ok
1419007,0074356-13.2021.8.16.0000,39,2,2026-01-07T01:23:41.291272,ok
1419008,4000476-51.2021.8.16.0021,39,2,2026-01-07T01:23:41.291272,ok
1419009,0001127-17.2020.8.16.0174,39,2,2026-01-07T01:23:41.291272,ok
1419010,0000299-81.2020.8.16.0057,39,2,2026-01-07T01:23:41.291272,ok
1419011,0057790-69.2010.8.16.0001,39,2,2026-01-07T01:23:41.291272,ok
1419012,0002379-18.2020.8.16.0154,39,2,2026-01-07T01:23:41.291272,ok
1419013,0010420-45.2020.8.16.0001,39,2,2026-01-07T01:23:41.291272,ok
1419014,0034518-63.2021.8.16.0000,39,2,2026-01-07T01:23:41.291272,ok
1419015,0003423-72.2018.8.16.0112,39,2,2026-01-07T01:23:41.291272,ok
1419016,0001043-87.2021.8.16.0139,39,2,2026-01-07T01:23:41.291272,ok
1419017,0007839-25.2008.8.16.0083,39,2,2026-01-07T01:23:41.291272,ok
1419018,0021403-18.2017.8.16.0031,39,2,2026-01-07T01:23:41.291272,ok
1419019,0062647-78.2021.8.16.0000,39,2,2026-01-07T01:23:41.291272,ok
1419020,0001781-77.2012.8.16.0111,39,2,2026-01-07T01:23:41.291272,ok
1419021,0035768-34.2021.8.16.0000,39,2,2026-01-07T01:23:41.291272,ok
1419022,0051297-93.2021.8.16.0000,39,2,2026-01-07T01:23:41.291272,ok
1419023,0002757-73.2015.8.16.0113,39,2,2026-01-07T01:23:41.291272,ok
1419024,0051487-56.2021.8.16.0000,39,2,2026-01-07T01:23:41.291272,ok
1419025,0004187-56.2020.8.16.0090,39,2,2026-01-07T01:23:41.291272,ok
1419026,0006189-55.2015.8.16.0128,39,2,2026-01-07T01:23:41.291272,ok
1419027,0003773-16.2020.8.16.0104,39,2,2026-01-07T01:23:41.291272,ok
1419028,4000376-25.2021.8.16.0077,39,2,2026-01-07T01:23:41.291272,ok
1419029,0021583-22.2020.8.16.0001,39,2,2026-01-07T01:23:41.291272,ok
1419030,0054672-05.2021.8.16.0000,39,2,2026-01-07T01:23:41.291272,ok
1419031,0018708-74.2020.8.16.0035,39,2,2026-01-07T01:23:41.291272,ok
1419032,0016854-36.2019.8.16.0017,39,2,2026-01-07T01:23:41.291272,ok
1419033,0000432-74.2020.8.16.0041,39,2,2026-01-07T01:23:41.291272,ok
1419034,0003192-61.2020.8.16.0084,39,2,2026-01-07T01:23:41.291272,ok
1419035,0008123-94.2020.8.16.0056,39,2,2026-01-07T01:23:41.291272,ok
1419036,0063630-77.2021.8.16.0000,39,2,2026-01-07T01:23:41.291272,ok
1419037,0007337-86.2020.8.16.0044,39,2,2026-01-07T01:23:41.291272,ok
1419038,0001291-58.2020.8.16.0084,39,2,2026-01-07T01:23:41.291272,ok
1419039,0001583-61.2019.8.16.0154,39,2,2026-01-07T01:23:41.291272,ok
1419040,0001605-44.2013.8.16.0053,39,2,2026-01-07T01:23:41.291272,ok
1419041,0006825-10.2012.8.16.0004,39,2,2026-01-07T01:23:41.291272,ok
1419042,0028208-43.2018.8.16.0001,39,2,2026-01-07T01:23:41.291272,ok
1419043,0056708-20.2021.8.16.0000,39,2,2026-01-07T01:23:41.291272,ok
1419044,0053668-30.2021.8.16.0000,39,2,2026-01-07T01:23:41.291272,ok
1419045,0001420-53.2016.8.16.0165,39,2,2026-01-07T01:23:41.291272,ok
1419046,0044357-15.2021.8.16.0000,39,2,2026-01-07T01:23:41.291272,ok
1419047,0037050-10.2021.8.16.0000,39,2,2026-01-07T01:23:41.291272,ok
1419048,0068313-60.2021.8.16.0000,39,2,2026-01-07T01:23:41.291272,ok
1419049,0000001-29.2021.8.16.0098,39,2,2026-01-07T01:23:41.291272,ok
1419050,0007273-79.2017.8.16.0077,43,2,2026-01-07T01:23:41.291272,ok
1419051,0036378-41.2018.8.16.0021,43,2,2026-01-07T01:23:41.291272,ok
1419052,0006072-71.2020.8.16.0069,43,2,2026-01-07T01:23:41.291272,ok
1419053,0003374-16.2020.8.16.0159,43,2,2026-01-07T01:23:41.291272,ok
1419054,0006466-36.2020.8.16.0083,43,2,2026-01-07T01:23:41.291272,ok
1419055,0020133-98.2017.8.16.0017,43,2,2026-01-07T01:23:41.291272,ok
1419056,0005390-42.2015.8.16.0021,43,2,2026-01-07T01:23:41.291272,ok
1419057,0007610-41.2019.8.16.0031,43,2,2026-01-07T01:23:41.291272,ok
1419058,0057791-71.2021.8.16.0000,43,2,2026-01-07T01:23:41.291272,ok
1419059,0080575-05.2018.8.16.0014,43,2,2026-01-07T01:23:41.291272,ok
1419060,0005721-12.2020.8.16.0033,43,2,2026-01-07T01:23:41.291272,ok
1419061,0001271-05.2019.8.16.0116,43,2,2026-01-07T01:23:41.291272,ok
1419062,0043546-55.2021.8.16.0000,43,2,2026-01-07T01:23:41.291272,ok
1419063,0044230-77.2021.8.16.0000,43,2,2026-01-07T01:23:41.291272,ok
1419064,0044860-36.2021.8.16.0000,43,2,2026-01-07T01:23:41.291272,ok
1419065,0046889-59.2021.8.16.0000,43,2,2026-01-07T01:23:41.291272,ok
1419066,0038366-58.2021.8.16.0000,43,2,2026-01-07T01:23:41.291272,ok
1419067,0001603-73.2020.8.16.0071,43,2,2026-01-07T01:23:41.291272,ok
1419068,0035282-49.2021.8.16.0000,43,2,2026-01-07T01:23:41.291272,ok
1419069,0051229-46.2021.8.16.0000,43,2,2026-01-07T01:23:41.291272,ok
1419070,0056162-62.2021.8.16.0000,43,2,2026-01-07T01:23:41.291272,ok
1419071,0042487-32.2021.8.16.0000,43,2,2026-01-07T01:23:41.291272,ok
1419072,0007655-69.2020.8.16.0044,43,2,2026-01-07T01:23:41.291272,ok
1419073,0057071-07.2021.8.16.0000,43,2,2026-01-07T01:23:41.291272,ok
1419074,0004072-93.2018.8.16.0158,43,2,2026-01-07T01:23:41.291272,ok
1419075,0008043-87.2018.8.16.0190,43,2,2026-01-07T01:23:41.291272,ok
1419076,0001313-29.2020.8.16.0113,43,2,2026-01-07T01:23:41.291272,ok
1419077,0055338-06.2021.8.16.0000,43,2,2026-01-07T01:23:41.291272,ok
1419078,0064350-44.2021.8.16.0000,43,2,2026-01-07T01:23:41.291272,ok
1419079,0084664-37.2019.8.16.0014,43,2,2026-01-07T01:23:41.291272,ok
1419080,0005604-45.2016.8.16.0038,43,2,2026-01-07T01:23:41.291272,ok
1419081,0017735-64.2020.8.16.0021,43,2,2026-01-07T01:23:41.291272,ok
1419082,0040475-71.2019.8.16.0014,43,2,2026-01-07T01:23:41.291272,ok
1419083,0075855-92.2018.8.16.0014,43,2,2026-01-07T01:23:41.291272,ok
1419084,0033862-09.2021.8.16.0000,43,2,2026-01-07T01:23:41.291272,ok
1419085,0028115-36.2021.8.16.0014,43,2,2026-01-07T01:23:41.291272,ok
1419086,0003012-51.2018.8.16.0040,43,2,2026-01-07T01:23:41.291272,ok
1419087,0056638-03.2021.8.16.0000,43,2,2026-01-07T01:23:41.291272,ok
1419088,0011951-59.2009.8.16.0129,43,2,2026-01-07T01:23:41.291272,ok
1419089,0015573-28.2021.8.16.0000,43,2,2026-01-07T01:23:41.291272,ok
1419090,0031603-41.2021.8.16.0000,43,2,2026-01-07T01:23:41.291272,ok
1419091,0026986-04.2018.8.16.0013,43,2,2026-01-07T01:23:41.291272,ok
1419092,0068004-39.2021.8.16.0000,43,2,2026-01-07T01:23:41.291272,ok
1419093,0000935-63.2021.8.16.0105,43,2,2026-01-07T01:23:41.291272,ok
1419094,0032703-33.2018.8.16.0001,43,2,2026-01-07T01:23:41.291272,ok
1419095,0055594-46.2021.8.16.0000,43,2,2026-01-07T01:23:41.291272,ok
1419096,0058159-80.2021.8.16.0000,43,2,2026-01-07T01:23:41.291272,ok
1419097,0004898-95.2021.8.16.0035,43,2,2026-01-07T01:23:41.291272,ok
1419098,0044586-72.2021.8.16.0000,43,2,2026-01-07T01:23:41.291272,ok
1419099,4001418-07.2021.8.16.0014,43,2,2026-01-07T01:23:41.291272,ok
1419100,0005060-89.2018.8.16.0037,41,2,2026-01-07T01:23:41.291272,ok
1419101,0033895-96.2021.8.16.0000,41,2,2026-01-07T01:23:41.291272,ok
1419102,0011736-45.2020.8.16.0017,41,2,2026-01-07T01:23:41.291272,ok
1419103,0071265-12.2021.8.16.0000,41,2,2026-01-07T01:23:41.291272,ok
1419104,0071873-10.2021.8.16.0000,41,2,2026-01-07T01:23:41.291272,ok
1419105,0039090-96.2020.8.16.0000,41,2,2026-01-07T01:23:41.291272,ok
1419106,0014794-91.2016.8.16.0083,41,2,2026-01-07T01:23:41.291272,ok
1419107,4002881-96.2021.8.16.0009,41,2,2026-01-07T01:23:41.291272,ok
1419108,0057712-92.2021.8.16.0000,41,2,2026-01-07T01:23:41.291272,ok
1419109,0000328-42.2019.8.16.0001,41,2,2026-01-07T01:23:41.291272,ok
1419110,0010090-34.2019.8.16.0017,41,2,2026-01-07T01:23:41.291272,ok
1419111,0005131-56.2020.8.16.0123,41,2,2026-01-07T01:23:41.291272,ok
1419112,0050141-70.2021.8.16.0000,41,2,2026-01-07T01:23:41.291272,ok
1419113,0007245-92.2019.8.16.0190,41,2,2026-01-07T01:23:41.291272,ok
1419114,0006119-11.2010.8.16.0129,41,2,2026-01-07T01:23:41.291272,ok
1419115,0068028-67.2021.8.16.0000,41,2,2026-01-07T01:23:41.291272,ok
1419116,0075358-18.2021.8.16.0000,41,2,2026-01-07T01:23:41.291272,ok
1419117,0074310-24.2021.8.16.0000,41,2,2026-01-07T01:23:41.291272,ok
1419118,0065061-49.2021.8.16.0000,41,2,2026-01-07T01:23:41.291272,ok
1419119,0009463-15.2018.8.16.0001,41,2,2026-01-07T01:23:41.291272,ok
1419120,0007251-07.2021.8.16.0004,41,2,2026-01-07T01:23:41.291272,ok
1419121,0031381-73.2021.8.16.0000,41,2,2026-01-07T01:23:41.291272,ok
1419122,0074545-88.2021.8.16.0000,41,2,2026-01-07T01:23:41.291272,ok
1419123,0009292-24.2006.8.16.0116,41,2,2026-01-07T01:23:41.291272,ok
1419124,0015865-73.2009.8.16.0116,41,2,2026-01-07T01:23:41.291272,ok
1419125,0012592-86.2009.8.16.0116,41,2,2026-01-07T01:23:41.291272,ok
1419126,0003930-09.2019.8.16.0141,41,2,2026-01-07T01:23:41.291272,ok
1419127,0024807-07.2020.8.16.0182,41,2,2026-01-07T01:23:41.291272,ok
1419128,0002383-09.2020.8.16.0137,41,2,2026-01-07T01:23:41.291272,ok
1419129,0000532-30.2021.8.16.0191,41,2,2026-01-07T01:23:41.291272,ok
1419130,0008082-63.2020.8.16.0045,41,2,2026-01-07T01:23:41.291272,ok
1419131,0007270-89.2018.8.16.0045,41,2,2026-01-07T01:23:41.291272,ok
1419132,0015450-94.2018.8.16.0045,41,2,2026-01-07T01:23:41.291272,ok
1419133,0001449-07.2018.8.16.0045,41,2,2026-01-07T01:23:41.291272,ok
1419134,0002387-02.2018.8.16.0045,41,2,2026-01-07T01:23:41.291272,ok
1419135,0006077-39.2018.8.16.0045,41,2,2026-01-07T01:23:41.291272,ok
1419136,0004001-42.2018.8.16.0045,41,2,2026-01-07T01:23:41.291272,ok
1419137,0009673-60.2020.8.16.0045,41,2,2026-01-07T01:23:41.291272,ok
1419138,0006113-81.2018.8.16.0045,41,2,2026-01-07T01:23:41.291272,ok
1419139,0014780-90.2017.8.16.0045,41,2,2026-01-07T01:23:41.291272,ok
1419140,0003452-32.2018.8.16.0045,41,2,2026-01-07T01:23:41.291272,ok
1419141,0028944-32.2020.8.16.0182,41,2,2026-01-07T01:23:41.291272,ok
1419142,0020254-14.2020.8.16.0182,41,2,2026-01-07T01:23:41.291272,ok
1419143,0000161-57.2020.8.16.0076,41,2,2026-01-07T01:23:41.291272,ok
1419144,0003477-44.2021.8.16.9000,41,2,2026-01-07T01:23:41.291272,ok
1419145,0001204-41.2020.8.16.0072,41,2,2026-01-07T01:23:41.291272,ok
1419146,0060400-27.2021.8.16.0000,41,2,2026-01-07T01:23:41.291272,ok
1419147,0000401-91.2019.8.16.0040,41,2,2026-01-07T01:23:41.291272,ok
1419148,0000252-35.2017.8.16.0115,42,2,2026-01-07T01:23:41.291272,ok
1419149,0003056-19.2020.8.16.0196,42,2,2026-01-07T01:23:41.291272,ok
1419150,0009131-46.2021.8.16.0000,42,2,2026-01-07T01:23:41.291272,ok
1419151,0039118-30.2021.8.16.0000,42,2,2026-01-07T01:23:41.291272,ok
1419152,0053809-49.2021.8.16.0000,42,2,2026-01-07T01:23:41.291272,ok
1419153,0036002-16.2021.8.16.0000,42,2,2026-01-07T01:23:41.291272,ok
1419154,0005496-54.2019.8.16.0153,42,2,2026-01-07T01:23:41.291272,ok
1419155,0056402-51.2021.8.16.0000,42,2,2026-01-07T01:23:41.291272,ok
1419156,0000258-64.2021.8.16.0127,42,2,2026-01-07T01:23:41.291272,ok
1419157,0006959-44.2018.8.16.0160,42,2,2026-01-07T01:23:41.291272,ok
1419158,0002450-07.2020.8.16.0126,42,2,2026-01-07T01:23:41.291272,ok
1419159,0002503-11.2019.8.16.0162,42,2,2026-01-07T01:23:41.291272,ok
1419160,0011174-26.2016.8.16.0001,42,2,2026-01-07T01:23:41.291272,ok
1419161,0009815-22.2019.8.16.0038,42,2,2026-01-07T01:23:41.291272,ok
1419162,0000430-31.2017.8.16.0164,42,2,2026-01-07T01:23:41.291272,ok
1419163,0062781-08.2021.8.16.0000,42,2,2026-01-07T01:23:41.291272,ok
1419164,0063540-69.2021.8.16.0000,42,2,2026-01-07T01:23:41.291272,ok
1419165,0006984-75.2012.8.16.0028,42,2,2026-01-07T01:23:41.291272,ok
1419166,0008060-37.2012.8.16.0028,42,2,2026-01-07T01:23:41.291272,ok
1419167,0006198-31.2012.8.16.0028,42,2,2026-01-07T01:23:41.291272,ok
1419168,0007819-63.2012.8.16.0028,42,2,2026-01-07T01:23:41.291272,ok
1419169,0011977-04.2019.8.16.0001,42,2,2026-01-07T01:23:41.291272,ok
1419170,0037614-86.2021.8.16.0000,42,2,2026-01-07T01:23:41.291272,ok
1419171,0009279-91.2019.8.16.0173,42,2,2026-01-07T01:23:41.291272,ok
1419172,0023537-98.2019.8.16.0014,42,2,2026-01-07T01:23:41.291272,ok
1419173,0012370-98.2017.8.16.0129,42,2,2026-01-07T01:23:41.291272,ok
1419174,0000542-07.2018.8.16.0118,42,2,2026-01-07T01:23:41.291272,ok
1419175,0006182-68.2012.8.16.0031,42,2,2026-01-07T01:23:41.291272,ok
1419176,0009241-03.2019.8.16.0069,42,2,2026-01-07T01:23:41.291272,ok
1419177,0001590-12.2017.8.16.0061,42,2,2026-01-07T01:23:41.291272,ok
1419178,0049181-17.2021.8.16.0000,42,2,2026-01-07T01:23:41.291272,ok
1419179,0013726-88.2020.8.16.0173,42,2,2026-01-07T01:23:41.291272,ok
1419180,0043374-16.2021.8.16.0000,42,2,2026-01-07T01:23:41.291272,ok
1419181,0009362-85.2019.8.16.0148,42,2,2026-01-07T01:23:41.291272,ok
1419182,0026326-70.2019.8.16.0014,42,2,2026-01-07T01:23:41.291272,ok
1419183,0011858-72.2004.8.16.0129,42,2,2026-01-07T01:23:41.291272,ok
1419184,0026156-94.2016.8.16.0017,42,2,2026-01-07T01:23:41.291272,ok
1419185,0005503-14.2021.8.16.0044,42,2,2026-01-07T01:23:41.291272,ok
1419186,0004485-24.2020.8.16.0001,42,2,2026-01-07T01:23:41.291272,ok
1419187,0063940-12.2019.8.16.0014,42,2,2026-01-07T01:23:41.291272,ok
1419188,0014828-47.2020.8.16.0044,42,2,2026-01-07T01:23:41.291272,ok
1419189,0010869-40.2019.8.16.0194,42,2,2026-01-07T01:23:41.291272,ok
1419190,0005896-10.2015.8.16.0056,42,2,2026-01-07T01:23:41.291272,ok
1419191,0008840-67.2020.8.16.0069,42,2,2026-01-07T01:23:41.291272,ok
1419192,0060974-50.2021.8.16.0000,42,2,2026-01-07T01:23:41.291272,ok
1419193,0009310-13.2019.8.16.0044,42,2,2026-01-07T01:23:41.291272,ok
1419194,0013755-78.2017.8.16.0130,42,2,2026-01-07T01:23:41.291272,ok
1419195,0052518-14.2021.8.16.0000,42,2,2026-01-07T01:23:41.291272,ok
1419196,0010935-12.2020.8.16.0056,42,2,2026-01-07T01:23:41.291272,ok
1419197,0009879-03.2017.8.16.0038,40,2,2026-01-07T01:23:41.291272,ok
1419198,4002886-21.2021.8.16.0009,40,2,2026-01-07T01:23:41.291272,ok
1419199,0068491-09.2021.8.16.0000,40,2,2026-01-07T01:23:41.291272,ok
1419200,0068459-04.2021.8.16.0000,40,2,2026-01-07T01:23:41.291272,ok
1419201,0025515-61.2020.8.16.0019,40,2,2026-01-07T01:23:41.291272,ok
1419202,0007920-30.2021.8.16.0014,40,2,2026-01-07T01:23:41.291272,ok
1419203,0001719-54.2018.8.16.0102,40,2,2026-01-07T01:23:41.291272,ok
1419204,0000121-92.2018.8.16.0190,40,2,2026-01-07T01:23:41.291272,ok
1419205,0000567-43.2020.8.16.0120,40,2,2026-01-07T01:23:41.291272,ok
1419206,4000644-74.2021.8.16.0014,40,2,2026-01-07T01:23:41.291272,ok
1419207,0000739-24.2021.8.16.0031,40,2,2026-01-07T01:23:41.291272,ok
1419208,0071061-65.2021.8.16.0000,40,2,2026-01-07T01:23:41.291272,ok
1419209,0002779-72.2021.8.16.0000,40,2,2026-01-07T01:23:41.291272,ok
1419210,0069632-63.2021.8.16.0000,40,2,2026-01-07T01:23:41.291272,ok
1419211,0071428-89.2021.8.16.0000,40,2,2026-01-07T01:23:41.291272,ok
1419212,0072396-22.2021.8.16.0000,40,2,2026-01-07T01:23:41.291272,ok
1419213,0053680-44.2021.8.16.0000,40,2,2026-01-07T01:23:41.291272,ok
1419214,0009918-56.2016.8.16.0160,40,2,2026-01-07T01:23:41.291272,ok
1419215,0006839-88.2021.8.16.0000,40,2,2026-01-07T01:23:41.291272,ok
1419216,0003341-73.2020.8.16.0014,40,2,2026-01-07T01:23:41.291272,ok
1419217,0047598-94.2021.8.16.0000,40,2,2026-01-07T01:23:41.291272,ok
1419218,0049861-02.2021.8.16.0000,40,2,2026-01-07T01:23:41.291272,ok
1419219,0011632-96.2020.8.16.0035,40,2,2026-01-07T01:23:41.291272,ok
1419220,0039778-24.2021.8.16.0000,40,2,2026-01-07T01:23:41.291272,ok
1419221,0054175-88.2021.8.16.0000,40,2,2026-01-07T01:23:41.291272,ok
1419222,0007433-05.2021.8.16.0000,40,2,2026-01-07T01:23:41.291272,ok
1419223,0001706-10.2019.8.16.0041,40,2,2026-01-07T01:23:41.291272,ok
1419224,0059914-42.2021.8.16.0000,40,2,2026-01-07T01:23:41.291272,ok
1419225,0001835-59.2018.8.16.0167,40,2,2026-01-07T01:23:41.291272,ok
1419226,0060374-29.2021.8.16.0000,40,2,2026-01-07T01:23:41.291272,ok
1419227,0001644-23.2021.8.16.0130,40,2,2026-01-07T01:23:41.291272,ok
1419228,0008350-58.2020.8.16.0194,40,2,2026-01-07T01:23:41.291272,ok
1419229,0002804-43.2021.8.16.0014,40,2,2026-01-07T01:23:41.291272,ok
1419230,0050043-85.2021.8.16.0000,40,2,2026-01-07T01:23:41.291272,ok
1419231,0072984-29.2021.8.16.0000,40,2,2026-01-07T01:23:41.291272,ok
1419232,0071665-26.2021.8.16.0000,40,2,2026-01-07T01:23:41.291272,ok
1419233,0000057-96.2020.8.16.0001,40,2,2026-01-07T01:23:41.291272,ok
1419234,0003833-49.2020.8.16.0084,40,2,2026-01-07T01:23:41.291272,ok
1419235,0001793-31.2018.8.16.0063,40,2,2026-01-07T01:23:41.291272,ok
1419236,0058598-91.2021.8.16.0000,40,2,2026-01-07T01:23:41.291272,ok
1419237,0012062-54.2020.8.16.0130,40,2,2026-01-07T01:23:41.291272,ok
1419238,0029329-58.2018.8.16.0017,40,2,2026-01-07T01:23:41.291272,ok
1419239,0001858-87.2019.8.16.0193,40,2,2026-01-07T01:23:41.291272,ok
1419240,0063720-85.2021.8.16.0000,40,2,2026-01-07T01:23:41.291272,ok
1419241,0009133-72.2020.8.16.0025,40,2,2026-01-07T01:23:41.291272,ok
1419242,0000893-57.2021.8.16.0123,40,2,2026-01-07T01:23:41.291272,ok
1419243,0057407-11.2021.8.16.0000,40,2,2026-01-07T01:23:41.291272,ok
1419244,0000244-17.2021.8.16.0051,40,2,2026-01-07T01:23:41.291272,ok
1419245,0039677-84.2021.8.16.0000,40,2,2026-01-07T01:23:41.291272,ok
1419246,0001686-52.2020.8.16.0051,40,2,2026-01-07T01:23:41.291272,ok
1419247,0033623-05.2021.8.16.0000,38,2,2026-01-07T01:23:41.291272,ok
1419248,0034661-52.2021.8.16.0000,38,2,2026-01-07T01:23:41.291272,ok
1419249,0006369-49.2018.8.16.0069,38,2,2026-01-07T01:23:41.291272,ok
1419250,0034419-93.2021.8.16.0000,38,2,2026-01-07T01:23:41.291272,ok
1419251,0034180-89.2021.8.16.0000,38,2,2026-01-07T01:23:41.291272,ok
1419252,0070207-08.2020.8.16.0000,38,2,2026-01-07T01:23:41.291272,ok
1419253,0014733-18.2021.8.16.0000,38,2,2026-01-07T01:23:41.291272,ok
1419254,0022078-35.2021.8.16.0000,38,2,2026-01-07T01:23:41.291272,ok
1419255,0023138-43.2021.8.16.0000,38,2,2026-01-07T01:23:41.291272,ok
1419256,0057716-32.2021.8.16.0000,38,2,2026-01-07T01:23:41.291272,ok
1419257,0010215-29.2010.8.16.0013,38,2,2026-01-07T01:23:41.291272,ok
1419258,0000192-72.2021.8.16.0034,38,2,2026-01-07T01:23:41.291272,ok
1419259,0000988-44.2018.8.16.0139,38,2,2026-01-07T01:23:41.291272,ok
1419260,0004140-58.2020.8.16.0098,38,2,2026-01-07T01:23:41.291272,ok
1419261,0004316-34.2020.8.16.0196,38,2,2026-01-07T01:23:41.291272,ok
1419262,0009518-04.2021.8.16.0019,38,2,2026-01-07T01:23:41.291272,ok
1419263,0057087-58.2021.8.16.0000,38,2,2026-01-07T01:23:41.291272,ok
1419264,0052175-18.2021.8.16.0000,38,2,2026-01-07T01:23:41.291272,ok
1419265,0013858-82.2020.8.16.0000,38,2,2026-01-07T01:23:41.291272,ok
1419266,0002274-12.2020.8.16.0196,38,2,2026-01-07T01:23:41.291272,ok
1419267,0007027-30.2021.8.16.0017,38,2,2026-01-07T01:23:41.291272,ok
1419268,0005516-92.2018.8.16.0084,38,2,2026-01-07T01:23:41.291272,ok
1419269,0024943-31.2021.8.16.0000,38,2,2026-01-07T01:23:41.291272,ok
1419270,0007011-11.2018.8.16.0105,38,2,2026-01-07T01:23:41.291272,ok
1419271,4002953-83.2021.8.16.0009,38,2,2026-01-07T01:23:41.291272,ok
1419272,0024434-83.2020.8.16.0017,38,2,2026-01-07T01:23:41.291272,ok
1419273,0012362-57.2019.8.16.0160,38,2,2026-01-07T01:23:41.291272,ok
1419274,0029681-21.2015.8.16.0017,38,2,2026-01-07T01:23:41.291272,ok
1419275,0003281-31.2021.8.16.0058,38,2,2026-01-07T01:23:41.291272,ok
1419276,0057642-75.2021.8.16.0000,38,2,2026-01-07T01:23:41.291272,ok
1419277,0045456-20.2021.8.16.0000,38,2,2026-01-07T01:23:41.291272,ok
1419278,0053037-86.2021.8.16.0000,38,2,2026-01-07T01:23:41.291272,ok
1419279,0001017-87.2020.8.16.0054,38,2,2026-01-07T01:23:41.291272,ok
1419280,0013864-54.2020.8.16.0044,38,2,2026-01-07T01:23:41.291272,ok
1419281,0073129-77.2020.8.16.0014,38,2,2026-01-07T01:23:41.291272,ok
1419282,0018536-06.2018.8.16.0035,38,2,2026-01-07T01:23:41.291272,ok
1419283,0002228-21.2020.8.16.0035,38,2,2026-01-07T01:23:41.291272,ok
1419284,0029818-44.2021.8.16.0000,38,2,2026-01-07T01:23:41.291272,ok
1419285,0000713-13.2019.8.16.0058,38,2,2026-01-07T01:23:41.291272,ok
1419286,0061804-16.2021.8.16.0000,38,2,2026-01-07T01:23:41.291272,ok
1419287,0000211-13.2018.8.16.0122,38,2,2026-01-07T01:23:41.291272,ok
1419288,0000749-29.2017.8.16.0057,38,2,2026-01-07T01:23:41.291272,ok
1419289,0000440-35.2018.8.16.0166,38,2,2026-01-07T01:23:41.291272,ok
1419290,0070699-63.2021.8.16.0000,38,2,2026-01-07T01:23:41.291272,ok
1419291,0020731-23.2011.8.16.0030,38,2,2026-01-07T01:23:41.291272,ok
1419292,0000480-25.2016.8.16.0186,38,2,2026-01-07T01:23:41.291272,ok
1419293,0013503-47.2018.8.16.0031,38,2,2026-01-07T01:23:41.291272,ok
1419294,0000402-59.2020.8.16.0196,38,2,2026-01-07T01:23:41.291272,ok
1419295,0010810-84.2018.8.16.0130,38,2,2026-01-07T01:23:41.291272,ok
1419296,0058572-93.2021.8.16.0000,38,2,2026-01-07T01:23:41.291272,ok
1419297,0004020-57.2020.8.16.0084,44,2,2026-01-07T01:23:41.291272,ok
1419298,4002743-32.2021.8.16.0009,44,2,2026-01-07T01:23:41.291272,ok
1419299,0020214-66.2015.8.16.0001,44,2,2026-01-07T01:23:41.291272,ok
1419300,0032565-75.2019.8.16.0019,44,2,2026-01-07T01:23:41.291272,ok
1419301,0016221-40.2018.8.16.0185,44,2,2026-01-07T01:23:41.291272,ok
1419302,0000041-52.2020.8.16.0128,44,2,2026-01-07T01:23:41.291272,ok
1419303,0024358-76.2021.8.16.0000,44,2,2026-01-07T01:23:41.291272,ok
1419304,0051285-79.2021.8.16.0000,44,2,2026-01-07T01:23:41.291272,ok
1419305,0031063-61.2020.8.16.0021,44,2,2026-01-07T01:23:41.291272,ok
1419306,0049389-98.2021.8.16.0000,44,2,2026-01-07T01:23:41.291272,ok
1419307,0045675-33.2021.8.16.0000,44,2,2026-01-07T01:23:41.291272,ok
1419308,0010789-34.2006.8.16.0129,44,2,2026-01-07T01:23:41.291272,ok
1419309,0021666-81.2020.8.16.0019,44,2,2026-01-07T01:23:41.291272,ok
1419310,0021437-24.2020.8.16.0019,44,2,2026-01-07T01:23:41.291272,ok
1419311,0070177-36.2021.8.16.0000,44,2,2026-01-07T01:23:41.291272,ok
1419312,0001234-30.2021.8.16.0173,44,2,2026-01-07T01:23:41.291272,ok
1419313,0004856-17.2021.8.16.0174,44,2,2026-01-07T01:23:41.291272,ok
1419314,0014203-82.2018.8.16.0173,44,2,2026-01-07T01:23:41.291272,ok
1419315,0005078-15.2018.8.16.0101,44,2,2026-01-07T01:23:41.291272,ok
1419316,0001253-08.2016.8.16.0045,44,2,2026-01-07T01:23:41.291272,ok
1419317,0007525-51.2018.8.16.0173,44,2,2026-01-07T01:23:41.291272,ok
1419318,0069203-79.2010.8.16.0001,44,2,2026-01-07T01:23:41.291272,ok
1419319,0065974-31.2021.8.16.0000,44,2,2026-01-07T01:23:41.291272,ok
1419320,0000423-75.2019.8.16.0194,44,2,2026-01-07T01:23:41.291272,ok
1419321,0001451-58.2020.8.16.0060,44,2,2026-01-07T01:23:41.291272,ok
1419322,0015443-38.2021.8.16.0000,44,2,2026-01-07T01:23:41.291272,ok
1419323,0001453-28.2020.8.16.0060,44,2,2026-01-07T01:23:41.291272,ok
1419324,0000093-61.2021.8.16.0080,44,2,2026-01-07T01:23:41.291272,ok
1419325,0072751-32.2021.8.16.0000,44,2,2026-01-07T01:23:41.291272,ok
1419326,0073843-45.2021.8.16.0000,44,2,2026-01-07T01:23:41.291272,ok
1419327,4000976-20.2021.8.16.0021,44,2,2026-01-07T01:23:41.291272,ok
1419328,0069795-43.2021.8.16.0000,44,2,2026-01-07T01:23:41.291272,ok
1419329,0003178-69.2018.8.16.0077,44,2,2026-01-07T01:23:41.291272,ok
1419330,0001529-21.2019.8.16.0017,44,2,2026-01-07T01:23:41.291272,ok
1419331,0026741-29.2015.8.16.0035,44,2,2026-01-07T01:23:41.291272,ok
1419332,0011713-58.2016.8.16.0173,44,2,2026-01-07T01:23:41.291272,ok
1419333,0019150-85.2016.8.16.0130,44,2,2026-01-07T01:23:41.291272,ok
1419334,0017334-36.2018.8.16.0021,44,2,2026-01-07T01:23:41.291272,ok
1419335,0009683-45.2020.8.16.0194,44,2,2026-01-07T01:23:41.291272,ok
1419336,0034433-77.2021.8.16.0000,44,2,2026-01-07T01:23:41.291272,ok
1419337,0058730-43.2020.8.16.0014,44,2,2026-01-07T01:23:41.291272,ok
1419338,0001876-67.2019.8.16.0045,44,2,2026-01-07T01:23:41.291272,ok
1419339,0058085-26.2021.8.16.0000,44,2,2026-01-07T01:23:41.291272,ok
1419340,0046211-70.2019.8.16.0014,44,2,2026-01-07T01:23:41.291272,ok
1419341,0008268-86.2020.8.16.0045,44,2,2026-01-07T01:23:41.291272,ok
1419342,0022713-08.2020.8.16.0014,44,2,2026-01-07T01:23:41.291272,ok
1419343,0004480-82.2015.8.16.0128,44,2,2026-01-07T01:23:41.291272,ok
1419344,0000915-66.2020.8.16.0183,44,2,2026-01-07T01:23:41.291272,ok
1419345,0001272-97.2020.8.16.0166,44,2,2026-01-07T01:23:41.291272,ok
1419346,0026797-62.2018.8.16.0001,44,2,2026-01-07T01:23:41.291272,ok
1419347,0022184-28.2020.8.16.0001,45,2,2026-01-07T01:23:41.291272,ok
1419348,0061532-22.2021.8.16.0000,45,2,2026-01-07T01:23:41.291272,ok
1419349,0002104-97.2019.8.16.0156,45,2,2026-01-07T01:23:41.291272,ok
1419350,0000741-87.2021.8.16.0194,45,2,2026-01-07T01:23:41.291272,ok
1419351,0056033-57.2021.8.16.0000,45,2,2026-01-07T01:23:41.291272,ok
1419352,0002445-75.2013.8.16.0046,45,2,2026-01-07T01:23:41.291272,ok
1419353,0043745-77.2021.8.16.0000,45,2,2026-01-07T01:23:41.291272,ok
1419354,0003473-87.2021.8.16.0017,45,2,2026-01-07T01:23:41.291272,ok
1419355,0058494-02.2021.8.16.0000,45,2,2026-01-07T01:23:41.291272,ok
1419356,0003624-70.2021.8.16.0173,45,2,2026-01-07T01:23:41.291272,ok
1419357,0002245-09.2020.8.16.0051,45,2,2026-01-07T01:23:41.291272,ok
1419358,0072318-20.2020.8.16.0014,45,2,2026-01-07T01:23:41.291272,ok
1419359,0044111-02.2010.8.16.0001,45,2,2026-01-07T01:23:41.291272,ok
1419360,0056769-75.2021.8.16.0000,45,2,2026-01-07T01:23:41.291272,ok
1419361,0029963-88.2017.8.16.0017,45,2,2026-01-07T01:23:41.291272,ok
1419362,0040553-50.2019.8.16.0019,45,2,2026-01-07T01:23:41.291272,ok
1419363,0002263-30.2020.8.16.0051,45,2,2026-01-07T01:23:41.291272,ok
1419364,0003032-23.2021.8.16.0174,45,2,2026-01-07T01:23:41.291272,ok
1419365,0008326-17.2020.8.16.0069,45,2,2026-01-07T01:23:41.291272,ok
1419366,0032091-64.2020.8.16.0021,45,2,2026-01-07T01:23:41.291272,ok
1419367,0056083-83.2021.8.16.0000,45,2,2026-01-07T01:23:41.291272,ok
1419368,0045578-33.2021.8.16.0000,45,2,2026-01-07T01:23:41.291272,ok
1419369,0000472-02.2021.8.16.0080,45,2,2026-01-07T01:23:41.291272,ok
1419370,0009201-95.2018.8.16.0185,45,2,2026-01-07T01:23:41.291272,ok
1419371,0008045-36.2020.8.16.0045,45,2,2026-01-07T01:23:41.291272,ok
1419372,0014059-09.2019.8.16.0130,45,2,2026-01-07T01:23:41.291272,ok
1419373,0050161-61.2021.8.16.0000,45,2,2026-01-07T01:23:41.291272,ok
1419374,0040722-26.2021.8.16.0000,45,2,2026-01-07T01:23:41.291272,ok
1419375,0039223-41.2020.8.16.0000,45,2,2026-01-07T01:23:41.291272,ok
1419376,0027921-85.2015.8.16.0001,45,2,2026-01-07T01:23:41.291272,ok
1419377,0000771-35.2021.8.16.0126,45,2,2026-01-07T01:23:41.291272,ok
1419378,4003074-14.2021.8.16.0009,45,2,2026-01-07T01:23:41.291272,ok
1419379,4002885-36.2021.8.16.0009,45,2,2026-01-07T01:23:41.291272,ok
1419380,0024176-15.2016.8.16.0017,45,2,2026-01-07T01:23:41.291272,ok
1419381,0000803-90.2021.8.16.0077,45,2,2026-01-07T01:23:41.291272,ok
1419382,0021393-64.2017.8.16.0001,45,2,2026-01-07T01:23:41.291272,ok
1419383,0000339-90.2021.8.16.0166,45,2,2026-01-07T01:23:41.291272,ok
1419384,0024636-11.2017.8.16.0035,45,2,2026-01-07T01:23:41.291272,ok
1419385,0007948-49.2020.8.16.0170,45,2,2026-01-07T01:23:41.291272,ok
1419386,0000477-11.2020.8.16.0128,45,2,2026-01-07T01:23:41.291272,ok
1419387,0043910-27.2021.8.16.0000,45,2,2026-01-07T01:23:41.291272,ok
1419388,0059608-73.2021.8.16.0000,45,2,2026-01-07T01:23:41.291272,ok
1419389,0002516-59.2021.8.16.0123,45,2,2026-01-07T01:23:41.291272,ok
1419390,0057202-79.2021.8.16.0000,45,2,2026-01-07T01:23:41.291272,ok
1419391,0001391-52.2020.8.16.0071,45,2,2026-01-07T01:23:41.291272,ok
1419392,0001445-21.2020.8.16.0070,45,2,2026-01-07T01:23:41.291272,ok
1419393,0001447-88.2020.8.16.0070,45,2,2026-01-07T01:23:41.291272,ok
1419394,0001446-06.2020.8.16.0070,45,2,2026-01-07T01:23:41.291272,ok
1419395,0001189-86.2021.8.16.0056,45,2,2026-01-07T01:23:41.291272,ok
1419396,0058359-87.2021.8.16.0000,45,2,2026-01-07T01:23:41.291272,ok
1419397,0002597-59.2018.8.16.0140,47,2,2026-01-07T01:23:41.291272,ok
1419398,0000088-10.2020.8.16.0101,47,2,2026-01-07T01:23:41.291272,ok
1419399,0003476-59.2021.8.16.9000,47,2,2026-01-07T01:23:41.291272,ok
1419400,0002384-91.2020.8.16.0137,47,2,2026-01-07T01:23:41.291272,ok
1419401,0002385-76.2020.8.16.0137,47,2,2026-01-07T01:23:41.291272,ok
1419402,0002393-53.2020.8.16.0137,47,2,2026-01-07T01:23:41.291272,ok
1419403,0004393-79.2018.8.16.0045,47,2,2026-01-07T01:23:41.291272,ok
1419404,0003263-20.2019.8.16.0045,47,2,2026-01-07T01:23:41.291272,ok
1419405,0011717-86.2019.8.16.0045,47,2,2026-01-07T01:23:41.291272,ok
1419406,0006078-24.2018.8.16.0045,47,2,2026-01-07T01:23:41.291272,ok
1419407,0007216-26.2018.8.16.0045,47,2,2026-01-07T01:23:41.291272,ok
1419408,0006079-09.2018.8.16.0045,47,2,2026-01-07T01:23:41.291272,ok
1419409,0003776-22.2018.8.16.0045,47,2,2026-01-07T01:23:41.291272,ok
1419410,0014303-67.2017.8.16.0045,47,2,2026-01-07T01:23:41.291272,ok
1419411,0006118-06.2018.8.16.0045,47,2,2026-01-07T01:23:41.291272,ok
1419412,0016158-49.2019.8.16.0130,47,2,2026-01-07T01:23:41.291272,ok
1419413,0014582-21.2019.8.16.0130,47,2,2026-01-07T01:23:41.291272,ok
1419414,0006227-42.2020.8.16.0112,47,2,2026-01-07T01:23:41.291272,ok
1419415,0000664-58.2008.8.16.0057,47,2,2026-01-07T01:23:41.291272,ok
1419416,0006608-44.2020.8.16.0017,47,2,2026-01-07T01:23:41.291272,ok
1419417,0003928-79.2020.8.16.0084,47,2,2026-01-07T01:23:41.291272,ok
1419418,0007956-48.2020.8.16.0001,47,2,2026-01-07T01:23:41.291272,ok
1419419,0031906-55.2021.8.16.0000,47,2,2026-01-07T01:23:41.291272,ok
1419420,0038772-79.2021.8.16.0000,47,2,2026-01-07T01:23:41.291272,ok
1419421,0000882-49.2019.8.16.0074,47,2,2026-01-07T01:23:41.291272,ok
1419422,0000478-59.2020.8.16.0107,47,2,2026-01-07T01:23:41.291272,ok
1419423,0002177-76.2018.8.16.0068,47,2,2026-01-07T01:23:41.291272,ok
1419424,0002713-81.2020.8.16.0112,47,2,2026-01-07T01:23:41.291272,ok
1419425,0001049-95.2018.8.16.0011,47,2,2026-01-07T01:23:41.291272,ok
1419426,0000078-38.2021.8.16.0098,47,2,2026-01-07T01:23:41.291272,ok
1419427,0050994-79.2021.8.16.0000,47,2,2026-01-07T01:23:41.291272,ok
1419428,0051934-44.2021.8.16.0000,47,2,2026-01-07T01:23:41.291272,ok
1419429,0007537-93.2008.8.16.0083,47,2,2026-01-07T01:23:41.291272,ok
1419430,0057586-42.2021.8.16.0000,47,2,2026-01-07T01:23:41.291272,ok
1419431,0000327-96.2021.8.16.0127,47,2,2026-01-07T01:23:41.291272,ok
1419432,0041240-08.2020.8.16.0014,47,2,2026-01-07T01:23:41.291272,ok
1419433,0036455-11.2021.8.16.0000,47,2,2026-01-07T01:23:41.291272,ok
1419434,0046234-87.2021.8.16.0000,47,2,2026-01-07T01:23:41.291272,ok
1419435,0042260-42.2021.8.16.0000,47,2,2026-01-07T01:23:41.291272,ok
1419436,0021114-57.2013.8.16.0021,47,2,2026-01-07T01:23:41.291272,ok
1419437,0063475-74.2021.8.16.0000,47,2,2026-01-07T01:23:41.291272,ok
1419438,0000400-09.2019.8.16.0040,47,2,2026-01-07T01:23:41.291272,ok
1419439,0014151-52.2021.8.16.0021,47,2,2026-01-07T01:23:41.291272,ok
1419440,0016591-21.2021.8.16.0021,47,2,2026-01-07T01:23:41.291272,ok
1419441,0037550-13.2020.8.16.0000,47,2,2026-01-07T01:23:41.291272,ok
1419442,0006024-91.2021.8.16.0000,47,2,2026-01-07T01:23:41.291272,ok
1419443,0068459-38.2020.8.16.0000,47,2,2026-01-07T01:23:41.291272,ok
1419444,0003642-10.2016.8.16.0192,47,2,2026-01-07T01:23:41.291272,ok
1419445,0003217-83.2017.8.16.0115,47,2,2026-01-07T01:23:41.291272,ok
1419446,0012173-13.2021.8.16.0030,47,2,2026-01-07T01:23:41.291272,ok
1419447,0000976-33.2007.8.16.0004,48,2,2026-01-07T01:23:41.291272,ok
1419448,0005508-70.2020.8.16.0044,48,2,2026-01-07T01:23:41.291272,ok
1419449,0033875-08.2021.8.16.0000,48,2,2026-01-07T01:23:41.291272,ok
1419450,0030026-45.2019.8.16.0017,48,2,2026-01-07T01:23:41.291272,ok
1419451,0015514-76.2013.8.16.0014,48,2,2026-01-07T01:23:41.291272,ok
1419452,0030511-28.2021.8.16.0000,48,2,2026-01-07T01:23:41.291272,ok
1419453,0007505-81.2020.8.16.0014,48,2,2026-01-07T01:23:41.291272,ok
1419454,0039212-75.2021.8.16.0000,48,2,2026-01-07T01:23:41.291272,ok
1419455,0060253-98.2021.8.16.0000,48,2,2026-01-07T01:23:41.291272,ok
1419456,0049379-54.2021.8.16.0000,48,2,2026-01-07T01:23:41.291272,ok
1419457,0054193-12.2021.8.16.0000,48,2,2026-01-07T01:23:41.291272,ok
1419458,0002102-83.2021.8.16.0148,48,2,2026-01-07T01:23:41.291272,ok
1419459,0001873-40.2021.8.16.0014,48,2,2026-01-07T01:23:41.291272,ok
1419460,0019618-33.2021.8.16.0014,48,2,2026-01-07T01:23:41.291272,ok
1419461,0006939-21.2020.8.16.0148,48,2,2026-01-07T01:23:41.291272,ok
1419462,0001536-58.2021.8.16.0044,48,2,2026-01-07T01:23:41.291272,ok
1419463,0059713-50.2021.8.16.0000,48,2,2026-01-07T01:23:41.291272,ok
1419464,0000134-38.2018.8.16.0046,48,2,2026-01-07T01:23:41.291272,ok
1419465,0004889-73.2019.8.16.0013,48,2,2026-01-07T01:23:41.291272,ok
1419466,0062005-08.2021.8.16.0000,48,2,2026-01-07T01:23:41.291272,ok
1419467,0007492-24.2020.8.16.0001,48,2,2026-01-07T01:23:41.291272,ok
1419468,0011168-51.2018.8.16.0000,48,2,2026-01-07T01:23:41.291272,ok
1419469,0020701-80.2018.8.16.0017,48,2,2026-01-07T01:23:41.291272,ok
1419470,0046474-76.2021.8.16.0000,48,2,2026-01-07T01:23:41.291272,ok
1419471,0061491-55.2021.8.16.0000,48,2,2026-01-07T01:23:41.291272,ok
1419472,0035255-66.2021.8.16.0000,48,2,2026-01-07T01:23:41.291272,ok
1419473,0004796-70.2007.8.16.0033,48,2,2026-01-07T01:23:41.291272,ok
1419474,0008631-48.2018.8.16.0173,48,2,2026-01-07T01:23:41.291272,ok
1419475,0003074-12.2018.8.16.0034,48,2,2026-01-07T01:23:41.291272,ok
1419476,0035347-85.2014.8.16.0001,48,2,2026-01-07T01:23:41.291272,ok
1419477,0004376-34.2020.8.16.0090,48,2,2026-01-07T01:23:41.291272,ok
1419478,0056009-29.2021.8.16.0000,48,2,2026-01-07T01:23:41.291272,ok
1419479,0028469-61.2021.8.16.0014,48,2,2026-01-07T01:23:41.291272,ok
1419480,0014367-75.2020.8.16.0044,48,2,2026-01-07T01:23:41.291272,ok
1419481,0061244-74.2021.8.16.0000,48,2,2026-01-07T01:23:41.291272,ok
1419482,0012857-59.2020.8.16.0001,48,2,2026-01-07T01:23:41.291272,ok
1419483,0059424-20.2021.8.16.0000,48,2,2026-01-07T01:23:41.291272,ok
1419484,0005283-34.2020.8.16.0017,48,2,2026-01-07T01:23:41.291272,ok
1419485,0021323-76.2019.8.16.0001,48,2,2026-01-07T01:23:41.291272,ok
1419486,0016780-96.2020.8.16.0000,48,2,2026-01-07T01:23:41.291272,ok
1419487,0069065-32.2021.8.16.0000,48,2,2026-01-07T01:23:41.291272,ok
1419488,0046508-51.2021.8.16.0000,48,2,2026-01-07T01:23:41.291272,ok
1419489,0059142-79.2021.8.16.0000,48,2,2026-01-07T01:23:41.291272,ok
1419490,0008200-48.2018.8.16.0194,48,2,2026-01-07T01:23:41.291272,ok
1419491,0000815-87.2012.8.16.0120,48,2,2026-01-07T01:23:41.291272,ok
1419492,0014129-70.2019.8.16.0083,48,2,2026-01-07T01:23:41.291272,ok
1419493,0062754-59.2020.8.16.0000,48,2,2026-01-07T01:23:41.291272,ok
1419494,0014189-10.2018.8.16.0170,48,2,2026-01-07T01:23:41.291272,ok
1419495,0054707-54.2020.8.16.0014,48,2,2026-01-07T01:23:41.291272,ok
1419496,0005531-81.2018.8.16.0045,48,2,2026-01-07T01:23:41.291272,ok
1419497,0017308-96.2021.8.16.0000,46,2,2026-01-07T01:23:41.291272,ok
1419498,0001278-77.2021.8.16.0196,46,2,2026-01-07T01:23:41.291272,ok
1419499,4003085-43.2021.8.16.0009,46,2,2026-01-07T01:23:41.291272,ok
1419500,0067630-23.2021.8.16.0000,46,2,2026-01-07T01:23:41.291272,ok
1419501,0000876-17.2020.8.16.0071,46,2,2026-01-07T01:23:41.291272,ok
1419502,0059184-31.2021.8.16.0000,46,2,2026-01-07T01:23:41.291272,ok
1419503,0006002-65.2020.8.16.0130,46,2,2026-01-07T01:23:41.291272,ok
1419504,0007193-12.2020.8.16.0045,46,2,2026-01-07T01:23:41.291272,ok
1419505,0060091-06.2021.8.16.0000,46,2,2026-01-07T01:23:41.291272,ok
1419506,0006545-40.2021.8.16.0031,46,2,2026-01-07T01:23:41.291272,ok
1419507,0002094-66.2019.8.16.0087,46,2,2026-01-07T01:23:41.291272,ok
1419508,0000928-13.2020.8.16.0071,46,2,2026-01-07T01:23:41.291272,ok
1419509,0029809-16.2020.8.16.0001,46,2,2026-01-07T01:23:41.291272,ok
1419510,0000432-89.2018.8.16.0091,46,2,2026-01-07T01:23:41.291272,ok
1419511,0052568-40.2021.8.16.0000,46,2,2026-01-07T01:23:41.291272,ok
1419512,0000312-98.2020.8.16.0148,46,2,2026-01-07T01:23:41.291272,ok
1419513,0028180-32.2015.8.16.0017,46,2,2026-01-07T01:23:41.291272,ok
1419514,0006957-61.2020.8.16.0077,46,2,2026-01-07T01:23:41.291272,ok
1419515,0059936-03.2021.8.16.0000,46,2,2026-01-07T01:23:41.291272,ok
1419516,0054461-66.2021.8.16.0000,46,2,2026-01-07T01:23:41.291272,ok
1419517,0008468-96.2020.8.16.0044,46,2,2026-01-07T01:23:41.291272,ok
1419518,0000398-56.2017.8.16.0154,46,2,2026-01-07T01:23:41.291272,ok
1419519,0003505-44.2021.8.16.0130,46,2,2026-01-07T01:23:41.291272,ok
1419520,0063079-97.2021.8.16.0000,46,2,2026-01-07T01:23:41.291272,ok
1419521,0010029-88.2020.8.16.0034,46,2,2026-01-07T01:23:41.291272,ok
1419522,0070820-91.2021.8.16.0000,46,2,2026-01-07T01:23:41.291272,ok
1419523,0057042-54.2021.8.16.0000,46,2,2026-01-07T01:23:41.291272,ok
1419524,0057200-12.2021.8.16.0000,46,2,2026-01-07T01:23:41.291272,ok
1419525,0011080-42.2019.8.16.0173,46,2,2026-01-07T01:23:41.291272,ok
1419526,0026323-91.2018.8.16.0001,46,2,2026-01-07T01:23:41.291272,ok
1419527,0034975-39.2014.8.16.0001,46,2,2026-01-07T01:23:41.291272,ok
1419528,0006785-62.2019.8.16.0075,46,2,2026-01-07T01:23:41.291272,ok
1419529,0051394-93.2021.8.16.0000,46,2,2026-01-07T01:23:41.291272,ok
1419530,0007486-88.2017.8.16.0173,46,2,2026-01-07T01:23:41.291272,ok
1419531,0006271-41.2019.8.16.0130,46,2,2026-01-07T01:23:41.291272,ok
1419532,0001802-29.2020.8.16.0190,46,2,2026-01-07T01:23:41.291272,ok
1419533,0009328-67.2019.8.16.0033,46,2,2026-01-07T01:23:41.291272,ok
1419534,0066128-49.2021.8.16.0000,46,2,2026-01-07T01:23:41.291272,ok
1419535,0001501-30.2021.8.16.0196,46,2,2026-01-07T01:23:41.291272,ok
1419536,0055164-94.2021.8.16.0000,46,2,2026-01-07T01:23:41.291272,ok
1419537,0071436-03.2020.8.16.0000,46,2,2026-01-07T01:23:41.291272,ok
1419538,0069772-97.2021.8.16.0000,46,2,2026-01-07T01:23:41.291272,ok
1419539,0046955-39.2021.8.16.0000,46,2,2026-01-07T01:23:41.291272,ok
1419540,0004407-82.2021.8.16.0037,46,2,2026-01-07T01:23:41.291272,ok
1419541,0024615-04.2021.8.16.0000,46,2,2026-01-07T01:23:41.291272,ok
1419542,0074331-97.2021.8.16.0000,46,2,2026-01-07T01:23:41.291272,ok
1419543,0005328-94.2017.8.16.0000,46,2,2026-01-07T01:23:41.291272,ok
1419544,0063659-30.2021.8.16.0000,46,2,2026-01-07T01:23:41.291272,ok
1419545,0000264-29.2021.8.16.0141,46,2,2026-01-07T01:23:41.291272,ok
1419546,0006132-89.2019.8.16.0130,46,2,2026-01-07T01:23:41.291272,ok
1419547,0002124-47.2019.8.16.0105,54,2,2026-01-07T01:23:41.291272,ok
1419548,0061225-68.2021.8.16.0000,54,2,2026-01-07T01:23:41.291272,ok
1419549,0001881-34.2021.8.16.0170,54,2,2026-01-07T01:23:41.291272,ok
1419550,0040055-40.2021.8.16.0000,54,2,2026-01-07T01:23:41.291272,ok
1419551,0013449-41.2009.8.16.0017,54,2,2026-01-07T01:23:41.291272,ok
1419552,0002679-75.2021.8.16.0014,54,2,2026-01-07T01:23:41.291272,ok
1419553,0002627-87.2021.8.16.0173,54,2,2026-01-07T01:23:41.291272,ok
1419554,0024934-69.2021.8.16.0000,54,2,2026-01-07T01:23:41.291272,ok
1419555,0007626-92.2021.8.16.0170,54,2,2026-01-07T01:23:41.291272,ok
1419556,0001140-18.2020.8.16.0141,54,2,2026-01-07T01:23:41.291272,ok
1419557,0027567-84.2020.8.16.0001,54,2,2026-01-07T01:23:41.291272,ok
1419558,0000937-83.2020.8.16.0132,54,2,2026-01-07T01:23:41.291272,ok
1419559,0060610-78.2021.8.16.0000,54,2,2026-01-07T01:23:41.291272,ok
1419560,0014578-14.2020.8.16.0044,54,2,2026-01-07T01:23:41.291272,ok
1419561,0008049-49.2018.8.16.0011,54,2,2026-01-07T01:23:41.291272,ok
1419562,0000616-54.2020.8.16.0130,54,2,2026-01-07T01:23:41.291272,ok
1419563,0009961-72.2009.8.16.0116,54,2,2026-01-07T01:23:41.291272,ok
1419564,0008696-72.2021.8.16.0000,54,2,2026-01-07T01:23:41.291272,ok
1419565,0011418-69.2019.8.16.0026,54,2,2026-01-07T01:23:41.291272,ok
1419566,0012678-62.2019.8.16.0001,54,2,2026-01-07T01:23:41.291272,ok
1419567,0002733-72.2018.8.16.0167,54,2,2026-01-07T01:23:41.291272,ok
1419568,0005659-69.2020.8.16.0130,54,2,2026-01-07T01:23:41.291272,ok
1419569,0010233-40.2020.8.16.0000,54,2,2026-01-07T01:23:41.291272,ok
1419570,0053346-10.2021.8.16.0000,54,2,2026-01-07T01:23:41.291272,ok
1419571,0066984-39.2019.8.16.0014,54,2,2026-01-07T01:23:41.291272,ok
1419572,0001547-75.2015.8.16.0116,54,2,2026-01-07T01:23:41.291272,ok
1419573,4000113-22.2021.8.16.0035,54,2,2026-01-07T01:23:41.291272,ok
1419574,0001074-08.2020.8.16.0054,54,2,2026-01-07T01:23:41.291272,ok
1419575,0059121-06.2021.8.16.0000,54,2,2026-01-07T01:23:41.291272,ok
1419576,0000364-96.2015.8.16.0107,54,2,2026-01-07T01:23:41.291272,ok
1419577,0054908-54.2021.8.16.0000,54,2,2026-01-07T01:23:41.291272,ok
1419578,0019452-43.2021.8.16.0000,54,2,2026-01-07T01:23:41.291272,ok
1419579,0071461-16.2020.8.16.0000,54,2,2026-01-07T01:23:41.291272,ok
1419580,0017910-87.2021.8.16.0000,54,2,2026-01-07T01:23:41.291272,ok
1419581,0013724-21.2021.8.16.0000,54,2,2026-01-07T01:23:41.291272,ok
1419582,0045686-62.2021.8.16.0000,54,2,2026-01-07T01:23:41.291272,ok
1419583,0001264-22.2020.8.16.0037,54,2,2026-01-07T01:23:41.291272,ok
1419584,0052848-11.2021.8.16.0000,54,2,2026-01-07T01:23:41.291272,ok
1419585,0007013-31.2020.8.16.0001,54,2,2026-01-07T01:23:41.291272,ok
1419586,0005531-34.2019.8.16.0017,54,2,2026-01-07T01:23:41.291272,ok
1419587,0057211-41.2021.8.16.0000,54,2,2026-01-07T01:23:41.291272,ok
1419588,0036252-49.2021.8.16.0000,54,2,2026-01-07T01:23:41.291272,ok
1419589,0029305-76.2021.8.16.0000,54,2,2026-01-07T01:23:41.291272,ok
1419590,0002566-65.2017.8.16.0175,54,2,2026-01-07T01:23:41.291272,ok
1419591,0030491-37.2021.8.16.0000,54,2,2026-01-07T01:23:41.291272,ok
1419592,0044858-66.2021.8.16.0000,54,2,2026-01-07T01:23:41.291272,ok
1419593,0045731-66.2021.8.16.0000,54,2,2026-01-07T01:23:41.291272,ok
1419594,0014404-37.2020.8.16.0001,54,2,2026-01-07T01:23:41.291272,ok
1419595,0042080-26.2021.8.16.0000,54,2,2026-01-07T01:23:41.291272,ok
1419596,0003584-75.2012.8.16.0053,59,2,2026-01-07T01:23:41.291272,ok
1419597,0006719-45.2021.8.16.0000,59,2,2026-01-07T01:23:41.291272,ok
1419598,0040264-09.2021.8.16.0000,59,2,2026-01-07T01:23:41.291272,ok
1419599,0004769-98.2021.8.16.0000,59,2,2026-01-07T01:23:41.291272,ok
1419600,0002163-69.2013.8.16.0100,59,2,2026-01-07T01:23:41.291272,ok
1419601,0026324-83.2018.8.16.0031,59,2,2026-01-07T01:23:41.291272,ok
1419602,0000868-45.2016.8.16.0147,59,2,2026-01-07T01:23:41.291272,ok
1419603,0015131-37.2019.8.16.0031,59,2,2026-01-07T01:23:41.291272,ok
1419604,0075650-03.2021.8.16.0000,59,2,2026-01-07T01:23:41.291272,ok
1419605,0019785-92.2021.8.16.0000,59,2,2026-01-07T01:23:41.291272,ok
1419606,0059475-31.2021.8.16.0000,59,2,2026-01-07T01:23:41.291272,ok
1419607,0041085-13.2021.8.16.0000,59,2,2026-01-07T01:23:41.291272,ok
1419608,0075004-90.2021.8.16.0000,59,2,2026-01-07T01:23:41.291272,ok
1419609,0022818-32.2017.8.16.0000,59,2,2026-01-07T01:23:41.291272,ok
1419610,0026292-69.2021.8.16.0000,59,2,2026-01-07T01:23:41.291272,ok
1419611,0010597-38.2009.8.16.0116,59,2,2026-01-07T01:23:41.291272,ok
1419612,0006056-31.2020.8.16.0130,59,2,2026-01-07T01:23:41.291272,ok
1419613,0002264-04.2018.8.16.0045,59,2,2026-01-07T01:23:41.291272,ok
1419614,0013080-45.2018.8.16.0045,59,2,2026-01-07T01:23:41.291272,ok
1419615,0003170-91.2018.8.16.0045,59,2,2026-01-07T01:23:41.291272,ok
1419616,0008808-37.2020.8.16.0045,59,2,2026-01-07T01:23:41.291272,ok
1419617,0003015-88.2018.8.16.0045,59,2,2026-01-07T01:23:41.291272,ok
1419618,0000830-77.2018.8.16.0045,59,2,2026-01-07T01:23:41.291272,ok
1419619,0006293-97.2018.8.16.0045,59,2,2026-01-07T01:23:41.291272,ok
1419620,0005529-14.2018.8.16.0045,59,2,2026-01-07T01:23:41.291272,ok
1419621,0008812-74.2020.8.16.0045,59,2,2026-01-07T01:23:41.291272,ok
1419622,0010401-72.2018.8.16.0045,59,2,2026-01-07T01:23:41.291272,ok
1419623,0004421-47.2018.8.16.0045,59,2,2026-01-07T01:23:41.291272,ok
1419624,0001775-64.2018.8.16.0045,59,2,2026-01-07T01:23:41.291272,ok
1419625,0000970-13.2021.8.16.9000,59,2,2026-01-07T01:23:41.291272,ok
1419626,0002576-35.2021.8.16.0025,59,2,2026-01-07T01:23:41.291272,ok
1419627,0003413-68.2020.8.16.9000,59,2,2026-01-07T01:23:41.291272,ok
1419628,0033801-92.2018.8.16.0182,59,2,2026-01-07T01:23:41.291272,ok
1419629,0009939-85.2021.8.16.0021,59,2,2026-01-07T01:23:41.291272,ok
1419630,0004423-86.2021.8.16.0182,59,2,2026-01-07T01:23:41.291272,ok
1419631,0001722-29.2020.8.16.0105,59,2,2026-01-07T01:23:41.291272,ok
1419632,0000634-03.2019.8.16.0133,59,2,2026-01-07T01:23:41.291272,ok
1419633,0042516-79.2017.8.16.0014,59,2,2026-01-07T01:23:41.291272,ok
1419634,0000622-17.2020.8.16.0080,59,2,2026-01-07T01:23:41.291272,ok
1419635,0038068-66.2021.8.16.0000,59,2,2026-01-07T01:23:41.291272,ok
1419636,0037873-81.2021.8.16.0000,59,2,2026-01-07T01:23:41.291272,ok
1419637,0001587-34.2019.8.16.0143,59,2,2026-01-07T01:23:41.291272,ok
1419638,0038640-14.2020.8.16.0014,59,2,2026-01-07T01:23:41.291272,ok
1419639,0011696-46.2019.8.16.0131,59,2,2026-01-07T01:23:41.291272,ok
1419640,0048225-98.2021.8.16.0000,59,2,2026-01-07T01:23:41.291272,ok
1419641,0059010-22.2021.8.16.0000,59,2,2026-01-07T01:23:41.291272,ok
1419642,4002687-96.2021.8.16.0009,59,2,2026-01-07T01:23:41.291272,ok
1419643,0000848-92.2021.8.16.0013,59,2,2026-01-07T01:23:41.291272,ok
1419644,0000882-60.2019.8.16.0135,59,2,2026-01-07T01:23:41.291272,ok
1419645,0000082-22.2013.8.16.0077,56,2,2026-01-07T01:23:41.291272,ok
1419646,0034043-57.2009.8.16.0185,56,2,2026-01-07T01:23:41.291272,ok
1419647,0026165-43.2018.8.16.0031,56,2,2026-01-07T01:23:41.291272,ok
1419648,0031348-83.2021.8.16.0000,56,2,2026-01-07T01:23:41.291272,ok
1419649,0003792-95.2009.8.16.0075,56,2,2026-01-07T01:23:41.291272,ok
1419650,0018526-62.2021.8.16.0000,56,2,2026-01-07T01:23:41.291272,ok
1419651,0062785-45.2021.8.16.0000,56,2,2026-01-07T01:23:41.291272,ok
1419652,0006657-41.2017.8.16.0001,56,2,2026-01-07T01:23:41.291272,ok
1419653,0001507-24.2020.8.16.0050,56,2,2026-01-07T01:23:41.291272,ok
1419654,0033287-38.2011.8.16.0004,56,2,2026-01-07T01:23:41.291272,ok
1419655,0002474-95.2018.8.16.0064,56,2,2026-01-07T01:23:41.291272,ok
1419656,0072928-30.2020.8.16.0000,56,2,2026-01-07T01:23:41.291272,ok
1419657,0083158-26.2019.8.16.0014,56,2,2026-01-07T01:23:41.291272,ok
1419658,0007831-48.2020.8.16.0044,56,2,2026-01-07T01:23:41.291272,ok
1419659,0036465-96.2014.8.16.0001,56,2,2026-01-07T01:23:41.291272,ok
1419660,0001586-20.2018.8.16.0067,56,2,2026-01-07T01:23:41.291272,ok
1419661,0070860-73.2021.8.16.0000,56,2,2026-01-07T01:23:41.291272,ok
1419662,0001195-20.2017.8.16.0158,56,2,2026-01-07T01:23:41.291272,ok
1419663,4000738-13.2021.8.16.0017,56,2,2026-01-07T01:23:41.291272,ok
1419664,0000390-52.2021.8.16.0150,56,2,2026-01-07T01:23:41.291272,ok
1419665,0001833-15.2010.8.16.0056,56,2,2026-01-07T01:23:41.291272,ok
1419666,0028206-15.2020.8.16.0030,56,2,2026-01-07T01:23:41.291272,ok
1419667,0021861-89.2021.8.16.0000,56,2,2026-01-07T01:23:41.291272,ok
1419668,0002762-69.2020.8.16.0065,56,2,2026-01-07T01:23:41.291272,ok
1419669,0005876-85.2019.8.16.0021,56,2,2026-01-07T01:23:41.291272,ok
1419670,4000708-33.2021.8.16.0031,56,2,2026-01-07T01:23:41.291272,ok
1419671,0001900-27.2017.8.16.0155,56,2,2026-01-07T01:23:41.291272,ok
1419672,0002267-53.2020.8.16.0088,56,2,2026-01-07T01:23:41.291272,ok
1419673,0043523-12.2021.8.16.0000,56,2,2026-01-07T01:23:41.291272,ok
1419674,0002678-12.2017.8.16.0150,56,2,2026-01-07T01:23:41.291272,ok
1419675,0005614-82.2014.8.16.0160,56,2,2026-01-07T01:23:41.291272,ok
1419676,0034835-61.2021.8.16.0000,56,2,2026-01-07T01:23:41.291272,ok
1419677,0005169-46.2020.8.16.0001,56,2,2026-01-07T01:23:41.291272,ok
1419678,0036157-19.2021.8.16.0000,56,2,2026-01-07T01:23:41.291272,ok
1419679,0030874-15.2021.8.16.0000,56,2,2026-01-07T01:23:41.291272,ok
1419680,0001216-06.2021.8.16.0174,56,2,2026-01-07T01:23:41.291272,ok
1419681,0011613-88.2018.8.16.0026,56,2,2026-01-07T01:23:41.291272,ok
1419682,0001596-72.2013.8.16.0024,56,2,2026-01-07T01:23:41.291272,ok
1419683,0000845-90.2021.8.16.0061,56,2,2026-01-07T01:23:41.291272,ok
1419684,0004823-43.2019.8.16.0159,56,2,2026-01-07T01:23:41.291272,ok
1419685,0004752-76.2015.8.16.0128,56,2,2026-01-07T01:23:41.291272,ok
1419686,0043188-37.2015.8.16.0021,56,2,2026-01-07T01:23:41.291272,ok
1419687,4000806-60.2021.8.16.0017,56,2,2026-01-07T01:23:41.291272,ok
1419688,0004539-25.2017.8.16.0185,56,2,2026-01-07T01:23:41.291272,ok
1419689,0007412-87.2021.8.16.0013,56,2,2026-01-07T01:23:41.291272,ok
1419690,0016766-83.2017.8.16.0173,56,2,2026-01-07T01:23:41.291272,ok
1419691,0000878-45.2021.8.16.0105,56,2,2026-01-07T01:23:41.291272,ok
1419692,0000309-40.1998.8.16.0173,56,2,2026-01-07T01:23:41.291272,ok
1419693,0017833-64.2011.8.16.0021,56,2,2026-01-07T01:23:41.291272,ok
1419694,0001598-24.2020.8.16.0080,56,2,2026-01-07T01:23:41.291272,ok
1419695,0000650-84.2006.8.16.0141,57,2,2026-01-07T01:23:41.291272,ok
1419696,0000808-85.2020.8.16.0162,57,2,2026-01-07T01:23:41.291272,ok
1419697,0001004-06.2021.8.16.0167,57,2,2026-01-07T01:23:41.291272,ok
1419698,0000057-06.1999.8.16.0172,57,2,2026-01-07T01:23:41.291272,ok
1419699,0002758-52.2020.8.16.0123,57,2,2026-01-07T01:23:41.291272,ok
1419700,0005783-73.2020.8.16.0026,57,2,2026-01-07T01:23:41.291272,ok
1419701,4003077-66.2021.8.16.0009,57,2,2026-01-07T01:23:41.291272,ok
1419702,0001156-20.2021.8.16.0146,57,2,2026-01-07T01:23:41.291272,ok
1419703,0057998-70.2021.8.16.0000,57,2,2026-01-07T01:23:41.291272,ok
1419704,0008566-81.2020.8.16.0044,57,2,2026-01-07T01:23:41.291272,ok
1419705,0006364-03.2019.8.16.0098,57,2,2026-01-07T01:23:41.291272,ok
1419706,0001094-90.2021.8.16.0077,57,2,2026-01-07T01:23:41.291272,ok
1419707,0053599-95.2021.8.16.0000,57,2,2026-01-07T01:23:41.291272,ok
1419708,0050980-95.2021.8.16.0000,57,2,2026-01-07T01:23:41.291272,ok
1419709,0048794-02.2021.8.16.0000,57,2,2026-01-07T01:23:41.291272,ok
1419710,0014139-72.2020.8.16.0021,57,2,2026-01-07T01:23:41.291272,ok
1419711,0048205-10.2021.8.16.0000,57,2,2026-01-07T01:23:41.291272,ok
1419712,0009927-59.2016.8.16.0017,57,2,2026-01-07T01:23:41.291272,ok
1419713,0019845-79.2015.8.16.0031,57,2,2026-01-07T01:23:41.291272,ok
1419714,0037937-64.2012.8.16.0014,57,2,2026-01-07T01:23:41.291272,ok
1419715,0036588-53.2021.8.16.0000,57,2,2026-01-07T01:23:41.291272,ok
1419716,0031888-12.2019.8.16.0030,57,2,2026-01-07T01:23:41.291272,ok
1419717,0000392-39.2019.8.16.0167,57,2,2026-01-07T01:23:41.291272,ok
1419718,0011934-98.2020.8.16.0044,57,2,2026-01-07T01:23:41.291272,ok
1419719,0002944-45.2019.8.16.0112,57,2,2026-01-07T01:23:41.291272,ok
1419720,0003791-95.2018.8.16.0075,57,2,2026-01-07T01:23:41.291272,ok
1419721,0017996-66.2015.8.16.0130,57,2,2026-01-07T01:23:41.291272,ok
1419722,0073467-59.2021.8.16.0000,57,2,2026-01-07T01:23:41.291272,ok
1419723,0073627-84.2021.8.16.0000,57,2,2026-01-07T01:23:41.291272,ok
1419724,0003392-29.2019.8.16.0173,57,2,2026-01-07T01:23:41.291272,ok
1419725,4001230-63.2021.8.16.0030,57,2,2026-01-07T01:23:41.291272,ok
1419726,0041749-44.2021.8.16.0000,57,2,2026-01-07T01:23:41.291272,ok
1419727,0011136-49.2005.8.16.0017,57,2,2026-01-07T01:23:41.291272,ok
1419728,0012825-20.2019.8.16.0056,57,2,2026-01-07T01:23:41.291272,ok
1419729,0001867-70.2021.8.16.0131,57,2,2026-01-07T01:23:41.291272,ok
1419730,4002291-22.2021.8.16.0009,57,2,2026-01-07T01:23:41.291272,ok
1419731,4001081-18.2021.8.16.0014,57,2,2026-01-07T01:23:41.291272,ok
1419732,0005313-93.2015.8.16.0001,57,2,2026-01-07T01:23:41.291272,ok
1419733,0003674-42.2020.8.16.0170,57,2,2026-01-07T01:23:41.291272,ok
1419734,0014819-85.2020.8.16.0044,57,2,2026-01-07T01:23:41.291272,ok
1419735,0003573-89.2020.8.16.0045,57,2,2026-01-07T01:23:41.291272,ok
1419736,0002319-79.2021.8.16.0196,57,2,2026-01-07T01:23:41.291272,ok
1419737,0051479-79.2021.8.16.0000,57,2,2026-01-07T01:23:41.291272,ok
1419738,0001886-36.2019.8.16.0070,57,2,2026-01-07T01:23:41.291272,ok
1419739,0001444-36.2020.8.16.0070,57,2,2026-01-07T01:23:41.291272,ok
1419740,0001287-97.2019.8.16.0167,57,2,2026-01-07T01:23:41.291272,ok
1419741,0006368-14.2016.8.16.0173,57,2,2026-01-07T01:23:41.291272,ok
1419742,0000271-17.2021.8.16.0013,57,2,2026-01-07T01:23:41.291272,ok
1419743,0051171-43.2021.8.16.0000,57,2,2026-01-07T01:23:41.291272,ok
1419744,0060422-85.2021.8.16.0000,57,2,2026-01-07T01:23:41.291272,ok
1419745,0000253-66.2020.8.16.0001,55,2,2026-01-07T01:23:41.291272,ok
1419746,0003882-57.2021.8.16.0019,55,2,2026-01-07T01:23:41.291272,ok
1419747,0001461-49.2021.8.16.0131,55,2,2026-01-07T01:23:41.291272,ok
1419748,0003572-14.2020.8.16.0075,55,2,2026-01-07T01:23:41.291272,ok
1419749,0059517-80.2021.8.16.0000,55,2,2026-01-07T01:23:41.291272,ok
1419750,0051811-46.2021.8.16.0000,55,2,2026-01-07T01:23:41.291272,ok
1419751,0011614-49.2021.8.16.0000,55,2,2026-01-07T01:23:41.291272,ok
1419752,0000989-93.2012.8.16.0024,55,2,2026-01-07T01:23:41.291272,ok
1419753,0052755-48.2021.8.16.0000,55,2,2026-01-07T01:23:41.291272,ok
1419754,0049970-16.2021.8.16.0000,55,2,2026-01-07T01:23:41.291272,ok
1419755,0006298-60.2017.8.16.0173,55,2,2026-01-07T01:23:41.291272,ok
1419756,0008177-94.2020.8.16.0174,55,2,2026-01-07T01:23:41.291272,ok
1419757,0001164-42.2021.8.16.0131,55,2,2026-01-07T01:23:41.291272,ok
1419758,0001122-08.2020.8.16.0105,55,2,2026-01-07T01:23:41.291272,ok
1419759,0014265-59.2018.8.16.0000,55,2,2026-01-07T01:23:41.291272,ok
1419760,0038444-52.2021.8.16.0000,55,2,2026-01-07T01:23:41.291272,ok
1419761,0000281-76.2020.8.16.0084,55,2,2026-01-07T01:23:41.291272,ok
1419762,0048146-22.2021.8.16.0000,55,2,2026-01-07T01:23:41.291272,ok
1419763,0064625-90.2021.8.16.0000,55,2,2026-01-07T01:23:41.291272,ok
1419764,0064790-40.2021.8.16.0000,55,2,2026-01-07T01:23:41.291272,ok
1419765,0053985-28.2021.8.16.0000,55,2,2026-01-07T01:23:41.291272,ok
1419766,0022440-37.2021.8.16.0000,55,2,2026-01-07T01:23:41.291272,ok
1419767,0064198-30.2020.8.16.0000,55,2,2026-01-07T01:23:41.291272,ok
1419768,0066712-53.2020.8.16.0000,55,2,2026-01-07T01:23:41.291272,ok
1419769,0002350-13.2019.8.16.0021,55,2,2026-01-07T01:23:41.291272,ok
1419770,0003786-25.2008.8.16.0075,55,2,2026-01-07T01:23:41.291272,ok
1419771,0001360-55.2020.8.16.0031,55,2,2026-01-07T01:23:41.291272,ok
1419772,0073547-23.2021.8.16.0000,55,2,2026-01-07T01:23:41.291272,ok
1419773,0005557-31.2015.8.16.0095,55,2,2026-01-07T01:23:41.291272,ok
1419774,0002202-88.2021.8.16.0196,55,2,2026-01-07T01:23:41.291272,ok
1419775,0004243-43.2018.8.16.0031,55,2,2026-01-07T01:23:41.291272,ok
1419776,0012254-59.2021.8.16.0030,55,2,2026-01-07T01:23:41.291272,ok
1419777,4000701-41.2021.8.16.0031,55,2,2026-01-07T01:23:41.291272,ok
1419778,0018252-36.2020.8.16.0129,55,2,2026-01-07T01:23:41.291272,ok
1419779,4002781-44.2021.8.16.0009,55,2,2026-01-07T01:23:41.291272,ok
1419780,4003008-34.2021.8.16.0009,55,2,2026-01-07T01:23:41.291272,ok
1419781,0003574-90.2011.8.16.0174,55,2,2026-01-07T01:23:41.291272,ok
1419782,0004027-56.2020.8.16.0017,55,2,2026-01-07T01:23:41.291272,ok
1419783,0028117-89.2020.8.16.0030,55,2,2026-01-07T01:23:41.291272,ok
1419784,0074910-79.2020.8.16.0000,55,2,2026-01-07T01:23:41.291272,ok
1419785,0000837-67.2019.8.16.0196,55,2,2026-01-07T01:23:41.291272,ok
1419786,0062175-77.2021.8.16.0000,55,2,2026-01-07T01:23:41.291272,ok
1419787,0010951-36.2019.8.16.0044,55,2,2026-01-07T01:23:41.291272,ok
1419788,0002710-62.2015.8.16.0190,55,2,2026-01-07T01:23:41.291272,ok
1419789,0000842-15.2020.8.16.0177,55,2,2026-01-07T01:23:41.291272,ok
1419790,0049150-94.2021.8.16.0000,55,2,2026-01-07T01:23:41.291272,ok
1419791,0001300-06.2020.8.16.0121,55,2,2026-01-07T01:23:41.291272,ok
1419792,0004186-41.2019.8.16.0079,55,2,2026-01-07T01:23:41.291272,ok
1419793,0001432-97.2019.8.16.0121,55,2,2026-01-07T01:23:41.291272,ok
1419794,0000560-51.2013.8.16.0167,55,2,2026-01-07T01:23:41.291272,ok
1419795,0039425-81.2021.8.16.0000,58,2,2026-01-07T01:23:41.291272,ok
1419796,4000996-32.2021.8.16.0014,58,2,2026-01-07T01:23:41.291272,ok
1419797,0010056-46.2017.8.16.0044,58,2,2026-01-07T01:23:41.291272,ok
1419798,4000940-96.2021.8.16.0014,58,2,2026-01-07T01:23:41.291272,ok
1419799,0011072-36.2018.8.16.0194,58,2,2026-01-07T01:23:41.291272,ok
1419800,0000648-42.2020.8.16.0071,58,2,2026-01-07T01:23:41.291272,ok
1419801,0061257-73.2021.8.16.0000,58,2,2026-01-07T01:23:41.291272,ok
1419802,0009807-48.2020.8.16.0058,58,2,2026-01-07T01:23:41.291272,ok
1419803,0001526-56.2021.8.16.0030,58,2,2026-01-07T01:23:41.291272,ok
1419804,0014394-30.2020.8.16.0021,58,2,2026-01-07T01:23:41.291272,ok
1419805,0073481-43.2021.8.16.0000,58,2,2026-01-07T01:23:41.291272,ok
1419806,0002484-87.2019.8.16.0167,58,2,2026-01-07T01:23:41.291272,ok
1419807,0000049-61.2000.8.16.0053,58,2,2026-01-07T01:23:41.291272,ok
1419808,0059575-83.2021.8.16.0000,58,2,2026-01-07T01:23:41.291272,ok
1419809,0057353-45.2021.8.16.0000,58,2,2026-01-07T01:23:41.291272,ok
1419810,0032574-26.2021.8.16.0000,58,2,2026-01-07T01:23:41.291272,ok
1419811,0016041-89.2021.8.16.0000,58,2,2026-01-07T01:23:41.291272,ok
1419812,0002457-81.2018.8.16.0186,58,2,2026-01-07T01:23:41.291272,ok
1419813,0012559-12.2016.8.16.0194,58,2,2026-01-07T01:23:41.291272,ok
1419814,0066053-10.2021.8.16.0000,58,2,2026-01-07T01:23:41.291272,ok
1419815,0061301-92.2021.8.16.0000,58,2,2026-01-07T01:23:41.291272,ok
1419816,0009720-42.2021.8.16.0031,58,2,2026-01-07T01:23:41.291272,ok
1419817,0051212-10.2021.8.16.0000,58,2,2026-01-07T01:23:41.291272,ok
1419818,0050869-14.2021.8.16.0000,58,2,2026-01-07T01:23:41.291272,ok
1419819,0002921-57.2020.8.16.0050,58,2,2026-01-07T01:23:41.291272,ok
1419820,0004945-87.2020.8.16.0105,58,2,2026-01-07T01:23:41.291272,ok
1419821,0058124-23.2021.8.16.0000,58,2,2026-01-07T01:23:41.291272,ok
1419822,0000707-90.2020.8.16.0051,58,2,2026-01-07T01:23:41.291272,ok
1419823,0000094-77.2000.8.16.0146,58,2,2026-01-07T01:23:41.291272,ok
1419824,0009253-32.2016.8.16.0001,58,2,2026-01-07T01:23:41.291272,ok
1419825,0057132-62.2021.8.16.0000,58,2,2026-01-07T01:23:41.291272,ok
1419826,0006122-40.2020.8.16.0185,58,2,2026-01-07T01:23:41.291272,ok
1419827,0058787-69.2021.8.16.0000,58,2,2026-01-07T01:23:41.291272,ok
1419828,0022852-43.2019.8.16.0030,58,2,2026-01-07T01:23:41.291272,ok
1419829,0071456-57.2021.8.16.0000,58,2,2026-01-07T01:23:41.291272,ok
1419830,0003904-12.2020.8.16.0194,58,2,2026-01-07T01:23:41.291272,ok
1419831,0012708-32.2020.8.16.0173,58,2,2026-01-07T01:23:41.291272,ok
1419832,0003277-97.2016.8.16.0048,58,2,2026-01-07T01:23:41.291272,ok
1419833,0000199-37.2017.8.16.0056,58,2,2026-01-07T01:23:41.291272,ok
1419834,0010814-64.2019.8.16.0170,58,2,2026-01-07T01:23:41.291272,ok
1419835,0000087-53.2016.8.16.0137,58,2,2026-01-07T01:23:41.291272,ok
1419836,0003323-91.2019.8.16.0077,58,2,2026-01-07T01:23:41.291272,ok
1419837,0015216-59.2015.8.16.0129,58,2,2026-01-07T01:23:41.291272,ok
1419838,0016136-14.2007.8.16.0129,58,2,2026-01-07T01:23:41.291272,ok
1419839,0004199-43.2020.8.16.0196,58,2,2026-01-07T01:23:41.291272,ok
1419840,0002069-93.2016.8.16.0140,58,2,2026-01-07T01:23:41.291272,ok
1419841,0031458-11.2019.8.16.0014,58,2,2026-01-07T01:23:41.291272,ok
1419842,0045462-27.2021.8.16.0000,58,2,2026-01-07T01:23:41.291272,ok
1419843,0075732-34.2021.8.16.0000,58,2,2026-01-07T01:23:41.291272,ok
1419844,0017344-52.2015.8.16.0129,58,2,2026-01-07T01:23:41.291272,ok
1419845,0054434-83.2021.8.16.0000,60,2,2026-01-07T01:23:41.291272,ok
1419846,0060228-85.2021.8.16.0000,60,2,2026-01-07T01:23:41.291272,ok
1419847,0052529-43.2021.8.16.0000,60,2,2026-01-07T01:23:41.291272,ok
1419848,0052215-97.2021.8.16.0000,60,2,2026-01-07T01:23:41.291272,ok
1419849,0001559-75.2016.8.16.0174,60,2,2026-01-07T01:23:41.291272,ok
1419850,0000202-46.2020.8.16.0004,60,2,2026-01-07T01:23:41.291272,ok
1419851,0060952-89.2021.8.16.0000,60,2,2026-01-07T01:23:41.291272,ok
1419852,0004236-70.2012.8.16.0028,60,2,2026-01-07T01:23:41.291272,ok
1419853,0003018-94.2019.8.16.0049,60,2,2026-01-07T01:23:41.291272,ok
1419854,0025324-75.2017.8.16.0001,60,2,2026-01-07T01:23:41.291272,ok
1419855,0068162-94.2021.8.16.0000,60,2,2026-01-07T01:23:41.291272,ok
1419856,0002076-39.2021.8.16.0034,60,2,2026-01-07T01:23:41.291272,ok
1419857,0049624-65.2021.8.16.0000,60,2,2026-01-07T01:23:41.291272,ok
1419858,4001015-38.2021.8.16.0014,60,2,2026-01-07T01:23:41.291272,ok
1419859,0003250-07.2020.8.16.0103,60,2,2026-01-07T01:23:41.291272,ok
1419860,0039225-74.2021.8.16.0000,60,2,2026-01-07T01:23:41.291272,ok
1419861,0009148-19.2020.8.16.0194,60,2,2026-01-07T01:23:41.291272,ok
1419862,0001555-84.2015.8.16.0073,60,2,2026-01-07T01:23:41.291272,ok
1419863,0002104-61.2018.8.16.0147,60,2,2026-01-07T01:23:41.291272,ok
1419864,0004743-10.2013.8.16.0056,60,2,2026-01-07T01:23:41.291272,ok
1419865,0000355-07.2016.8.16.0041,60,2,2026-01-07T01:23:41.291272,ok
1419866,0001204-62.2019.8.16.0044,60,2,2026-01-07T01:23:41.291272,ok
1419867,0001479-33.2021.8.16.0014,60,2,2026-01-07T01:23:41.291272,ok
1419868,0060564-89.2021.8.16.0000,60,2,2026-01-07T01:23:41.291272,ok
1419869,0050023-31.2020.8.16.0000,60,2,2026-01-07T01:23:41.291272,ok
1419870,0000092-53.2020.8.16.0196,60,2,2026-01-07T01:23:41.291272,ok
1419871,0064381-64.2021.8.16.0000,60,2,2026-01-07T01:23:41.291272,ok
1419872,0017767-76.2013.8.16.0001,60,2,2026-01-07T01:23:41.291272,ok
1419873,0055463-71.2021.8.16.0000,60,2,2026-01-07T01:23:41.291272,ok
1419874,0009655-42.2020.8.16.0044,60,2,2026-01-07T01:23:41.291272,ok
1419875,0003884-82.2021.8.16.0130,60,2,2026-01-07T01:23:41.291272,ok
1419876,0014853-49.2017.8.16.0017,60,2,2026-01-07T01:23:41.291272,ok
1419877,0044582-35.2021.8.16.0000,60,2,2026-01-07T01:23:41.291272,ok
1419878,0046692-07.2021.8.16.0000,60,2,2026-01-07T01:23:41.291272,ok
1419879,0004212-14.2021.8.16.0194,60,2,2026-01-07T01:23:41.291272,ok
1419880,0008315-30.2019.8.16.0131,60,2,2026-01-07T01:23:41.291272,ok
1419881,0045111-54.2021.8.16.0000,60,2,2026-01-07T01:23:41.291272,ok
1419882,0001774-46.2020.8.16.0001,60,2,2026-01-07T01:23:41.291272,ok
1419883,0004534-72.2018.8.16.0086,60,2,2026-01-07T01:23:41.291272,ok
1419884,0044007-27.2021.8.16.0000,60,2,2026-01-07T01:23:41.291272,ok
1419885,0044707-03.2021.8.16.0000,60,2,2026-01-07T01:23:41.291272,ok
1419886,0000793-81.2019.8.16.0088,60,2,2026-01-07T01:23:41.291272,ok
1419887,0073348-35.2020.8.16.0000,60,2,2026-01-07T01:23:41.291272,ok
1419888,0051834-89.2021.8.16.0000,60,2,2026-01-07T01:23:41.291272,ok
1419889,0059495-22.2021.8.16.0000,60,2,2026-01-07T01:23:41.291272,ok
1419890,0002387-90.2014.8.16.0158,60,2,2026-01-07T01:23:41.291272,ok
1419891,0011014-28.2020.8.16.0173,60,2,2026-01-07T01:23:41.291272,ok
1419892,0057101-42.2021.8.16.0000,60,2,2026-01-07T01:23:41.291272,ok
1419893,0005155-20.2020.8.16.0112,60,2,2026-01-07T01:23:41.291272,ok
1419894,0057471-21.2021.8.16.0000,61,2,2026-01-07T01:23:41.291272,ok
1419895,0000167-02.2021.8.16.0053,61,2,2026-01-07T01:23:41.291272,ok
1419896,0056203-29.2021.8.16.0000,61,2,2026-01-07T01:23:41.291272,ok
1419897,0055735-65.2021.8.16.0000,61,2,2026-01-07T01:23:41.291272,ok
1419898,0055653-34.2021.8.16.0000,61,2,2026-01-07T01:23:41.291272,ok
1419899,0008115-23.2018.8.16.0013,61,2,2026-01-07T01:23:41.291272,ok
1419900,0022839-66.2021.8.16.0000,61,2,2026-01-07T01:23:41.291272,ok
1419901,0030791-45.2017.8.16.0030,61,2,2026-01-07T01:23:41.291272,ok
1419902,0018447-83.2021.8.16.0000,61,2,2026-01-07T01:23:41.291272,ok
1419903,0010150-70.2020.8.16.0017,61,2,2026-01-07T01:23:41.291272,ok
1419904,0003750-45.2017.8.16.0017,61,2,2026-01-07T01:23:41.291272,ok
1419905,0022152-91.2018.8.16.0001,61,2,2026-01-07T01:23:41.291272,ok
1419906,0006769-71.2021.8.16.0000,61,2,2026-01-07T01:23:41.291272,ok
1419907,0001399-87.2021.8.16.0105,61,2,2026-01-07T01:23:41.291272,ok
1419908,0003897-78.2021.8.16.0131,61,2,2026-01-07T01:23:41.291272,ok
1419909,0054815-91.2021.8.16.0000,61,2,2026-01-07T01:23:41.291272,ok
1419910,0007511-65.2019.8.16.0130,61,2,2026-01-07T01:23:41.291272,ok
1419911,0008631-36.2019.8.16.0004,61,2,2026-01-07T01:23:41.291272,ok
1419912,0048560-20.2021.8.16.0000,61,2,2026-01-07T01:23:41.291272,ok
1419913,0013495-61.2021.8.16.0000,61,2,2026-01-07T01:23:41.291272,ok
1419914,0005979-12.2006.8.16.0001,61,2,2026-01-07T01:23:41.291272,ok
1419915,0000396-59.2021.8.16.0053,61,2,2026-01-07T01:23:41.291272,ok
1419916,0001786-86.1999.8.16.0004,61,2,2026-01-07T01:23:41.291272,ok
1419917,0003993-83.2017.8.16.0115,61,2,2026-01-07T01:23:41.291272,ok
1419918,0001636-10.2021.8.16.0045,61,2,2026-01-07T01:23:41.291272,ok
1419919,0005279-79.2019.8.16.0001,61,2,2026-01-07T01:23:41.291272,ok
1419920,0001893-18.2019.8.16.0041,61,2,2026-01-07T01:23:41.291272,ok
1419921,0002895-21.2020.8.16.0095,61,2,2026-01-07T01:23:41.291272,ok
1419922,0001435-50.2021.8.16.0196,61,2,2026-01-07T01:23:41.291272,ok
1419923,0010465-55.2017.8.16.0130,61,2,2026-01-07T01:23:41.291272,ok
1419924,0000818-90.2021.8.16.0196,61,2,2026-01-07T01:23:41.291272,ok
1419925,0000802-75.2021.8.16.0087,61,2,2026-01-07T01:23:41.291272,ok
1419926,0017658-84.2021.8.16.0000,61,2,2026-01-07T01:23:41.291272,ok
1419927,0001953-46.2021.8.16.0000,61,2,2026-01-07T01:23:41.291272,ok
1419928,0009949-78.2020.8.16.0017,61,2,2026-01-07T01:23:41.291272,ok
1419929,0006168-43.2016.8.16.0064,61,2,2026-01-07T01:23:41.291272,ok
1419930,0054682-41.2020.8.16.0014,61,2,2026-01-07T01:23:41.291272,ok
1419931,0045847-72.2021.8.16.0000,61,2,2026-01-07T01:23:41.291272,ok
1419932,0069446-32.2020.8.16.0014,61,2,2026-01-07T01:23:41.291272,ok
1419933,0005283-56.2018.8.16.0194,61,2,2026-01-07T01:23:41.291272,ok
1419934,0057066-82.2021.8.16.0000,61,2,2026-01-07T01:23:41.291272,ok
1419935,0052727-80.2021.8.16.0000,61,2,2026-01-07T01:23:41.291272,ok
1419936,0005144-87.2021.8.16.0004,61,2,2026-01-07T01:23:41.291272,ok
1419937,0044223-85.2021.8.16.0000,61,2,2026-01-07T01:23:41.291272,ok
1419938,0033764-24.2021.8.16.0000,61,2,2026-01-07T01:23:41.291272,ok
1419939,0028357-29.2020.8.16.0014,61,2,2026-01-07T01:23:41.291272,ok
1419940,0002755-76.2019.8.16.0109,61,2,2026-01-07T01:23:41.291272,ok
1419941,0058788-54.2021.8.16.0000,61,2,2026-01-07T01:23:41.291272,ok
1419942,0003940-34.2015.8.16.0031,61,2,2026-01-07T01:23:41.291272,ok
1419943,0057834-44.2013.8.16.0014,61,2,2026-01-07T01:23:41.291272,ok
1419944,0059626-94.2021.8.16.0000,65,2,2026-01-07T01:23:41.291272,ok
1419945,0068918-40.2020.8.16.0000,65,2,2026-01-07T01:23:41.291272,ok
1419946,0001916-22.2017.8.16.0109,65,2,2026-01-07T01:23:41.291272,ok
1419947,0069157-10.2021.8.16.0000,65,2,2026-01-07T01:23:41.291272,ok
1419948,0000399-21.1994.8.16.0001,65,2,2026-01-07T01:23:41.291272,ok
1419949,0013963-09.2008.8.16.0185,65,2,2026-01-07T01:23:41.291272,ok
1419950,0009319-97.2021.8.16.0013,65,2,2026-01-07T01:23:41.291272,ok
1419951,0004046-80.2015.8.16.0100,65,2,2026-01-07T01:23:41.291272,ok
1419952,0050714-45.2020.8.16.0000,65,2,2026-01-07T01:23:41.291272,ok
1419953,0003450-96.2015.8.16.0100,65,2,2026-01-07T01:23:41.291272,ok
1419954,0003771-42.2018.8.16.0128,65,2,2026-01-07T01:23:41.291272,ok
1419955,0015895-87.2017.8.16.0000,65,2,2026-01-07T01:23:41.291272,ok
1419956,0029444-41.2011.8.16.0012,65,2,2026-01-07T01:23:41.291272,ok
1419957,0001492-21.2020.8.16.0029,65,2,2026-01-07T01:23:41.291272,ok
1419958,0009419-47.2020.8.16.0026,65,2,2026-01-07T01:23:41.291272,ok
1419959,0003196-88.2021.8.16.9000,65,2,2026-01-07T01:23:41.291272,ok
1419960,0009339-94.2018.8.16.0045,65,2,2026-01-07T01:23:41.291272,ok
1419961,0001421-39.2018.8.16.0045,65,2,2026-01-07T01:23:41.291272,ok
1419962,0010081-22.2018.8.16.0045,65,2,2026-01-07T01:23:41.291272,ok
1419963,0001191-94.2018.8.16.0045,65,2,2026-01-07T01:23:41.291272,ok
1419964,0013567-78.2019.8.16.0045,65,2,2026-01-07T01:23:41.291272,ok
1419965,0011799-54.2018.8.16.0045,65,2,2026-01-07T01:23:41.291272,ok
1419966,0003961-89.2020.8.16.0045,65,2,2026-01-07T01:23:41.291272,ok
1419967,0004023-03.2018.8.16.0045,65,2,2026-01-07T01:23:41.291272,ok
1419968,0005072-79.2018.8.16.0045,65,2,2026-01-07T01:23:41.291272,ok
1419969,0000208-94.2020.8.16.0055,65,2,2026-01-07T01:23:41.291272,ok
1419970,0003471-37.2021.8.16.9000,65,2,2026-01-07T01:23:41.291272,ok
1419971,0036310-15.2018.8.16.0014,65,2,2026-01-07T01:23:41.291272,ok
1419972,0002515-20.2021.8.16.0044,65,2,2026-01-07T01:23:41.291272,ok
1419973,0002089-04.2020.8.16.0089,65,2,2026-01-07T01:23:41.291272,ok
1419974,0016853-75.2018.8.16.0182,65,2,2026-01-07T01:23:41.291272,ok
1419975,0004943-70.2020.8.16.0056,65,2,2026-01-07T01:23:41.291272,ok
1419976,0025538-03.2020.8.16.0182,65,2,2026-01-07T01:23:41.291272,ok
1419977,0045534-14.2021.8.16.0000,65,2,2026-01-07T01:23:41.291272,ok
1419978,0044409-11.2021.8.16.0000,65,2,2026-01-07T01:23:41.291272,ok
1419979,0043455-62.2021.8.16.0000,65,2,2026-01-07T01:23:41.291272,ok
1419980,0034494-35.2021.8.16.0000,65,2,2026-01-07T01:23:41.291272,ok
1419981,0042070-79.2021.8.16.0000,65,2,2026-01-07T01:23:41.291272,ok
1419982,0009923-31.2020.8.16.0001,65,2,2026-01-07T01:23:41.291272,ok
1419983,0001167-98.2020.8.16.0044,65,2,2026-01-07T01:23:41.291272,ok
1419984,0044749-52.2021.8.16.0000,65,2,2026-01-07T01:23:41.291272,ok
1419985,0043578-60.2021.8.16.0000,65,2,2026-01-07T01:23:41.291272,ok
1419986,0002112-43.2019.8.16.0037,65,2,2026-01-07T01:23:41.291272,ok
1419987,0003554-95.2017.8.16.0172,65,2,2026-01-07T01:23:41.291272,ok
1419988,0052020-15.2021.8.16.0000,65,2,2026-01-07T01:23:41.291272,ok
1419989,0002851-58.2015.8.16.0036,65,2,2026-01-07T01:23:41.291272,ok
1419990,0010828-05.2021.8.16.0000,65,2,2026-01-07T01:23:41.291272,ok
1419991,0058542-58.2021.8.16.0000,65,2,2026-01-07T01:23:41.291272,ok
1419992,0014183-78.2021.8.16.0014,65,2,2026-01-07T01:23:41.291272,ok
1419993,0047679-43.2021.8.16.0000,65,2,2026-01-07T01:23:41.291272,ok
1419994,0010599-79.2020.8.16.0000,62,2,2026-01-07T01:23:41.291272,ok
1419995,0013008-54.2019.8.16.0035,62,2,2026-01-07T01:23:41.291272,ok
1419996,4000073-49.2021.8.16.0129,62,2,2026-01-07T01:23:41.291272,ok
1419997,0041349-30.2021.8.16.0000,62,2,2026-01-07T01:23:41.291272,ok
1419998,0026879-62.2015.8.16.0013,62,2,2026-01-07T01:23:41.291272,ok
