Id_processo,processo_25,pagina_extraida,chunk_inserida,timestamp,status
0,0011313-73.2022.8.16.0160,9,0,2026-01-08T06:53:09.957157,ignorado
0,0000461-95.2024.8.16.0070,9,0,2026-01-08T06:53:09.957662,ignorado
0,0000462-80.2024.8.16.0070,9,0,2026-01-08T06:53:09.957675,ignorado
0,0000359-73.2024.8.16.0070,9,0,2026-01-08T06:53:09.957684,ignorado
0,0000362-28.2024.8.16.0070,9,0,2026-01-08T06:53:09.957689,ignorado
0,0000343-22.2024.8.16.0070,9,0,2026-01-08T06:53:09.957693,ignorado
0,0000316-39.2024.8.16.0070,9,0,2026-01-08T06:53:09.957697,ignorado
0,0001321-25.2024.8.16.0029,9,0,2026-01-08T06:53:09.957701,ignorado
0,0000437-67.2024.8.16.0070,9,0,2026-01-08T06:53:09.957706,ignorado
0,0009446-40.2023.8.16.0021,9,0,2026-01-08T06:53:09.957710,ignorado
0,0000319-91.2024.8.16.0070,9,0,2026-01-08T06:53:09.957714,ignorado
0,0000336-43.2024.8.16.0098,9,0,2026-01-08T06:53:09.957718,ignorado
0,0000360-58.2024.8.16.0070,9,0,2026-01-08T06:53:09.957722,ignorado
0,0010018-46.2023.8.16.0069,9,0,2026-01-08T06:53:09.957726,ignorado
0,0001284-68.2023.8.16.0211,9,0,2026-01-08T06:53:09.957730,ignorado
0,0000402-10.2024.8.16.0070,9,0,2026-01-08T06:53:09.957734,ignorado
0,0000315-54.2024.8.16.0070,9,0,2026-01-08T06:53:09.957737,ignorado
0,0001895-63.2023.8.16.0100,9,0,2026-01-08T06:53:09.957741,ignorado
0,0012006-18.2022.8.16.0173,9,0,2026-01-08T06:53:09.957750,ignorado
0,0003849-23.2020.8.16.0045,9,0,2026-01-08T06:53:09.957754,ignorado
0,0003847-53.2020.8.16.0045,9,0,2026-01-08T06:53:09.957757,ignorado
0,0012280-12.2021.8.16.0045,9,0,2026-01-08T06:53:09.957761,ignorado
0,0037135-51.2021.8.16.0014,9,0,2026-01-08T06:53:09.957765,ignorado
0,0014009-83.2023.8.16.0019,9,0,2026-01-08T06:53:09.957768,ignorado
0,0011452-05.2023.8.16.0026,9,0,2026-01-08T06:53:09.957772,ignorado
0,0025304-16.2023.8.16.0182,9,0,2026-01-08T06:53:09.957776,ignorado
0,0009738-53.2023.8.16.0044,9,0,2026-01-08T06:53:09.957779,ignorado
0,0035286-18.2024.8.16.0021,9,0,2026-01-08T06:53:09.957783,ignorado
0,0002554-96.2019.8.16.0105,9,0,2026-01-08T06:53:09.957787,ignorado
0,0035300-02.2024.8.16.0021,9,0,2026-01-08T06:53:09.957790,ignorado
0,0008188-70.2023.8.16.0190,9,0,2026-01-08T06:53:09.957794,ignorado
0,0003615-21.2021.8.16.0105,9,0,2026-01-08T06:53:09.957798,ignorado
0,0003045-22.2023.8.16.0119,9,0,2026-01-08T06:53:09.957801,ignorado
0,0004196-14.2022.8.16.0101,9,0,2026-01-08T06:53:09.957805,ignorado
0,0026514-03.2023.8.16.0021,9,0,2026-01-08T06:53:09.957809,ignorado
0,0003562-25.2024.8.16.9000,9,0,2026-01-08T06:53:09.957813,ignorado
0,0003478-21.2023.8.16.0153,9,0,2026-01-08T06:53:09.957816,ignorado
0,0002061-60.2023.8.16.0047,9,0,2026-01-08T06:53:09.957820,ignorado
0,0003676-61.2024.8.16.9000,9,0,2026-01-08T06:53:09.957823,ignorado
0,0004642-50.2024.8.16.0035,9,0,2026-01-08T06:53:09.957826,ignorado
0,0015050-54.2024.8.16.0018,9,0,2026-01-08T06:53:09.957830,ignorado
0,0021928-07.2024.8.16.0014,9,0,2026-01-08T06:53:09.957834,ignorado
0,0001474-79.2023.8.16.0098,9,0,2026-01-08T06:53:09.957837,ignorado
0,0013823-79.2023.8.16.0045,9,0,2026-01-08T06:53:09.957840,ignorado
0,0001477-79.2023.8.16.0180,9,0,2026-01-08T06:53:09.957844,ignorado
0,0005727-36.2023.8.16.0058,9,0,2026-01-08T06:53:09.957847,ignorado
0,0005770-79.2024.8.16.9000,9,0,2026-01-08T06:53:09.957850,ignorado
0,0000191-94.2024.8.16.0127,9,0,2026-01-08T06:53:09.957853,ignorado
0,0005061-10.2023.8.16.0131,9,0,2026-01-08T06:53:09.957856,ignorado
0,0001386-55.2024.8.16.0082,6,0,2026-01-08T06:53:10.386560,ignorado
0,0014937-30.2023.8.16.0182,6,0,2026-01-08T06:53:10.386565,ignorado
0,0013384-70.2024.8.16.0130,6,0,2026-01-08T06:53:10.386572,ignorado
0,0001394-32.2024.8.16.0082,6,0,2026-01-08T06:53:10.386576,ignorado
0,0046758-18.2024.8.16.0182,6,0,2026-01-08T06:53:10.386580,ignorado
0,0001093-15.2022.8.16.0128,6,0,2026-01-08T06:53:10.386583,ignorado
0,0050399-14.2024.8.16.0182,6,0,2026-01-08T06:53:10.386587,ignorado
0,0000981-46.2022.8.16.0128,6,0,2026-01-08T06:53:10.386590,ignorado
0,0047196-44.2024.8.16.0182,6,0,2026-01-08T06:53:10.386594,ignorado
0,0027047-31.2024.8.16.0019,6,0,2026-01-08T06:53:10.386597,ignorado
0,0026851-13.2023.8.16.0014,6,0,2026-01-08T06:53:10.386601,ignorado
0,0001315-85.2023.8.16.0115,6,0,2026-01-08T06:53:10.386605,ignorado
0,0002761-48.2024.8.16.0064,6,0,2026-01-08T06:53:10.386609,ignorado
0,0037566-30.2022.8.16.0021,6,0,2026-01-08T06:53:10.386612,ignorado
0,0000876-02.2021.8.16.0097,6,0,2026-01-08T06:53:10.386616,ignorado
0,0000518-22.2023.8.16.0047,6,0,2026-01-08T06:53:10.386620,ignorado
0,0000479-25.2023.8.16.0047,6,0,2026-01-08T06:53:10.386623,ignorado
0,0050402-66.2024.8.16.0182,6,0,2026-01-08T06:53:10.386627,ignorado
0,0003009-59.2024.8.16.0049,6,0,2026-01-08T06:53:10.386630,ignorado
0,0041103-65.2024.8.16.0182,6,0,2026-01-08T06:53:10.386634,ignorado
0,0006191-18.2024.8.16.0190,6,0,2026-01-08T06:53:10.386637,ignorado
0,0001553-75.2021.8.16.0018,6,0,2026-01-08T06:53:10.386641,ignorado
0,0021703-48.2019.8.16.0018,6,0,2026-01-08T06:53:10.386644,ignorado
0,0002210-80.2022.8.16.0018,6,0,2026-01-08T06:53:10.386647,ignorado
0,0012306-98.2024.8.16.0014,6,0,2026-01-08T06:53:10.386651,ignorado
0,0000230-36.2022.8.16.0071,6,0,2026-01-08T06:53:10.386654,ignorado
0,0015431-62.2024.8.16.0018,6,0,2026-01-08T06:53:10.386657,ignorado
0,0004434-74.2023.8.16.9000,6,0,2026-01-08T06:53:10.386660,ignorado
0,0004152-40.2024.8.16.0031,6,0,2026-01-08T06:53:10.386664,ignorado
0,0004413-98.2023.8.16.9000,6,0,2026-01-08T06:53:10.386668,ignorado
0,0012236-59.2022.8.16.0044,6,0,2026-01-08T06:53:10.386671,ignorado
0,0017514-78.2023.8.16.0182,6,0,2026-01-08T06:53:10.386674,ignorado
0,0000520-24.2024.8.16.0122,6,0,2026-01-08T06:53:10.386677,ignorado
0,0011019-10.2024.8.16.0044,6,0,2026-01-08T06:53:10.386680,ignorado
0,0000664-20.2023.8.16.0029,6,0,2026-01-08T06:53:10.386683,ignorado
0,0014251-38.2023.8.16.0182,6,0,2026-01-08T06:53:10.386687,ignorado
0,0026292-37.2023.8.16.0182,6,0,2026-01-08T06:53:10.386690,ignorado
0,0015430-77.2024.8.16.0018,6,0,2026-01-08T06:53:10.386693,ignorado
0,0007153-58.2023.8.16.0034,6,0,2026-01-08T06:53:10.386696,ignorado
0,0008407-77.2024.8.16.0019,8,0,2026-01-08T06:53:10.605072,ignorado
0,0000917-51.2024.8.16.0068,8,0,2026-01-08T06:53:10.605100,ignorado
0,0019218-41.2020.8.16.0018,8,0,2026-01-08T06:53:10.605105,ignorado
0,0017487-68.2024.8.16.0018,8,0,2026-01-08T06:53:10.605109,ignorado
0,0017494-60.2024.8.16.0018,8,0,2026-01-08T06:53:10.605112,ignorado
0,0002672-97.2024.8.16.0137,8,0,2026-01-08T06:53:10.605116,ignorado
0,0005010-33.2024.8.16.9000,8,0,2026-01-08T06:53:10.605119,ignorado
0,0048862-80.2024.8.16.0182,8,0,2026-01-08T06:53:10.605122,ignorado
0,0014461-78.2024.8.16.0045,8,0,2026-01-08T06:53:10.605126,ignorado
0,0017485-98.2024.8.16.0018,8,0,2026-01-08T06:53:10.605131,ignorado
0,0046763-40.2024.8.16.0182,8,0,2026-01-08T06:53:10.605137,ignorado
0,0014975-44.2024.8.16.0170,8,0,2026-01-08T06:53:10.605143,ignorado
0,0045904-24.2024.8.16.0182,8,0,2026-01-08T06:53:10.605147,ignorado
0,0001543-52.2024.8.16.0171,8,0,2026-01-08T06:53:10.605150,ignorado
0,0047432-93.2024.8.16.0182,8,0,2026-01-08T06:53:10.605154,ignorado
0,0037217-56.2024.8.16.0021,8,0,2026-01-08T06:53:10.605157,ignorado
0,0048654-96.2024.8.16.0182,8,0,2026-01-08T06:53:10.605161,ignorado
0,0001427-11.2010.8.16.0018,8,0,2026-01-08T06:53:10.605181,ignorado
0,0002012-26.2024.8.16.0098,8,0,2026-01-08T06:53:10.605185,ignorado
0,0001917-13.2023.8.16.0039,8,0,2026-01-08T06:53:10.605188,ignorado
0,0007085-18.2024.8.16.0182,8,0,2026-01-08T06:53:10.605203,ignorado
0,0000675-09.2024.8.16.0128,8,0,2026-01-08T06:53:10.605221,ignorado
0,0002607-37.2023.8.16.0170,8,0,2026-01-08T06:53:10.605224,ignorado
0,0001796-07.2021.8.16.0119,8,0,2026-01-08T06:53:10.605227,ignorado
0,0004140-54.2022.8.16.0109,8,0,2026-01-08T06:53:10.605230,ignorado
0,0009581-18.2022.8.16.0173,8,0,2026-01-08T06:53:10.605234,ignorado
0,0020131-57.2019.8.16.0018,8,0,2026-01-08T06:53:10.605238,ignorado
0,0004354-11.2023.8.16.0109,8,0,2026-01-08T06:53:10.605241,ignorado
0,0020656-05.2020.8.16.0018,8,0,2026-01-08T06:53:10.605245,ignorado
0,0018178-24.2020.8.16.0018,8,0,2026-01-08T06:53:10.605248,ignorado
0,0020805-98.2020.8.16.0018,8,0,2026-01-08T06:53:10.605252,ignorado
0,0011308-89.2022.8.16.0018,8,0,2026-01-08T06:53:10.605255,ignorado
0,0001376-29.2024.8.16.9000,8,0,2026-01-08T06:53:10.605258,ignorado
0,0011216-34.2022.8.16.0173,8,0,2026-01-08T06:53:10.605261,ignorado
0,0010175-12.2022.8.16.0018,8,0,2026-01-08T06:53:10.605264,ignorado
0,N/A,8,0,2026-01-08T06:53:10.605267,ignorado
0,0008729-71.2022.8.16.0018,8,0,2026-01-08T06:53:10.605275,ignorado
0,0008806-17.2021.8.16.0018,8,0,2026-01-08T06:53:10.605278,ignorado
0,0012036-62.2024.8.16.0018,8,0,2026-01-08T06:53:10.605281,ignorado
0,0002868-98.2024.8.16.0159,7,0,2026-01-08T06:53:11.012213,ignorado
0,0011021-77.2024.8.16.0044,7,0,2026-01-08T06:53:11.012248,ignorado
0,0012553-20.2023.8.16.0045,7,0,2026-01-08T06:53:11.012257,ignorado
0,0009561-34.2023.8.16.0030,7,0,2026-01-08T06:53:11.012261,ignorado
0,0011018-25.2024.8.16.0044,7,0,2026-01-08T06:53:11.012264,ignorado
0,0003448-82.2024.8.16.0045,7,0,2026-01-08T06:53:11.012268,ignorado
0,0000264-26.2022.8.16.0163,7,0,2026-01-08T06:53:11.012273,ignorado
0,0016780-15.2024.8.16.0014,7,0,2026-01-08T06:53:11.012277,ignorado
0,0059852-52.2024.8.16.0014,7,0,2026-01-08T06:53:11.012281,ignorado
0,0011020-92.2024.8.16.0044,7,0,2026-01-08T06:53:11.012285,ignorado
0,0011996-08.2023.8.16.0021,7,0,2026-01-08T06:53:11.012289,ignorado
0,0001866-46.2023.8.16.0186,7,0,2026-01-08T06:53:11.012292,ignorado
0,0004607-17.2023.8.16.0103,7,0,2026-01-08T06:53:11.012296,ignorado
0,0042042-45.2024.8.16.0182,7,0,2026-01-08T06:53:11.012299,ignorado
0,0000200-23.2022.8.16.0096,7,0,2026-01-08T06:53:11.012303,ignorado
0,0005285-53.2022.8.16.0075,7,0,2026-01-08T06:53:11.012306,ignorado
0,0008464-26.2023.8.16.0021,7,0,2026-01-08T06:53:11.012310,ignorado
0,0019177-60.2023.8.16.0021,7,0,2026-01-08T06:53:11.012313,ignorado
0,0015425-55.2024.8.16.0018,7,0,2026-01-08T06:53:11.012317,ignorado
0,0006077-16.2023.8.16.0190,7,0,2026-01-08T06:53:11.012320,ignorado
0,0015432-47.2024.8.16.0018,7,0,2026-01-08T06:53:11.012323,ignorado
0,0002966-71.2022.8.16.0024,7,0,2026-01-08T06:53:11.012326,ignorado
0,0015427-25.2024.8.16.0018,7,0,2026-01-08T06:53:11.012329,ignorado
0,0015429-92.2024.8.16.0018,7,0,2026-01-08T06:53:11.012333,ignorado
0,0009745-75.2023.8.16.0034,7,0,2026-01-08T06:53:11.012336,ignorado
0,0006878-29.2023.8.16.0190,7,0,2026-01-08T06:53:11.012339,ignorado
0,0066245-90.2024.8.16.0014,7,0,2026-01-08T06:53:11.012728,ignorado
0,0005846-36.2023.8.16.0045,7,0,2026-01-08T06:53:11.012735,ignorado
0,0002789-89.2024.8.16.0169,7,0,2026-01-08T06:53:11.012738,ignorado
0,0003719-34.2020.8.16.0174,2,0,2026-01-08T06:53:13.341099,ignorado
0,0002890-94.2019.8.16.0204,2,0,2026-01-08T06:53:13.341103,ignorado
0,0001818-39.2024.8.16.0029,2,0,2026-01-08T06:53:13.341107,ignorado
0,0000969-65.2020.8.16.0075,2,0,2026-01-08T06:53:13.341111,ignorado
0,N/A,2,0,2026-01-08T06:53:13.341114,ignorado
0,0003016-20.2020.8.16.0137,2,0,2026-01-08T06:53:13.341125,ignorado
0,0006642-97.2022.8.16.0033,2,0,2026-01-08T06:53:13.341131,ignorado
0,0006682-13.2021.8.16.0034,2,0,2026-01-08T06:53:13.341137,ignorado
0,0000894-78.2023.8.16.0056,2,0,2026-01-08T06:53:13.341143,ignorado
0,0001210-80.2021.8.16.0050,2,0,2026-01-08T06:53:13.341150,ignorado
0,0007948-62.2021.8.16.0025,2,0,2026-01-08T06:53:13.341156,ignorado
0,0011737-72.2022.8.16.0045,2,0,2026-01-08T06:53:13.341169,ignorado
0,0014600-67.2023.8.16.0044,2,0,2026-01-08T06:53:13.341251,ignorado
0,0000080-09.2023.8.16.0172,2,0,2026-01-08T06:53:13.341254,ignorado
0,0005762-55.2023.8.16.0103,2,0,2026-01-08T06:53:13.341258,ignorado
0,0005744-34.2023.8.16.0103,2,0,2026-01-08T06:53:13.341261,ignorado
0,0002687-61.2023.8.16.0053,2,0,2026-01-08T06:53:13.341264,ignorado
0,0003783-12.2021.8.16.0044,2,0,2026-01-08T06:53:13.341268,ignorado
0,0003785-79.2021.8.16.0044,2,0,2026-01-08T06:53:13.341271,ignorado
0,0012567-07.2023.8.16.0044,2,0,2026-01-08T06:53:13.341275,ignorado
0,0014414-44.2023.8.16.0044,2,0,2026-01-08T06:53:13.341278,ignorado
0,0023499-26.2023.8.16.0021,3,0,2026-01-08T06:53:14.007751,ignorado
0,0013807-05.2023.8.16.0182,3,0,2026-01-08T06:53:14.007795,ignorado
0,0002048-93.2023.8.16.0101,3,0,2026-01-08T06:53:14.007800,ignorado
0,0037743-25.2024.8.16.0182,3,0,2026-01-08T06:53:14.007804,ignorado
0,0004338-75.2023.8.16.0103,3,0,2026-01-08T06:53:14.007807,ignorado
0,0017329-74.2022.8.16.0182,3,0,2026-01-08T06:53:14.007831,ignorado
0,0019430-62.2020.8.16.0018,5,0,2026-01-08T06:53:14.507944,ignorado
0,0021597-52.2020.8.16.0018,5,0,2026-01-08T06:53:14.507948,ignorado
0,0006660-03.2021.8.16.0018,5,0,2026-01-08T06:53:14.507952,ignorado
0,0033500-96.2020.8.16.0014,5,0,2026-01-08T06:53:14.507955,ignorado
0,0001776-51.2019.8.16.0130,5,0,2026-01-08T06:53:14.507958,ignorado
0,0017608-94.2023.8.16.0030,5,0,2026-01-08T06:53:14.507962,ignorado
0,0001808-29.2023.8.16.0029,5,0,2026-01-08T06:53:14.507966,ignorado
0,0000411-51.2022.8.16.0131,5,0,2026-01-08T06:53:14.507970,ignorado
0,0000251-52.2022.8.16.0090,5,0,2026-01-08T06:53:14.507973,ignorado
0,0017464-23.2023.8.16.0030,5,0,2026-01-08T06:53:14.507976,ignorado
0,0017460-83.2023.8.16.0030,5,0,2026-01-08T06:53:14.507980,ignorado
0,0019852-93.2023.8.16.0030,5,0,2026-01-08T06:53:14.507983,ignorado
0,0016311-86.2022.8.16.0030,5,0,2026-01-08T06:53:14.507987,ignorado
0,0002110-36.2022.8.16.0080,5,0,2026-01-08T06:53:14.507990,ignorado
0,0002723-74.2022.8.16.0074,5,0,2026-01-08T06:53:14.507994,ignorado
0,0031233-30.2023.8.16.0182,5,0,2026-01-08T06:53:14.507997,ignorado
0,0000576-60.2023.8.16.0100,5,0,2026-01-08T06:53:14.508000,ignorado
0,0027273-85.2023.8.16.0014,5,0,2026-01-08T06:53:14.508007,ignorado
0,N/A,4,0,2026-01-08T06:53:16.202904,ignorado
0,0001765-05.2022.8.16.0134,4,0,2026-01-08T06:53:16.202916,ignorado
0,0000422-46.2024.8.16.0055,4,0,2026-01-08T06:53:16.202922,ignorado
0,0018674-12.2023.8.16.0030,4,0,2026-01-08T06:53:16.202928,ignorado
0,0023371-76.2023.8.16.0030,4,0,2026-01-08T06:53:16.202934,ignorado
0,0016619-88.2023.8.16.0030,4,0,2026-01-08T06:53:16.202939,ignorado
0,0001746-47.2021.8.16.0097,4,0,2026-01-08T06:53:16.202945,ignorado
0,0003496-81.2024.8.16.0064,4,0,2026-01-08T06:53:16.202952,ignorado
0,0010655-77.2024.8.16.0031,4,0,2026-01-08T06:53:16.202958,ignorado
0,0004511-85.2024.8.16.0064,4,0,2026-01-08T06:53:16.202978,ignorado
0,0003391-07.2024.8.16.0064,4,0,2026-01-08T06:53:16.202984,ignorado
0,0036888-46.2024.8.16.0182,1,0,2026-01-08T06:53:16.529182,ignorado
0,0000836-03.2023.8.16.0177,1,0,2026-01-08T06:53:16.529186,ignorado
0,0000838-70.2023.8.16.0177,1,0,2026-01-08T06:53:16.529190,ignorado
0,0040828-19.2024.8.16.0182,1,0,2026-01-08T06:53:16.529197,ignorado
0,0001120-43.2020.8.16.0168,1,0,2026-01-08T06:53:16.529229,ignorado
0,0002320-96.2023.8.16.0098,1,0,2026-01-08T06:53:16.529232,ignorado
0,0000045-92.2021.8.16.0148,1,0,2026-01-08T06:53:16.529236,ignorado
0,0001066-54.2024.8.16.0098,13,0,2026-01-08T06:53:16.577513,ignorado
0,0000599-60.2019.8.16.0192,13,0,2026-01-08T06:53:16.577544,ignorado
0,0038907-63.2023.8.16.0019,13,0,2026-01-08T06:53:16.577550,ignorado
0,0000843-08.2023.8.16.0205,13,0,2026-01-08T06:53:16.577554,ignorado
0,0005024-49.2024.8.16.0033,13,0,2026-01-08T06:53:16.577558,ignorado
0,0000514-82.2023.8.16.0047,13,0,2026-01-08T06:53:16.577561,ignorado
0,0001087-30.2024.8.16.0098,13,0,2026-01-08T06:53:16.577565,ignorado
0,0001553-24.2024.8.16.0098,13,0,2026-01-08T06:53:16.577569,ignorado
0,0003871-20.2020.8.16.0033,13,0,2026-01-08T06:53:16.577573,ignorado
0,0003429-22.2021.8.16.0097,13,0,2026-01-08T06:53:16.577576,ignorado
0,0002400-26.2024.8.16.0098,13,0,2026-01-08T06:53:16.577579,ignorado
0,0000614-57.2024.8.16.0029,13,0,2026-01-08T06:53:16.577582,ignorado
0,0000509-80.2024.8.16.0029,13,0,2026-01-08T06:53:16.577586,ignorado
0,0002654-20.2019.8.16.0180,13,0,2026-01-08T06:53:16.577590,ignorado
0,0018051-78.2023.8.16.0019,13,0,2026-01-08T06:53:16.577593,ignorado
0,0057952-73.2020.8.16.0014,13,0,2026-01-08T06:53:16.577597,ignorado
0,0001732-55.2024.8.16.0098,13,0,2026-01-08T06:53:16.577600,ignorado
0,0002406-33.2024.8.16.0098,13,0,2026-01-08T06:53:16.577603,ignorado
0,0005601-75.2023.8.16.0190,13,0,2026-01-08T06:53:16.577606,ignorado
0,0080721-12.2019.8.16.0014,13,0,2026-01-08T06:53:16.577610,ignorado
0,0000472-53.2024.8.16.0029,13,0,2026-01-08T06:53:16.577613,ignorado
0,0001172-16.2024.8.16.0098,13,0,2026-01-08T06:53:16.577616,ignorado
0,0007492-81.2022.8.16.0024,13,0,2026-01-08T06:53:16.577620,ignorado
0,0009469-47.2023.8.16.0130,13,0,2026-01-08T06:53:16.577624,ignorado
0,0000521-44.2023.8.16.0057,13,0,2026-01-08T06:53:16.577627,ignorado
0,0001065-07.2024.8.16.0054,13,0,2026-01-08T06:53:16.577630,ignorado
0,0000542-70.2024.8.16.0029,13,0,2026-01-08T06:53:16.577634,ignorado
0,0071289-61.2022.8.16.0014,13,0,2026-01-08T06:53:16.577637,ignorado
0,0005081-26.2023.8.16.0058,13,0,2026-01-08T06:53:16.577641,ignorado
0,0001091-67.2024.8.16.0098,13,0,2026-01-08T06:53:16.577645,ignorado
0,0005377-11.2021.8.16.0190,13,0,2026-01-08T06:53:16.577648,ignorado
0,0019878-21.2023.8.16.0021,13,0,2026-01-08T06:53:16.577652,ignorado
0,0004148-40.2024.8.16.0148,13,0,2026-01-08T06:53:16.577655,ignorado
0,0004149-25.2024.8.16.0148,13,0,2026-01-08T06:53:16.577658,ignorado
0,0005849-02.2018.8.16.0098,13,0,2026-01-08T06:53:16.577661,ignorado
0,0000483-82.2024.8.16.0029,13,0,2026-01-08T06:53:16.577665,ignorado
0,0000405-88.2024.8.16.0029,13,0,2026-01-08T06:53:16.577668,ignorado
0,0005011-30.2016.8.16.0098,13,0,2026-01-08T06:53:16.577672,ignorado
0,0003966-18.2021.8.16.0097,13,0,2026-01-08T06:53:16.577675,ignorado
0,0004990-54.2016.8.16.0098,13,0,2026-01-08T06:53:16.577678,ignorado
0,0002015-04.2016.8.16.0181,13,0,2026-01-08T06:53:16.577682,ignorado
0,0018814-48.2024.8.16.0018,13,0,2026-01-08T06:53:16.577685,ignorado
0,0001251-63.2023.8.16.0119,13,0,2026-01-08T06:53:16.577688,ignorado
0,0001276-08.2024.8.16.0098,13,0,2026-01-08T06:53:16.577692,ignorado
0,0030121-65.2019.8.16.0182,13,0,2026-01-08T06:53:16.577695,ignorado
0,0003742-73.2023.8.16.0109,13,0,2026-01-08T06:53:16.577699,ignorado
0,0043746-83.2022.8.16.0014,13,0,2026-01-08T06:53:16.577702,ignorado
0,0035177-40.2023.8.16.0182,13,0,2026-01-08T06:53:16.577706,ignorado
0,0000190-18.2024.8.16.0125,13,0,2026-01-08T06:53:16.577710,ignorado
0,0003973-78.2023.8.16.0084,13,0,2026-01-08T06:53:16.577713,ignorado
0,N/A,10,0,2026-01-08T06:53:16.818539,ignorado
0,0017249-13.2022.8.16.0182,10,0,2026-01-08T06:53:16.818580,ignorado
0,0035036-31.2017.8.16.0182,10,0,2026-01-08T06:53:16.818584,ignorado
0,0029344-51.2017.8.16.0182,10,0,2026-01-08T06:53:16.818588,ignorado
0,0039990-23.2017.8.16.0182,10,0,2026-01-08T06:53:16.818591,ignorado
0,0005956-38.2017.8.16.0112,10,0,2026-01-08T06:53:16.818595,ignorado
0,0008623-37.2017.8.16.0131,10,0,2026-01-08T06:53:16.818598,ignorado
0,0040852-91.2017.8.16.0182,10,0,2026-01-08T06:53:16.818601,ignorado
0,0016063-54.2017.8.16.0044,10,0,2026-01-08T06:53:16.818605,ignorado
0,0007077-04.2023.8.16.0044,12,0,2026-01-08T06:53:16.896486,ignorado
0,0000803-53.2023.8.16.0099,12,0,2026-01-08T06:53:16.896520,ignorado
0,0002628-35.2023.8.16.0098,12,0,2026-01-08T06:53:16.896526,ignorado
0,0011533-58.2023.8.16.0056,12,0,2026-01-08T06:53:16.896531,ignorado
0,0014072-41.2024.8.16.0030,12,0,2026-01-08T06:53:16.896535,ignorado
0,0004270-80.2022.8.16.0097,12,0,2026-01-08T06:53:16.896538,ignorado
0,0026693-36.2023.8.16.0182,12,0,2026-01-08T06:53:16.896542,ignorado
0,0014071-56.2024.8.16.0030,12,0,2026-01-08T06:53:16.896546,ignorado
0,0029692-64.2022.8.16.0030,12,0,2026-01-08T06:53:16.896549,ignorado
0,0004741-74.2023.8.16.0190,12,0,2026-01-08T06:53:16.896552,ignorado
0,0001365-29.2024.8.16.0034,12,0,2026-01-08T06:53:16.896556,ignorado
0,0013021-92.2024.8.16.0030,12,0,2026-01-08T06:53:16.896560,ignorado
0,0002497-76.2024.8.16.0049,12,0,2026-01-08T06:53:16.896564,ignorado
0,0003990-09.2022.8.16.0195,12,0,2026-01-08T06:53:16.896568,ignorado
0,0022548-19.2024.8.16.0014,12,0,2026-01-08T06:53:16.896571,ignorado
0,0006809-79.2020.8.16.0035,12,0,2026-01-08T06:53:16.896575,ignorado
0,0003911-57.2024.8.16.0131,12,0,2026-01-08T06:53:16.896578,ignorado
0,0002718-67.2022.8.16.0069,12,0,2026-01-08T06:53:16.896582,ignorado
0,0002585-40.2023.8.16.0182,12,0,2026-01-08T06:53:16.896586,ignorado
0,0020044-33.2021.8.16.0018,12,0,2026-01-08T06:53:16.896589,ignorado
0,0000712-42.2024.8.16.0029,12,0,2026-01-08T06:53:16.896593,ignorado
0,0000608-50.2024.8.16.0029,12,0,2026-01-08T06:53:16.896596,ignorado
0,0000499-36.2024.8.16.0029,12,0,2026-01-08T06:53:16.896600,ignorado
0,0000033-29.2024.8.16.0098,12,0,2026-01-08T06:53:16.896603,ignorado
0,0000738-40.2024.8.16.0029,12,0,2026-01-08T06:53:16.896606,ignorado
0,0000615-42.2024.8.16.0029,12,0,2026-01-08T06:53:16.896610,ignorado
0,0006136-13.2024.8.16.0014,12,0,2026-01-08T06:53:16.896614,ignorado
0,0000414-50.2024.8.16.0029,12,0,2026-01-08T06:53:16.896617,ignorado
0,0000466-46.2024.8.16.0029,12,0,2026-01-08T06:53:16.896621,ignorado
0,0008677-48.2024.8.16.0069,12,0,2026-01-08T06:53:16.896624,ignorado
0,0030137-77.2023.8.16.0182,12,0,2026-01-08T06:53:16.896628,ignorado
0,0039318-05.2023.8.16.0182,12,0,2026-01-08T06:53:16.896631,ignorado
0,0000555-69.2024.8.16.0029,12,0,2026-01-08T06:53:16.896634,ignorado
0,0016982-72.2023.8.16.0031,12,0,2026-01-08T06:53:16.896637,ignorado
0,0006349-22.2022.8.16.0165,12,0,2026-01-08T06:53:16.896640,ignorado
0,0000726-26.2024.8.16.0029,12,0,2026-01-08T06:53:16.896644,ignorado
0,0056717-13.2016.8.16.0014,12,0,2026-01-08T06:53:16.896647,ignorado
0,0000173-52.2017.8.16.0181,12,0,2026-01-08T06:53:16.896650,ignorado
0,0001391-10.2024.8.16.0169,12,0,2026-01-08T06:53:16.896653,ignorado
0,0000629-26.2024.8.16.0029,12,0,2026-01-08T06:53:16.896657,ignorado
0,0037707-90.2018.8.16.0182,12,0,2026-01-08T06:53:16.896660,ignorado
0,0001419-75.2024.8.16.0169,12,0,2026-01-08T06:53:16.896664,ignorado
0,0065249-63.2022.8.16.0014,12,0,2026-01-08T06:53:16.896667,ignorado
0,0002399-41.2024.8.16.0098,12,0,2026-01-08T06:53:16.896670,ignorado
0,0000029-89.2024.8.16.0098,12,0,2026-01-08T06:53:16.896673,ignorado
0,0009464-25.2023.8.16.0130,12,0,2026-01-08T06:53:16.896676,ignorado
0,0000736-70.2024.8.16.0029,12,0,2026-01-08T06:53:16.896679,ignorado
0,0001182-60.2024.8.16.0098,12,0,2026-01-08T06:53:16.896682,ignorado
0,0002357-58.2023.8.16.0055,12,0,2026-01-08T06:53:16.896686,ignorado
0,0002006-90.2022.8.16.0097,12,0,2026-01-08T06:53:16.896689,ignorado
0,0039938-27.2017.8.16.0182,11,0,2026-01-08T06:53:17.011811,ignorado
0,0036926-05.2017.8.16.0182,11,0,2026-01-08T06:53:17.011844,ignorado
0,0001383-28.2023.8.16.0182,11,0,2026-01-08T06:53:17.012073,ignorado
0,0024485-16.2024.8.16.0030,11,0,2026-01-08T06:53:17.012080,ignorado
0,0020425-97.2024.8.16.0030,11,0,2026-01-08T06:53:17.012084,ignorado
0,0047994-49.2017.8.16.0182,11,0,2026-01-08T06:53:17.012092,ignorado
0,0028771-85.2024.8.16.0014,11,0,2026-01-08T06:53:17.012095,ignorado
0,0047457-09.2024.8.16.0182,11,0,2026-01-08T06:53:17.012099,ignorado
0,0011997-17.2023.8.16.0013,11,0,2026-01-08T06:53:17.012103,ignorado
0,0027144-80.2023.8.16.0014,11,0,2026-01-08T06:53:17.012146,ignorado
0,0001923-39.2022.8.16.0141,11,0,2026-01-08T06:53:17.012149,ignorado
0,0083067-91.2023.8.16.0014,11,0,2026-01-08T06:53:17.012152,ignorado
0,0002729-30.2023.8.16.0209,11,0,2026-01-08T06:53:17.012156,ignorado
0,0009552-02.2023.8.16.0021,11,0,2026-01-08T06:53:17.012159,ignorado
0,0000703-71.2023.8.16.0205,11,0,2026-01-08T06:53:17.012163,ignorado
0,0004028-97.2023.8.16.0029,11,0,2026-01-08T06:53:17.012166,ignorado
0,0022172-46.2023.8.16.0021,11,0,2026-01-08T06:53:17.012169,ignorado
0,0000721-68.2021.8.16.0171,14,0,2026-01-08T06:53:17.494599,ignorado
0,0030180-14.2023.8.16.0182,14,0,2026-01-08T06:53:17.494637,ignorado
0,0004892-40.2023.8.16.0190,14,0,2026-01-08T06:53:17.494643,ignorado
0,0025889-68.2023.8.16.0182,14,0,2026-01-08T06:53:17.494648,ignorado
0,0001387-70.2024.8.16.0169,14,0,2026-01-08T06:53:17.494652,ignorado
0,0025066-94.2023.8.16.0182,14,0,2026-01-08T06:53:17.494655,ignorado
0,0011526-32.2022.8.16.0014,14,0,2026-01-08T06:53:17.494659,ignorado
0,0001813-40.2024.8.16.0086,14,0,2026-01-08T06:53:17.494663,ignorado
0,0001838-83.2024.8.16.9000,14,0,2026-01-08T06:53:17.494667,ignorado
0,0026631-93.2023.8.16.0182,14,0,2026-01-08T06:53:17.494670,ignorado
0,0001384-18.2024.8.16.0169,14,0,2026-01-08T06:53:17.494675,ignorado
0,0000284-90.2022.8.16.0074,14,0,2026-01-08T06:53:17.494678,ignorado
0,0025844-34.2024.8.16.0019,14,0,2026-01-08T06:53:17.494682,ignorado
0,0001265-32.2021.8.16.0082,14,0,2026-01-08T06:53:17.494685,ignorado
0,0020787-77.2020.8.16.0018,14,0,2026-01-08T06:53:17.494688,ignorado
0,0002971-68.2023.8.16.0021,14,0,2026-01-08T06:53:17.494692,ignorado
0,0002500-36.2024.8.16.0209,14,0,2026-01-08T06:53:17.494695,ignorado
0,0004065-46.2024.8.16.9000,14,0,2026-01-08T06:53:17.494699,ignorado
0,0002106-62.2023.8.16.0080,14,0,2026-01-08T06:53:17.494703,ignorado
0,0004043-88.2021.8.16.0109,14,0,2026-01-08T06:53:17.494707,ignorado
0,0003346-47.2023.8.16.0190,14,0,2026-01-08T06:53:17.494711,ignorado
0,0014529-39.2023.8.16.0182,14,0,2026-01-08T06:53:17.494714,ignorado
0,0016843-21.2024.8.16.0182,14,0,2026-01-08T06:53:17.494718,ignorado
0,0025486-02.2023.8.16.0182,14,0,2026-01-08T06:53:17.494722,ignorado
0,0002888-36.2024.8.16.0112,14,0,2026-01-08T06:53:17.494725,ignorado
0,0035272-55.2024.8.16.0014,14,0,2026-01-08T06:53:17.494728,ignorado
0,0003016-50.2023.8.16.0190,14,0,2026-01-08T06:53:17.494732,ignorado
0,0000810-83.2024.8.16.0172,14,0,2026-01-08T06:53:17.494735,ignorado
0,0018688-95.2024.8.16.0018,15,0,2026-01-08T06:53:30.122314,ignorado
0,0050795-88.2024.8.16.0182,15,0,2026-01-08T06:53:30.122318,ignorado
0,0019514-82.2024.8.16.0031,15,0,2026-01-08T06:53:30.122322,ignorado
0,0018804-04.2024.8.16.0018,15,0,2026-01-08T06:53:30.122334,ignorado
0,0053273-69.2024.8.16.0182,15,0,2026-01-08T06:53:30.122338,ignorado
0,0000710-52.2024.8.16.0068,15,0,2026-01-08T06:53:30.122342,ignorado
0,0023752-77.2024.8.16.0021,15,0,2026-01-08T06:53:30.122480,ignorado
0,0004102-07.2022.8.16.0153,15,0,2026-01-08T06:53:30.122484,ignorado
0,0020364-46.2022.8.16.0019,15,0,2026-01-08T06:53:30.122496,ignorado
0,0023109-29.2021.8.16.0182,15,0,2026-01-08T06:53:30.122500,ignorado
0,0029680-16.2021.8.16.0182,15,0,2026-01-08T06:53:30.122505,ignorado
0,0010978-24.2024.8.16.0018,15,0,2026-01-08T06:53:30.122517,ignorado
0,0001494-14.2022.8.16.0128,18,0,2026-01-08T06:53:30.533348,ignorado
0,0011133-57.2022.8.16.0160,18,0,2026-01-08T06:53:30.533371,ignorado
0,0012799-90.2023.8.16.0182,18,0,2026-01-08T06:53:30.533376,ignorado
0,0002282-13.2018.8.16.0146,18,0,2026-01-08T06:53:30.533380,ignorado
0,0018026-05.2022.8.16.0018,18,0,2026-01-08T06:53:30.533383,ignorado
0,0002600-68.2021.8.16.0088,18,0,2026-01-08T06:53:30.533406,ignorado
0,0022718-74.2023.8.16.0030,18,0,2026-01-08T06:53:30.533409,ignorado
0,N/A,18,0,2026-01-08T06:53:30.533460,ignorado
0,0014137-84.2024.8.16.0014,18,0,2026-01-08T06:53:30.533476,ignorado
0,N/A,18,0,2026-01-08T06:53:30.533497,ignorado
0,0023758-91.2021.8.16.0182,18,0,2026-01-08T06:53:30.533510,ignorado
0,0027162-53.2023.8.16.0030,18,0,2026-01-08T06:53:30.533513,ignorado
0,0008762-54.2022.8.16.0182,16,0,2026-01-08T06:53:32.588062,ignorado
0,0043375-37.2021.8.16.0182,16,0,2026-01-08T06:53:32.588179,ignorado
0,0037764-06.2021.8.16.0182,16,0,2026-01-08T06:53:32.588183,ignorado
0,0030165-16.2021.8.16.0182,16,0,2026-01-08T06:53:32.588186,ignorado
0,0010543-84.2021.8.16.0170,16,0,2026-01-08T06:53:32.588190,ignorado
0,0000341-36.2024.8.16.0140,16,0,2026-01-08T06:53:32.588246,ignorado
0,0004936-05.2024.8.16.0035,16,0,2026-01-08T06:53:32.588250,ignorado
0,N/A,22,0,2026-01-08T06:53:33.158287,ignorado
0,N/A,22,0,2026-01-08T06:53:33.158296,ignorado
0,N/A,22,0,2026-01-08T06:53:33.158321,ignorado
0,N/A,22,0,2026-01-08T06:53:33.158344,ignorado
0,N/A,23,0,2026-01-08T06:53:37.444929,ignorado
0,N/A,23,0,2026-01-08T06:53:37.444937,ignorado
0,N/A,23,0,2026-01-08T06:53:37.444948,ignorado
0,N/A,23,0,2026-01-08T06:53:37.444962,ignorado
0,N/A,24,0,2026-01-08T06:53:37.675806,ignorado
0,N/A,25,0,2026-01-08T06:53:38.348110,ignorado
0,N/A,26,0,2026-01-08T06:53:38.741959,ignorado
0,0002947-16.2022.8.16.0105,35,0,2026-01-08T06:53:43.783731,ignorado
0,0000554-58.2024.8.16.0167,35,0,2026-01-08T06:53:43.783767,ignorado
0,0002231-45.2023.8.16.0172,35,0,2026-01-08T06:53:43.783775,ignorado
0,0022740-64.2023.8.16.0182,35,0,2026-01-08T06:53:43.783779,ignorado
0,0002595-30.2023.8.16.0200,35,0,2026-01-08T06:53:43.783783,ignorado
0,0002640-28.2024.8.16.0029,35,0,2026-01-08T06:53:43.783787,ignorado
0,0011297-15.2022.8.16.0033,35,0,2026-01-08T06:53:43.783791,ignorado
0,0052309-76.2024.8.16.0182,35,0,2026-01-08T06:53:43.783794,ignorado
0,0001230-62.2024.8.16.0019,35,0,2026-01-08T06:53:43.783798,ignorado
0,0003548-04.2024.8.16.0153,35,0,2026-01-08T06:53:43.783801,ignorado
0,0002017-46.2019.8.16.0123,35,0,2026-01-08T06:53:43.783805,ignorado
0,0000280-41.2024.8.16.0120,35,0,2026-01-08T06:53:43.783809,ignorado
0,0015224-97.2023.8.16.0018,35,0,2026-01-08T06:53:43.784102,ignorado
0,0019984-55.2024.8.16.0018,35,0,2026-01-08T06:53:43.784113,ignorado
0,0036563-27.2023.8.16.0014,35,0,2026-01-08T06:53:43.784117,ignorado
0,0022882-53.2024.8.16.0014,35,0,2026-01-08T06:53:43.784121,ignorado
0,0003829-95.2024.8.16.0108,35,0,2026-01-08T06:53:43.784125,ignorado
0,0006322-17.2024.8.16.0182,35,0,2026-01-08T06:53:43.784129,ignorado
0,0004878-39.2023.8.16.0131,35,0,2026-01-08T06:53:43.784132,ignorado
0,0004814-95.2023.8.16.0109,35,0,2026-01-08T06:53:43.784135,ignorado
0,0001254-26.2023.8.16.0181,35,0,2026-01-08T06:53:43.784139,ignorado
0,0053285-05.2024.8.16.0014,35,0,2026-01-08T06:53:43.784142,ignorado
0,0000426-84.2018.8.16.0155,35,0,2026-01-08T06:53:43.784146,ignorado
0,0004253-20.2023.8.16.0029,35,0,2026-01-08T06:53:43.784150,ignorado
0,0025881-13.2023.8.16.0014,35,0,2026-01-08T06:53:43.784154,ignorado
0,0001640-13.2023.8.16.0066,35,0,2026-01-08T06:53:43.784158,ignorado
0,0010110-43.2024.8.16.0019,35,0,2026-01-08T06:53:43.784162,ignorado
0,0000267-69.2022.8.16.0069,35,0,2026-01-08T06:53:43.784165,ignorado
0,0020664-72.2022.8.16.0030,35,0,2026-01-08T06:53:43.784168,ignorado
0,0008395-15.2024.8.16.0035,35,0,2026-01-08T06:53:43.784178,ignorado
0,0000279-71.2024.8.16.0115,35,0,2026-01-08T06:53:43.784181,ignorado
0,0001564-82.2024.8.16.0153,35,0,2026-01-08T06:53:43.784184,ignorado
0,0036908-08.2022.8.16.0182,35,0,2026-01-08T06:53:43.784188,ignorado
0,0004311-13.2023.8.16.0097,35,0,2026-01-08T06:53:43.784191,ignorado
0,0016353-96.2024.8.16.0182,35,0,2026-01-08T06:53:43.784194,ignorado
0,0001543-38.2021.8.16.0145,35,0,2026-01-08T06:53:43.784197,ignorado
0,0000579-32.2024.8.16.0180,35,0,2026-01-08T06:53:43.784201,ignorado
0,0004301-95.2024.8.16.9000,35,0,2026-01-08T06:53:43.784204,ignorado
0,0003090-56.2024.8.16.0130,35,0,2026-01-08T06:53:43.784207,ignorado
0,0013279-53.2024.8.16.0014,35,0,2026-01-08T06:53:43.784210,ignorado
0,0016666-62.2023.8.16.0030,35,0,2026-01-08T06:53:43.784213,ignorado
0,0002685-08.2023.8.16.0113,35,0,2026-01-08T06:53:43.784217,ignorado
0,0001705-25.2024.8.16.0146,35,0,2026-01-08T06:53:43.784220,ignorado
0,0006009-91.2023.8.16.0117,35,0,2026-01-08T06:53:43.784223,ignorado
0,0001612-16.2023.8.16.0108,35,0,2026-01-08T06:53:43.784226,ignorado
0,0002429-27.2023.8.16.0158,35,0,2026-01-08T06:53:43.784229,ignorado
0,0010037-04.2023.8.16.0182,35,0,2026-01-08T06:53:43.784232,ignorado
0,0007794-63.2023.8.16.0190,35,0,2026-01-08T06:53:43.784235,ignorado
0,0001347-03.2024.8.16.0165,35,0,2026-01-08T06:53:43.784238,ignorado
0,0015368-30.2024.8.16.0182,33,0,2026-01-08T06:53:43.888316,ignorado
0,0000551-79.2024.8.16.0175,33,0,2026-01-08T06:53:43.888348,ignorado
0,0008486-51.2023.8.16.0129,33,0,2026-01-08T06:53:43.888354,ignorado
0,N/A,33,0,2026-01-08T06:53:43.888358,ignorado
0,0005374-94.2024.8.16.0014,33,0,2026-01-08T06:53:43.888367,ignorado
0,0000433-13.2024.8.16.0205,33,0,2026-01-08T06:53:43.888373,ignorado
0,0045190-96.2023.8.16.0021,33,0,2026-01-08T06:53:43.888379,ignorado
0,N/A,33,0,2026-01-08T06:53:43.888385,ignorado
0,0000499-66.2022.8.16.0074,33,0,2026-01-08T06:53:43.888397,ignorado
0,0001710-25.2022.8.16.0079,33,0,2026-01-08T06:53:43.888403,ignorado
0,0000007-92.2024.8.16.0110,33,0,2026-01-08T06:53:43.888410,ignorado
0,0001838-96.2022.8.16.0062,33,0,2026-01-08T06:53:43.888416,ignorado
0,0002130-79.2023.8.16.0019,33,0,2026-01-08T06:53:43.888423,ignorado
0,0004171-07.2024.8.16.0044,33,0,2026-01-08T06:53:43.888429,ignorado
0,0001298-53.2023.8.16.0146,33,0,2026-01-08T06:53:43.888435,ignorado
0,0019415-79.2023.8.16.0021,33,0,2026-01-08T06:53:43.888439,ignorado
0,0003989-87.2024.8.16.0119,33,0,2026-01-08T06:53:43.888442,ignorado
0,0002257-91.2024.8.16.0080,33,0,2026-01-08T06:53:43.888446,ignorado
0,0002928-07.2024.8.16.0148,33,0,2026-01-08T06:53:43.888449,ignorado
0,0009914-69.2024.8.16.0182,33,0,2026-01-08T06:53:43.888453,ignorado
0,0018929-81.2024.8.16.0014,33,0,2026-01-08T06:53:43.888456,ignorado
0,0000182-06.2023.8.16.0051,33,0,2026-01-08T06:53:43.888460,ignorado
0,0000187-06.2024.8.16.0047,33,0,2026-01-08T06:53:43.888463,ignorado
0,0009074-59.2024.8.16.0182,33,0,2026-01-08T06:53:43.888467,ignorado
0,0000208-61.2024.8.16.0053,33,0,2026-01-08T06:53:43.888471,ignorado
0,0017572-66.2024.8.16.0014,33,0,2026-01-08T06:53:43.888474,ignorado
0,0080502-23.2024.8.16.0014,33,0,2026-01-08T06:53:43.888478,ignorado
0,0003146-81.2024.8.16.0068,33,0,2026-01-08T06:53:43.888481,ignorado
0,0002797-62.2024.8.16.0041,33,0,2026-01-08T06:53:43.888485,ignorado
0,0010581-74.2024.8.16.0014,33,0,2026-01-08T06:53:43.888488,ignorado
0,0003898-41.2024.8.16.0072,33,0,2026-01-08T06:53:43.888491,ignorado
0,0008242-24.2024.8.16.0021,33,0,2026-01-08T06:53:43.888495,ignorado
0,0002139-60.2022.8.16.0121,33,0,2026-01-08T06:53:43.888498,ignorado
0,0039170-28.2024.8.16.0030,33,0,2026-01-08T06:53:43.888501,ignorado
0,0075967-51.2024.8.16.0014,33,0,2026-01-08T06:53:43.888505,ignorado
0,0036644-24.2024.8.16.0019,33,0,2026-01-08T06:53:43.888508,ignorado
0,0002124-24.2023.8.16.0132,33,0,2026-01-08T06:53:43.888511,ignorado
0,0048008-84.2024.8.16.0021,33,0,2026-01-08T06:53:43.888515,ignorado
0,0023040-89.2024.8.16.0182,33,0,2026-01-08T06:53:43.888518,ignorado
0,0001489-58.2023.8.16.0127,33,0,2026-01-08T06:53:43.888521,ignorado
0,0002596-41.2024.8.16.0180,33,0,2026-01-08T06:53:43.888524,ignorado
0,0021997-58.2023.8.16.0019,33,0,2026-01-08T06:53:43.888527,ignorado
0,0007353-23.2024.8.16.0069,33,0,2026-01-08T06:53:43.888530,ignorado
0,0007301-62.2023.8.16.0004,33,0,2026-01-08T06:53:43.888534,ignorado
0,0005190-22.2024.8.16.0182,33,0,2026-01-08T06:53:43.888537,ignorado
0,0010936-38.2023.8.16.0170,33,0,2026-01-08T06:53:43.888540,ignorado
0,0001231-73.2024.8.16.0075,33,0,2026-01-08T06:53:43.888543,ignorado
0,0000325-38.2022.8.16.0145,33,0,2026-01-08T06:53:43.888546,ignorado
0,0008682-20.2024.8.16.0021,33,0,2026-01-08T06:53:43.888549,ignorado
0,0002166-73.2024.8.16.0153,33,0,2026-01-08T06:53:43.888552,ignorado
0,0004549-47.2023.8.16.0189,34,0,2026-01-08T06:53:44.051657,ignorado
0,0000642-92.2024.8.16.0136,34,0,2026-01-08T06:53:44.051688,ignorado
0,0004275-93.2024.8.16.0045,34,0,2026-01-08T06:53:44.051693,ignorado
0,0005149-35.2023.8.16.0103,34,0,2026-01-08T06:53:44.051698,ignorado
0,0045288-83.2023.8.16.0182,34,0,2026-01-08T06:53:44.051702,ignorado
0,0000101-25.2022.8.16.0170,34,0,2026-01-08T06:53:44.051705,ignorado
0,0005929-31.2024.8.16.0170,34,0,2026-01-08T06:53:44.051709,ignorado
0,0000952-87.2024.8.16.0075,34,0,2026-01-08T06:53:44.051713,ignorado
0,0014634-98.2024.8.16.0014,34,0,2026-01-08T06:53:44.051717,ignorado
0,0008345-29.2023.8.16.0033,34,0,2026-01-08T06:53:44.051720,ignorado
0,0012496-40.2024.8.16.0021,34,0,2026-01-08T06:53:44.051724,ignorado
0,0004038-21.2024.8.16.0090,34,0,2026-01-08T06:53:44.051728,ignorado
0,0000146-86.2024.8.16.0096,34,0,2026-01-08T06:53:44.051731,ignorado
0,0000378-64.2024.8.16.0075,34,0,2026-01-08T06:53:44.051735,ignorado
0,0003931-89.2024.8.16.0182,34,0,2026-01-08T06:53:44.051738,ignorado
0,0003652-13.2024.8.16.0018,34,0,2026-01-08T06:53:44.051742,ignorado
0,0004310-28.2023.8.16.0097,34,0,2026-01-08T06:53:44.051745,ignorado
0,0005799-70.2024.8.16.0031,34,0,2026-01-08T06:53:44.051749,ignorado
0,0002942-48.2024.8.16.0129,34,0,2026-01-08T06:53:44.051753,ignorado
0,0005805-71.2024.8.16.0130,34,0,2026-01-08T06:53:44.051757,ignorado
0,0005101-06.2024.8.16.0018,34,0,2026-01-08T06:53:44.051760,ignorado
0,0000003-74.2024.8.16.0039,34,0,2026-01-08T06:53:44.051764,ignorado
0,0001287-80.2024.8.16.0019,34,0,2026-01-08T06:53:44.051767,ignorado
0,0002621-36.2023.8.16.0165,34,0,2026-01-08T06:53:44.051770,ignorado
0,0022102-38.2023.8.16.0018,34,0,2026-01-08T06:53:44.051774,ignorado
0,0010351-16.2023.8.16.0160,34,0,2026-01-08T06:53:44.051777,ignorado
0,0009385-57.2024.8.16.0018,34,0,2026-01-08T06:53:44.051780,ignorado
0,0000217-48.2024.8.16.0077,34,0,2026-01-08T06:53:44.051784,ignorado
0,0007836-09.2024.8.16.0019,34,0,2026-01-08T06:53:44.051787,ignorado
0,0005542-84.2024.8.16.0018,34,0,2026-01-08T06:53:44.051790,ignorado
0,0004563-87.2022.8.16.0117,34,0,2026-01-08T06:53:44.051793,ignorado
0,0002377-46.2024.8.16.0077,34,0,2026-01-08T06:53:44.051797,ignorado
0,0003985-50.2024.8.16.0119,34,0,2026-01-08T06:53:44.051800,ignorado
0,0010255-78.2024.8.16.0026,34,0,2026-01-08T06:53:44.051803,ignorado
0,0016627-35.2022.8.16.0019,34,0,2026-01-08T06:53:44.051807,ignorado
0,0000089-44.2022.8.16.0062,34,0,2026-01-08T06:53:44.051810,ignorado
0,0023135-22.2024.8.16.0182,34,0,2026-01-08T06:53:44.051813,ignorado
0,0006642-50.2024.8.16.0026,34,0,2026-01-08T06:53:44.051816,ignorado
0,0003177-12.2024.8.16.0033,34,0,2026-01-08T06:53:44.051819,ignorado
0,0000942-39.2024.8.16.0141,34,0,2026-01-08T06:53:44.051823,ignorado
0,0003544-63.2024.8.16.0024,34,0,2026-01-08T06:53:44.051826,ignorado
0,0001849-14.2024.8.16.0044,34,0,2026-01-08T06:53:44.051829,ignorado
0,0001683-43.2024.8.16.0153,34,0,2026-01-08T06:53:44.051832,ignorado
0,0018367-57.2024.8.16.0019,34,0,2026-01-08T06:53:44.051835,ignorado
0,0000565-46.2023.8.16.0192,34,0,2026-01-08T06:53:44.051838,ignorado
0,0077572-32.2024.8.16.0014,34,0,2026-01-08T06:53:44.051841,ignorado
0,0001646-67.2020.8.16.0052,34,0,2026-01-08T06:53:44.051845,ignorado
0,0027207-86.2023.8.16.0182,34,0,2026-01-08T06:53:44.051848,ignorado
0,0031695-69.2024.8.16.0014,34,0,2026-01-08T06:53:44.051851,ignorado
0,0001945-90.2024.8.16.0153,34,0,2026-01-08T06:53:44.051854,ignorado
0,0008083-09.2023.8.16.0024,32,0,2026-01-08T06:53:44.462058,ignorado
0,N/A,32,0,2026-01-08T06:53:44.462062,ignorado
0,0000782-74.2024.8.16.0024,32,0,2026-01-08T06:53:44.462070,ignorado
0,0006352-59.2024.8.16.0018,32,0,2026-01-08T06:53:44.462073,ignorado
0,0001453-84.2023.8.16.0169,32,0,2026-01-08T06:53:44.462077,ignorado
0,0000019-02.2020.8.16.0093,32,0,2026-01-08T06:53:44.462080,ignorado
0,0000630-69.2024.8.16.0139,32,0,2026-01-08T06:53:44.462083,ignorado
0,0001027-48.2019.8.16.0093,32,0,2026-01-08T06:53:44.462087,ignorado
0,0003378-07.2022.8.16.0184,32,0,2026-01-08T06:53:44.462090,ignorado
0,0002318-21.2019.8.16.0049,32,0,2026-01-08T06:53:44.462094,ignorado
0,0005623-53.2024.8.16.9000,32,0,2026-01-08T06:53:44.462097,ignorado
0,0002035-12.2022.8.16.0172,32,0,2026-01-08T06:53:44.462101,ignorado
0,0002252-66.2022.8.16.0039,32,0,2026-01-08T06:53:44.462104,ignorado
0,0010738-46.2023.8.16.0058,32,0,2026-01-08T06:53:44.462108,ignorado
0,0011094-59.2024.8.16.0170,32,0,2026-01-08T06:53:44.462111,ignorado
0,0035894-50.2023.8.16.0021,32,0,2026-01-08T06:53:44.462114,ignorado
0,0054935-24.2023.8.16.0014,32,0,2026-01-08T06:53:44.462117,ignorado
0,0006549-71.2023.8.16.0075,32,0,2026-01-08T06:53:44.462121,ignorado
0,0037945-22.2012.8.16.0182,32,0,2026-01-08T06:53:44.462124,ignorado
0,0073202-10.2024.8.16.0014,32,0,2026-01-08T06:53:44.462127,ignorado
0,0033798-35.2023.8.16.0030,32,0,2026-01-08T06:53:44.462131,ignorado
0,0002238-38.2024.8.16.0031,32,0,2026-01-08T06:53:44.462134,ignorado
0,0007873-50.2023.8.16.0058,32,0,2026-01-08T06:53:44.462137,ignorado
0,0005207-62.2024.8.16.0116,32,0,2026-01-08T06:53:44.462141,ignorado
0,0007382-83.2023.8.16.0174,32,0,2026-01-08T06:53:44.462144,ignorado
0,0002024-40.2024.8.16.0195,32,0,2026-01-08T06:53:44.462148,ignorado
0,0001726-77.2023.8.16.0132,32,0,2026-01-08T06:53:44.462151,ignorado
0,0002163-70.2024.8.16.0169,32,0,2026-01-08T06:53:44.462154,ignorado
0,0000412-29.2022.8.16.0101,32,0,2026-01-08T06:53:44.462157,ignorado
0,0003785-74.2024.8.16.0141,29,0,2026-01-08T06:53:56.445975,ignorado
0,0004242-54.2024.8.16.0029,40,0,2026-01-08T06:53:56.661335,ignorado
0,0002958-39.2022.8.16.0204,40,0,2026-01-08T06:53:56.661378,ignorado
0,0023026-61.2024.8.16.0035,40,0,2026-01-08T06:53:56.661384,ignorado
0,0004343-16.2023.8.16.0033,40,0,2026-01-08T06:53:56.661387,ignorado
0,0000693-66.2024.8.16.0019,40,0,2026-01-08T06:53:56.661391,ignorado
0,0001682-43.2022.8.16.0019,40,0,2026-01-08T06:53:56.661395,ignorado
0,0002304-04.2023.8.16.0047,40,0,2026-01-08T06:53:56.661398,ignorado
0,0021708-22.2023.8.16.0021,40,0,2026-01-08T06:53:56.661402,ignorado
0,0003124-69.2023.8.16.0064,40,0,2026-01-08T06:53:56.661405,ignorado
0,0054131-03.2024.8.16.0182,40,0,2026-01-08T06:53:56.661409,ignorado
0,0000417-31.2024.8.16.0182,40,0,2026-01-08T06:53:56.661413,ignorado
0,0020571-14.2023.8.16.0018,40,0,2026-01-08T06:53:56.661416,ignorado
0,0000595-85.2023.8.16.0029,40,0,2026-01-08T06:53:56.661421,ignorado
0,0043393-91.2023.8.16.0019,40,0,2026-01-08T06:53:56.661427,ignorado
0,0005928-17.2024.8.16.0018,40,0,2026-01-08T06:53:56.661433,ignorado
0,0037127-54.2024.8.16.0019,40,0,2026-01-08T06:53:56.661438,ignorado
0,0052741-95.2024.8.16.0182,40,0,2026-01-08T06:53:56.661443,ignorado
0,0050027-65.2024.8.16.0182,40,0,2026-01-08T06:53:56.661450,ignorado
0,0021995-91.2023.8.16.0018,40,0,2026-01-08T06:53:56.661456,ignorado
0,0034482-56.2024.8.16.0019,40,0,2026-01-08T06:53:56.661462,ignorado
0,0016999-28.2024.8.16.0014,40,0,2026-01-08T06:53:56.661468,ignorado
0,0009162-18.2023.8.16.0058,40,0,2026-01-08T06:53:56.661475,ignorado
0,0034455-10.2023.8.16.0019,40,0,2026-01-08T06:53:56.661481,ignorado
0,0000811-44.2024.8.16.0180,40,0,2026-01-08T06:53:56.661488,ignorado
0,0049056-80.2024.8.16.0182,40,0,2026-01-08T06:53:56.661494,ignorado
0,0000946-43.2024.8.16.0055,40,0,2026-01-08T06:53:56.661498,ignorado
0,0003504-63.2024.8.16.0030,40,0,2026-01-08T06:53:56.661501,ignorado
0,0011901-84.2023.8.16.0018,40,0,2026-01-08T06:53:56.661505,ignorado
0,0000042-98.2024.8.16.0030,40,0,2026-01-08T06:53:56.661508,ignorado
0,0010001-43.2023.8.16.0058,40,0,2026-01-08T06:53:56.661512,ignorado
0,0000588-12.2024.8.16.0077,40,0,2026-01-08T06:53:56.661515,ignorado
0,0004070-48.2024.8.16.0018,40,0,2026-01-08T06:53:56.661519,ignorado
0,0010044-13.2022.8.16.0026,40,0,2026-01-08T06:53:56.661523,ignorado
0,0003576-34.2023.8.16.0079,40,0,2026-01-08T06:53:56.661526,ignorado
0,0003651-40.2023.8.16.0187,40,0,2026-01-08T06:53:56.661530,ignorado
0,0000559-67.2024.8.16.0139,40,0,2026-01-08T06:53:56.661534,ignorado
0,0003956-18.2024.8.16.0113,40,0,2026-01-08T06:53:56.661537,ignorado
0,0050289-15.2024.8.16.0182,40,0,2026-01-08T06:53:56.661541,ignorado
0,0018013-64.2022.8.16.0031,40,0,2026-01-08T06:53:56.661544,ignorado
0,0002398-62.2023.8.16.0172,40,0,2026-01-08T06:53:56.661547,ignorado
0,0000566-96.2024.8.16.0159,40,0,2026-01-08T06:53:56.661551,ignorado
0,0043903-66.2024.8.16.0182,40,0,2026-01-08T06:53:56.661554,ignorado
0,0013282-15.2024.8.16.0044,40,0,2026-01-08T06:53:56.661558,ignorado
0,0012845-45.2024.8.16.0182,40,0,2026-01-08T06:53:56.661561,ignorado
0,0031169-54.2024.8.16.0030,40,0,2026-01-08T06:53:56.661564,ignorado
0,0005427-33.2023.8.16.0104,40,0,2026-01-08T06:53:56.661567,ignorado
0,0016256-04.2023.8.16.0030,40,0,2026-01-08T06:53:56.661571,ignorado
0,0007057-26.2024.8.16.0190,40,0,2026-01-08T06:53:56.661574,ignorado
0,0019835-08.2024.8.16.0035,40,0,2026-01-08T06:53:56.661577,ignorado
0,0000295-17.2023.8.16.0129,40,0,2026-01-08T06:53:56.661580,ignorado
0,0014725-19.2024.8.16.0038,38,0,2026-01-08T06:53:56.770158,ignorado
0,0000066-86.2024.8.16.0205,38,0,2026-01-08T06:53:56.770190,ignorado
0,0004952-33.2022.8.16.0130,38,0,2026-01-08T06:53:56.770195,ignorado
0,0012199-93.2021.8.16.0035,38,0,2026-01-08T06:53:56.770199,ignorado
0,0003915-25.2022.8.16.0209,38,0,2026-01-08T06:53:56.770203,ignorado
0,0005408-77.2024.8.16.9000,38,0,2026-01-08T06:53:56.770208,ignorado
0,0003936-76.2024.8.16.0129,38,0,2026-01-08T06:53:56.770211,ignorado
0,0010834-42.2023.8.16.0129,38,0,2026-01-08T06:53:56.770215,ignorado
0,0009528-39.2024.8.16.0182,38,0,2026-01-08T06:53:56.770218,ignorado
0,0002004-15.2024.8.16.0077,38,0,2026-01-08T06:53:56.770221,ignorado
0,0001125-71.2024.8.16.0153,38,0,2026-01-08T06:53:56.770225,ignorado
0,0013295-66.2023.8.16.0038,38,0,2026-01-08T06:53:56.770229,ignorado
0,0004547-90.2024.8.16.0044,38,0,2026-01-08T06:53:56.770232,ignorado
0,0005071-88.2024.8.16.9000,38,0,2026-01-08T06:53:56.770236,ignorado
0,0000570-05.2024.8.16.0137,38,0,2026-01-08T06:53:56.770239,ignorado
0,0007241-13.2024.8.16.0018,38,0,2026-01-08T06:53:56.770243,ignorado
0,0004733-94.2024.8.16.0018,38,0,2026-01-08T06:53:56.770246,ignorado
0,0024806-55.2022.8.16.0019,38,0,2026-01-08T06:53:56.770250,ignorado
0,0005313-04.2024.8.16.0058,38,0,2026-01-08T06:53:56.770254,ignorado
0,0002630-38.2023.8.16.0087,38,0,2026-01-08T06:53:56.770257,ignorado
0,0009041-08.2022.8.16.0031,38,0,2026-01-08T06:53:56.770261,ignorado
0,0000734-51.2023.8.16.0089,38,0,2026-01-08T06:53:56.770264,ignorado
0,0017102-84.2022.8.16.0182,38,0,2026-01-08T06:53:56.770267,ignorado
0,0001068-95.2024.8.16.0042,38,0,2026-01-08T06:53:56.770271,ignorado
0,0004806-53.2024.8.16.0184,38,0,2026-01-08T06:53:56.770274,ignorado
0,0006575-07.2023.8.16.0031,38,0,2026-01-08T06:53:56.770277,ignorado
0,0080546-76.2023.8.16.0014,38,0,2026-01-08T06:53:56.770281,ignorado
0,0014594-75.2022.8.16.0018,38,0,2026-01-08T06:53:56.770284,ignorado
0,0002332-13.2022.8.16.0077,38,0,2026-01-08T06:53:56.770287,ignorado
0,0005203-94.2024.8.16.0190,38,0,2026-01-08T06:53:56.770291,ignorado
0,0005037-08.2022.8.16.0069,38,0,2026-01-08T06:53:56.770294,ignorado
0,0000584-26.2022.8.16.0018,38,0,2026-01-08T06:53:56.770297,ignorado
0,0008800-95.2024.8.16.0182,38,0,2026-01-08T06:53:56.770301,ignorado
0,0015297-40.2021.8.16.0018,38,0,2026-01-08T06:53:56.770304,ignorado
0,0011802-59.2024.8.16.0025,38,0,2026-01-08T06:53:56.770307,ignorado
0,0002910-26.2024.8.16.0070,38,0,2026-01-08T06:53:56.770311,ignorado
0,0003273-83.2020.8.16.0189,38,0,2026-01-08T06:53:56.770314,ignorado
0,0002074-49.2023.8.16.0018,38,0,2026-01-08T06:53:56.770318,ignorado
0,0011628-88.2023.8.16.0056,38,0,2026-01-08T06:53:56.770322,ignorado
0,0001746-33.2023.8.16.0176,38,0,2026-01-08T06:53:56.770325,ignorado
0,0075428-85.2024.8.16.0014,38,0,2026-01-08T06:53:56.770329,ignorado
0,0030599-68.2022.8.16.0182,38,0,2026-01-08T06:53:56.770332,ignorado
0,0000902-21.2024.8.16.0153,38,0,2026-01-08T06:53:56.770336,ignorado
0,0001728-16.2024.8.16.0034,38,0,2026-01-08T06:53:56.770339,ignorado
0,0009617-62.2024.8.16.0182,38,0,2026-01-08T06:53:56.770342,ignorado
0,0003256-48.2023.8.16.0090,38,0,2026-01-08T06:53:56.770348,ignorado
0,0003223-20.2023.8.16.0038,38,0,2026-01-08T06:53:56.770354,ignorado
0,0002918-48.2023.8.16.0131,38,0,2026-01-08T06:53:56.770359,ignorado
0,0002189-22.2024.8.16.0055,38,0,2026-01-08T06:53:56.770365,ignorado
0,0014200-34.2023.8.16.0018,38,0,2026-01-08T06:53:56.770370,ignorado
0,0009183-69.2023.8.16.0033,39,0,2026-01-08T06:53:56.998471,ignorado
0,0005852-61.2022.8.16.0018,39,0,2026-01-08T06:53:56.998505,ignorado
0,0016729-42.2023.8.16.0045,39,0,2026-01-08T06:53:56.998511,ignorado
0,0002732-97.2020.8.16.0141,39,0,2026-01-08T06:53:56.998515,ignorado
0,0016475-87.2022.8.16.0018,39,0,2026-01-08T06:53:56.998519,ignorado
0,0018526-19.2023.8.16.0024,39,0,2026-01-08T06:53:56.998523,ignorado
0,0027217-31.2023.8.16.0021,39,0,2026-01-08T06:53:56.998526,ignorado
0,0000833-73.2024.8.16.0125,39,0,2026-01-08T06:53:56.998530,ignorado
0,0011063-35.2023.8.16.0021,39,0,2026-01-08T06:53:56.998534,ignorado
0,0002382-07.2023.8.16.0141,39,0,2026-01-08T06:53:56.998538,ignorado
0,0005736-75.2024.8.16.0021,39,0,2026-01-08T06:53:56.998541,ignorado
0,0019998-39.2024.8.16.0018,39,0,2026-01-08T06:53:56.998545,ignorado
0,0069585-76.2023.8.16.0014,39,0,2026-01-08T06:53:56.998549,ignorado
0,0005440-31.2024.8.16.0190,39,0,2026-01-08T06:53:56.998553,ignorado
0,0033001-88.2023.8.16.0182,39,0,2026-01-08T06:53:56.998558,ignorado
0,0001133-11.2023.8.16.0209,39,0,2026-01-08T06:53:56.998562,ignorado
0,0042352-22.2022.8.16.0182,39,0,2026-01-08T06:53:56.998566,ignorado
0,0040769-02.2024.8.16.0030,39,0,2026-01-08T06:53:56.998570,ignorado
0,0000411-38.2023.8.16.0124,39,0,2026-01-08T06:53:56.998574,ignorado
0,0000554-80.2022.8.16.0053,39,0,2026-01-08T06:53:56.998577,ignorado
0,0051285-13.2024.8.16.0182,39,0,2026-01-08T06:53:56.998581,ignorado
0,0015278-03.2023.8.16.0038,39,0,2026-01-08T06:53:56.998591,ignorado
0,0002435-78.2024.8.16.0035,39,0,2026-01-08T06:53:56.998594,ignorado
0,0004293-21.2024.8.16.9000,39,0,2026-01-08T06:53:56.998598,ignorado
0,0001602-05.2024.8.16.0021,39,0,2026-01-08T06:53:56.998602,ignorado
0,0000598-40.2023.8.16.0126,39,0,2026-01-08T06:53:56.998605,ignorado
0,0006868-91.2024.8.16.0014,39,0,2026-01-08T06:53:56.998609,ignorado
0,0016094-23.2024.8.16.0014,39,0,2026-01-08T06:53:56.998612,ignorado
0,0014136-02.2024.8.16.0014,39,0,2026-01-08T06:53:56.998616,ignorado
0,0006857-62.2024.8.16.0014,39,0,2026-01-08T06:53:56.998620,ignorado
0,0005864-73.2019.8.16.0182,39,0,2026-01-08T06:53:56.998623,ignorado
0,0018124-12.2024.8.16.0182,39,0,2026-01-08T06:53:56.998626,ignorado
0,0075336-20.2018.8.16.0014,39,0,2026-01-08T06:53:56.998630,ignorado
0,0000115-67.2023.8.16.0204,39,0,2026-01-08T06:53:56.998634,ignorado
0,0032764-20.2024.8.16.0182,39,0,2026-01-08T06:53:56.998638,ignorado
0,0010495-21.2023.8.16.0182,39,0,2026-01-08T06:53:56.998641,ignorado
0,0006421-94.2023.8.16.0190,39,0,2026-01-08T06:53:56.998645,ignorado
0,0002152-25.2022.8.16.0100,39,0,2026-01-08T06:53:56.998649,ignorado
0,0072267-77.2018.8.16.0014,39,0,2026-01-08T06:53:56.998652,ignorado
0,0040339-11.2018.8.16.0014,39,0,2026-01-08T06:53:56.998656,ignorado
0,0048957-42.2018.8.16.0014,39,0,2026-01-08T06:53:56.998659,ignorado
0,0072257-33.2018.8.16.0014,39,0,2026-01-08T06:53:56.998663,ignorado
0,0073811-03.2018.8.16.0014,39,0,2026-01-08T06:53:56.998666,ignorado
0,0000313-82.2024.8.16.0103,39,0,2026-01-08T06:53:56.998670,ignorado
0,0022595-71.2024.8.16.0182,39,0,2026-01-08T06:53:56.998674,ignorado
0,0056186-53.2018.8.16.0014,39,0,2026-01-08T06:53:56.998677,ignorado
0,0039724-21.2018.8.16.0014,39,0,2026-01-08T06:53:56.998681,ignorado
0,0044725-55.2024.8.16.0182,39,0,2026-01-08T06:53:56.998684,ignorado
0,0080791-63.2018.8.16.0014,39,0,2026-01-08T06:53:56.998687,ignorado
0,0006778-65.2024.8.16.0117,30,0,2026-01-08T06:53:59.582755,ignorado
0,0006820-98.2024.8.16.0090,30,0,2026-01-08T06:53:59.582776,ignorado
0,0054766-81.2024.8.16.0182,30,0,2026-01-08T06:53:59.582811,ignorado
0,0001469-92.2024.8.16.0075,36,0,2026-01-08T06:54:00.666808,ignorado
0,0023874-48.2023.8.16.0014,36,0,2026-01-08T06:54:00.666848,ignorado
0,0000043-13.2024.8.16.0021,36,0,2026-01-08T06:54:00.666856,ignorado
0,0000114-55.2024.8.16.0137,36,0,2026-01-08T06:54:00.666862,ignorado
0,0026673-43.2023.8.16.0021,41,0,2026-01-08T06:54:01.185776,ignorado
0,0060565-61.2023.8.16.0014,41,0,2026-01-08T06:54:01.185814,ignorado
0,0001768-35.2022.8.16.0109,41,0,2026-01-08T06:54:01.185823,ignorado
0,0009095-52.2023.8.16.0026,41,0,2026-01-08T06:54:01.185830,ignorado
0,0001764-10.2022.8.16.0105,41,0,2026-01-08T06:54:01.185834,ignorado
0,0012066-88.2024.8.16.0021,41,0,2026-01-08T06:54:01.185838,ignorado
0,0005537-43.2021.8.16.0026,41,0,2026-01-08T06:54:01.185842,ignorado
0,0073816-25.2018.8.16.0014,41,0,2026-01-08T06:54:01.185846,ignorado
0,0002962-81.2024.8.16.0018,41,0,2026-01-08T06:54:01.185850,ignorado
0,0009616-96.2024.8.16.0014,41,0,2026-01-08T06:54:01.185854,ignorado
0,0003154-37.2024.8.16.0075,41,0,2026-01-08T06:54:01.185858,ignorado
0,0000116-11.2024.8.16.0077,41,0,2026-01-08T06:54:01.185862,ignorado
0,0000890-64.2024.8.16.0134,41,0,2026-01-08T06:54:01.185865,ignorado
0,0005582-15.2024.8.16.0035,41,0,2026-01-08T06:54:01.185869,ignorado
0,0003711-52.2023.8.16.0077,41,0,2026-01-08T06:54:01.185873,ignorado
0,0029181-46.2024.8.16.0014,41,0,2026-01-08T06:54:01.185877,ignorado
0,0022992-33.2024.8.16.0182,41,0,2026-01-08T06:54:01.185881,ignorado
0,0001784-41.2024.8.16.0069,41,0,2026-01-08T06:54:01.185884,ignorado
0,0083652-46.2023.8.16.0014,41,0,2026-01-08T06:54:01.185888,ignorado
0,0000612-46.2024.8.16.0075,41,0,2026-01-08T06:54:01.185892,ignorado
0,0013838-61.2023.8.16.0170,41,0,2026-01-08T06:54:01.185896,ignorado
0,0002638-84.2024.8.16.0182,41,0,2026-01-08T06:54:01.185899,ignorado
0,0012846-30.2024.8.16.0182,41,0,2026-01-08T06:54:01.185903,ignorado
0,0016884-07.2024.8.16.0014,41,0,2026-01-08T06:54:01.185906,ignorado
0,0012251-12.2023.8.16.0038,41,0,2026-01-08T06:54:01.185910,ignorado
0,0002306-68.2024.8.16.0069,41,0,2026-01-08T06:54:01.185915,ignorado
0,0050946-52.2024.8.16.0021,41,0,2026-01-08T06:54:01.185918,ignorado
0,0021762-85.2023.8.16.0021,41,0,2026-01-08T06:54:01.185922,ignorado
0,0000317-14.2024.8.16.0041,41,0,2026-01-08T06:54:01.185925,ignorado
0,0034004-82.2023.8.16.0019,41,0,2026-01-08T06:54:01.185929,ignorado
0,0052526-22.2024.8.16.0182,41,0,2026-01-08T06:54:01.185932,ignorado
0,0000876-89.2024.8.16.0034,41,0,2026-01-08T06:54:01.185936,ignorado
0,0005859-73.2022.8.16.0173,41,0,2026-01-08T06:54:01.185940,ignorado
0,0003794-78.2024.8.16.0030,41,0,2026-01-08T06:54:01.185943,ignorado
0,0017726-21.2023.8.16.0014,41,0,2026-01-08T06:54:01.185957,ignorado
0,0002609-71.2021.8.16.0139,41,0,2026-01-08T06:54:01.185961,ignorado
0,0036244-10.2024.8.16.0019,41,0,2026-01-08T06:54:01.185965,ignorado
0,0002134-40.2024.8.16.0033,41,0,2026-01-08T06:54:01.185968,ignorado
0,0003635-64.2024.8.16.0086,41,0,2026-01-08T06:54:01.185972,ignorado
0,0003738-03.2024.8.16.0141,41,0,2026-01-08T06:54:01.185975,ignorado
0,0010352-84.2024.8.16.0024,41,0,2026-01-08T06:54:01.185978,ignorado
0,0014164-92.2024.8.16.0038,41,0,2026-01-08T06:54:01.185982,ignorado
0,0015365-98.2024.8.16.0045,41,0,2026-01-08T06:54:01.185985,ignorado
0,0003138-15.2023.8.16.0109,41,0,2026-01-08T06:54:01.185988,ignorado
0,0035648-12.2022.8.16.0014,41,0,2026-01-08T06:54:01.185992,ignorado
0,0004745-68.2021.8.16.0033,41,0,2026-01-08T06:54:01.185996,ignorado
0,0004806-86.2024.8.16.9000,41,0,2026-01-08T06:54:01.185999,ignorado
0,N/A,41,0,2026-01-08T06:54:01.186002,ignorado
0,0000709-96.2016.8.16.0149,41,0,2026-01-08T06:54:01.186010,ignorado
0,0001447-67.2022.8.16.0119,41,0,2026-01-08T06:54:01.186013,ignorado
0,0003030-32.2023.8.16.0029,44,0,2026-01-08T06:54:01.478382,ignorado
0,0014271-29.2023.8.16.0182,44,0,2026-01-08T06:54:01.478427,ignorado
0,0018669-60.2022.8.16.0018,44,0,2026-01-08T06:54:01.478434,ignorado
0,0012323-22.2024.8.16.0019,44,0,2026-01-08T06:54:01.478439,ignorado
0,0015354-24.2022.8.16.0018,44,0,2026-01-08T06:54:01.478444,ignorado
0,0014839-68.2023.8.16.0045,44,0,2026-01-08T06:54:01.478448,ignorado
0,0000654-86.2019.8.16.0167,44,0,2026-01-08T06:54:01.478453,ignorado
0,0045595-56.2023.8.16.0014,44,0,2026-01-08T06:54:01.478457,ignorado
0,0005461-91.2023.8.16.0044,44,0,2026-01-08T06:54:01.478462,ignorado
0,0001785-40.2023.8.16.0108,44,0,2026-01-08T06:54:01.478466,ignorado
0,0002960-87.2024.8.16.0026,44,0,2026-01-08T06:54:01.478471,ignorado
0,0005128-51.2022.8.16.0117,44,0,2026-01-08T06:54:01.478475,ignorado
0,0003314-28.2023.8.16.0130,44,0,2026-01-08T06:54:01.478479,ignorado
0,0009812-08.2021.8.16.0035,44,0,2026-01-08T06:54:01.478483,ignorado
0,0004531-81.2022.8.16.0182,44,0,2026-01-08T06:54:01.478487,ignorado
0,0015690-50.2024.8.16.0182,44,0,2026-01-08T06:54:01.478491,ignorado
0,0038061-80.2022.8.16.0019,44,0,2026-01-08T06:54:01.478495,ignorado
0,0028032-05.2021.8.16.0019,44,0,2026-01-08T06:54:01.478500,ignorado
0,0013372-54.2023.8.16.0045,44,0,2026-01-08T06:54:01.478504,ignorado
0,0002374-66.2022.8.16.0108,44,0,2026-01-08T06:54:01.478508,ignorado
0,0000533-64.2023.8.16.0152,44,0,2026-01-08T06:54:01.478512,ignorado
0,0011921-51.2023.8.16.0026,44,0,2026-01-08T06:54:01.478517,ignorado
0,0002722-51.2024.8.16.0064,44,0,2026-01-08T06:54:01.478521,ignorado
0,0005241-13.2023.8.16.0103,44,0,2026-01-08T06:54:01.478525,ignorado
0,0010566-62.2019.8.16.0182,44,0,2026-01-08T06:54:01.478529,ignorado
0,0001872-82.2022.8.16.0026,44,0,2026-01-08T06:54:01.478533,ignorado
0,0032157-60.2023.8.16.0014,44,0,2026-01-08T06:54:01.478537,ignorado
0,0002576-71.2024.8.16.9000,44,0,2026-01-08T06:54:01.478541,ignorado
0,0000800-92.2024.8.16.0025,44,0,2026-01-08T06:54:01.478545,ignorado
0,0018494-78.2022.8.16.0014,44,0,2026-01-08T06:54:01.478549,ignorado
0,0003713-50.2022.8.16.0079,44,0,2026-01-08T06:54:01.478552,ignorado
0,0003130-87.2024.8.16.0146,44,0,2026-01-08T06:54:01.478557,ignorado
0,0004249-38.2020.8.16.0077,44,0,2026-01-08T06:54:01.478562,ignorado
0,0032407-74.2023.8.16.0182,44,0,2026-01-08T06:54:01.478566,ignorado
0,0001656-83.2018.8.16.0181,44,0,2026-01-08T06:54:01.478569,ignorado
0,0005606-46.2024.8.16.0034,44,0,2026-01-08T06:54:01.478573,ignorado
0,0003049-57.2024.8.16.9000,44,0,2026-01-08T06:54:01.478577,ignorado
0,0001652-46.2018.8.16.0181,44,0,2026-01-08T06:54:01.478581,ignorado
0,0001672-51.2024.8.16.9000,44,0,2026-01-08T06:54:01.478585,ignorado
0,0001659-38.2018.8.16.0181,44,0,2026-01-08T06:54:01.478588,ignorado
0,0001465-53.2024.8.16.0205,44,0,2026-01-08T06:54:01.478592,ignorado
0,0011324-70.2021.8.16.0182,44,0,2026-01-08T06:54:01.478595,ignorado
0,0045602-14.2024.8.16.0014,44,0,2026-01-08T06:54:01.478599,ignorado
0,0002732-59.2024.8.16.9000,44,0,2026-01-08T06:54:01.478603,ignorado
0,0045100-90.2023.8.16.0182,44,0,2026-01-08T06:54:01.478606,ignorado
0,0001565-85.2020.8.16.0063,44,0,2026-01-08T06:54:01.478610,ignorado
0,0027826-50.2022.8.16.0182,44,0,2026-01-08T06:54:01.478614,ignorado
0,N/A,44,0,2026-01-08T06:54:01.478617,ignorado
0,0019591-16.2023.8.16.0035,44,0,2026-01-08T06:54:01.478625,ignorado
0,0010580-41.2022.8.16.0182,44,0,2026-01-08T06:54:01.478628,ignorado
0,0000207-33.2019.8.16.0124,42,0,2026-01-08T06:54:01.636872,ignorado
0,0003711-04.2023.8.16.0190,42,0,2026-01-08T06:54:01.636905,ignorado
0,0004724-62.2023.8.16.0182,42,0,2026-01-08T06:54:01.636910,ignorado
0,0046296-93.2023.8.16.0021,42,0,2026-01-08T06:54:01.636914,ignorado
0,0018774-59.2024.8.16.0182,42,0,2026-01-08T06:54:01.636918,ignorado
0,0000740-64.2023.8.16.0184,42,0,2026-01-08T06:54:01.636922,ignorado
0,0001911-97.2022.8.16.0117,42,0,2026-01-08T06:54:01.636926,ignorado
0,0009040-45.2023.8.16.0174,42,0,2026-01-08T06:54:01.636930,ignorado
0,0077892-19.2023.8.16.0014,42,0,2026-01-08T06:54:01.636934,ignorado
0,0014283-70.2023.8.16.0173,42,0,2026-01-08T06:54:01.636938,ignorado
0,0005299-77.2023.8.16.0018,42,0,2026-01-08T06:54:01.636942,ignorado
0,0006372-16.2023.8.16.0170,42,0,2026-01-08T06:54:01.636945,ignorado
0,0013752-40.2023.8.16.0025,42,0,2026-01-08T06:54:01.636949,ignorado
0,0000125-82.2024.8.16.0170,42,0,2026-01-08T06:54:01.636953,ignorado
0,0033340-17.2024.8.16.0019,42,0,2026-01-08T06:54:01.636957,ignorado
0,0003386-66.2022.8.16.0189,42,0,2026-01-08T06:54:01.636961,ignorado
0,0004172-31.2024.8.16.0031,42,0,2026-01-08T06:54:01.636965,ignorado
0,0001397-88.2022.8.16.0168,42,0,2026-01-08T06:54:01.636969,ignorado
0,0004507-12.2024.8.16.9000,42,0,2026-01-08T06:54:01.636973,ignorado
0,0001695-72.2023.8.16.0030,42,0,2026-01-08T06:54:01.636976,ignorado
0,0000411-31.2024.8.16.0018,42,0,2026-01-08T06:54:01.636980,ignorado
0,0082303-71.2024.8.16.0014,42,0,2026-01-08T06:54:01.636984,ignorado
0,0007202-28.2024.8.16.0014,42,0,2026-01-08T06:54:01.636987,ignorado
0,0001494-80.2023.8.16.0030,42,0,2026-01-08T06:54:01.636991,ignorado
0,0003755-26.2023.8.16.0189,42,0,2026-01-08T06:54:01.636995,ignorado
0,0004636-53.2024.8.16.0064,42,0,2026-01-08T06:54:01.636998,ignorado
0,0034721-56.2024.8.16.0182,42,0,2026-01-08T06:54:01.637002,ignorado
0,0009439-96.2024.8.16.0026,42,0,2026-01-08T06:54:01.637005,ignorado
0,0001962-58.2016.8.16.0040,42,0,2026-01-08T06:54:01.637009,ignorado
0,0009435-59.2024.8.16.0026,42,0,2026-01-08T06:54:01.637012,ignorado
0,0008688-55.2024.8.16.0044,42,0,2026-01-08T06:54:01.637019,ignorado
0,0002624-31.2023.8.16.0087,42,0,2026-01-08T06:54:01.637024,ignorado
0,0004485-61.2022.8.16.0160,42,0,2026-01-08T06:54:01.637029,ignorado
0,0000980-56.2022.8.16.0162,42,0,2026-01-08T06:54:01.637035,ignorado
0,0003975-11.2024.8.16.0182,42,0,2026-01-08T06:54:01.637041,ignorado
0,0007701-73.2024.8.16.0026,42,0,2026-01-08T06:54:01.637049,ignorado
0,0006558-37.2024.8.16.0030,42,0,2026-01-08T06:54:01.637056,ignorado
0,0008088-88.2024.8.16.0026,42,0,2026-01-08T06:54:01.637062,ignorado
0,0003927-19.2023.8.16.0075,42,0,2026-01-08T06:54:01.637068,ignorado
0,0052281-11.2024.8.16.0182,42,0,2026-01-08T06:54:01.637075,ignorado
0,0005957-43.2024.8.16.0026,42,0,2026-01-08T06:54:01.637082,ignorado
0,0082419-77.2024.8.16.0014,42,0,2026-01-08T06:54:01.637088,ignorado
0,0005308-21.2021.8.16.0079,42,0,2026-01-08T06:54:01.637093,ignorado
0,0027176-37.2023.8.16.0030,42,0,2026-01-08T06:54:01.637097,ignorado
0,0015831-74.2023.8.16.0030,42,0,2026-01-08T06:54:01.637101,ignorado
0,0013882-78.2022.8.16.0182,42,0,2026-01-08T06:54:01.637104,ignorado
0,0003909-41.2023.8.16.0190,42,0,2026-01-08T06:54:01.637107,ignorado
0,0001316-15.2020.8.16.0038,42,0,2026-01-08T06:54:01.637111,ignorado
0,0002338-86.2023.8.16.9000,42,0,2026-01-08T06:54:01.637114,ignorado
0,0027257-05.2021.8.16.0014,42,0,2026-01-08T06:54:01.637117,ignorado
0,0011492-36.2024.8.16.0160,28,0,2026-01-08T06:54:02.399747,ignorado
0,0013337-81.2024.8.16.0038,37,0,2026-01-08T06:54:03.301690,ignorado
0,0005888-55.2024.8.16.9000,37,0,2026-01-08T06:54:03.301694,ignorado
0,0014729-56.2024.8.16.0038,37,0,2026-01-08T06:54:03.301698,ignorado
0,0014721-79.2024.8.16.0038,37,0,2026-01-08T06:54:03.301702,ignorado
0,0014185-68.2024.8.16.0038,37,0,2026-01-08T06:54:03.301705,ignorado
0,0014708-80.2024.8.16.0038,37,0,2026-01-08T06:54:03.301709,ignorado
0,0014707-95.2024.8.16.0038,37,0,2026-01-08T06:54:03.301712,ignorado
0,0000822-65.2024.8.16.0118,37,0,2026-01-08T06:54:03.301715,ignorado
0,0008701-46.2023.8.16.0058,37,0,2026-01-08T06:54:03.301719,ignorado
0,0003239-18.2023.8.16.0088,37,0,2026-01-08T06:54:03.301722,ignorado
0,0015030-75.2024.8.16.0014,37,0,2026-01-08T06:54:03.301726,ignorado
0,0017971-20.2023.8.16.0018,37,0,2026-01-08T06:54:03.301729,ignorado
0,0001963-50.2024.8.16.0044,37,0,2026-01-08T06:54:03.301732,ignorado
0,0046427-70.2023.8.16.0182,37,0,2026-01-08T06:54:03.301749,ignorado
0,0000325-18.2022.8.16.0184,37,0,2026-01-08T06:54:03.301753,ignorado
0,0014690-59.2024.8.16.0038,37,0,2026-01-08T06:54:03.301759,ignorado
0,0012894-33.2024.8.16.0038,37,0,2026-01-08T06:54:03.301764,ignorado
0,0014685-37.2024.8.16.0038,37,0,2026-01-08T06:54:03.301770,ignorado
0,0014714-87.2024.8.16.0038,37,0,2026-01-08T06:54:03.301776,ignorado
0,0014717-42.2024.8.16.0038,37,0,2026-01-08T06:54:03.301781,ignorado
1417999,0093139-48.2024.8.16.0000,9,1,2026-01-08T06:54:03.476295,ok
1418000,0132920-77.2024.8.16.0000,6,1,2026-01-08T06:54:03.476295,ok
1418001,0132716-33.2024.8.16.0000,6,1,2026-01-08T06:54:03.476295,ok
1418002,0004681-42.2013.8.16.0129,6,1,2026-01-08T06:54:03.476295,ok
1418003,0132929-39.2024.8.16.0000,6,1,2026-01-08T06:54:03.476295,ok
1418004,0131406-89.2024.8.16.0000,6,1,2026-01-08T06:54:03.476295,ok
1418005,0124865-40.2024.8.16.0000,6,1,2026-01-08T06:54:03.476295,ok
1418006,0013346-43.2022.8.16.0190,6,1,2026-01-08T06:54:03.476295,ok
1418007,0009869-63.2024.8.16.0021,6,1,2026-01-08T06:54:03.476295,ok
1418008,0006867-09.2024.8.16.0014,6,1,2026-01-08T06:54:03.476295,ok
1418009,0000189-27.2018.8.16.0098,6,1,2026-01-08T06:54:03.476295,ok
1418010,0016192-93.2024.8.16.0018,6,1,2026-01-08T06:54:03.476295,ok
1418011,0013184-02.2024.8.16.0021,8,1,2026-01-08T06:54:03.476295,ok
1418012,0005514-10.2024.8.16.0021,8,1,2026-01-08T06:54:03.476295,ok
1418013,0003072-23.2023.8.16.0113,8,1,2026-01-08T06:54:03.476295,ok
1418014,0038845-17.2023.8.16.0021,8,1,2026-01-08T06:54:03.476295,ok
1418015,0000634-06.2024.8.16.0140,8,1,2026-01-08T06:54:03.476295,ok
1418016,0047934-30.2024.8.16.0021,8,1,2026-01-08T06:54:03.476295,ok
1418017,0045362-04.2024.8.16.0021,8,1,2026-01-08T06:54:03.476295,ok
1418018,0006407-30.2024.8.16.9000,8,1,2026-01-08T06:54:03.476295,ok
1418019,0045424-44.2024.8.16.0021,8,1,2026-01-08T06:54:03.476295,ok
1418020,0003245-32.2024.8.16.0139,8,1,2026-01-08T06:54:03.476295,ok
1418021,0011309-86.2024.8.16.0056,8,1,2026-01-08T06:54:03.476295,ok
1418022,0110178-58.2024.8.16.0000,7,1,2026-01-08T06:54:03.476295,ok
1418023,0079603-67.2024.8.16.0000,7,1,2026-01-08T06:54:03.476295,ok
1418024,0127289-55.2024.8.16.0000,7,1,2026-01-08T06:54:03.476295,ok
1418025,0118876-53.2024.8.16.0000,7,1,2026-01-08T06:54:03.476295,ok
1418026,0011783-31.2024.8.16.0000,7,1,2026-01-08T06:54:03.476295,ok
1418027,0098403-46.2024.8.16.0000,7,1,2026-01-08T06:54:03.476295,ok
1418028,0132178-52.2024.8.16.0000,7,1,2026-01-08T06:54:03.476295,ok
1418029,0100543-53.2024.8.16.0000,7,1,2026-01-08T06:54:03.476295,ok
1418030,0118318-81.2024.8.16.0000,7,1,2026-01-08T06:54:03.476295,ok
1418031,0119083-52.2024.8.16.0000,7,1,2026-01-08T06:54:03.476295,ok
1418032,0095020-60.2024.8.16.0000,7,1,2026-01-08T06:54:03.476295,ok
1418033,0000182-42.2023.8.16.0039,7,1,2026-01-08T06:54:03.476295,ok
1418034,0016480-78.2023.8.16.0017,7,1,2026-01-08T06:54:03.476295,ok
1418035,0095000-69.2024.8.16.0000,7,1,2026-01-08T06:54:03.476295,ok
1418036,0113548-45.2024.8.16.0000,7,1,2026-01-08T06:54:03.476295,ok
1418037,0084365-84.2024.8.16.0014,7,1,2026-01-08T06:54:03.476295,ok
1418038,0092368-70.2024.8.16.0000,7,1,2026-01-08T06:54:03.476295,ok
1418039,0020197-88.2023.8.16.0182,7,1,2026-01-08T06:54:03.476295,ok
1418040,0003977-08.2024.8.16.9000,7,1,2026-01-08T06:54:03.476295,ok
1418041,0010251-92.2023.8.16.0182,7,1,2026-01-08T06:54:03.476295,ok
1418042,0111013-46.2024.8.16.0000,7,1,2026-01-08T06:54:03.476295,ok
1418043,0007656-91.2021.8.16.0182,2,1,2026-01-08T06:54:03.476295,ok
1418044,0002187-74.2024.8.16.0080,2,1,2026-01-08T06:54:03.476295,ok
1418045,0017050-54.2023.8.16.0182,2,1,2026-01-08T06:54:03.476295,ok
1418046,0132917-25.2024.8.16.0000,2,1,2026-01-08T06:54:03.476295,ok
1418047,0133814-53.2024.8.16.0000,2,1,2026-01-08T06:54:03.476295,ok
1418048,0132042-55.2024.8.16.0000,2,1,2026-01-08T06:54:03.476295,ok
1418049,0001401-88.2024.8.16.0190,2,1,2026-01-08T06:54:03.476295,ok
1418050,0020985-31.2013.8.16.0028,2,1,2026-01-08T06:54:03.476295,ok
1418051,0007103-54.2020.8.16.0190,2,1,2026-01-08T06:54:03.476295,ok
1418052,0013188-85.2022.8.16.0190,2,1,2026-01-08T06:54:03.476295,ok
1418053,0033009-35.2024.8.16.0019,2,1,2026-01-08T06:54:03.476295,ok
1418054,0000803-37.2024.8.16.0190,2,1,2026-01-08T06:54:03.476295,ok
1418055,0006229-21.2024.8.16.0193,2,1,2026-01-08T06:54:03.476295,ok
1418056,0133517-46.2024.8.16.0000,2,1,2026-01-08T06:54:03.476295,ok
1418057,0133428-23.2024.8.16.0000,2,1,2026-01-08T06:54:03.476295,ok
1418058,0133753-95.2024.8.16.0000,2,1,2026-01-08T06:54:03.476295,ok
1418059,0133435-15.2024.8.16.0000,2,1,2026-01-08T06:54:03.476295,ok
1418060,0133224-76.2024.8.16.0000,2,1,2026-01-08T06:54:03.476295,ok
1418061,0116618-70.2024.8.16.0000,2,1,2026-01-08T06:54:03.476295,ok
1418062,0133804-09.2024.8.16.0000,2,1,2026-01-08T06:54:03.476295,ok
1418063,0084233-69.2024.8.16.0000,2,1,2026-01-08T06:54:03.476295,ok
1418064,0007191-08.2024.8.16.0011,2,1,2026-01-08T06:54:03.476295,ok
1418065,0133024-69.2024.8.16.0000,2,1,2026-01-08T06:54:03.476295,ok
1418066,0133793-77.2024.8.16.0000,2,1,2026-01-08T06:54:03.476295,ok
1418067,0126174-96.2024.8.16.0000,2,1,2026-01-08T06:54:03.476295,ok
1418068,0132825-47.2024.8.16.0000,2,1,2026-01-08T06:54:03.476295,ok
1418069,0002482-58.2024.8.16.0033,2,1,2026-01-08T06:54:03.476295,ok
1418070,4000189-57.2024.8.16.0159,2,1,2026-01-08T06:54:03.476295,ok
1418071,4004302-81.2024.8.16.4321,2,1,2026-01-08T06:54:03.476295,ok
1418072,0001010-24.2024.8.16.0000,3,1,2026-01-08T06:54:03.476295,ok
1418073,0133450-81.2024.8.16.0000,3,1,2026-01-08T06:54:03.476295,ok
1418074,0133406-62.2024.8.16.0000,3,1,2026-01-08T06:54:03.476295,ok
1418075,0133314-84.2024.8.16.0000,3,1,2026-01-08T06:54:03.476295,ok
1418076,0086170-17.2024.8.16.0000,3,1,2026-01-08T06:54:03.476295,ok
1418077,0118862-69.2024.8.16.0000,3,1,2026-01-08T06:54:03.476295,ok
1418078,0002651-39.2021.8.16.0069,3,1,2026-01-08T06:54:03.476295,ok
1418079,0086909-87.2024.8.16.0000,3,1,2026-01-08T06:54:03.476295,ok
1418080,0086166-77.2024.8.16.0000,3,1,2026-01-08T06:54:03.476295,ok
1418081,0133634-37.2024.8.16.0000,3,1,2026-01-08T06:54:03.476295,ok
1418082,0132818-55.2024.8.16.0000,3,1,2026-01-08T06:54:03.476295,ok
1418083,0133499-25.2024.8.16.0000,3,1,2026-01-08T06:54:03.476295,ok
1418084,0133429-08.2024.8.16.0000,3,1,2026-01-08T06:54:03.476295,ok
1418085,0128746-25.2024.8.16.0000,3,1,2026-01-08T06:54:03.476295,ok
1418086,0133539-07.2024.8.16.0000,3,1,2026-01-08T06:54:03.476295,ok
1418087,0133131-16.2024.8.16.0000,3,1,2026-01-08T06:54:03.476295,ok
1418088,0133193-56.2024.8.16.0000,3,1,2026-01-08T06:54:03.476295,ok
1418089,0000208-23.2017.8.16.0145,3,1,2026-01-08T06:54:03.476295,ok
1418090,0000896-64.2014.8.16.0088,3,1,2026-01-08T06:54:03.476295,ok
1418091,0133156-29.2024.8.16.0000,3,1,2026-01-08T06:54:03.476295,ok
1418092,0133385-86.2024.8.16.0000,3,1,2026-01-08T06:54:03.476295,ok
1418093,0133301-85.2024.8.16.0000,3,1,2026-01-08T06:54:03.476295,ok
1418094,0132874-88.2024.8.16.0000,3,1,2026-01-08T06:54:03.476295,ok
1418095,0133377-12.2024.8.16.0000,3,1,2026-01-08T06:54:03.476295,ok
1418096,0027480-89.2024.8.16.0001,3,1,2026-01-08T06:54:03.476295,ok
1418097,0133147-67.2024.8.16.0000,3,1,2026-01-08T06:54:03.476295,ok
1418098,0044349-77.2018.8.16.0021,3,1,2026-01-08T06:54:03.476295,ok
1418099,0133513-09.2024.8.16.0000,3,1,2026-01-08T06:54:03.476295,ok
1418100,0044171-81.2024.8.16.0001,3,1,2026-01-08T06:54:03.476295,ok
1418101,0005399-15.2024.8.16.0077,3,1,2026-01-08T06:54:03.476295,ok
1418102,0015466-06.2024.8.16.0185,3,1,2026-01-08T06:54:03.476295,ok
1418103,0110487-79.2024.8.16.0000,3,1,2026-01-08T06:54:03.476295,ok
1418104,0122134-71.2024.8.16.0000,3,1,2026-01-08T06:54:03.476295,ok
1418105,0050252-49.2024.8.16.0000,3,1,2026-01-08T06:54:03.476295,ok
1418106,0100888-19.2024.8.16.0000,3,1,2026-01-08T06:54:03.476295,ok
1418107,0083907-12.2024.8.16.0000,3,1,2026-01-08T06:54:03.476295,ok
1418108,0133042-90.2024.8.16.0000,3,1,2026-01-08T06:54:03.476295,ok
1418109,0071206-19.2024.8.16.0000,3,1,2026-01-08T06:54:03.476295,ok
1418110,0013559-49.2022.8.16.0190,3,1,2026-01-08T06:54:03.476295,ok
1418111,0007944-15.2021.8.16.0190,3,1,2026-01-08T06:54:03.476295,ok
1418112,0012937-67.2022.8.16.0190,3,1,2026-01-08T06:54:03.476295,ok
1418113,0000094-64.2024.8.16.0137,3,1,2026-01-08T06:54:03.476295,ok
1418114,0023740-48.2015.8.16.0031,3,1,2026-01-08T06:54:03.476295,ok
1418115,0015255-39.2013.8.16.0028,3,1,2026-01-08T06:54:03.476295,ok
1418116,0103344-39.2024.8.16.0000,5,1,2026-01-08T06:54:03.476295,ok
1418117,0096968-37.2024.8.16.0000,5,1,2026-01-08T06:54:03.476295,ok
1418118,0024645-11.2023.8.16.0019,5,1,2026-01-08T06:54:03.476295,ok
1418119,0103021-34.2024.8.16.0000,5,1,2026-01-08T06:54:03.476295,ok
1418120,0022512-26.2024.8.16.0030,5,1,2026-01-08T06:54:03.476295,ok
1418121,0107032-09.2024.8.16.0000,5,1,2026-01-08T06:54:03.476295,ok
1418122,0109206-88.2024.8.16.0000,5,1,2026-01-08T06:54:03.476295,ok
1418123,0106396-43.2024.8.16.0000,5,1,2026-01-08T06:54:03.476295,ok
1418124,0012213-24.2021.8.16.0182,5,1,2026-01-08T06:54:03.476295,ok
1418125,0132724-10.2024.8.16.0000,5,1,2026-01-08T06:54:03.476295,ok
1418126,0003063-50.2022.8.16.0031,5,1,2026-01-08T06:54:03.476295,ok
1418127,0132521-48.2024.8.16.0000,5,1,2026-01-08T06:54:03.476295,ok
1418128,0133194-41.2024.8.16.0000,5,1,2026-01-08T06:54:03.476295,ok
1418129,0132672-14.2024.8.16.0000,5,1,2026-01-08T06:54:03.476295,ok
1418130,0016994-82.2024.8.16.0021,5,1,2026-01-08T06:54:03.476295,ok
1418131,0010333-87.2024.8.16.0021,5,1,2026-01-08T06:54:03.476295,ok
1418132,0001858-45.2024.8.16.0021,5,1,2026-01-08T06:54:03.476295,ok
1418133,0037785-11.2023.8.16.0182,5,1,2026-01-08T06:54:03.476295,ok
1418134,0000304-48.2018.8.16.0098,5,1,2026-01-08T06:54:03.476295,ok
1418135,0006904-15.2024.8.16.0021,5,1,2026-01-08T06:54:03.476295,ok
1418136,0008494-27.2024.8.16.0021,5,1,2026-01-08T06:54:03.476295,ok
1418137,0037200-85.2017.8.16.0014,5,1,2026-01-08T06:54:03.476295,ok
1418138,0002279-41.2022.8.16.0074,5,1,2026-01-08T06:54:03.476295,ok
1418139,0131373-02.2024.8.16.0000,5,1,2026-01-08T06:54:03.476295,ok
1418140,0095651-04.2024.8.16.0000,5,1,2026-01-08T06:54:03.476295,ok
1418141,0002380-61.2022.8.16.0112,5,1,2026-01-08T06:54:03.476295,ok
1418142,0105969-46.2024.8.16.0000,5,1,2026-01-08T06:54:03.476295,ok
1418143,0095439-80.2024.8.16.0000,5,1,2026-01-08T06:54:03.476295,ok
1418144,0115117-81.2024.8.16.0000,5,1,2026-01-08T06:54:03.476295,ok
1418145,0120001-56.2024.8.16.0000,5,1,2026-01-08T06:54:03.476295,ok
1418146,0132466-97.2024.8.16.0000,5,1,2026-01-08T06:54:03.476295,ok
1418147,0132970-06.2024.8.16.0000,5,1,2026-01-08T06:54:03.476295,ok
1418148,0000258-40.2019.8.16.0190,4,1,2026-01-08T06:54:03.476295,ok
1418149,0003903-68.2022.8.16.0190,4,1,2026-01-08T06:54:03.476295,ok
1418150,0014108-59.2022.8.16.0190,4,1,2026-01-08T06:54:03.476295,ok
1418151,0001697-77.2019.8.16.0193,4,1,2026-01-08T06:54:03.476295,ok
1418152,0004227-94.2024.8.16.0026,4,1,2026-01-08T06:54:03.476295,ok
1418153,0003019-06.2022.8.16.0104,4,1,2026-01-08T06:54:03.476295,ok
1418154,0002843-25.2022.8.16.0137,4,1,2026-01-08T06:54:03.476295,ok
1418155,0003586-75.2019.8.16.0190,4,1,2026-01-08T06:54:03.476295,ok
1418156,0005835-91.2022.8.16.0190,4,1,2026-01-08T06:54:03.476295,ok
1418157,0001264-09.2024.8.16.0190,4,1,2026-01-08T06:54:03.476295,ok
1418158,0000970-35.2001.8.16.0069,4,1,2026-01-08T06:54:03.476295,ok
1418159,0003506-09.2022.8.16.0190,4,1,2026-01-08T06:54:03.476295,ok
1418160,0001389-74.2024.8.16.0190,4,1,2026-01-08T06:54:03.476295,ok
1418161,0013755-19.2022.8.16.0190,4,1,2026-01-08T06:54:03.476295,ok
1418162,0002577-73.2022.8.16.0190,4,1,2026-01-08T06:54:03.476295,ok
1418163,0005230-24.2017.8.16.0190,4,1,2026-01-08T06:54:03.476295,ok
1418164,0001584-50.2024.8.16.0193,4,1,2026-01-08T06:54:03.476295,ok
1418165,0000768-18.2020.8.16.0061,4,1,2026-01-08T06:54:03.476295,ok
1418166,0000467-63.2020.8.16.0193,4,1,2026-01-08T06:54:03.476295,ok
1418167,0006717-24.2020.8.16.0190,4,1,2026-01-08T06:54:03.476295,ok
1418168,0004931-71.2022.8.16.0190,4,1,2026-01-08T06:54:03.476295,ok
1418169,0003018-21.2022.8.16.0104,4,1,2026-01-08T06:54:03.476295,ok
1418170,0001531-83.2021.8.16.0190,4,1,2026-01-08T06:54:03.476295,ok
1418171,0024040-05.2018.8.16.0031,4,1,2026-01-08T06:54:03.476295,ok
1418172,0133153-74.2024.8.16.0000,4,1,2026-01-08T06:54:03.476295,ok
1418173,0133043-75.2024.8.16.0000,4,1,2026-01-08T06:54:03.476295,ok
1418174,0017314-05.2024.8.16.0031,4,1,2026-01-08T06:54:03.476295,ok
1418175,0001876-49.2021.8.16.0190,4,1,2026-01-08T06:54:03.476295,ok
1418176,0000415-66.2010.8.16.0048,4,1,2026-01-08T06:54:03.476295,ok
1418177,0011908-79.2022.8.16.0190,4,1,2026-01-08T06:54:03.476295,ok
1418178,0007873-13.2021.8.16.0190,4,1,2026-01-08T06:54:03.476295,ok
1418179,0013789-91.2022.8.16.0190,4,1,2026-01-08T06:54:03.476295,ok
1418180,0010928-40.2019.8.16.0190,4,1,2026-01-08T06:54:03.476295,ok
1418181,0006324-49.2016.8.16.0058,4,1,2026-01-08T06:54:03.476295,ok
1418182,0132963-14.2024.8.16.0000,4,1,2026-01-08T06:54:03.476295,ok
1418183,0110493-86.2024.8.16.0000,4,1,2026-01-08T06:54:03.476295,ok
1418184,0100509-78.2024.8.16.0000,4,1,2026-01-08T06:54:03.476295,ok
1418185,0097405-78.2024.8.16.0000,4,1,2026-01-08T06:54:03.476295,ok
1418186,0085908-67.2024.8.16.0000,4,1,2026-01-08T06:54:03.476295,ok
1418187,0030529-90.2024.8.16.0017,1,1,2026-01-08T06:54:03.476295,ok
1418188,0007727-60.2016.8.16.0185,1,1,2026-01-08T06:54:03.476295,ok
1418189,0010205-68.2004.8.16.0021,1,1,2026-01-08T06:54:03.476295,ok
1418190,0010802-54.2009.8.16.0185,1,1,2026-01-08T06:54:03.476295,ok
1418191,0133994-69.2024.8.16.0000,1,1,2026-01-08T06:54:03.476295,ok
1418192,0004371-57.2016.8.16.0185,1,1,2026-01-08T06:54:03.476295,ok
1418193,0090164-53.2024.8.16.0000,1,1,2026-01-08T06:54:03.476295,ok
1418194,0053302-83.2024.8.16.0000,1,1,2026-01-08T06:54:03.476295,ok
1418195,0090855-67.2024.8.16.0000,1,1,2026-01-08T06:54:03.476295,ok
1418196,0080848-16.2024.8.16.0000,1,1,2026-01-08T06:54:03.476295,ok
1418197,0133481-04.2024.8.16.0000,1,1,2026-01-08T06:54:03.476295,ok
1418198,0133213-47.2024.8.16.0000,1,1,2026-01-08T06:54:03.476295,ok
1418199,0110646-22.2024.8.16.0000,1,1,2026-01-08T06:54:03.476295,ok
1418200,0074593-42.2024.8.16.0000,1,1,2026-01-08T06:54:03.476295,ok
1418201,0009892-60.2024.8.16.0004,1,1,2026-01-08T06:54:03.476295,ok
1418202,0101403-54.2024.8.16.0000,1,1,2026-01-08T06:54:03.476295,ok
1418203,0134026-74.2024.8.16.0000,1,1,2026-01-08T06:54:03.476295,ok
1418204,0133587-63.2024.8.16.0000,1,1,2026-01-08T06:54:03.476295,ok
1418205,0134034-51.2024.8.16.0000,1,1,2026-01-08T06:54:03.476295,ok
1418206,0004206-62.2023.8.16.0153,1,1,2026-01-08T06:54:03.476295,ok
1418207,0003135-81.2015.8.16.0128,1,1,2026-01-08T06:54:03.476295,ok
1418208,0007413-41.2023.8.16.0033,1,1,2026-01-08T06:54:03.476295,ok
1418209,0009536-12.2023.8.16.0033,1,1,2026-01-08T06:54:03.476295,ok
1418210,0027210-41.2023.8.16.0182,1,1,2026-01-08T06:54:03.476295,ok
1418211,0112428-64.2024.8.16.0000,1,1,2026-01-08T06:54:03.476295,ok
1418212,0106738-54.2024.8.16.0000,1,1,2026-01-08T06:54:03.476295,ok
1418213,0112010-29.2024.8.16.0000,1,1,2026-01-08T06:54:03.476295,ok
1418214,0006037-51.2024.8.16.9000,1,1,2026-01-08T06:54:03.476295,ok
1418215,0007420-44.2024.8.16.0018,1,1,2026-01-08T06:54:03.476295,ok
1418216,0006397-83.2024.8.16.9000,1,1,2026-01-08T06:54:03.476295,ok
1418217,0003737-88.2017.8.16.0100,1,1,2026-01-08T06:54:03.476295,ok
1418218,0133932-29.2024.8.16.0000,1,1,2026-01-08T06:54:03.476295,ok
1418219,0005850-15.2014.8.16.0037,1,1,2026-01-08T06:54:03.476295,ok
1418220,0008571-82.2022.8.16.0190,1,1,2026-01-08T06:54:03.476295,ok
1418221,0130925-29.2024.8.16.0000,1,1,2026-01-08T06:54:03.476295,ok
1418222,0133251-59.2024.8.16.0000,1,1,2026-01-08T06:54:03.476295,ok
1418223,0133935-81.2024.8.16.0000,1,1,2026-01-08T06:54:03.476295,ok
1418224,0133598-92.2024.8.16.0000,1,1,2026-01-08T06:54:03.476295,ok
1418225,0005413-96.2024.8.16.0077,1,1,2026-01-08T06:54:03.476295,ok
1418226,0133549-51.2024.8.16.0000,1,1,2026-01-08T06:54:03.476295,ok
1418227,0005414-81.2024.8.16.0077,1,1,2026-01-08T06:54:03.476295,ok
1418228,0133592-85.2024.8.16.0000,1,1,2026-01-08T06:54:03.476295,ok
1418229,0133408-32.2024.8.16.0000,1,1,2026-01-08T06:54:03.476295,ok
1418230,0129866-06.2024.8.16.0000,10,1,2026-01-08T06:54:03.476295,ok
1418231,0078683-93.2024.8.16.0000,10,1,2026-01-08T06:54:03.476295,ok
1418232,0131231-95.2024.8.16.0000,10,1,2026-01-08T06:54:03.476295,ok
1418233,0002607-45.2021.8.16.0190,10,1,2026-01-08T06:54:03.476295,ok
1418234,0131819-05.2024.8.16.0000,10,1,2026-01-08T06:54:03.476295,ok
1418235,0132652-23.2024.8.16.0000,10,1,2026-01-08T06:54:03.476295,ok
1418236,0045615-42.2017.8.16.0019,10,1,2026-01-08T06:54:03.476295,ok
1418237,0120949-95.2024.8.16.0000,10,1,2026-01-08T06:54:03.476295,ok
1418238,0132393-28.2024.8.16.0000,10,1,2026-01-08T06:54:03.476295,ok
1418239,0106921-25.2024.8.16.0000,10,1,2026-01-08T06:54:03.476295,ok
1418240,0128230-05.2024.8.16.0000,10,1,2026-01-08T06:54:03.476295,ok
1418241,0129442-61.2024.8.16.0000,10,1,2026-01-08T06:54:03.476295,ok
1418242,0115384-87.2023.8.16.0000,10,1,2026-01-08T06:54:03.476295,ok
1418243,0008454-62.2020.8.16.0190,10,1,2026-01-08T06:54:03.476295,ok
1418244,0001406-52.2020.8.16.0190,10,1,2026-01-08T06:54:03.476295,ok
1418245,0021232-13.2024.8.16.0194,10,1,2026-01-08T06:54:03.476295,ok
1418246,0017489-91.2013.8.16.0028,10,1,2026-01-08T06:54:03.476295,ok
1418247,0003183-04.2022.8.16.0190,10,1,2026-01-08T06:54:03.476295,ok
1418248,0006393-63.2022.8.16.0190,10,1,2026-01-08T06:54:03.476295,ok
1418249,0003297-40.2022.8.16.0190,10,1,2026-01-08T06:54:03.476295,ok
1418250,0114691-69.2024.8.16.0000,10,1,2026-01-08T06:54:03.476295,ok
1418251,0002003-30.2024.8.16.0174,10,1,2026-01-08T06:54:03.476295,ok
1418252,0011643-28.2023.8.16.0001,10,1,2026-01-08T06:54:03.476295,ok
1418253,0003063-86.2024.8.16.0158,10,1,2026-01-08T06:54:03.476295,ok
1418254,0111069-79.2024.8.16.0000,10,1,2026-01-08T06:54:03.476295,ok
1418255,0123005-04.2024.8.16.0000,10,1,2026-01-08T06:54:03.476295,ok
1418256,0015840-89.2024.8.16.0001,10,1,2026-01-08T06:54:03.476295,ok
1418257,0013736-98.2022.8.16.0194,10,1,2026-01-08T06:54:03.476295,ok
1418258,0130588-40.2024.8.16.0000,10,1,2026-01-08T06:54:03.476295,ok
1418259,0127694-91.2024.8.16.0000,10,1,2026-01-08T06:54:03.476295,ok
1418260,0124850-71.2024.8.16.0000,10,1,2026-01-08T06:54:03.476295,ok
1418261,0115890-29.2024.8.16.0000,10,1,2026-01-08T06:54:03.476295,ok
1418262,0124439-28.2024.8.16.0000,10,1,2026-01-08T06:54:03.476295,ok
1418263,0109615-64.2024.8.16.0000,10,1,2026-01-08T06:54:03.476295,ok
1418264,0131809-58.2024.8.16.0000,10,1,2026-01-08T06:54:03.476295,ok
1418265,0007339-10.2024.8.16.0014,10,1,2026-01-08T06:54:03.476295,ok
1418266,0131620-80.2024.8.16.0000,10,1,2026-01-08T06:54:03.476295,ok
1418267,0001732-24.2024.8.16.9000,10,1,2026-01-08T06:54:03.476295,ok
1418268,0002706-08.2017.8.16.9000,10,1,2026-01-08T06:54:03.476295,ok
1418269,0002104-17.2017.8.16.9000,10,1,2026-01-08T06:54:03.476295,ok
1418270,0000049-98.2024.8.16.0092,10,1,2026-01-08T06:54:03.476295,ok
1418271,0031178-16.2022.8.16.0182,11,1,2026-01-08T06:54:03.476295,ok
1418272,0031275-16.2024.8.16.0030,11,1,2026-01-08T06:54:03.476295,ok
1418273,0019958-84.2023.8.16.0182,11,1,2026-01-08T06:54:03.476295,ok
1418274,0036019-20.2023.8.16.0182,11,1,2026-01-08T06:54:03.476295,ok
1418275,0045412-85.2023.8.16.0014,11,1,2026-01-08T06:54:03.476295,ok
1418276,0019519-73.2023.8.16.0182,11,1,2026-01-08T06:54:03.476295,ok
1418277,0031281-23.2024.8.16.0030,11,1,2026-01-08T06:54:03.476295,ok
1418278,0056945-80.2019.8.16.0014,11,1,2026-01-08T06:54:03.476295,ok
1418279,0017631-35.2024.8.16.0182,11,1,2026-01-08T06:54:03.476295,ok
1418280,0023229-38.2022.8.16.0182,11,1,2026-01-08T06:54:03.476295,ok
1418281,0024936-07.2023.8.16.0182,11,1,2026-01-08T06:54:03.476295,ok
1418282,0000458-80.2023.8.16.0166,11,1,2026-01-08T06:54:03.476295,ok
1418283,0015539-21.2023.8.16.0182,11,1,2026-01-08T06:54:03.476295,ok
1418284,0003416-16.2018.8.16.0004,11,1,2026-01-08T06:54:03.476295,ok
1418285,0002145-80.2024.8.16.0094,11,1,2026-01-08T06:54:03.476295,ok
1418286,0040434-80.2022.8.16.0182,11,1,2026-01-08T06:54:03.476295,ok
1418287,0046962-81.2024.8.16.0014,11,1,2026-01-08T06:54:03.476295,ok
1418288,0024724-53.2024.8.16.0019,11,1,2026-01-08T06:54:03.476295,ok
1418289,0025633-28.2023.8.16.0182,11,1,2026-01-08T06:54:03.476295,ok
1418290,0001028-11.2023.8.16.0152,11,1,2026-01-08T06:54:03.476295,ok
1418291,0001249-91.2023.8.16.0152,11,1,2026-01-08T06:54:03.476295,ok
1418292,0006024-52.2024.8.16.9000,11,1,2026-01-08T06:54:03.476295,ok
1418293,0006817-80.2024.8.16.0014,11,1,2026-01-08T06:54:03.476295,ok
1418294,0059446-41.2018.8.16.0014,11,1,2026-01-08T06:54:03.476295,ok
1418295,0081155-35.2018.8.16.0014,11,1,2026-01-08T06:54:03.476295,ok
1418296,0067089-50.2018.8.16.0014,11,1,2026-01-08T06:54:03.476295,ok
1418297,0064488-71.2018.8.16.0014,11,1,2026-01-08T06:54:03.476295,ok
1418298,0072260-85.2018.8.16.0014,11,1,2026-01-08T06:54:03.476295,ok
1418299,0075320-66.2018.8.16.0014,11,1,2026-01-08T06:54:03.476295,ok
1418300,0075333-65.2018.8.16.0014,11,1,2026-01-08T06:54:03.476295,ok
1418301,0074603-54.2018.8.16.0014,11,1,2026-01-08T06:54:03.476295,ok
1418302,0059439-49.2018.8.16.0014,11,1,2026-01-08T06:54:03.476295,ok
1418303,0067306-93.2018.8.16.0014,11,1,2026-01-08T06:54:03.476295,ok
1418304,0034387-26.2024.8.16.0019,14,1,2026-01-08T06:54:03.476295,ok
1418305,0050414-80.2024.8.16.0182,14,1,2026-01-08T06:54:03.476295,ok
1418306,0020281-62.2024.8.16.0018,14,1,2026-01-08T06:54:03.476295,ok
1418307,0079081-95.2024.8.16.0014,14,1,2026-01-08T06:54:03.476295,ok
1418308,0004759-04.2024.8.16.0209,14,1,2026-01-08T06:54:03.476295,ok
1418309,0050780-22.2024.8.16.0182,14,1,2026-01-08T06:54:03.476295,ok
1418310,0036682-36.2024.8.16.0019,14,1,2026-01-08T06:54:03.476295,ok
1418311,0053478-98.2024.8.16.0182,14,1,2026-01-08T06:54:03.476295,ok
1418312,0081879-29.2024.8.16.0014,14,1,2026-01-08T06:54:03.476295,ok
1418313,0002553-07.2024.8.16.0180,14,1,2026-01-08T06:54:03.476295,ok
1418314,0000085-71.2024.8.16.0018,14,1,2026-01-08T06:54:03.476295,ok
1418315,0040477-10.2024.8.16.0000,14,1,2026-01-08T06:54:03.476295,ok
1418316,0001173-45.2023.8.16.0127,14,1,2026-01-08T06:54:03.476295,ok
1418317,0013900-16.2023.8.16.0069,14,1,2026-01-08T06:54:03.476295,ok
1418318,0127879-32.2024.8.16.0000,14,1,2026-01-08T06:54:03.476295,ok
1418319,0132620-18.2024.8.16.0000,14,1,2026-01-08T06:54:03.476295,ok
1418320,0132143-92.2024.8.16.0000,14,1,2026-01-08T06:54:03.476295,ok
1418321,0130268-87.2024.8.16.0000,14,1,2026-01-08T06:54:03.476295,ok
1418322,0123503-03.2024.8.16.0000,14,1,2026-01-08T06:54:03.476295,ok
1418323,0125333-04.2024.8.16.0000,14,1,2026-01-08T06:54:03.476295,ok
1418324,0013819-76.2022.8.16.0045,14,1,2026-01-08T06:54:03.476295,ok
1418325,0005128-43.2023.8.16.0173,14,1,2026-01-08T06:54:03.476295,ok
1418326,0104666-94.2024.8.16.0000,15,1,2026-01-08T06:54:03.476295,ok
1418327,0078030-49.2024.8.16.0014,15,1,2026-01-08T06:54:03.476295,ok
1418328,0001681-05.2024.8.16.0014,15,1,2026-01-08T06:54:03.476295,ok
1418329,0132462-60.2024.8.16.0000,15,1,2026-01-08T06:54:03.476295,ok
1418330,0001813-39.2013.8.16.0017,15,1,2026-01-08T06:54:03.476295,ok
1418331,0000960-23.2022.8.16.0176,15,1,2026-01-08T06:54:03.476295,ok
1418332,0000355-30.2023.8.16.0051,15,1,2026-01-08T06:54:03.476295,ok
1418333,0105523-43.2024.8.16.0000,15,1,2026-01-08T06:54:03.476295,ok
1418334,0116210-79.2024.8.16.0000,15,1,2026-01-08T06:54:03.476295,ok
1418335,0116210-79.2024.8.16.0000,15,1,2026-01-08T06:54:03.476295,ok
1418336,0041151-58.2023.8.16.0182,15,1,2026-01-08T06:54:03.476295,ok
1418337,0036817-49.2021.8.16.0182,15,1,2026-01-08T06:54:03.476295,ok
1418338,0002435-93.2018.8.16.0098,15,1,2026-01-08T06:54:03.476295,ok
1418339,0035217-90.2021.8.16.0182,15,1,2026-01-08T06:54:03.476295,ok
1418340,0002096-37.2018.8.16.0098,15,1,2026-01-08T06:54:03.476295,ok
1418341,0005495-74.2018.8.16.0098,15,1,2026-01-08T06:54:03.476295,ok
1418342,0014899-18.2023.8.16.0182,15,1,2026-01-08T06:54:03.476295,ok
1418343,0001833-05.2018.8.16.0098,15,1,2026-01-08T06:54:03.476295,ok
1418344,0000732-30.2022.8.16.0182,15,1,2026-01-08T06:54:03.476295,ok
1418345,0002695-73.2018.8.16.0098,15,1,2026-01-08T06:54:03.476295,ok
1418346,0002715-23.2024.8.16.9000,15,1,2026-01-08T06:54:03.476295,ok
1418347,0017472-63.2022.8.16.0182,15,1,2026-01-08T06:54:03.476295,ok
1418348,0001775-58.2024.8.16.9000,15,1,2026-01-08T06:54:03.476295,ok
1418349,0025330-77.2024.8.16.0182,15,1,2026-01-08T06:54:03.476295,ok
1418350,0027116-93.2023.8.16.0182,15,1,2026-01-08T06:54:03.476295,ok
1418351,0001509-08.2023.8.16.9000,15,1,2026-01-08T06:54:03.476295,ok
1418352,0026631-30.2022.8.16.0182,15,1,2026-01-08T06:54:03.476295,ok
1418353,0001346-38.2017.8.16.9000,15,1,2026-01-08T06:54:03.476295,ok
1418354,0000960-08.2017.8.16.9000,15,1,2026-01-08T06:54:03.476295,ok
1418355,0000270-71.2020.8.16.9000,15,1,2026-01-08T06:54:03.476295,ok
1418356,0001556-45.2024.8.16.9000,15,1,2026-01-08T06:54:03.476295,ok
1418357,0002213-84.2024.8.16.9000,15,1,2026-01-08T06:54:03.476295,ok
1418358,0018977-26.2021.8.16.0182,15,1,2026-01-08T06:54:03.476295,ok
1418359,0001702-30.2018.8.16.0098,15,1,2026-01-08T06:54:03.476295,ok
1418360,0044062-28.2024.8.16.0014,15,1,2026-01-08T06:54:03.476295,ok
1418361,0000262-55.2024.8.16.9000,15,1,2026-01-08T06:54:03.476295,ok
1418362,0000662-16.2024.8.16.0029,15,1,2026-01-08T06:54:03.476295,ok
1418363,0000776-59.2011.8.16.0174,15,1,2026-01-08T06:54:03.476295,ok
1418364,0001595-38.2024.8.16.0045,18,1,2026-01-08T06:54:03.476295,ok
1418365,0006406-45.2024.8.16.9000,18,1,2026-01-08T06:54:03.476295,ok
1418366,0000922-50.2022.8.16.0163,18,1,2026-01-08T06:54:03.476295,ok
1418367,0015755-68.2024.8.16.0045,18,1,2026-01-08T06:54:03.476295,ok
1418368,0006350-12.2024.8.16.9000,18,1,2026-01-08T06:54:03.476295,ok
1418369,0006259-19.2024.8.16.9000,18,1,2026-01-08T06:54:03.476295,ok
1418370,0014026-40.2024.8.16.0131,18,1,2026-01-08T06:54:03.476295,ok
1418371,0006403-90.2024.8.16.9000,18,1,2026-01-08T06:54:03.476295,ok
1418372,0000534-98.2024.8.16.0189,18,1,2026-01-08T06:54:03.476295,ok
1418373,0006857-80.2022.8.16.0160,18,1,2026-01-08T06:54:03.476295,ok
1418374,0015376-30.2024.8.16.0045,18,1,2026-01-08T06:54:03.476295,ok
1418375,0002207-57.2024.8.16.0018,18,1,2026-01-08T06:54:03.476295,ok
1418376,0002374-39.2022.8.16.0117,18,1,2026-01-08T06:54:03.476295,ok
1418377,0004979-13.2024.8.16.9000,18,1,2026-01-08T06:54:03.476295,ok
1418378,0004143-50.2023.8.16.0084,18,1,2026-01-08T06:54:03.476295,ok
1418379,0001753-23.2023.8.16.0209,18,1,2026-01-08T06:54:03.476295,ok
1418380,0014934-82.2023.8.16.0018,18,1,2026-01-08T06:54:03.476295,ok
1418381,0014941-74.2023.8.16.0018,18,1,2026-01-08T06:54:03.476295,ok
1418382,0000833-15.2022.8.16.0167,18,1,2026-01-08T06:54:03.476295,ok
1418383,0010964-11.2022.8.16.0018,18,1,2026-01-08T06:54:03.476295,ok
1418384,0004800-16.2023.8.16.9000,18,1,2026-01-08T06:54:03.476295,ok
1418385,0004284-93.2023.8.16.9000,18,1,2026-01-08T06:54:03.476295,ok
1418386,0000671-87.2017.8.16.0169,18,1,2026-01-08T06:54:03.476295,ok
1418387,0016315-40.2023.8.16.0014,18,1,2026-01-08T06:54:03.476295,ok
1418388,0005081-69.2023.8.16.9000,18,1,2026-01-08T06:54:03.476295,ok
1418389,0002843-16.2022.8.16.0043,18,1,2026-01-08T06:54:03.476295,ok
1418390,0000535-23.2022.8.16.0167,18,1,2026-01-08T06:54:03.476295,ok
1418391,0000416-17.2024.8.16.0030,18,1,2026-01-08T06:54:03.476295,ok
1418392,0003449-74.2022.8.16.0130,18,1,2026-01-08T06:54:03.476295,ok
1418393,0004242-56.2019.8.16.0182,18,1,2026-01-08T06:54:03.476295,ok
1418394,0008961-06.2024.8.16.0021,18,1,2026-01-08T06:54:03.476295,ok
1418395,0000600-15.2024.8.16.0210,18,1,2026-01-08T06:54:03.476295,ok
1418396,0000158-34.2022.8.16.9000,18,1,2026-01-08T06:54:03.476295,ok
1418397,0004786-95.2024.8.16.9000,18,1,2026-01-08T06:54:03.476295,ok
1418398,0004814-63.2024.8.16.9000,18,1,2026-01-08T06:54:03.476295,ok
1418399,0017947-26.2022.8.16.0018,18,1,2026-01-08T06:54:03.476295,ok
1418400,0001007-15.2024.8.16.0018,18,1,2026-01-08T06:54:03.476295,ok
1418401,0000744-72.2022.8.16.0108,18,1,2026-01-08T06:54:03.476295,ok
1418402,0000796-42.2022.8.16.0149,16,1,2026-01-08T06:54:03.476295,ok
1418403,0004563-08.2024.8.16.0056,16,1,2026-01-08T06:54:03.476295,ok
1418404,0001556-94.2024.8.16.0189,16,1,2026-01-08T06:54:03.476295,ok
1418405,0052432-74.2024.8.16.0182,16,1,2026-01-08T06:54:03.476295,ok
1418406,0001876-75.2024.8.16.0018,16,1,2026-01-08T06:54:03.476295,ok
1418407,0041182-78.2023.8.16.0182,16,1,2026-01-08T06:54:03.476295,ok
1418408,0030681-50.2024.8.16.0014,16,1,2026-01-08T06:54:03.476295,ok
1418409,0009423-55.2023.8.16.0131,16,1,2026-01-08T06:54:03.476295,ok
1418410,0012236-69.2024.8.16.0018,16,1,2026-01-08T06:54:03.476295,ok
1418411,0006329-36.2024.8.16.9000,16,1,2026-01-08T06:54:03.476295,ok
1418412,0013446-58.2024.8.16.0018,16,1,2026-01-08T06:54:03.476295,ok
1418413,0005596-70.2024.8.16.9000,16,1,2026-01-08T06:54:03.476295,ok
1418414,0033998-27.2022.8.16.0014,16,1,2026-01-08T06:54:03.476295,ok
1418415,0004156-22.2023.8.16.0190,16,1,2026-01-08T06:54:03.476295,ok
1418416,0002181-79.2024.8.16.9000,16,1,2026-01-08T06:54:03.476295,ok
1418417,0003396-38.2024.8.16.0158,16,1,2026-01-08T06:54:03.476295,ok
1418418,0085023-11.2024.8.16.0014,16,1,2026-01-08T06:54:03.476295,ok
1418419,0004813-07.2022.8.16.0090,16,1,2026-01-08T06:54:03.476295,ok
1418420,0000399-25.2020.8.16.0093,16,1,2026-01-08T06:54:03.476295,ok
1418421,0006149-94.2024.8.16.0019,16,1,2026-01-08T06:54:03.476295,ok
1418422,0004358-50.2023.8.16.9000,16,1,2026-01-08T06:54:03.476295,ok
1418423,0017681-05.2023.8.16.0018,16,1,2026-01-08T06:54:03.476295,ok
1418424,0002936-03.2024.8.16.0077,16,1,2026-01-08T06:54:03.476295,ok
1418425,0002358-23.2024.8.16.0018,16,1,2026-01-08T06:54:03.476295,ok
1418426,0038890-27.2023.8.16.0019,16,1,2026-01-08T06:54:03.476295,ok
1418427,0003130-06.2024.8.16.9000,16,1,2026-01-08T06:54:03.476295,ok
1418428,0002604-39.2024.8.16.9000,16,1,2026-01-08T06:54:03.476295,ok
1418429,0037484-28.2024.8.16.0021,16,1,2026-01-08T06:54:03.476295,ok
1418430,0052519-30.2024.8.16.0182,16,1,2026-01-08T06:54:03.476295,ok
1418431,0007832-31.2024.8.16.0064,16,1,2026-01-08T06:54:03.476295,ok
1418432,0005851-28.2024.8.16.9000,16,1,2026-01-08T06:54:03.476295,ok
1418433,0001893-70.2024.8.16.0064,16,1,2026-01-08T06:54:03.476295,ok
1418434,0006385-69.2024.8.16.9000,16,1,2026-01-08T06:54:03.476295,ok
1418435,0001989-80.2024.8.16.0098,16,1,2026-01-08T06:54:03.476295,ok
1418436,0043784-46.2023.8.16.0019,16,1,2026-01-08T06:54:03.476295,ok
1418437,0003790-31.2024.8.16.0098,16,1,2026-01-08T06:54:03.476295,ok
1418438,0006344-05.2024.8.16.9000,16,1,2026-01-08T06:54:03.476295,ok
1418439,0006378-77.2024.8.16.9000,16,1,2026-01-08T06:54:03.476295,ok
1418440,0012011-65.2024.8.16.0045,16,1,2026-01-08T06:54:03.476295,ok
1418441,0016380-98.2024.8.16.0014,16,1,2026-01-08T06:54:03.476295,ok
1418442,0016698-22.2023.8.16.0045,16,1,2026-01-08T06:54:03.476295,ok
1418443,0005700-62.2024.8.16.9000,16,1,2026-01-08T06:54:03.476295,ok
1418444,0003384-24.2024.8.16.0158,16,1,2026-01-08T06:54:03.476295,ok
1418445,0010456-49.2024.8.16.0033,22,1,2026-01-08T06:54:03.476295,ok
1418446,0112574-08.2024.8.16.0000,22,1,2026-01-08T06:54:03.476295,ok
1418447,0001818-24.2024.8.16.0034,22,1,2026-01-08T06:54:03.476295,ok
1418448,0107467-80.2024.8.16.0000,22,1,2026-01-08T06:54:03.476295,ok
1418449,0014273-85.2024.8.16.0045,22,1,2026-01-08T06:54:03.476295,ok
1418450,0037681-43.2024.8.16.0001,22,1,2026-01-08T06:54:03.476295,ok
1418451,0085404-61.2024.8.16.0000,22,1,2026-01-08T06:54:03.476295,ok
1418452,0005075-06.2024.8.16.0148,22,1,2026-01-08T06:54:03.476295,ok
1418453,0077096-36.2024.8.16.0000,22,1,2026-01-08T06:54:03.476295,ok
1418454,0055260-62.2024.8.16.0014,22,1,2026-01-08T06:54:03.476295,ok
1418455,0010354-54.2024.8.16.0024,22,1,2026-01-08T06:54:03.476295,ok
1418456,0010353-69.2024.8.16.0024,22,1,2026-01-08T06:54:03.476295,ok
1418457,0110680-94.2024.8.16.0000,22,1,2026-01-08T06:54:03.476295,ok
1418458,0004008-72.2024.8.16.0126,22,1,2026-01-08T06:54:03.476295,ok
1418459,0111118-23.2024.8.16.0000,22,1,2026-01-08T06:54:03.476295,ok
1418460,0002385-34.2024.8.16.0041,22,1,2026-01-08T06:54:03.476295,ok
1418461,0034807-85.2024.8.16.0001,22,1,2026-01-08T06:54:03.476295,ok
1418462,0031953-21.2024.8.16.0001,22,1,2026-01-08T06:54:03.476295,ok
1418463,0091219-39.2024.8.16.0000,22,1,2026-01-08T06:54:03.476295,ok
1418464,0118655-70.2024.8.16.0000,22,1,2026-01-08T06:54:03.476295,ok
1418465,0007013-89.2024.8.16.0098,22,1,2026-01-08T06:54:03.476295,ok
1418466,0017136-86.2023.8.16.0194,22,1,2026-01-08T06:54:03.476295,ok
1418467,0008137-98.2024.8.16.0004,22,1,2026-01-08T06:54:03.476295,ok
1418468,0003599-74.2024.8.16.0101,22,1,2026-01-08T06:54:03.476295,ok
1418469,0069495-34.2024.8.16.0014,22,1,2026-01-08T06:54:03.476295,ok
1418470,0006052-11.2024.8.16.0079,22,1,2026-01-08T06:54:03.476295,ok
1418471,0010190-77.2024.8.16.0028,22,1,2026-01-08T06:54:03.476295,ok
1418472,0041800-84.2024.8.16.0021,22,1,2026-01-08T06:54:03.476295,ok
1418473,0086698-51.2024.8.16.0000,22,1,2026-01-08T06:54:03.476295,ok
1418474,0009281-10.2024.8.16.0004,22,1,2026-01-08T06:54:03.476295,ok
1418475,0120283-94.2024.8.16.0000,22,1,2026-01-08T06:54:03.476295,ok
1418476,0086710-65.2024.8.16.0000,22,1,2026-01-08T06:54:03.476295,ok
1418477,0012752-68.2024.8.16.0025,22,1,2026-01-08T06:54:03.476295,ok
1418478,0108135-51.2024.8.16.0000,22,1,2026-01-08T06:54:03.476295,ok
1418479,0009279-40.2024.8.16.0004,22,1,2026-01-08T06:54:03.476295,ok
1418480,0008005-41.2024.8.16.0004,22,1,2026-01-08T06:54:03.476295,ok
1418481,0037669-29.2024.8.16.0001,22,1,2026-01-08T06:54:03.476295,ok
1418482,0025143-79.2024.8.16.0017,22,1,2026-01-08T06:54:03.476295,ok
1418483,0013248-97.2024.8.16.0025,22,1,2026-01-08T06:54:03.476295,ok
1418484,0022308-64.2024.8.16.0035,22,1,2026-01-08T06:54:03.476295,ok
1418485,0033692-32.2024.8.16.0000,22,1,2026-01-08T06:54:03.476295,ok
1418486,0107843-66.2024.8.16.0000,22,1,2026-01-08T06:54:03.476295,ok
1418487,0013792-29.2024.8.16.0173,22,1,2026-01-08T06:54:03.476295,ok
1418488,0004524-82.2024.8.16.0194,22,1,2026-01-08T06:54:03.476295,ok
1418489,0009094-19.2024.8.16.0160,22,1,2026-01-08T06:54:03.476295,ok
1418490,0105023-74.2024.8.16.0000,22,1,2026-01-08T06:54:03.476295,ok
1418491,0001035-48.2023.8.16.0040,21,1,2026-01-08T06:54:03.476295,ok
1418492,0130456-80.2024.8.16.0000,21,1,2026-01-08T06:54:03.476295,ok
1418493,0129470-29.2024.8.16.0000,21,1,2026-01-08T06:54:03.476295,ok
1418494,0127000-25.2024.8.16.0000,21,1,2026-01-08T06:54:03.476295,ok
1418495,0115022-51.2024.8.16.0000,21,1,2026-01-08T06:54:03.476295,ok
1418496,0008296-62.2021.8.16.0031,21,1,2026-01-08T06:54:03.476295,ok
1418497,0003572-40.2023.8.16.0194,21,1,2026-01-08T06:54:03.476295,ok
1418498,0076402-67.2024.8.16.0000,21,1,2026-01-08T06:54:03.476295,ok
1418499,0058602-26.2024.8.16.0000,21,1,2026-01-08T06:54:03.476295,ok
1418500,0003125-51.2017.8.16.0036,21,1,2026-01-08T06:54:03.476295,ok
1418501,0027160-54.2021.8.16.0030,21,1,2026-01-08T06:54:03.476295,ok
1418502,0112539-82.2023.8.16.0000,21,1,2026-01-08T06:54:03.476295,ok
1418503,0030649-03.2013.8.16.0185,21,1,2026-01-08T06:54:03.476295,ok
1418504,0130807-53.2024.8.16.0000,21,1,2026-01-08T06:54:03.476295,ok
1418505,0129060-68.2024.8.16.0000,21,1,2026-01-08T06:54:03.476295,ok
1418506,0098261-42.2024.8.16.0000,21,1,2026-01-08T06:54:03.476295,ok
1418507,0076200-48.2024.8.16.0014,21,1,2026-01-08T06:54:03.476295,ok
1418508,0010091-02.2024.8.16.0160,21,1,2026-01-08T06:54:03.476295,ok
1418509,0021063-66.2024.8.16.0019,21,1,2026-01-08T06:54:03.476295,ok
1418510,0005457-67.2024.8.16.0190,21,1,2026-01-08T06:54:03.476295,ok
1418511,0002470-86.2024.8.16.0019,21,1,2026-01-08T06:54:03.476295,ok
1418512,0113047-28.2023.8.16.0000,21,1,2026-01-08T06:54:03.476295,ok
1418513,0083200-44.2024.8.16.0000,21,1,2026-01-08T06:54:03.476295,ok
1418514,0131838-11.2024.8.16.0000,21,1,2026-01-08T06:54:03.476295,ok
1418515,0132475-59.2024.8.16.0000,21,1,2026-01-08T06:54:03.476295,ok
1418516,0008075-70.2024.8.16.0000,21,1,2026-01-08T06:54:03.476295,ok
1418517,0121470-40.2024.8.16.0000,21,1,2026-01-08T06:54:03.476295,ok
1418518,0132084-07.2024.8.16.0000,21,1,2026-01-08T06:54:03.476295,ok
1418519,0128676-08.2024.8.16.0000,21,1,2026-01-08T06:54:03.476295,ok
1418520,0002484-02.2023.8.16.0053,21,1,2026-01-08T06:54:03.476295,ok
1418521,0021604-23.2023.8.16.0185,21,1,2026-01-08T06:54:03.476295,ok
1418522,0003536-49.2019.8.16.0190,21,1,2026-01-08T06:54:03.476295,ok
1418523,0130912-30.2024.8.16.0000,21,1,2026-01-08T06:54:03.476295,ok
1418524,0101938-80.2024.8.16.0000,21,1,2026-01-08T06:54:03.476295,ok
1418525,0002621-72.2024.8.16.0174,21,1,2026-01-08T06:54:03.476295,ok
1418526,0002221-74.2022.8.16.0159,21,1,2026-01-08T06:54:03.476295,ok
1418527,0004467-58.2015.8.16.0104,21,1,2026-01-08T06:54:03.476295,ok
1418528,0005031-26.2022.8.16.0190,21,1,2026-01-08T06:54:03.476295,ok
1418529,0122553-91.2024.8.16.0000,21,1,2026-01-08T06:54:03.476295,ok
1418530,0097957-43.2024.8.16.0000,21,1,2026-01-08T06:54:03.476295,ok
1418531,0094275-80.2024.8.16.0000,21,1,2026-01-08T06:54:03.476295,ok
1418532,0130431-67.2024.8.16.0000,21,1,2026-01-08T06:54:03.476295,ok
1418533,0052350-41.2023.8.16.0000,21,1,2026-01-08T06:54:03.476295,ok
1418534,0092981-90.2024.8.16.0000,21,1,2026-01-08T06:54:03.476295,ok
1418535,0000715-96.2024.8.16.0190,21,1,2026-01-08T06:54:03.476295,ok
1418536,0001229-45.2021.8.16.0193,21,1,2026-01-08T06:54:03.476295,ok
1418537,0074735-46.2024.8.16.0000,21,1,2026-01-08T06:54:03.476295,ok
1418538,0075762-64.2024.8.16.0000,21,1,2026-01-08T06:54:03.476295,ok
1418539,0107712-91.2024.8.16.0000,21,1,2026-01-08T06:54:03.476295,ok
1418540,0124337-06.2024.8.16.0000,21,1,2026-01-08T06:54:03.476295,ok
1418541,0009029-33.2022.8.16.0018,19,1,2026-01-08T06:54:03.476295,ok
1418542,0003401-07.2023.8.16.0090,19,1,2026-01-08T06:54:03.476295,ok
1418543,0003198-08.2022.8.16.0049,19,1,2026-01-08T06:54:03.476295,ok
1418544,0012682-50.2023.8.16.0069,19,1,2026-01-08T06:54:03.476295,ok
1418545,0021959-74.2022.8.16.0021,19,1,2026-01-08T06:54:03.476295,ok
1418546,0020673-29.2023.8.16.0182,19,1,2026-01-08T06:54:03.476295,ok
1418547,0001302-92.2017.8.16.0181,19,1,2026-01-08T06:54:03.476295,ok
1418548,0070884-88.2023.8.16.0014,19,1,2026-01-08T06:54:03.476295,ok
1418549,0007703-98.2023.8.16.0019,19,1,2026-01-08T06:54:03.476295,ok
1418550,0001320-14.2024.8.16.0167,19,1,2026-01-08T06:54:03.476295,ok
1418551,0043751-56.2023.8.16.0019,19,1,2026-01-08T06:54:03.476295,ok
1418552,0018523-31.2023.8.16.0035,19,1,2026-01-08T06:54:03.476295,ok
1418553,0002668-28.2023.8.16.0062,19,1,2026-01-08T06:54:03.476295,ok
1418554,0015282-66.2024.8.16.0018,19,1,2026-01-08T06:54:03.476295,ok
1418555,0004415-07.2024.8.16.0182,19,1,2026-01-08T06:54:03.476295,ok
1418556,0002817-48.2024.8.16.0075,19,1,2026-01-08T06:54:03.476295,ok
1418557,0007225-19.2023.8.16.0075,19,1,2026-01-08T06:54:03.476295,ok
1418558,0000765-09.2023.8.16.0045,19,1,2026-01-08T06:54:03.476295,ok
1418559,0015381-70.2023.8.16.0018,19,1,2026-01-08T06:54:03.476295,ok
1418560,0000894-61.2024.8.16.0018,19,1,2026-01-08T06:54:03.476295,ok
1418561,0015773-10.2023.8.16.0018,19,1,2026-01-08T06:54:03.476295,ok
1418562,0011988-40.2023.8.16.0018,19,1,2026-01-08T06:54:03.476295,ok
1418563,0010579-29.2023.8.16.0018,19,1,2026-01-08T06:54:03.476295,ok
1418564,0016136-55.2023.8.16.0031,19,1,2026-01-08T06:54:03.476295,ok
1418565,0007036-16.2023.8.16.0148,19,1,2026-01-08T06:54:03.476295,ok
1418566,0006471-77.2023.8.16.0075,19,1,2026-01-08T06:54:03.476295,ok
1418567,0003672-04.2024.8.16.0018,19,1,2026-01-08T06:54:03.476295,ok
1418568,0006911-16.2024.8.16.0018,19,1,2026-01-08T06:54:03.476295,ok
1418569,0003740-63.2023.8.16.0090,19,1,2026-01-08T06:54:03.476295,ok
1418570,0005129-71.2024.8.16.0018,19,1,2026-01-08T06:54:03.476295,ok
1418571,0016991-73.2023.8.16.0018,19,1,2026-01-08T06:54:03.476295,ok
1418572,0018204-17.2023.8.16.0018,19,1,2026-01-08T06:54:03.476295,ok
1418573,0005114-05.2024.8.16.0018,19,1,2026-01-08T06:54:03.476295,ok
1418574,0017475-88.2023.8.16.0018,19,1,2026-01-08T06:54:03.476295,ok
1418575,0001645-46.2023.8.16.0127,19,1,2026-01-08T06:54:03.476295,ok
1418576,0020266-30.2023.8.16.0018,19,1,2026-01-08T06:54:03.476295,ok
1418577,0012443-80.2022.8.16.0069,19,1,2026-01-08T06:54:03.476295,ok
1418578,0002324-50.2023.8.16.0158,19,1,2026-01-08T06:54:03.476295,ok
1418579,0004183-37.2023.8.16.0050,19,1,2026-01-08T06:54:03.476295,ok
1418580,0046725-62.2023.8.16.0182,19,1,2026-01-08T06:54:03.476295,ok
1418581,0001162-18.2024.8.16.0018,19,1,2026-01-08T06:54:03.476295,ok
1418582,0001717-35.2024.8.16.0018,19,1,2026-01-08T06:54:03.476295,ok
1418583,0000609-09.2024.8.16.0167,19,1,2026-01-08T06:54:03.476295,ok
1418584,0000448-23.2023.8.16.0041,19,1,2026-01-08T06:54:03.476295,ok
1418585,0021662-42.2023.8.16.0018,19,1,2026-01-08T06:54:03.476295,ok
1418586,0001355-11.2024.8.16.0090,19,1,2026-01-08T06:54:03.476295,ok
1418587,0008279-60.2024.8.16.0018,19,1,2026-01-08T06:54:03.476295,ok
1418588,0000947-86.2023.8.16.0144,19,1,2026-01-08T06:54:03.476295,ok
1418589,0006078-95.2024.8.16.0018,19,1,2026-01-08T06:54:03.476295,ok
1418590,0001548-46.2023.8.16.0127,19,1,2026-01-08T06:54:03.476295,ok
1418591,0010792-75.2024.8.16.0058,23,1,2026-01-08T06:54:03.476295,ok
1418592,0116770-21.2024.8.16.0000,23,1,2026-01-08T06:54:03.476295,ok
1418593,0076432-60.2024.8.16.0014,23,1,2026-01-08T06:54:03.476295,ok
1418594,0099750-17.2024.8.16.0000,23,1,2026-01-08T06:54:03.476295,ok
1418595,0033913-55.2024.8.16.0019,23,1,2026-01-08T06:54:03.476295,ok
1418596,0009095-04.2024.8.16.0160,23,1,2026-01-08T06:54:03.476295,ok
1418597,0012378-92.2024.8.16.0044,23,1,2026-01-08T06:54:03.476295,ok
1418598,0110718-09.2024.8.16.0000,23,1,2026-01-08T06:54:03.476295,ok
1418599,0114562-64.2024.8.16.0000,23,1,2026-01-08T06:54:03.476295,ok
1418600,0129406-19.2024.8.16.0000,23,1,2026-01-08T06:54:03.476295,ok
1418601,0118330-95.2024.8.16.0000,23,1,2026-01-08T06:54:03.476295,ok
1418602,0039718-43.2024.8.16.0001,23,1,2026-01-08T06:54:03.476295,ok
1418603,0033424-82.2024.8.16.0030,23,1,2026-01-08T06:54:03.476295,ok
1418604,0070198-62.2024.8.16.0014,23,1,2026-01-08T06:54:03.476295,ok
1418605,0131649-33.2024.8.16.0000,23,1,2026-01-08T06:54:03.476295,ok
1418606,0129243-39.2024.8.16.0000,23,1,2026-01-08T06:54:03.476295,ok
1418607,0084398-19.2024.8.16.0000,23,1,2026-01-08T06:54:03.476295,ok
1418608,0000370-31.2017.8.16.0173,23,1,2026-01-08T06:54:03.476295,ok
1418609,0132487-73.2024.8.16.0000,23,1,2026-01-08T06:54:03.476295,ok
1418610,0132179-37.2024.8.16.0000,23,1,2026-01-08T06:54:03.476295,ok
1418611,0021060-14.2024.8.16.0019,23,1,2026-01-08T06:54:03.476295,ok
1418612,0043737-92.2024.8.16.0001,23,1,2026-01-08T06:54:03.476295,ok
1418613,0131908-28.2024.8.16.0000,23,1,2026-01-08T06:54:03.476295,ok
1418614,0112779-37.2024.8.16.0000,23,1,2026-01-08T06:54:03.476295,ok
1418615,0091933-96.2024.8.16.0000,23,1,2026-01-08T06:54:03.476295,ok
1418616,0079003-46.2024.8.16.0000,23,1,2026-01-08T06:54:03.476295,ok
1418617,0001405-86.2024.8.16.0106,23,1,2026-01-08T06:54:03.476295,ok
1418618,0103320-11.2024.8.16.0000,23,1,2026-01-08T06:54:03.476295,ok
1418619,0103562-67.2024.8.16.0000,23,1,2026-01-08T06:54:03.476295,ok
1418620,0130625-67.2024.8.16.0000,23,1,2026-01-08T06:54:03.476295,ok
1418621,0104188-86.2024.8.16.0000,23,1,2026-01-08T06:54:03.476295,ok
1418622,0050153-79.2024.8.16.0000,23,1,2026-01-08T06:54:03.476295,ok
1418623,0004471-77.2019.8.16.0000,23,1,2026-01-08T06:54:03.476295,ok
1418624,0132195-88.2024.8.16.0000,23,1,2026-01-08T06:54:03.476295,ok
1418625,0000123-36.2018.8.16.0037,23,1,2026-01-08T06:54:03.476295,ok
1418626,0132144-77.2024.8.16.0000,23,1,2026-01-08T06:54:03.476295,ok
1418627,0121816-88.2024.8.16.0000,23,1,2026-01-08T06:54:03.476295,ok
1418628,0011065-39.2024.8.16.0160,23,1,2026-01-08T06:54:03.476295,ok
1418629,0019440-24.2024.8.16.0194,23,1,2026-01-08T06:54:03.476295,ok
1418630,0041515-54.2024.8.16.0001,23,1,2026-01-08T06:54:03.476295,ok
1418631,0091626-45.2024.8.16.0000,23,1,2026-01-08T06:54:03.476295,ok
1418632,0064978-28.2024.8.16.0000,23,1,2026-01-08T06:54:03.476295,ok
1418633,0004246-92.2022.8.16.0116,23,1,2026-01-08T06:54:03.476295,ok
1418634,0109037-04.2024.8.16.0000,23,1,2026-01-08T06:54:03.476295,ok
1418635,0032720-07.2015.8.16.0185,23,1,2026-01-08T06:54:03.476295,ok
1418636,0008271-13.2006.8.16.0116,23,1,2026-01-08T06:54:03.476295,ok
1418637,0002037-56.2011.8.16.0078,24,1,2026-01-08T06:54:03.476295,ok
1418638,0132285-96.2024.8.16.0000,24,1,2026-01-08T06:54:03.476295,ok
1418639,0132028-71.2024.8.16.0000,24,1,2026-01-08T06:54:03.476295,ok
1418640,0060064-18.2024.8.16.0000,24,1,2026-01-08T06:54:03.476295,ok
1418641,0044084-31.2024.8.16.0000,24,1,2026-01-08T06:54:03.476295,ok
1418642,0044923-97.2013.8.16.0014,24,1,2026-01-08T06:54:03.476295,ok
1418643,0000593-64.2024.8.16.0067,24,1,2026-01-08T06:54:03.476295,ok
1418644,0132076-30.2024.8.16.0000,24,1,2026-01-08T06:54:03.476295,ok
1418645,0131926-49.2024.8.16.0000,24,1,2026-01-08T06:54:03.476295,ok
1418646,0123336-83.2024.8.16.0000,24,1,2026-01-08T06:54:03.476295,ok
1418647,0000281-84.2023.8.16.0209,24,1,2026-01-08T06:54:03.476295,ok
1418648,0003310-53.2023.8.16.0077,24,1,2026-01-08T06:54:03.476295,ok
1418649,0009403-73.2023.8.16.0031,24,1,2026-01-08T06:54:03.476295,ok
1418650,0000781-10.2024.8.16.0018,24,1,2026-01-08T06:54:03.476295,ok
1418651,0015658-35.2023.8.16.0035,24,1,2026-01-08T06:54:03.476295,ok
1418652,0131484-83.2024.8.16.0000,24,1,2026-01-08T06:54:03.476295,ok
1418653,0103627-62.2024.8.16.0000,24,1,2026-01-08T06:54:03.476295,ok
1418654,0000297-76.2020.8.16.0004,24,1,2026-01-08T06:54:03.476295,ok
1418655,0027548-37.2023.8.16.0013,24,1,2026-01-08T06:54:03.476295,ok
1418656,0123255-37.2024.8.16.0000,24,1,2026-01-08T06:54:03.476295,ok
1418657,0128618-05.2024.8.16.0000,24,1,2026-01-08T06:54:03.476295,ok
1418658,0034991-15.2022.8.16.0000,24,1,2026-01-08T06:54:03.476295,ok
1418659,0004242-03.2008.8.16.0001,24,1,2026-01-08T06:54:03.476295,ok
1418660,0007803-84.2008.8.16.0017,24,1,2026-01-08T06:54:03.476295,ok
1418661,0002744-45.2019.8.16.0142,24,1,2026-01-08T06:54:03.476295,ok
1418662,0131420-73.2024.8.16.0000,24,1,2026-01-08T06:54:03.476295,ok
1418663,0105911-43.2024.8.16.0000,24,1,2026-01-08T06:54:03.476295,ok
1418664,0108954-85.2024.8.16.0000,24,1,2026-01-08T06:54:03.476295,ok
1418665,0122249-92.2024.8.16.0000,24,1,2026-01-08T06:54:03.476295,ok
1418666,0115216-51.2024.8.16.0000,24,1,2026-01-08T06:54:03.476295,ok
1418667,0006690-77.2024.8.16.0165,24,1,2026-01-08T06:54:03.476295,ok
1418668,0036522-65.2024.8.16.0001,24,1,2026-01-08T06:54:03.476295,ok
1418669,0001983-75.2024.8.16.0162,24,1,2026-01-08T06:54:03.476295,ok
1418670,0007938-32.2024.8.16.0148,24,1,2026-01-08T06:54:03.476295,ok
1418671,0033781-62.2024.8.16.0030,24,1,2026-01-08T06:54:03.476295,ok
1418672,0038435-85.2024.8.16.0000,24,1,2026-01-08T06:54:03.476295,ok
1418673,0131640-71.2024.8.16.0000,24,1,2026-01-08T06:54:03.476295,ok
1418674,0027001-48.2024.8.16.0017,24,1,2026-01-08T06:54:03.476295,ok
1418675,0106220-64.2024.8.16.0000,24,1,2026-01-08T06:54:03.476295,ok
1418676,0008530-36.2024.8.16.0129,24,1,2026-01-08T06:54:03.476295,ok
1418677,0118673-91.2024.8.16.0000,24,1,2026-01-08T06:54:03.476295,ok
1418678,0002933-33.2024.8.16.0179,24,1,2026-01-08T06:54:03.476295,ok
1418679,0113002-87.2024.8.16.0000,24,1,2026-01-08T06:54:03.476295,ok
1418680,0007848-24.2024.8.16.0148,24,1,2026-01-08T06:54:03.476295,ok
1418681,0118682-53.2024.8.16.0000,24,1,2026-01-08T06:54:03.476295,ok
1418682,0010274-78.2024.8.16.0028,24,1,2026-01-08T06:54:03.476295,ok
1418683,0012796-48.2024.8.16.0038,24,1,2026-01-08T06:54:03.476295,ok
1418684,0012928-87.2024.8.16.0044,24,1,2026-01-08T06:54:03.476295,ok
1418685,0118677-31.2024.8.16.0000,24,1,2026-01-08T06:54:03.476295,ok
1418686,0118686-90.2024.8.16.0000,25,1,2026-01-08T06:54:03.476295,ok
1418687,0118676-46.2024.8.16.0000,25,1,2026-01-08T06:54:03.476295,ok
1418688,0012861-43.2024.8.16.0038,25,1,2026-01-08T06:54:03.476295,ok
1418689,0118685-08.2024.8.16.0000,25,1,2026-01-08T06:54:03.476295,ok
1418690,0002876-50.2024.8.16.0038,25,1,2026-01-08T06:54:03.476295,ok
1418691,0028097-16.2023.8.16.0185,25,1,2026-01-08T06:54:03.476295,ok
1418692,0022015-05.2024.8.16.0000,25,1,2026-01-08T06:54:03.476295,ok
1418693,0120959-42.2024.8.16.0000,25,1,2026-01-08T06:54:03.476295,ok
1418694,0045300-66.2020.8.16.0000,25,1,2026-01-08T06:54:03.476295,ok
1418695,0132126-56.2024.8.16.0000,25,1,2026-01-08T06:54:03.476295,ok
1418696,0010283-40.2024.8.16.0028,25,1,2026-01-08T06:54:03.476295,ok
1418697,0099933-85.2024.8.16.0000,25,1,2026-01-08T06:54:03.476295,ok
1418698,0022916-62.2024.8.16.0035,25,1,2026-01-08T06:54:03.476295,ok
1418699,0112791-85.2023.8.16.0000,25,1,2026-01-08T06:54:03.476295,ok
1418700,0065329-98.2024.8.16.0000,25,1,2026-01-08T06:54:03.476295,ok
1418701,0001061-28.2016.8.16.0190,25,1,2026-01-08T06:54:03.476295,ok
1418702,0019677-38.2023.8.16.0018,25,1,2026-01-08T06:54:03.476295,ok
1418703,0054496-57.2024.8.16.0182,25,1,2026-01-08T06:54:03.476295,ok
1418704,0001646-31.2023.8.16.0127,25,1,2026-01-08T06:54:03.476295,ok
1418705,0000433-20.2024.8.16.0041,25,1,2026-01-08T06:54:03.476295,ok
1418706,0017350-42.2013.8.16.0028,25,1,2026-01-08T06:54:03.476295,ok
1418707,0105510-44.2024.8.16.0000,25,1,2026-01-08T06:54:03.476295,ok
1418708,0131737-71.2024.8.16.0000,25,1,2026-01-08T06:54:03.476295,ok
1418709,0129317-93.2024.8.16.0000,25,1,2026-01-08T06:54:03.476295,ok
1418710,0112560-24.2024.8.16.0000,25,1,2026-01-08T06:54:03.476295,ok
1418711,0106820-85.2024.8.16.0000,25,1,2026-01-08T06:54:03.476295,ok
1418712,0115241-64.2024.8.16.0000,25,1,2026-01-08T06:54:03.476295,ok
1418713,0101192-18.2024.8.16.0000,25,1,2026-01-08T06:54:03.476295,ok
1418714,0084679-72.2024.8.16.0000,25,1,2026-01-08T06:54:03.476295,ok
1418715,0001053-10.2021.8.16.0050,25,1,2026-01-08T06:54:03.476295,ok
1418716,0001871-28.2015.8.16.0193,25,1,2026-01-08T06:54:03.476295,ok
1418717,0001913-42.2022.8.16.0190,25,1,2026-01-08T06:54:03.476295,ok
1418718,0131632-94.2024.8.16.0000,25,1,2026-01-08T06:54:03.476295,ok
1418719,0101662-49.2024.8.16.0000,25,1,2026-01-08T06:54:03.476295,ok
1418720,0086056-78.2024.8.16.0000,25,1,2026-01-08T06:54:03.476295,ok
1418721,0131945-55.2024.8.16.0000,25,1,2026-01-08T06:54:03.476295,ok
1418722,0127586-62.2024.8.16.0000,25,1,2026-01-08T06:54:03.476295,ok
1418723,0122222-12.2024.8.16.0000,25,1,2026-01-08T06:54:03.476295,ok
1418724,0006237-82.2013.8.16.0031,25,1,2026-01-08T06:54:03.476295,ok
1418725,0012579-93.2009.8.16.0017,25,1,2026-01-08T06:54:03.476295,ok
1418726,0001878-69.2024.8.16.0107,25,1,2026-01-08T06:54:03.476295,ok
1418727,0002183-71.2021.8.16.0038,25,1,2026-01-08T06:54:03.476295,ok
1418728,0011755-56.2018.8.16.0038,25,1,2026-01-08T06:54:03.476295,ok
1418729,0107638-37.2024.8.16.0000,25,1,2026-01-08T06:54:03.476295,ok
1418730,0066292-09.2024.8.16.0000,25,1,2026-01-08T06:54:03.476295,ok
1418731,0090330-85.2024.8.16.0000,25,1,2026-01-08T06:54:03.476295,ok
1418732,0107410-62.2024.8.16.0000,25,1,2026-01-08T06:54:03.476295,ok
1418733,0003641-41.2024.8.16.0193,25,1,2026-01-08T06:54:03.476295,ok
1418734,0116188-21.2024.8.16.0000,25,1,2026-01-08T06:54:03.476295,ok
1418735,0132023-49.2024.8.16.0000,26,1,2026-01-08T06:54:03.476295,ok
1418736,0011535-74.2021.8.16.0031,26,1,2026-01-08T06:54:03.476295,ok
1418737,0000202-41.2023.8.16.0004,26,1,2026-01-08T06:54:03.476295,ok
1418738,0008098-58.2007.8.16.0017,26,1,2026-01-08T06:54:03.476295,ok
1418739,0109243-18.2024.8.16.0000,26,1,2026-01-08T06:54:03.476295,ok
1418740,0005676-21.2018.8.16.0116,26,1,2026-01-08T06:54:03.476295,ok
1418741,0092229-21.2024.8.16.0000,26,1,2026-01-08T06:54:03.476295,ok
1418742,0021920-72.2024.8.16.0000,26,1,2026-01-08T06:54:03.476295,ok
1418743,0117887-47.2024.8.16.0000,26,1,2026-01-08T06:54:03.476295,ok
1418744,0014752-11.2024.8.16.0035,26,1,2026-01-08T06:54:03.476295,ok
1418745,0092540-12.2024.8.16.0000,26,1,2026-01-08T06:54:03.476295,ok
1418746,0096411-50.2024.8.16.0000,26,1,2026-01-08T06:54:03.476295,ok
1418747,0094397-93.2024.8.16.0000,26,1,2026-01-08T06:54:03.476295,ok
1418748,0087613-03.2024.8.16.0000,26,1,2026-01-08T06:54:03.476295,ok
1418749,0089412-81.2024.8.16.0000,26,1,2026-01-08T06:54:03.476295,ok
1418750,0069523-44.2024.8.16.0000,26,1,2026-01-08T06:54:03.476295,ok
1418751,0003179-55.2022.8.16.0193,26,1,2026-01-08T06:54:03.476295,ok
1418752,0003242-47.2009.8.16.0028,26,1,2026-01-08T06:54:03.476295,ok
1418753,0004478-67.2022.8.16.0193,26,1,2026-01-08T06:54:03.476295,ok
1418754,0000564-49.2023.8.16.0196,26,1,2026-01-08T06:54:03.476295,ok
1418755,0090273-67.2024.8.16.0000,26,1,2026-01-08T06:54:03.476295,ok
1418756,0063925-12.2024.8.16.0000,26,1,2026-01-08T06:54:03.476295,ok
1418757,0006552-45.2023.8.16.0004,26,1,2026-01-08T06:54:03.476295,ok
1418758,0003755-04.2020.8.16.0004,26,1,2026-01-08T06:54:03.476295,ok
1418759,0006496-51.2019.8.16.0004,26,1,2026-01-08T06:54:03.476295,ok
1418760,0038404-42.2023.8.16.0019,26,1,2026-01-08T06:54:03.476295,ok
1418761,0083368-38.2023.8.16.0014,26,1,2026-01-08T06:54:03.476295,ok
1418762,0039544-44.2022.8.16.0182,26,1,2026-01-08T06:54:03.476295,ok
1418763,0000465-06.2023.8.16.0091,26,1,2026-01-08T06:54:03.476295,ok
1418764,0004341-11.2024.8.16.0098,26,1,2026-01-08T06:54:03.476295,ok
1418765,0077296-35.2023.8.16.0014,26,1,2026-01-08T06:54:03.476295,ok
1418766,0000649-83.2019.8.16.0193,26,1,2026-01-08T06:54:03.476295,ok
1418767,0129437-39.2024.8.16.0000,26,1,2026-01-08T06:54:03.476295,ok
1418768,0000337-87.2024.8.16.0143,26,1,2026-01-08T06:54:03.476295,ok
1418769,0113068-67.2024.8.16.0000,26,1,2026-01-08T06:54:03.476295,ok
1418770,0105455-93.2024.8.16.0000,26,1,2026-01-08T06:54:03.476295,ok
1418771,0113535-80.2023.8.16.0000,26,1,2026-01-08T06:54:03.476295,ok
1418772,0108800-67.2024.8.16.0000,26,1,2026-01-08T06:54:03.476295,ok
1418773,0084244-98.2024.8.16.0000,26,1,2026-01-08T06:54:03.476295,ok
1418774,0001160-27.2003.8.16.0069,26,1,2026-01-08T06:54:03.476295,ok
1418775,0079687-68.2024.8.16.0000,26,1,2026-01-08T06:54:03.476295,ok
1418776,0039588-53.2024.8.16.0001,26,1,2026-01-08T06:54:03.476295,ok
1418777,0003987-97.2024.8.16.0158,26,1,2026-01-08T06:54:03.476295,ok
1418778,0013890-48.2024.8.16.0000,26,1,2026-01-08T06:54:03.476295,ok
1418779,0003776-59.2017.8.16.0044,26,1,2026-01-08T06:54:03.476295,ok
1418780,0036514-88.2024.8.16.0001,26,1,2026-01-08T06:54:03.476295,ok
1418781,0010405-03.2024.8.16.0174,26,1,2026-01-08T06:54:03.476295,ok
1418782,0117545-36.2024.8.16.0000,26,1,2026-01-08T06:54:03.476295,ok
1418783,0013226-76.2024.8.16.0045,26,1,2026-01-08T06:54:03.476295,ok
1418784,0000617-91.2024.8.16.0132,35,1,2026-01-08T06:54:03.476295,ok
1418785,0115985-59.2024.8.16.0000,32,1,2026-01-08T06:54:03.476295,ok
1418786,0109588-81.2024.8.16.0000,32,1,2026-01-08T06:54:03.476295,ok
1418787,0089634-49.2024.8.16.0000,32,1,2026-01-08T06:54:03.476295,ok
1418788,0132427-03.2024.8.16.0000,32,1,2026-01-08T06:54:03.476295,ok
1418789,0091396-03.2024.8.16.0000,32,1,2026-01-08T06:54:03.476295,ok
1418790,0129211-34.2024.8.16.0000,32,1,2026-01-08T06:54:03.476295,ok
1418791,0111447-35.2024.8.16.0000,32,1,2026-01-08T06:54:03.476295,ok
1418792,0047576-31.2024.8.16.0000,32,1,2026-01-08T06:54:03.476295,ok
1418793,0003495-83.2012.8.16.0075,32,1,2026-01-08T06:54:03.476295,ok
1418794,0126730-98.2024.8.16.0000,32,1,2026-01-08T06:54:03.476295,ok
1418795,0002048-63.2020.8.16.0145,32,1,2026-01-08T06:54:03.476295,ok
1418796,0000073-49.2019.8.16.0142,32,1,2026-01-08T06:54:03.476295,ok
1418797,0030620-98.2023.8.16.0185,32,1,2026-01-08T06:54:03.476295,ok
1418798,0130810-08.2024.8.16.0000,32,1,2026-01-08T06:54:03.476295,ok
1418799,0000942-14.2010.8.16.0114,32,1,2026-01-08T06:54:03.476295,ok
1418800,0132455-68.2024.8.16.0000,32,1,2026-01-08T06:54:03.476295,ok
1418801,0132404-57.2024.8.16.0000,32,1,2026-01-08T06:54:03.476295,ok
1418802,0131854-62.2024.8.16.0000,32,1,2026-01-08T06:54:03.476295,ok
1418803,0130900-16.2024.8.16.0000,32,1,2026-01-08T06:54:03.476295,ok
1418804,0038159-88.2023.8.16.0000,32,1,2026-01-08T06:54:03.476295,ok
1418805,0047727-31.2023.8.16.0000,32,1,2026-01-08T06:54:03.476295,ok
1418806,0003463-32.2024.8.16.0116,29,1,2026-01-08T06:54:03.476295,ok
1418807,0015521-98.2009.8.16.0017,29,1,2026-01-08T06:54:03.476295,ok
1418808,0002067-94.2010.8.16.0153,29,1,2026-01-08T06:54:03.476295,ok
1418809,0006572-44.2022.8.16.0045,29,1,2026-01-08T06:54:03.476295,ok
1418810,0019113-82.2011.8.16.0017,29,1,2026-01-08T06:54:03.476295,ok
1418811,0007274-82.2010.8.16.0021,29,1,2026-01-08T06:54:03.476295,ok
1418812,0015181-34.2013.8.16.0044,29,1,2026-01-08T06:54:03.476295,ok
1418813,0000035-15.2001.8.16.0127,29,1,2026-01-08T06:54:03.476295,ok
1418814,0002021-97.2022.8.16.0149,29,1,2026-01-08T06:54:03.476295,ok
1418815,0102102-45.2024.8.16.0000,29,1,2026-01-08T06:54:03.476295,ok
1418816,0000237-46.2022.8.16.0162,29,1,2026-01-08T06:54:03.476295,ok
1418817,0131746-33.2024.8.16.0000,29,1,2026-01-08T06:54:03.476295,ok
1418818,0000395-71.2009.8.16.0190,29,1,2026-01-08T06:54:03.476295,ok
1418819,0004174-88.2007.8.16.0033,29,1,2026-01-08T06:54:03.476295,ok
1418820,0012469-94.2009.8.16.0017,29,1,2026-01-08T06:54:03.476295,ok
1418821,0000613-34.2024.8.16.0074,29,1,2026-01-08T06:54:03.476295,ok
1418822,0095994-97.2024.8.16.0000,29,1,2026-01-08T06:54:03.476295,ok
1418823,0130712-23.2024.8.16.0000,29,1,2026-01-08T06:54:03.476295,ok
1418824,0077627-25.2024.8.16.0000,29,1,2026-01-08T06:54:03.476295,ok
1418825,0120349-74.2024.8.16.0000,29,1,2026-01-08T06:54:03.476295,ok
1418826,0021796-89.2024.8.16.0194,29,1,2026-01-08T06:54:03.476295,ok
1418827,0131772-31.2024.8.16.0000,29,1,2026-01-08T06:54:03.476295,ok
1418828,0120397-33.2024.8.16.0000,29,1,2026-01-08T06:54:03.476295,ok
1418829,0121638-42.2024.8.16.0000,29,1,2026-01-08T06:54:03.476295,ok
1418830,0128871-90.2024.8.16.0000,29,1,2026-01-08T06:54:03.476295,ok
1418831,0108257-64.2024.8.16.0000,29,1,2026-01-08T06:54:03.476295,ok
1418832,0108246-35.2024.8.16.0000,29,1,2026-01-08T06:54:03.476295,ok
1418833,0131574-91.2024.8.16.0000,29,1,2026-01-08T06:54:03.476295,ok
1418834,0040476-22.2024.8.16.0001,29,1,2026-01-08T06:54:03.476295,ok
1418835,0002148-55.2024.8.16.0055,29,1,2026-01-08T06:54:03.476295,ok
1418836,0113525-02.2024.8.16.0000,29,1,2026-01-08T06:54:03.476295,ok
1418837,0098878-02.2024.8.16.0000,29,1,2026-01-08T06:54:03.476295,ok
1418838,0083015-06.2024.8.16.0000,29,1,2026-01-08T06:54:03.476295,ok
1418839,0095179-03.2024.8.16.0000,29,1,2026-01-08T06:54:03.476295,ok
1418840,0132056-39.2024.8.16.0000,29,1,2026-01-08T06:54:03.476295,ok
1418841,0108650-86.2024.8.16.0000,29,1,2026-01-08T06:54:03.476295,ok
1418842,0092972-31.2024.8.16.0000,29,1,2026-01-08T06:54:03.476295,ok
1418843,0005075-53.2023.8.16.0079,29,1,2026-01-08T06:54:03.476295,ok
1418844,0019741-14.2024.8.16.0018,29,1,2026-01-08T06:54:03.476295,ok
1418845,0054775-43.2024.8.16.0182,29,1,2026-01-08T06:54:03.476295,ok
1418846,0075352-95.2023.8.16.0014,29,1,2026-01-08T06:54:03.476295,ok
1418847,0003785-74.2024.8.16.0141,29,1,2026-01-08T06:54:03.476295,ok
1418848,0003364-56.2024.8.16.0021,29,1,2026-01-08T06:54:03.476295,ok
1418849,0008299-05.2022.8.16.0056,29,1,2026-01-08T06:54:03.476295,ok
1418850,0015284-63.2023.8.16.0182,29,1,2026-01-08T06:54:03.476295,ok
1418851,0020068-90.2023.8.16.0018,29,1,2026-01-08T06:54:03.476295,ok
1418852,0042760-76.2023.8.16.0182,29,1,2026-01-08T06:54:03.476295,ok
1418853,0003699-06.2024.8.16.0141,29,1,2026-01-08T06:54:03.476295,ok
1418854,0005587-81.2024.8.16.0182,29,1,2026-01-08T06:54:03.476295,ok
1418855,0001719-33.2023.8.16.0117,39,1,2026-01-08T06:54:03.476295,ok
1418856,0016202-40.2024.8.16.0018,30,1,2026-01-08T06:54:03.476295,ok
1418857,0011189-87.2023.8.16.0182,30,1,2026-01-08T06:54:03.476295,ok
1418858,0008401-71.2024.8.16.0148,30,1,2026-01-08T06:54:03.476295,ok
1418859,0003859-24.2023.8.16.0090,30,1,2026-01-08T06:54:03.476295,ok
1418860,0011048-03.2024.8.16.0160,30,1,2026-01-08T06:54:03.476295,ok
1418861,0004225-37.2023.8.16.0131,30,1,2026-01-08T06:54:03.476295,ok
1418862,0031702-13.2022.8.16.0182,30,1,2026-01-08T06:54:03.476295,ok
1418863,0006778-65.2024.8.16.0117,30,1,2026-01-08T06:54:03.476295,ok
1418864,0006820-98.2024.8.16.0090,30,1,2026-01-08T06:54:03.476295,ok
1418865,0009939-26.2023.8.16.0018,30,1,2026-01-08T06:54:03.476295,ok
1418866,0000746-51.2024.8.16.0050,30,1,2026-01-08T06:54:03.476295,ok
1418867,0010190-20.2023.8.16.0026,30,1,2026-01-08T06:54:03.476295,ok
1418868,0077190-73.2023.8.16.0014,30,1,2026-01-08T06:54:03.476295,ok
1418869,0017591-60.2024.8.16.0018,30,1,2026-01-08T06:54:03.476295,ok
1418870,0000589-03.2024.8.16.0075,30,1,2026-01-08T06:54:03.476295,ok
1418871,0033055-58.2023.8.16.0019,30,1,2026-01-08T06:54:03.476295,ok
1418872,0005958-12.2023.8.16.0075,30,1,2026-01-08T06:54:03.476295,ok
1418873,0012591-09.2023.8.16.0182,30,1,2026-01-08T06:54:03.476295,ok
1418874,0004044-16.2023.8.16.0170,30,1,2026-01-08T06:54:03.476295,ok
1418875,0054766-81.2024.8.16.0182,30,1,2026-01-08T06:54:03.476295,ok
1418876,0006098-22.2023.8.16.0083,30,1,2026-01-08T06:54:03.476295,ok
1418877,0095200-76.2024.8.16.0000,30,1,2026-01-08T06:54:03.476295,ok
1418878,0055922-68.2024.8.16.0000,30,1,2026-01-08T06:54:03.476295,ok
1418879,0094930-52.2024.8.16.0000,30,1,2026-01-08T06:54:03.476295,ok
1418880,0103910-85.2024.8.16.0000,30,1,2026-01-08T06:54:03.476295,ok
1418881,0103455-23.2024.8.16.0000,30,1,2026-01-08T06:54:03.476295,ok
1418882,0011452-49.2024.8.16.0000,30,1,2026-01-08T06:54:03.476295,ok
1418883,0103850-15.2024.8.16.0000,30,1,2026-01-08T06:54:03.476295,ok
1418884,0080544-17.2024.8.16.0000,30,1,2026-01-08T06:54:03.476295,ok
1418885,0097497-56.2024.8.16.0000,30,1,2026-01-08T06:54:03.476295,ok
1418886,0110386-42.2024.8.16.0000,30,1,2026-01-08T06:54:03.476295,ok
1418887,0022470-35.2022.8.16.0001,30,1,2026-01-08T06:54:03.476295,ok
1418888,0106789-65.2024.8.16.0000,30,1,2026-01-08T06:54:03.476295,ok
1418889,0105046-20.2024.8.16.0000,30,1,2026-01-08T06:54:03.476295,ok
1418890,0099439-26.2024.8.16.0000,30,1,2026-01-08T06:54:03.476295,ok
1418891,0085054-73.2024.8.16.0000,30,1,2026-01-08T06:54:03.476295,ok
1418892,0089189-31.2024.8.16.0000,30,1,2026-01-08T06:54:03.476295,ok
1418893,0104822-82.2024.8.16.0000,30,1,2026-01-08T06:54:03.476295,ok
1418894,0079187-02.2024.8.16.0000,30,1,2026-01-08T06:54:03.476295,ok
1418895,4004721-04.2024.8.16.4321,30,1,2026-01-08T06:54:03.476295,ok
1418896,0107910-31.2024.8.16.0000,30,1,2026-01-08T06:54:03.476295,ok
1418897,0115209-59.2024.8.16.0000,30,1,2026-01-08T06:54:03.476295,ok
1418898,0121406-30.2024.8.16.0000,30,1,2026-01-08T06:54:03.476295,ok
1418899,0125709-87.2024.8.16.0000,30,1,2026-01-08T06:54:03.476295,ok
1418900,0000092-63.2006.8.16.0125,30,1,2026-01-08T06:54:03.476295,ok
1418901,0131678-83.2024.8.16.0000,30,1,2026-01-08T06:54:03.476295,ok
1418902,0131318-51.2024.8.16.0000,30,1,2026-01-08T06:54:03.476295,ok
1418903,0001094-42.2021.8.16.0190,36,1,2026-01-08T06:54:03.476295,ok
1418904,0008627-57.2018.8.16.0190,36,1,2026-01-08T06:54:03.476295,ok
1418905,0102192-53.2024.8.16.0000,36,1,2026-01-08T06:54:03.476295,ok
1418906,0000078-05.2024.8.16.0172,36,1,2026-01-08T06:54:03.476295,ok
1418907,0003465-24.2024.8.16.0044,36,1,2026-01-08T06:54:03.476295,ok
1418908,0000367-55.2023.8.16.0209,36,1,2026-01-08T06:54:03.476295,ok
1418909,0011923-65.2023.8.16.0173,36,1,2026-01-08T06:54:03.476295,ok
1418910,0005734-23.2023.8.16.0189,36,1,2026-01-08T06:54:03.476295,ok
1418911,0012697-68.2023.8.16.0182,36,1,2026-01-08T06:54:03.476295,ok
1418912,0002542-43.2024.8.16.0029,36,1,2026-01-08T06:54:03.476295,ok
1418913,0014562-96.2024.8.16.0019,36,1,2026-01-08T06:54:03.476295,ok
1418914,0001974-15.2024.8.16.0130,36,1,2026-01-08T06:54:03.476295,ok
1418915,0006520-73.2023.8.16.0090,36,1,2026-01-08T06:54:03.476295,ok
1418916,0055316-76.2024.8.16.0182,36,1,2026-01-08T06:54:03.476295,ok
1418917,0005767-04.2024.8.16.0019,36,1,2026-01-08T06:54:03.476295,ok
1418918,0012096-87.2024.8.16.0033,36,1,2026-01-08T06:54:03.476295,ok
1418919,0013806-34.2024.8.16.0069,36,1,2026-01-08T06:54:03.476295,ok
1418920,0006029-51.2024.8.16.0019,36,1,2026-01-08T06:54:03.476295,ok
1418921,0005197-50.2024.8.16.0170,36,1,2026-01-08T06:54:03.476295,ok
1418922,0012919-80.2023.8.16.0038,36,1,2026-01-08T06:54:03.476295,ok
1418923,0002044-33.2024.8.16.0162,36,1,2026-01-08T06:54:03.476295,ok
1418924,0004954-25.2023.8.16.0079,36,1,2026-01-08T06:54:03.476295,ok
1418925,0009161-15.2024.8.16.0182,36,1,2026-01-08T06:54:03.476295,ok
1418926,0005025-70.2024.8.16.0021,36,1,2026-01-08T06:54:03.476295,ok
1418927,0011689-26.2024.8.16.0019,36,1,2026-01-08T06:54:03.476295,ok
1418928,0030472-96.2023.8.16.0182,36,1,2026-01-08T06:54:03.476295,ok
1418929,0005971-92.2024.8.16.0069,36,1,2026-01-08T06:54:03.476295,ok
1418930,0007313-97.2024.8.16.0018,36,1,2026-01-08T06:54:03.476295,ok
1418931,0007834-33.2020.8.16.0131,36,1,2026-01-08T06:54:03.476295,ok
1418932,0000943-24.2024.8.16.0044,36,1,2026-01-08T06:54:03.476295,ok
1418933,0054335-47.2024.8.16.0182,36,1,2026-01-08T06:54:03.476295,ok
1418934,0002662-19.2024.8.16.0019,36,1,2026-01-08T06:54:03.476295,ok
1418935,0000256-19.2023.8.16.0097,36,1,2026-01-08T06:54:03.476295,ok
1418936,0004407-33.2023.8.16.0160,36,1,2026-01-08T06:54:03.476295,ok
1418937,0020413-56.2023.8.16.0018,36,1,2026-01-08T06:54:03.476295,ok
1418938,0046687-48.2023.8.16.0021,36,1,2026-01-08T06:54:03.476295,ok
1418939,0006670-42.2024.8.16.0018,36,1,2026-01-08T06:54:03.476295,ok
1418940,0058559-81.2023.8.16.0014,36,1,2026-01-08T06:54:03.476295,ok
1418941,0004096-26.2022.8.16.0209,36,1,2026-01-08T06:54:03.476295,ok
1418942,0004671-91.2024.8.16.0038,36,1,2026-01-08T06:54:03.476295,ok
1418943,0007303-53.2024.8.16.0018,36,1,2026-01-08T06:54:03.476295,ok
1418944,0008239-93.2015.8.16.0018,36,1,2026-01-08T06:54:03.476295,ok
1418945,0008915-60.2023.8.16.0018,36,1,2026-01-08T06:54:03.476295,ok
1418946,0001344-04.2024.8.16.0018,36,1,2026-01-08T06:54:03.476295,ok
1418947,0001810-02.2024.8.16.0049,36,1,2026-01-08T06:54:03.476295,ok
1418948,0002438-28.2024.8.16.0069,36,1,2026-01-08T06:54:03.476295,ok
1418949,0000083-37.2024.8.16.0104,28,1,2026-01-08T06:54:03.476295,ok
1418950,0000054-67.2024.8.16.0142,28,1,2026-01-08T06:54:03.476295,ok
1418951,0001609-84.2023.8.16.0165,28,1,2026-01-08T06:54:03.476295,ok
1418952,0002506-29.2022.8.16.0204,28,1,2026-01-08T06:54:03.476295,ok
1418953,0006385-47.2024.8.16.0148,28,1,2026-01-08T06:54:03.476295,ok
1418954,0000844-91.2024.8.16.0064,28,1,2026-01-08T06:54:03.476295,ok
1418955,0010177-97.2023.8.16.0033,28,1,2026-01-08T06:54:03.476295,ok
1418956,0019631-49.2023.8.16.0018,28,1,2026-01-08T06:54:03.476295,ok
1418957,0021978-55.2023.8.16.0018,28,1,2026-01-08T06:54:03.476295,ok
1418958,0000348-31.2024.8.16.0139,28,1,2026-01-08T06:54:03.476295,ok
1418959,0014685-90.2024.8.16.0182,28,1,2026-01-08T06:54:03.476295,ok
1418960,0004616-86.2024.8.16.0056,28,1,2026-01-08T06:54:03.476295,ok
1418961,0003874-57.2024.8.16.0025,28,1,2026-01-08T06:54:03.476295,ok
1418962,0009483-31.2023.8.16.0130,28,1,2026-01-08T06:54:03.476295,ok
1418963,0001657-89.2022.8.16.0161,28,1,2026-01-08T06:54:03.476295,ok
1418964,0017660-56.2024.8.16.0030,28,1,2026-01-08T06:54:03.476295,ok
1418965,0013054-82.2022.8.16.0182,28,1,2026-01-08T06:54:03.476295,ok
1418966,0000911-04.2024.8.16.0049,28,1,2026-01-08T06:54:03.476295,ok
1418967,0003105-26.2023.8.16.0044,28,1,2026-01-08T06:54:03.476295,ok
1418968,0000010-80.2017.8.16.0049,28,1,2026-01-08T06:54:03.476295,ok
1418969,0000116-13.2024.8.16.0044,28,1,2026-01-08T06:54:03.476295,ok
1418970,0002159-62.2024.8.16.0030,28,1,2026-01-08T06:54:03.476295,ok
1418971,0014615-02.2024.8.16.0044,28,1,2026-01-08T06:54:03.476295,ok
1418972,0035682-98.2024.8.16.0019,28,1,2026-01-08T06:54:03.476295,ok
1418973,0008702-31.2023.8.16.0058,28,1,2026-01-08T06:54:03.476295,ok
1418974,0000274-77.2024.8.16.0138,28,1,2026-01-08T06:54:03.476295,ok
1418975,0043666-66.2023.8.16.0182,28,1,2026-01-08T06:54:03.476295,ok
1418976,0018293-86.2023.8.16.0035,28,1,2026-01-08T06:54:03.476295,ok
1418977,0018159-88.2024.8.16.0014,28,1,2026-01-08T06:54:03.476295,ok
1418978,0008123-46.2023.8.16.0038,28,1,2026-01-08T06:54:03.476295,ok
1418979,0014719-91.2024.8.16.0044,28,1,2026-01-08T06:54:03.476295,ok
1418980,0054497-42.2024.8.16.0182,28,1,2026-01-08T06:54:03.476295,ok
1418981,0003966-23.2024.8.16.0126,28,1,2026-01-08T06:54:03.476295,ok
1418982,0019228-46.2024.8.16.0018,28,1,2026-01-08T06:54:03.476295,ok
1418983,0045540-50.2024.8.16.0021,28,1,2026-01-08T06:54:03.476295,ok
1418984,0006065-11.2024.8.16.0014,28,1,2026-01-08T06:54:03.476295,ok
1418985,0004102-96.2023.8.16.0209,28,1,2026-01-08T06:54:03.476295,ok
1418986,0002870-37.2024.8.16.0137,28,1,2026-01-08T06:54:03.476295,ok
1418987,0015952-41.2023.8.16.0018,28,1,2026-01-08T06:54:03.476295,ok
1418988,0023618-08.2023.8.16.0014,28,1,2026-01-08T06:54:03.476295,ok
1418989,0000320-50.2024.8.16.0111,28,1,2026-01-08T06:54:03.476295,ok
1418990,0015255-06.2024.8.16.0173,28,1,2026-01-08T06:54:03.476295,ok
1418991,0001702-97.2024.8.16.0040,28,1,2026-01-08T06:54:03.476295,ok
1418992,0038062-27.2023.8.16.0182,28,1,2026-01-08T06:54:03.476295,ok
1418993,0002862-20.2023.8.16.0097,28,1,2026-01-08T06:54:03.476295,ok
1418994,0007705-71.2023.8.16.0018,28,1,2026-01-08T06:54:03.476295,ok
1418995,0011492-36.2024.8.16.0160,28,1,2026-01-08T06:54:03.476295,ok
1418996,0001522-50.2024.8.16.0018,28,1,2026-01-08T06:54:03.476295,ok
1418997,0030539-74.2014.8.16.0021,28,1,2026-01-08T06:54:03.476295,ok
1418998,0008483-44.2022.8.16.0190,31,1,2026-01-08T06:54:03.476295,ok
0,0001788-08.2021.8.16.0094,43,0,2026-01-08T06:54:03.396099,ignorado
0,0013972-93.2022.8.16.0018,43,0,2026-01-08T06:54:03.396120,ignorado
0,0001015-94.2020.8.16.0094,43,0,2026-01-08T06:54:03.396125,ignorado
0,0003375-17.2022.8.16.0131,43,0,2026-01-08T06:54:03.396129,ignorado
0,0003950-03.2021.8.16.0182,43,0,2026-01-08T06:54:03.396133,ignorado
0,0002534-52.2016.8.16.0092,43,0,2026-01-08T06:54:03.396137,ignorado
0,0001016-79.2020.8.16.0094,43,0,2026-01-08T06:54:03.396140,ignorado
0,0011177-36.2022.8.16.0044,43,0,2026-01-08T06:54:03.396144,ignorado
0,0002179-50.2020.8.16.0141,43,0,2026-01-08T06:54:03.396148,ignorado
0,0023091-76.2021.8.16.0030,43,0,2026-01-08T06:54:03.396151,ignorado
0,0000295-46.2021.8.16.0142,43,0,2026-01-08T06:54:03.396155,ignorado
0,0000447-22.2021.8.16.0166,43,0,2026-01-08T06:54:03.396158,ignorado
0,0010473-56.2022.8.16.0033,43,0,2026-01-08T06:54:03.396161,ignorado
0,0010699-63.2021.8.16.0173,43,0,2026-01-08T06:54:03.396165,ignorado
0,0002066-08.2021.8.16.0159,43,0,2026-01-08T06:54:03.396168,ignorado
0,0020287-74.2021.8.16.0018,43,0,2026-01-08T06:54:03.396171,ignorado
0,0003465-03.2021.8.16.0182,43,0,2026-01-08T06:54:03.396175,ignorado
0,0001270-18.2022.8.16.0018,43,0,2026-01-08T06:54:03.396178,ignorado
0,0008232-06.2022.8.16.0035,43,0,2026-01-08T06:54:03.396182,ignorado
0,0002357-72.2023.8.16.0018,43,0,2026-01-08T06:54:03.396185,ignorado
0,0001384-82.2022.8.16.0041,43,0,2026-01-08T06:54:03.396188,ignorado
0,0020173-67.2023.8.16.0018,43,0,2026-01-08T06:54:03.396191,ignorado
0,0020177-07.2023.8.16.0018,43,0,2026-01-08T06:54:03.396195,ignorado
0,0001512-27.2021.8.16.0142,43,0,2026-01-08T06:54:03.396198,ignorado
0,0003045-09.2022.8.16.0167,43,0,2026-01-08T06:54:03.396201,ignorado
0,0023568-45.2024.8.16.0014,43,0,2026-01-08T06:54:03.396204,ignorado
0,0015006-72.2022.8.16.0190,43,0,2026-01-08T06:54:03.396208,ignorado
0,0007799-86.2023.8.16.0028,43,0,2026-01-08T06:54:03.396211,ignorado
0,0000442-18.2024.8.16.0029,43,0,2026-01-08T06:54:03.396215,ignorado
0,0002823-08.2024.8.16.0026,43,0,2026-01-08T06:54:03.396218,ignorado
0,0001640-15.2023.8.16.0130,43,0,2026-01-08T06:54:03.396221,ignorado
0,0001658-28.2023.8.16.0068,43,0,2026-01-08T06:54:03.396225,ignorado
0,0024555-18.2023.8.16.0014,43,0,2026-01-08T06:54:03.396228,ignorado
0,0014892-15.2023.8.16.0024,43,0,2026-01-08T06:54:03.396231,ignorado
0,0000523-61.2023.8.16.0106,43,0,2026-01-08T06:54:03.396250,ignorado
0,0014152-68.2023.8.16.0182,43,0,2026-01-08T06:54:03.396256,ignorado
0,0001139-29.2022.8.16.0152,43,0,2026-01-08T06:54:03.396261,ignorado
0,0000645-48.2022.8.16.0029,43,0,2026-01-08T06:54:03.396267,ignorado
0,0002048-23.2022.8.16.0071,43,0,2026-01-08T06:54:03.396273,ignorado
0,0009146-06.2023.8.16.0045,43,0,2026-01-08T06:54:03.396278,ignorado
0,0005433-31.2024.8.16.0031,43,0,2026-01-08T06:54:03.396284,ignorado
0,0006384-67.2023.8.16.0190,43,0,2026-01-08T06:54:03.396290,ignorado
0,0006212-28.2023.8.16.0190,43,0,2026-01-08T06:54:03.396297,ignorado
0,0018074-88.2023.8.16.0030,43,0,2026-01-08T06:54:03.396303,ignorado
0,0052689-12.2018.8.16.0182,43,0,2026-01-08T06:54:03.396307,ignorado
0,0000525-57.2024.8.16.0086,43,0,2026-01-08T06:54:03.396311,ignorado
0,0010531-82.2024.8.16.0035,43,0,2026-01-08T06:54:03.396314,ignorado
0,0003333-84.2019.8.16.0094,43,0,2026-01-08T06:54:03.396317,ignorado
0,N/A,27,0,2026-01-08T06:54:03.468904,ignorado
0,N/A,27,0,2026-01-08T06:54:03.468952,ignorado
0,0003860-80.2023.8.16.0034,46,0,2026-01-08T06:54:03.688672,ignorado
0,0009832-77.2022.8.16.0030,46,0,2026-01-08T06:54:03.688703,ignorado
0,0005189-79.2018.8.16.0139,46,0,2026-01-08T06:54:03.688708,ignorado
0,0000632-06.2023.8.16.0129,46,0,2026-01-08T06:54:03.688712,ignorado
0,0002322-65.2023.8.16.0163,46,0,2026-01-08T06:54:03.688717,ignorado
0,0002339-85.2022.8.16.0018,46,0,2026-01-08T06:54:03.688720,ignorado
0,0003641-67.2023.8.16.0034,46,0,2026-01-08T06:54:03.688724,ignorado
0,0013974-63.2022.8.16.0018,46,0,2026-01-08T06:54:03.688727,ignorado
0,0003639-97.2023.8.16.0034,46,0,2026-01-08T06:54:03.688731,ignorado
0,0001332-49.2023.8.16.0042,46,0,2026-01-08T06:54:03.688734,ignorado
0,0002215-93.2021.8.16.0097,46,0,2026-01-08T06:54:03.688738,ignorado
0,0017780-69.2023.8.16.0019,46,0,2026-01-08T06:54:03.688742,ignorado
0,0000993-52.2021.8.16.0142,46,0,2026-01-08T06:54:03.688745,ignorado
0,0003629-53.2023.8.16.0034,46,0,2026-01-08T06:54:03.688749,ignorado
0,0000701-49.2022.8.16.0072,46,0,2026-01-08T06:54:03.688752,ignorado
0,0000865-04.2024.8.16.0182,46,0,2026-01-08T06:54:03.688756,ignorado
0,0001341-63.2018.8.16.0146,46,0,2026-01-08T06:54:03.688760,ignorado
0,0002039-08.2016.8.16.0092,46,0,2026-01-08T06:54:03.688763,ignorado
0,0000403-47.2023.8.16.0064,46,0,2026-01-08T06:54:03.688767,ignorado
0,0005704-08.2022.8.16.0129,46,0,2026-01-08T06:54:03.688771,ignorado
0,0013929-59.2022.8.16.0018,46,0,2026-01-08T06:54:03.688775,ignorado
0,0002722-95.2023.8.16.0190,46,0,2026-01-08T06:54:03.688779,ignorado
0,0001154-77.2022.8.16.0061,46,0,2026-01-08T06:54:03.688783,ignorado
0,0019417-29.2021.8.16.0018,46,0,2026-01-08T06:54:03.688787,ignorado
0,0002159-37.2021.8.16.0137,46,0,2026-01-08T06:54:03.688790,ignorado
0,0008441-15.2021.8.16.0130,46,0,2026-01-08T06:54:03.688794,ignorado
0,0002544-04.2021.8.16.0163,46,0,2026-01-08T06:54:03.688797,ignorado
0,0021924-04.2023.8.16.0014,46,0,2026-01-08T06:54:03.688801,ignorado
0,0003241-16.2023.8.16.0014,46,0,2026-01-08T06:54:03.688804,ignorado
0,0000249-34.2022.8.16.0106,46,0,2026-01-08T06:54:03.688807,ignorado
0,0002720-14.2021.8.16.0088,46,0,2026-01-08T06:54:03.688811,ignorado
0,0001644-51.2021.8.16.0056,46,0,2026-01-08T06:54:03.688814,ignorado
0,0056123-52.2023.8.16.0014,46,0,2026-01-08T06:54:03.688817,ignorado
0,0008091-94.2023.8.16.0182,46,0,2026-01-08T06:54:03.688822,ignorado
0,0022296-11.2018.8.16.0019,46,0,2026-01-08T06:54:03.688826,ignorado
0,0000443-29.2022.8.16.0043,46,0,2026-01-08T06:54:03.688829,ignorado
0,0000525-60.2024.8.16.0182,46,0,2026-01-08T06:54:03.688833,ignorado
0,0004192-20.2021.8.16.0098,46,0,2026-01-08T06:54:03.688836,ignorado
0,0058072-48.2022.8.16.0014,46,0,2026-01-08T06:54:03.688839,ignorado
0,0001372-22.2016.8.16.0092,46,0,2026-01-08T06:54:03.688843,ignorado
0,0002162-15.2022.8.16.0021,46,0,2026-01-08T06:54:03.688846,ignorado
0,0001202-45.2023.8.16.0079,46,0,2026-01-08T06:54:03.688849,ignorado
0,0001027-41.2020.8.16.0181,46,0,2026-01-08T06:54:03.688853,ignorado
0,0000188-81.2023.8.16.0093,46,0,2026-01-08T06:54:03.688856,ignorado
0,0001233-40.2024.8.16.9000,46,0,2026-01-08T06:54:03.688859,ignorado
0,0013994-96.2019.8.16.0038,46,0,2026-01-08T06:54:03.688862,ignorado
0,0023046-04.2023.8.16.0030,46,0,2026-01-08T06:54:03.688876,ignorado
0,0005407-94.2021.8.16.0174,46,0,2026-01-08T06:54:03.688882,ignorado
0,0001810-26.2021.8.16.0172,46,0,2026-01-08T06:54:03.688887,ignorado
0,0005985-85.2022.8.16.0024,46,0,2026-01-08T06:54:03.688892,ignorado
0,0005565-03.2019.8.16.0116,45,0,2026-01-08T06:54:03.844699,ignorado
0,0030901-29.2024.8.16.0182,45,0,2026-01-08T06:54:03.844738,ignorado
0,0001930-74.2022.8.16.0159,45,0,2026-01-08T06:54:03.844743,ignorado
0,0001717-37.2023.8.16.0061,45,0,2026-01-08T06:54:03.844747,ignorado
0,0002606-09.2024.8.16.9000,45,0,2026-01-08T06:54:03.844751,ignorado
0,0012904-11.2022.8.16.0018,45,0,2026-01-08T06:54:03.844755,ignorado
0,0033216-35.2023.8.16.0030,45,0,2026-01-08T06:54:03.844758,ignorado
0,0034296-34.2023.8.16.0030,45,0,2026-01-08T06:54:03.844762,ignorado
0,0002766-94.2024.8.16.0153,45,0,2026-01-08T06:54:03.844766,ignorado
0,0046035-18.2024.8.16.0014,45,0,2026-01-08T06:54:03.844770,ignorado
0,0002142-52.2022.8.16.0044,45,0,2026-01-08T06:54:03.844774,ignorado
0,0000675-49.2023.8.16.0126,45,0,2026-01-08T06:54:03.844777,ignorado
0,0023262-76.2024.8.16.0014,45,0,2026-01-08T06:54:03.844781,ignorado
0,0010893-57.2012.8.16.0083,45,0,2026-01-08T06:54:03.844784,ignorado
0,0019386-04.2024.8.16.0018,45,0,2026-01-08T06:54:03.844788,ignorado
0,0004498-30.2024.8.16.0018,45,0,2026-01-08T06:54:03.844791,ignorado
0,0023449-02.2023.8.16.0182,45,0,2026-01-08T06:54:03.844795,ignorado
0,0022864-47.2023.8.16.0182,45,0,2026-01-08T06:54:03.844798,ignorado
0,0036001-18.2023.8.16.0014,45,0,2026-01-08T06:54:03.844802,ignorado
0,0003096-69.2020.8.16.0141,45,0,2026-01-08T06:54:03.844806,ignorado
0,0026837-42.2022.8.16.0021,45,0,2026-01-08T06:54:03.844809,ignorado
0,0001271-82.2024.8.16.0163,45,0,2026-01-08T06:54:03.844813,ignorado
0,0033325-42.2024.8.16.0021,45,0,2026-01-08T06:54:03.844816,ignorado
0,0003791-65.2023.8.16.0190,45,0,2026-01-08T06:54:03.844819,ignorado
0,0002353-21.2024.8.16.9000,45,0,2026-01-08T06:54:03.844827,ignorado
0,0004461-98.2024.8.16.0148,45,0,2026-01-08T06:54:03.844831,ignorado
0,0014240-19.2022.8.16.0190,45,0,2026-01-08T06:54:03.844834,ignorado
0,0001869-21.2022.8.16.0029,45,0,2026-01-08T06:54:03.844838,ignorado
0,0005231-47.2022.8.16.0056,45,0,2026-01-08T06:54:03.844841,ignorado
0,0024479-48.2020.8.16.0030,45,0,2026-01-08T06:54:03.844844,ignorado
0,0004662-95.2023.8.16.0190,45,0,2026-01-08T06:54:03.844848,ignorado
0,0003061-21.2021.8.16.0159,45,0,2026-01-08T06:54:03.844852,ignorado
0,0014086-92.2023.8.16.0019,45,0,2026-01-08T06:54:03.844855,ignorado
0,0003233-46.2023.8.16.0044,45,0,2026-01-08T06:54:03.844859,ignorado
0,0024531-05.2022.8.16.0182,45,0,2026-01-08T06:54:03.844863,ignorado
0,0002140-06.2019.8.16.0168,45,0,2026-01-08T06:54:03.844866,ignorado
0,0002306-43.2021.8.16.0079,45,0,2026-01-08T06:54:03.844870,ignorado
0,0017348-46.2023.8.16.0182,45,0,2026-01-08T06:54:03.844874,ignorado
0,0080619-48.2023.8.16.0014,45,0,2026-01-08T06:54:03.844877,ignorado
0,0046788-87.2023.8.16.0182,45,0,2026-01-08T06:54:03.844881,ignorado
0,0002636-61.2019.8.16.0127,45,0,2026-01-08T06:54:03.844884,ignorado
0,0007805-90.2020.8.16.0160,45,0,2026-01-08T06:54:03.844887,ignorado
0,0000551-85.2023.8.16.0152,45,0,2026-01-08T06:54:03.844891,ignorado
0,0027308-98.2021.8.16.0019,45,0,2026-01-08T06:54:03.844894,ignorado
0,0045497-52.2023.8.16.0182,45,0,2026-01-08T06:54:03.844898,ignorado
0,0009808-61.2022.8.16.0026,45,0,2026-01-08T06:54:03.844901,ignorado
0,0004406-55.2023.8.16.0190,45,0,2026-01-08T06:54:03.844904,ignorado
0,0000571-41.2020.8.16.0036,45,0,2026-01-08T06:54:03.844907,ignorado
0,0004956-04.2023.8.16.9000,45,0,2026-01-08T06:54:03.855115,ignorado
0,0001624-46.2021.8.16.0093,47,0,2026-01-08T06:54:03.995053,ignorado
0,0001347-13.2023.8.16.9000,47,0,2026-01-08T06:54:03.995090,ignorado
0,0000218-15.2022.8.16.0041,47,0,2026-01-08T06:54:03.995096,ignorado
0,0001847-30.2022.8.16.0039,47,0,2026-01-08T06:54:03.995101,ignorado
0,0004017-15.2023.8.16.0079,47,0,2026-01-08T06:54:03.995105,ignorado
0,0003842-45.2021.8.16.0029,47,0,2026-01-08T06:54:03.995109,ignorado
0,0005538-40.2024.8.16.0182,47,0,2026-01-08T06:54:03.995112,ignorado
0,0001574-44.2023.8.16.0030,47,0,2026-01-08T06:54:03.995116,ignorado
0,0000049-83.2023.8.16.9000,47,0,2026-01-08T06:54:03.995120,ignorado
0,0001851-63.2023.8.16.0029,47,0,2026-01-08T06:54:03.995123,ignorado
0,0082697-15.2023.8.16.0014,47,0,2026-01-08T06:54:03.995127,ignorado
0,0000640-09.2020.8.16.0025,47,0,2026-01-08T06:54:03.995130,ignorado
0,0000442-65.2021.8.16.0209,47,0,2026-01-08T06:54:03.995134,ignorado
0,0002602-65.2023.8.16.0024,47,0,2026-01-08T06:54:03.995137,ignorado
0,0001778-72.2023.8.16.0100,47,0,2026-01-08T06:54:03.995141,ignorado
0,0007399-71.2023.8.16.0190,47,0,2026-01-08T06:54:03.995144,ignorado
0,0000625-42.2023.8.16.0152,47,0,2026-01-08T06:54:03.995147,ignorado
0,0000428-87.2024.8.16.9000,47,0,2026-01-08T06:54:03.995151,ignorado
0,0000806-43.2018.8.16.0144,47,0,2026-01-08T06:54:03.995154,ignorado
0,0003362-96.2023.8.16.0029,47,0,2026-01-08T06:54:03.995158,ignorado
0,0000295-73.2023.8.16.0175,47,0,2026-01-08T06:54:03.995162,ignorado
0,0005987-55.2022.8.16.0024,47,0,2026-01-08T06:54:03.995166,ignorado
0,0007817-96.2024.8.16.0182,47,0,2026-01-08T06:54:03.995169,ignorado
0,0000835-93.2024.8.16.9000,47,0,2026-01-08T06:54:03.995173,ignorado
0,0000826-82.2023.8.16.0039,47,0,2026-01-08T06:54:03.995176,ignorado
0,0000632-60.2024.8.16.0132,47,0,2026-01-08T06:54:03.995179,ignorado
0,0001424-38.2021.8.16.0158,47,0,2026-01-08T06:54:03.995183,ignorado
0,0003139-18.2023.8.16.0103,47,0,2026-01-08T06:54:03.995186,ignorado
0,0000952-31.2024.8.16.0029,47,0,2026-01-08T06:54:03.995189,ignorado
0,0002346-29.2024.8.16.0173,47,0,2026-01-08T06:54:03.995193,ignorado
0,0003048-55.2023.8.16.0190,47,0,2026-01-08T06:54:03.995196,ignorado
0,0006300-18.2022.8.16.0088,47,0,2026-01-08T06:54:03.995200,ignorado
0,0000459-07.2021.8.16.0111,47,0,2026-01-08T06:54:03.995204,ignorado
0,0003255-48.2024.8.16.0019,47,0,2026-01-08T06:54:03.995207,ignorado
0,0022300-05.2024.8.16.0030,47,0,2026-01-08T06:54:03.995211,ignorado
0,0039003-93.2023.8.16.0014,47,0,2026-01-08T06:54:03.995215,ignorado
0,0013329-94.2023.8.16.0182,47,0,2026-01-08T06:54:03.995218,ignorado
0,0000416-62.2024.8.16.0112,47,0,2026-01-08T06:54:03.995222,ignorado
0,0000407-58.2024.8.16.0029,47,0,2026-01-08T06:54:03.995226,ignorado
0,0000699-43.2024.8.16.0029,47,0,2026-01-08T06:54:03.995229,ignorado
0,0013990-73.2023.8.16.0182,47,0,2026-01-08T06:54:03.995233,ignorado
0,0011243-51.2023.8.16.0021,47,0,2026-01-08T06:54:03.995236,ignorado
0,0009817-86.2023.8.16.0026,47,0,2026-01-08T06:54:03.995239,ignorado
0,0011696-48.2023.8.16.0182,47,0,2026-01-08T06:54:03.995243,ignorado
0,0001222-63.2023.8.16.0070,47,0,2026-01-08T06:54:03.995246,ignorado
0,0003119-76.2023.8.16.0119,47,0,2026-01-08T06:54:03.995250,ignorado
0,0006488-83.2023.8.16.0182,47,0,2026-01-08T06:54:03.995253,ignorado
0,0070236-11.2023.8.16.0014,47,0,2026-01-08T06:54:03.995257,ignorado
0,0071255-86.2022.8.16.0014,48,0,2026-01-08T06:54:04.407259,ignorado
0,0041012-43.2022.8.16.0182,48,0,2026-01-08T06:54:04.407299,ignorado
0,0008984-51.2024.8.16.0182,48,0,2026-01-08T06:54:04.407309,ignorado
0,0004525-81.2022.8.16.0018,48,0,2026-01-08T06:54:04.407315,ignorado
0,0010261-56.2015.8.16.0170,48,0,2026-01-08T06:54:04.407319,ignorado
0,0008753-77.2023.8.16.0014,48,0,2026-01-08T06:54:04.407323,ignorado
0,0019248-20.2023.8.16.0035,48,0,2026-01-08T06:54:04.407327,ignorado
0,0003509-44.2024.8.16.9000,48,0,2026-01-08T06:54:04.407332,ignorado
0,0031430-67.2024.8.16.0014,48,0,2026-01-08T06:54:04.407339,ignorado
0,0007987-31.2023.8.16.0044,48,0,2026-01-08T06:54:04.407345,ignorado
0,0016688-52.2023.8.16.0182,48,0,2026-01-08T06:54:04.407351,ignorado
0,0005728-78.2022.8.16.0018,48,0,2026-01-08T06:54:04.407356,ignorado
0,0001470-05.2022.8.16.0154,48,0,2026-01-08T06:54:04.407362,ignorado
0,0000888-21.2024.8.16.0029,48,0,2026-01-08T06:54:04.407369,ignorado
0,0012954-78.2024.8.16.0014,48,0,2026-01-08T06:54:04.407375,ignorado
0,0002525-45.2021.8.16.0018,48,0,2026-01-08T06:54:04.407381,ignorado
0,0030098-65.2024.8.16.0014,48,0,2026-01-08T06:54:04.407387,ignorado
0,0017393-91.2022.8.16.0018,48,0,2026-01-08T06:54:04.407393,ignorado
0,0005930-73.2023.8.16.0033,48,0,2026-01-08T06:54:04.407399,ignorado
0,0004737-50.2023.8.16.0024,48,0,2026-01-08T06:54:04.407405,ignorado
0,0000527-63.2024.8.16.0074,48,0,2026-01-08T06:54:04.407412,ignorado
0,0007812-74.2024.8.16.0182,48,0,2026-01-08T06:54:04.407419,ignorado
0,0027822-61.2024.8.16.0014,48,0,2026-01-08T06:54:04.407425,ignorado
0,0002066-31.2024.8.16.0182,48,0,2026-01-08T06:54:04.407446,ignorado
0,0003052-65.2024.8.16.0026,48,0,2026-01-08T06:54:04.407452,ignorado
0,0002278-93.2021.8.16.0170,48,0,2026-01-08T06:54:04.407457,ignorado
0,0016714-48.2023.8.16.0021,48,0,2026-01-08T06:54:04.407463,ignorado
0,0013988-47.2022.8.16.0018,48,0,2026-01-08T06:54:04.407482,ignorado
0,0013808-31.2022.8.16.0018,48,0,2026-01-08T06:54:04.407488,ignorado
0,0019342-87.2021.8.16.0018,48,0,2026-01-08T06:54:04.407495,ignorado
0,0000443-25.2023.8.16.0130,48,0,2026-01-08T06:54:04.407500,ignorado
0,0003445-15.2023.8.16.0029,48,0,2026-01-08T06:54:04.407505,ignorado
0,0001974-61.2023.8.16.0029,48,0,2026-01-08T06:54:04.407509,ignorado
0,0001650-94.2021.8.16.0044,48,0,2026-01-08T06:54:04.407512,ignorado
0,0011531-88.2022.8.16.0035,48,0,2026-01-08T06:54:04.407516,ignorado
0,0019291-06.2022.8.16.0030,48,0,2026-01-08T06:54:04.407520,ignorado
0,0021234-87.2022.8.16.0182,48,0,2026-01-08T06:54:04.407523,ignorado
0,0001716-79.2022.8.16.0128,48,0,2026-01-08T06:54:04.407526,ignorado
0,0001765-57.2021.8.16.0128,48,0,2026-01-08T06:54:04.407529,ignorado
0,0002015-30.2023.8.16.0190,48,0,2026-01-08T06:54:04.407533,ignorado
0,0000610-28.2023.8.16.0167,48,0,2026-01-08T06:54:04.407537,ignorado
0,0038697-42.2024.8.16.0030,48,0,2026-01-08T06:54:04.407540,ignorado
0,0018695-85.2023.8.16.0030,48,0,2026-01-08T06:54:04.407544,ignorado
0,0003858-20.2024.8.16.0182,48,0,2026-01-08T06:54:04.407555,ignorado
0,0050414-80.2024.8.16.0182,50,0,2026-01-08T06:54:09.403102,ignorado
0,0079081-95.2024.8.16.0014,50,0,2026-01-08T06:54:09.403137,ignorado
0,0036682-36.2024.8.16.0019,50,0,2026-01-08T06:54:09.403144,ignorado
0,0020281-62.2024.8.16.0018,50,0,2026-01-08T06:54:09.403148,ignorado
0,0004759-04.2024.8.16.0209,50,0,2026-01-08T06:54:09.403153,ignorado
0,0050780-22.2024.8.16.0182,50,0,2026-01-08T06:54:09.403156,ignorado
0,0002553-07.2024.8.16.0180,50,0,2026-01-08T06:54:09.403161,ignorado
0,0081879-29.2024.8.16.0014,50,0,2026-01-08T06:54:09.403165,ignorado
0,0053478-98.2024.8.16.0182,50,0,2026-01-08T06:54:09.403171,ignorado
0,0034387-26.2024.8.16.0019,49,0,2026-01-08T06:54:11.495302,ignorado
0,N/A,54,0,2026-01-08T06:54:12.232601,ignorado
0,0003883-72.2024.8.16.0072,56,0,2026-01-08T06:54:12.264891,ignorado
0,0010615-05.2022.8.16.0019,56,0,2026-01-08T06:54:12.264915,ignorado
0,0008592-44.2024.8.16.0075,56,0,2026-01-08T06:54:12.264921,ignorado
0,0007048-25.2023.8.16.0182,56,0,2026-01-08T06:54:12.264926,ignorado
0,0042037-57.2023.8.16.0182,56,0,2026-01-08T06:54:12.264929,ignorado
0,0009559-48.2024.8.16.0024,56,0,2026-01-08T06:54:12.264933,ignorado
0,0014391-57.2024.8.16.0014,56,0,2026-01-08T06:54:12.264937,ignorado
0,0024214-55.2024.8.16.0014,56,0,2026-01-08T06:54:12.264940,ignorado
0,0002316-29.2024.8.16.0129,56,0,2026-01-08T06:54:12.264944,ignorado
0,0044533-23.2024.8.16.0021,56,0,2026-01-08T06:54:12.264947,ignorado
0,0005869-22.2024.8.16.0182,56,0,2026-01-08T06:54:12.264951,ignorado
0,0019897-92.2024.8.16.0182,56,0,2026-01-08T06:54:12.264955,ignorado
0,0066780-53.2023.8.16.0014,56,0,2026-01-08T06:54:12.264959,ignorado
0,0003237-51.2023.8.16.0184,56,0,2026-01-08T06:54:12.264962,ignorado
0,0015034-37.2023.8.16.0018,56,0,2026-01-08T06:54:12.264966,ignorado
0,0005750-17.2022.8.16.0090,56,0,2026-01-08T06:54:12.264970,ignorado
0,0005030-22.2024.8.16.0109,56,0,2026-01-08T06:54:12.264973,ignorado
0,0005012-34.2024.8.16.0195,56,0,2026-01-08T06:54:12.264977,ignorado
0,0002266-17.2024.8.16.0189,56,0,2026-01-08T06:54:12.264980,ignorado
0,0011194-19.2023.8.16.0018,56,0,2026-01-08T06:54:12.264984,ignorado
0,0016358-62.2023.8.16.0018,56,0,2026-01-08T06:54:12.264988,ignorado
0,0049311-38.2024.8.16.0182,56,0,2026-01-08T06:54:12.264991,ignorado
0,0032827-79.2023.8.16.0182,56,0,2026-01-08T06:54:12.265006,ignorado
0,0026321-36.2019.8.16.0018,56,0,2026-01-08T06:54:12.265010,ignorado
0,0049312-23.2024.8.16.0182,56,0,2026-01-08T06:54:12.265013,ignorado
0,0018490-58.2024.8.16.0018,56,0,2026-01-08T06:54:12.265017,ignorado
0,0000589-53.2024.8.16.0026,56,0,2026-01-08T06:54:12.265020,ignorado
0,0000701-23.2022.8.16.0113,56,0,2026-01-08T06:54:12.265024,ignorado
0,0003664-41.2021.8.16.0209,56,0,2026-01-08T06:54:12.265028,ignorado
0,0001442-84.2024.8.16.0148,56,0,2026-01-08T06:54:12.265032,ignorado
0,0014584-31.2022.8.16.0018,56,0,2026-01-08T06:54:12.265035,ignorado
0,0001295-25.2023.8.16.0138,56,0,2026-01-08T06:54:12.265039,ignorado
0,0003703-88.2024.8.16.0126,56,0,2026-01-08T06:54:12.265043,ignorado
0,0046272-31.2024.8.16.0021,56,0,2026-01-08T06:54:12.265046,ignorado
0,0046277-53.2024.8.16.0021,56,0,2026-01-08T06:54:12.265050,ignorado
0,0005466-80.2024.8.16.9000,56,0,2026-01-08T06:54:12.265054,ignorado
0,N/A,56,0,2026-01-08T06:54:12.265064,ignorado
0,N/A,53,0,2026-01-08T06:54:12.598750,ignorado
0,0002067-42.2024.8.16.0044,55,0,2026-01-08T06:54:17.544509,ignorado
0,0006217-47.2024.8.16.0018,55,0,2026-01-08T06:54:17.544513,ignorado
0,0000305-97.2024.8.16.0138,55,0,2026-01-08T06:54:17.544517,ignorado
0,0019654-83.2023.8.16.0021,55,0,2026-01-08T06:54:17.544520,ignorado
0,0037125-78.2024.8.16.0021,55,0,2026-01-08T06:54:17.544523,ignorado
0,0004096-59.2019.8.16.0038,55,0,2026-01-08T06:54:17.544526,ignorado
0,0040454-37.2023.8.16.0182,55,0,2026-01-08T06:54:17.544530,ignorado
0,0003101-90.2021.8.16.0033,55,0,2026-01-08T06:54:17.544533,ignorado
0,0012297-80.2023.8.16.0044,55,0,2026-01-08T06:54:17.544536,ignorado
0,0000081-16.2022.8.16.0079,55,0,2026-01-08T06:54:17.544540,ignorado
0,0006265-86.2024.8.16.0153,64,0,2026-01-08T06:54:22.832738,ignorado
0,N/A,64,0,2026-01-08T06:54:22.832894,ignorado
0,N/A,65,0,2026-01-08T06:54:23.053281,ignorado
0,N/A,60,0,2026-01-08T06:54:30.426530,ignorado
0,N/A,70,0,2026-01-08T06:54:35.174355,ignorado
0,N/A,70,0,2026-01-08T06:54:35.174363,ignorado
0,N/A,70,0,2026-01-08T06:54:35.174369,ignorado
0,N/A,70,0,2026-01-08T06:54:35.174376,ignorado
0,N/A,70,0,2026-01-08T06:54:35.174382,ignorado
0,N/A,70,0,2026-01-08T06:54:35.174388,ignorado
0,N/A,70,0,2026-01-08T06:54:35.174394,ignorado
0,N/A,71,0,2026-01-08T06:54:36.516713,ignorado
0,N/A,71,0,2026-01-08T06:54:36.516764,ignorado
0,N/A,73,0,2026-01-08T06:54:37.392057,ignorado
0,N/A,73,0,2026-01-08T06:54:37.392171,ignorado
0,N/A,73,0,2026-01-08T06:54:37.392201,ignorado
0,N/A,73,0,2026-01-08T06:54:37.392236,ignorado
0,N/A,73,0,2026-01-08T06:54:37.392262,ignorado
0,N/A,73,0,2026-01-08T06:54:37.392274,ignorado
0,N/A,73,0,2026-01-08T06:54:37.392291,ignorado
0,N/A,73,0,2026-01-08T06:54:37.392298,ignorado
0,N/A,73,0,2026-01-08T06:54:37.392306,ignorado
0,N/A,73,0,2026-01-08T06:54:37.392330,ignorado
0,N/A,72,0,2026-01-08T06:54:40.665598,ignorado
1418999,0126975-12.2024.8.16.0000,31,2,2026-01-08T06:54:41.746184,ok
1419000,0131089-91.2024.8.16.0000,31,2,2026-01-08T06:54:41.746184,ok
1419001,0123198-19.2024.8.16.0000,31,2,2026-01-08T06:54:41.746184,ok
1419002,0131489-08.2024.8.16.0000,31,2,2026-01-08T06:54:41.746184,ok
1419003,0090959-59.2024.8.16.0000,31,2,2026-01-08T06:54:41.746184,ok
1419004,0096039-04.2024.8.16.0000,31,2,2026-01-08T06:54:41.746184,ok
1419005,0097394-49.2024.8.16.0000,31,2,2026-01-08T06:54:41.746184,ok
1419006,0131161-78.2024.8.16.0000,31,2,2026-01-08T06:54:41.746184,ok
1419007,0001767-36.2015.8.16.0193,31,2,2026-01-08T06:54:41.746184,ok
1419008,0004185-63.2010.8.16.0017,31,2,2026-01-08T06:54:41.746184,ok
1419009,0013738-40.2015.8.16.0024,31,2,2026-01-08T06:54:41.746184,ok
1419010,0000616-55.2020.8.16.0162,31,2,2026-01-08T06:54:41.746184,ok
1419011,0021160-33.2024.8.16.0030,31,2,2026-01-08T06:54:41.746184,ok
1419012,0117180-79.2024.8.16.0000,31,2,2026-01-08T06:54:41.746184,ok
1419013,0034472-24.2009.8.16.0185,31,2,2026-01-08T06:54:41.746184,ok
1419014,0131422-43.2024.8.16.0000,31,2,2026-01-08T06:54:41.746184,ok
1419015,0001637-14.2022.8.16.0189,31,2,2026-01-08T06:54:41.746184,ok
1419016,0124706-97.2024.8.16.0000,31,2,2026-01-08T06:54:41.746184,ok
1419017,0087898-93.2024.8.16.0000,31,2,2026-01-08T06:54:41.746184,ok
1419018,0003672-82.2024.8.16.0089,31,2,2026-01-08T06:54:41.746184,ok
1419019,0122969-59.2024.8.16.0000,31,2,2026-01-08T06:54:41.746184,ok
1419020,0131674-46.2024.8.16.0000,31,2,2026-01-08T06:54:41.746184,ok
1419021,0130219-46.2024.8.16.0000,31,2,2026-01-08T06:54:41.746184,ok
1419022,0003266-05.2022.8.16.0001,31,2,2026-01-08T06:54:41.746184,ok
1419023,0002835-81.2021.8.16.0105,31,2,2026-01-08T06:54:41.746184,ok
1419024,0009564-03.2024.8.16.0014,31,2,2026-01-08T06:54:41.746184,ok
1419025,0016621-60.2024.8.16.0018,31,2,2026-01-08T06:54:41.746184,ok
1419026,0000229-49.2024.8.16.0146,31,2,2026-01-08T06:54:41.746184,ok
1419027,0054330-25.2024.8.16.0182,31,2,2026-01-08T06:54:41.746184,ok
1419028,0038317-04.2023.8.16.0014,31,2,2026-01-08T06:54:41.746184,ok
1419029,0005599-85.2024.8.16.0153,31,2,2026-01-08T06:54:41.746184,ok
1419030,0055063-88.2024.8.16.0182,31,2,2026-01-08T06:54:41.746184,ok
1419031,0052313-16.2024.8.16.0182,31,2,2026-01-08T06:54:41.746184,ok
1419032,0118863-54.2024.8.16.0000,31,2,2026-01-08T06:54:41.746184,ok
1419033,0098322-97.2024.8.16.0000,31,2,2026-01-08T06:54:41.746184,ok
1419034,0103847-60.2024.8.16.0000,31,2,2026-01-08T06:54:41.746184,ok
1419035,0120137-53.2024.8.16.0000,31,2,2026-01-08T06:54:41.746184,ok
1419036,0123557-66.2024.8.16.0000,31,2,2026-01-08T06:54:41.746184,ok
1419037,0121589-98.2024.8.16.0000,31,2,2026-01-08T06:54:41.746184,ok
1419038,0098082-11.2024.8.16.0000,31,2,2026-01-08T06:54:41.746184,ok
1419039,0128286-38.2024.8.16.0000,31,2,2026-01-08T06:54:41.746184,ok
1419040,0098702-23.2024.8.16.0000,31,2,2026-01-08T06:54:41.746184,ok
1419041,0016189-70.2024.8.16.0170,31,2,2026-01-08T06:54:41.746184,ok
1419042,0115416-58.2024.8.16.0000,31,2,2026-01-08T06:54:41.746184,ok
1419043,0125733-18.2024.8.16.0000,31,2,2026-01-08T06:54:41.746184,ok
1419044,0125141-71.2024.8.16.0000,31,2,2026-01-08T06:54:41.746184,ok
1419045,0112632-11.2024.8.16.0000,31,2,2026-01-08T06:54:41.746184,ok
1419046,0043119-87.2024.8.16.0021,31,2,2026-01-08T06:54:41.746184,ok
1419047,0027816-45.2024.8.16.0017,31,2,2026-01-08T06:54:41.746184,ok
1419048,0007780-32.2023.8.16.0044,37,2,2026-01-08T06:54:41.746184,ok
1419049,0002003-30.2024.8.16.0077,37,2,2026-01-08T06:54:41.746184,ok
1419050,0011732-18.2024.8.16.0033,37,2,2026-01-08T06:54:41.746184,ok
1419051,0008147-03.2024.8.16.0018,37,2,2026-01-08T06:54:41.746184,ok
1419052,0007544-61.2023.8.16.0018,37,2,2026-01-08T06:54:41.746184,ok
1419053,0002039-11.2024.8.16.0162,37,2,2026-01-08T06:54:41.746184,ok
1419054,0004247-97.2024.8.16.0119,37,2,2026-01-08T06:54:41.746184,ok
1419055,0020517-14.2024.8.16.0018,37,2,2026-01-08T06:54:41.746184,ok
1419056,0001586-86.2024.8.16.0171,37,2,2026-01-08T06:54:41.746184,ok
1419057,0082136-54.2024.8.16.0014,37,2,2026-01-08T06:54:41.746184,ok
1419058,0073671-90.2023.8.16.0014,37,2,2026-01-08T06:54:41.746184,ok
1419059,0000613-08.2024.8.16.0018,37,2,2026-01-08T06:54:41.746184,ok
1419060,0000819-66.2024.8.16.0068,37,2,2026-01-08T06:54:41.746184,ok
1419061,0003201-68.2021.8.16.0090,37,2,2026-01-08T06:54:41.746184,ok
1419062,0031576-30.2023.8.16.0019,37,2,2026-01-08T06:54:41.746184,ok
1419063,0052714-15.2024.8.16.0182,37,2,2026-01-08T06:54:41.746184,ok
1419064,0004561-64.2024.8.16.0209,37,2,2026-01-08T06:54:41.746184,ok
1419065,0005996-03.2024.8.16.0103,37,2,2026-01-08T06:54:41.746184,ok
1419066,0004706-78.2024.8.16.0029,37,2,2026-01-08T06:54:41.746184,ok
1419067,0007244-19.2024.8.16.0098,37,2,2026-01-08T06:54:41.746184,ok
1419068,0013190-59.2024.8.16.0069,37,2,2026-01-08T06:54:41.746184,ok
1419069,0050734-31.2024.8.16.0021,37,2,2026-01-08T06:54:41.746184,ok
1419070,0002936-73.2024.8.16.0183,37,2,2026-01-08T06:54:41.746184,ok
1419071,0014934-77.2024.8.16.0170,37,2,2026-01-08T06:54:41.746184,ok
1419072,0015360-89.2024.8.16.0170,37,2,2026-01-08T06:54:41.746184,ok
1419073,0004579-43.2024.8.16.0029,37,2,2026-01-08T06:54:41.746184,ok
1419074,0001707-02.2021.8.16.0113,37,2,2026-01-08T06:54:41.746184,ok
1419075,0008472-32.2024.8.16.0000,37,2,2026-01-08T06:54:41.746184,ok
1419076,0001470-33.2023.8.16.0004,37,2,2026-01-08T06:54:41.746184,ok
1419077,0005666-21.2024.8.16.0001,37,2,2026-01-08T06:54:41.746184,ok
1419078,0012675-98.2023.8.16.0185,43,2,2026-01-08T06:54:41.746184,ok
1419079,0012675-98.2023.8.16.0185,43,2,2026-01-08T06:54:41.746184,ok
1419080,0005011-16.2024.8.16.0109,27,2,2026-01-08T06:54:41.746184,ok
1419081,0007191-41.2024.8.16.0000,27,2,2026-01-08T06:54:41.746184,ok
1419082,0005105-26.2024.8.16.0153,27,2,2026-01-08T06:54:41.746184,ok
1419083,0005720-69.2024.8.16.0103,27,2,2026-01-08T06:54:41.746184,ok
1419084,0078716-41.2024.8.16.0014,27,2,2026-01-08T06:54:41.746184,ok
1419085,0012933-30.2024.8.16.0038,27,2,2026-01-08T06:54:41.746184,ok
1419086,0008897-54.2024.8.16.0034,27,2,2026-01-08T06:54:41.746184,ok
1419087,0014138-77.2024.8.16.0173,27,2,2026-01-08T06:54:41.746184,ok
1419088,0006375-62.2024.8.16.0193,27,2,2026-01-08T06:54:41.746184,ok
1419089,0017987-52.2024.8.16.0013,27,2,2026-01-08T06:54:41.746184,ok
1419090,0007067-27.2024.8.16.0075,27,2,2026-01-08T06:54:41.746184,ok
1419091,0019577-64.2024.8.16.0013,27,2,2026-01-08T06:54:41.746184,ok
1419092,0012592-08.2024.8.16.0069,27,2,2026-01-08T06:54:41.746184,ok
1419093,0036569-49.2024.8.16.0030,27,2,2026-01-08T06:54:41.746184,ok
1419094,0002752-34.2024.8.16.0049,27,2,2026-01-08T06:54:41.746184,ok
1419095,0119717-48.2024.8.16.0000,27,2,2026-01-08T06:54:41.746184,ok
1419096,0005789-34.2024.8.16.0190,27,2,2026-01-08T06:54:41.746184,ok
1419097,0012870-09.2024.8.16.0069,27,2,2026-01-08T06:54:41.746184,ok
1419098,0010443-72.2024.8.16.0058,27,2,2026-01-08T06:54:41.746184,ok
1419099,0107498-03.2024.8.16.0000,27,2,2026-01-08T06:54:41.746184,ok
1419100,0029174-64.2022.8.16.0001,27,2,2026-01-08T06:54:41.746184,ok
1419101,0076763-42.2024.8.16.0014,27,2,2026-01-08T06:54:41.746184,ok
1419102,0047025-85.2024.8.16.0021,27,2,2026-01-08T06:54:41.746184,ok
1419103,0132204-50.2024.8.16.0000,27,2,2026-01-08T06:54:41.746184,ok
1419104,0130313-91.2024.8.16.0000,27,2,2026-01-08T06:54:41.746184,ok
1419105,0110966-72.2024.8.16.0000,27,2,2026-01-08T06:54:41.746184,ok
1419106,0016302-80.2023.8.16.0001,27,2,2026-01-08T06:54:41.746184,ok
1419107,0018841-85.2024.8.16.0194,27,2,2026-01-08T06:54:41.746184,ok
1419108,0052424-37.2019.8.16.0000,27,2,2026-01-08T06:54:41.746184,ok
1419109,0070834-62.2023.8.16.0014,27,2,2026-01-08T06:54:41.746184,ok
1419110,0035940-26.2024.8.16.0014,27,2,2026-01-08T06:54:41.746184,ok
1419111,0031319-39.2022.8.16.0019,27,2,2026-01-08T06:54:41.746184,ok
1419112,0000269-68.2024.8.16.0069,27,2,2026-01-08T06:54:41.746184,ok
1419113,0002184-82.2023.8.16.0039,27,2,2026-01-08T06:54:41.746184,ok
1419114,0008668-45.2024.8.16.0018,27,2,2026-01-08T06:54:41.746184,ok
1419115,0003551-92.2024.8.16.0044,27,2,2026-01-08T06:54:41.746184,ok
1419116,0003305-48.2023.8.16.0039,27,2,2026-01-08T06:54:41.746184,ok
1419117,0000392-65.2023.8.16.0113,27,2,2026-01-08T06:54:41.746184,ok
1419118,0008685-81.2024.8.16.0018,27,2,2026-01-08T06:54:41.746184,ok
1419119,0010999-90.2024.8.16.0182,27,2,2026-01-08T06:54:41.746184,ok
1419120,0002023-02.2023.8.16.0127,27,2,2026-01-08T06:54:41.746184,ok
1419121,0005762-42.2023.8.16.0075,27,2,2026-01-08T06:54:41.746184,ok
1419122,0002658-65.2024.8.16.0153,27,2,2026-01-08T06:54:41.746184,ok
1419123,0000011-08.2022.8.16.0076,27,2,2026-01-08T06:54:41.746184,ok
1419124,0001410-79.2003.8.16.0095,27,2,2026-01-08T06:54:41.746184,ok
1419125,0070855-38.2023.8.16.0014,27,2,2026-01-08T06:54:41.746184,ok
1419126,0012550-06.2022.8.16.0173,27,2,2026-01-08T06:54:41.746184,ok
1419127,0000468-86.2024.8.16.0038,27,2,2026-01-08T06:54:41.746184,ok
1419128,0014561-43.2018.8.16.0045,45,2,2026-01-08T06:54:41.746184,ok
1419129,0029552-98.2014.8.16.0001,47,2,2026-01-08T06:54:41.746184,ok
1419130,0029552-98.2014.8.16.0001,47,2,2026-01-08T06:54:41.746184,ok
1419131,0031669-91.2016.8.16.0001,48,2,2026-01-08T06:54:41.746184,ok
1419132,0031669-91.2016.8.16.0001,48,2,2026-01-08T06:54:41.746184,ok
1419133,0000152-87.2017.8.16.0048,48,2,2026-01-08T06:54:41.746184,ok
1419134,0000152-87.2017.8.16.0048,48,2,2026-01-08T06:54:41.746184,ok
1419135,0000347-93.2008.8.16.0143,48,2,2026-01-08T06:54:41.746184,ok
1419136,0000347-93.2008.8.16.0143,48,2,2026-01-08T06:54:41.746184,ok
1419137,0011203-63.2024.8.16.0044,50,2,2026-01-08T06:54:41.746184,ok
1419138,0015620-96.2021.8.16.0001,50,2,2026-01-08T06:54:41.746184,ok
1419139,0029327-63.2023.8.16.0001,50,2,2026-01-08T06:54:41.746184,ok
1419140,0000156-73.2022.8.16.0170,50,2,2026-01-08T06:54:41.746184,ok
1419141,0047597-07.2024.8.16.0000,50,2,2026-01-08T06:54:41.746184,ok
1419142,0000997-06.2023.8.16.0050,50,2,2026-01-08T06:54:41.746184,ok
1419143,0002298-04.2022.8.16.0153,50,2,2026-01-08T06:54:41.746184,ok
1419144,0004496-14.2022.8.16.0153,50,2,2026-01-08T06:54:41.746184,ok
1419145,0017632-30.2024.8.16.0017,50,2,2026-01-08T06:54:41.746184,ok
1419146,0013197-59.2019.8.16.0026,50,2,2026-01-08T06:54:41.746184,ok
1419147,0071328-87.2024.8.16.0014,50,2,2026-01-08T06:54:41.746184,ok
1419148,0036100-98.2022.8.16.0021,50,2,2026-01-08T06:54:41.746184,ok
1419149,0024252-52.2024.8.16.0019,50,2,2026-01-08T06:54:41.746184,ok
1419150,0008627-33.2024.8.16.0130,50,2,2026-01-08T06:54:41.746184,ok
1419151,0050173-70.2024.8.16.0000,50,2,2026-01-08T06:54:41.746184,ok
1419152,0002457-14.2024.8.16.0108,50,2,2026-01-08T06:54:41.746184,ok
1419153,0033496-96.2024.8.16.0021,50,2,2026-01-08T06:54:41.746184,ok
1419154,0035132-63.2024.8.16.0000,50,2,2026-01-08T06:54:41.746184,ok
1419155,0001941-60.2009.8.16.0159,50,2,2026-01-08T06:54:41.746184,ok
1419156,0000272-93.2020.8.16.0091,50,2,2026-01-08T06:54:41.746184,ok
1419157,0051242-40.2024.8.16.0000,50,2,2026-01-08T06:54:41.746184,ok
1419158,0059153-06.2024.8.16.0000,50,2,2026-01-08T06:54:41.746184,ok
1419159,0009117-32.2024.8.16.0170,50,2,2026-01-08T06:54:41.746184,ok
1419160,0026780-12.2017.8.16.0017,50,2,2026-01-08T06:54:41.746184,ok
1419161,0018175-52.2022.8.16.0001,50,2,2026-01-08T06:54:41.746184,ok
1419162,0058504-41.2024.8.16.0000,50,2,2026-01-08T06:54:41.746184,ok
1419163,0036239-45.2024.8.16.0000,50,2,2026-01-08T06:54:41.746184,ok
1419164,0050402-30.2024.8.16.0000,50,2,2026-01-08T06:54:41.746184,ok
1419165,0040997-67.2024.8.16.0000,50,2,2026-01-08T06:54:41.746184,ok
1419166,0047356-33.2024.8.16.0000,50,2,2026-01-08T06:54:41.746184,ok
1419167,0050832-79.2024.8.16.0000,50,2,2026-01-08T06:54:41.746184,ok
1419168,0008260-28.2022.8.16.0017,50,2,2026-01-08T06:54:41.746184,ok
1419169,0051355-91.2024.8.16.0000,50,2,2026-01-08T06:54:41.746184,ok
1419170,0055772-87.2024.8.16.0000,50,2,2026-01-08T06:54:41.746184,ok
1419171,0050378-02.2024.8.16.0000,50,2,2026-01-08T06:54:41.746184,ok
1419172,0062843-35.2023.8.16.0014,50,2,2026-01-08T06:54:41.746184,ok
1419173,0063717-28.2024.8.16.0000,50,2,2026-01-08T06:54:41.746184,ok
1419174,0013004-89.2024.8.16.0019,50,2,2026-01-08T06:54:41.746184,ok
1419175,0050415-29.2024.8.16.0000,50,2,2026-01-08T06:54:41.746184,ok
1419176,0047839-63.2024.8.16.0000,50,2,2026-01-08T06:54:41.746184,ok
1419177,0054216-50.2024.8.16.0000,50,2,2026-01-08T06:54:41.746184,ok
1419178,0000206-73.2015.8.16.0161,49,2,2026-01-08T06:54:41.746184,ok
1419179,0002375-90.2014.8.16.0024,49,2,2026-01-08T06:54:41.746184,ok
1419180,0002375-90.2014.8.16.0024,49,2,2026-01-08T06:54:41.746184,ok
1419181,0002384-52.2014.8.16.0024,49,2,2026-01-08T06:54:41.746184,ok
1419182,0002384-52.2014.8.16.0024,49,2,2026-01-08T06:54:41.746184,ok
1419183,0131764-54.2024.8.16.0000,49,2,2026-01-08T06:54:41.746184,ok
1419184,0013146-52.2023.8.16.0044,49,2,2026-01-08T06:54:41.746184,ok
1419185,0013695-68.2022.8.16.0021,49,2,2026-01-08T06:54:41.746184,ok
1419186,0004349-02.2022.8.16.0116,49,2,2026-01-08T06:54:41.746184,ok
1419187,0032021-29.2024.8.16.0014,49,2,2026-01-08T06:54:41.746184,ok
1419188,0024286-31.2018.8.16.0021,49,2,2026-01-08T06:54:41.746184,ok
1419189,0004825-85.2015.8.16.0148,49,2,2026-01-08T06:54:41.746184,ok
1419190,0014885-18.2012.8.16.0021,49,2,2026-01-08T06:54:41.746184,ok
1419191,0001075-17.2013.8.16.0190,49,2,2026-01-08T06:54:41.746184,ok
1419192,0007827-90.2012.8.16.0173,49,2,2026-01-08T06:54:41.746184,ok
1419193,0004079-38.2022.8.16.0193,49,2,2026-01-08T06:54:41.746184,ok
1419194,0071598-14.2024.8.16.0014,49,2,2026-01-08T06:54:41.746184,ok
1419195,0002428-08.2018.8.16.0129,49,2,2026-01-08T06:54:41.746184,ok
1419196,0000533-18.2021.8.16.0190,49,2,2026-01-08T06:54:41.746184,ok
1419197,0006416-79.2023.8.16.0026,49,2,2026-01-08T06:54:41.746184,ok
1419198,0000733-50.2020.8.16.0193,49,2,2026-01-08T06:54:41.746184,ok
1419199,0000514-03.2021.8.16.0193,49,2,2026-01-08T06:54:41.746184,ok
1419200,0010675-47.2022.8.16.0190,49,2,2026-01-08T06:54:41.746184,ok
1419201,0003446-65.2014.8.16.0174,49,2,2026-01-08T06:54:41.746184,ok
1419202,0006814-29.2017.8.16.0190,49,2,2026-01-08T06:54:41.746184,ok
1419203,0003257-49.2022.8.16.0193,49,2,2026-01-08T06:54:41.746184,ok
1419204,0012856-21.2022.8.16.0190,49,2,2026-01-08T06:54:41.746184,ok
1419205,0003730-13.2024.8.16.0210,49,2,2026-01-08T06:54:41.746184,ok
1419206,0011584-89.2022.8.16.0190,49,2,2026-01-08T06:54:41.746184,ok
1419207,0010232-28.2014.8.16.0174,49,2,2026-01-08T06:54:41.746184,ok
1419208,0000460-66.2021.8.16.0151,49,2,2026-01-08T06:54:41.746184,ok
1419209,0001053-03.2020.8.16.0193,49,2,2026-01-08T06:54:41.746184,ok
1419210,0004251-43.2023.8.16.0193,49,2,2026-01-08T06:54:41.746184,ok
1419211,0098668-48.2024.8.16.0000,49,2,2026-01-08T06:54:41.746184,ok
1419212,0017964-37.2008.8.16.0185,49,2,2026-01-08T06:54:41.746184,ok
1419213,0001576-49.2021.8.16.0041,49,2,2026-01-08T06:54:41.746184,ok
1419214,0022244-77.2016.8.16.0021,49,2,2026-01-08T06:54:41.746184,ok
1419215,0006705-54.2022.8.16.0185,49,2,2026-01-08T06:54:41.746184,ok
1419216,0023399-57.2012.8.16.0021,49,2,2026-01-08T06:54:41.746184,ok
1419217,0001067-73.2022.8.16.0077,49,2,2026-01-08T06:54:41.746184,ok
1419218,0007585-49.2024.8.16.0129,49,2,2026-01-08T06:54:41.746184,ok
1419219,0016502-53.2007.8.16.0129,49,2,2026-01-08T06:54:41.746184,ok
1419220,0021664-24.2010.8.16.0129,49,2,2026-01-08T06:54:41.746184,ok
1419221,0010942-75.2020.8.16.0194,49,2,2026-01-08T06:54:41.746184,ok
1419222,0002288-91.2015.8.16.0124,49,2,2026-01-08T06:54:41.746184,ok
1419223,0003445-97.2018.8.16.0123,49,2,2026-01-08T06:54:41.746184,ok
1419224,0004837-82.2023.8.16.0160,49,2,2026-01-08T06:54:41.746184,ok
1419225,0003066-75.2024.8.16.0179,49,2,2026-01-08T06:54:41.746184,ok
1419226,0014837-85.2022.8.16.0190,49,2,2026-01-08T06:54:41.746184,ok
1419227,0003267-10.2024.8.16.0004,54,2,2026-01-08T06:54:41.746184,ok
1419228,0001099-89.2020.8.16.0193,54,2,2026-01-08T06:54:41.746184,ok
1419229,0006600-21.2023.8.16.0160,54,2,2026-01-08T06:54:41.746184,ok
1419230,0001650-64.2023.8.16.0193,54,2,2026-01-08T06:54:41.746184,ok
1419231,0016392-61.2024.8.16.0031,54,2,2026-01-08T06:54:41.746184,ok
1419232,0078840-66.2024.8.16.0000,54,2,2026-01-08T06:54:41.746184,ok
1419233,0003625-72.2024.8.16.0004,54,2,2026-01-08T06:54:41.746184,ok
1419234,0006147-84.2024.8.16.0000,54,2,2026-01-08T06:54:41.746184,ok
1419235,0000633-95.2020.8.16.0193,54,2,2026-01-08T06:54:41.746184,ok
1419236,0002330-59.2022.8.16.0104,54,2,2026-01-08T06:54:41.746184,ok
1419237,0032659-12.2022.8.16.0021,54,2,2026-01-08T06:54:41.746184,ok
1419238,0019215-35.2023.8.16.0001,54,2,2026-01-08T06:54:41.746184,ok
1419239,0015985-34.2022.8.16.0190,54,2,2026-01-08T06:54:41.746184,ok
1419240,0003919-86.2024.8.16.0146,54,2,2026-01-08T06:54:41.746184,ok
1419241,0005282-83.2018.8.16.0190,54,2,2026-01-08T06:54:41.746184,ok
1419242,0005213-90.2004.8.16.0174,54,2,2026-01-08T06:54:41.746184,ok
1419243,0086796-36.2024.8.16.0000,54,2,2026-01-08T06:54:41.746184,ok
1419244,0088731-14.2024.8.16.0000,54,2,2026-01-08T06:54:41.746184,ok
1419245,0083297-44.2024.8.16.0000,54,2,2026-01-08T06:54:41.746184,ok
1419246,0075873-48.2024.8.16.0000,54,2,2026-01-08T06:54:41.746184,ok
1419247,0056929-95.2024.8.16.0000,54,2,2026-01-08T06:54:41.746184,ok
1419248,0008966-90.2017.8.16.0112,54,2,2026-01-08T06:54:41.746184,ok
1419249,0025964-89.2009.8.16.0185,54,2,2026-01-08T06:54:41.746184,ok
1419250,0003879-31.2022.8.16.0193,54,2,2026-01-08T06:54:41.746184,ok
1419251,0000724-30.2021.8.16.0104,54,2,2026-01-08T06:54:41.746184,ok
1419252,0001903-57.2020.8.16.0193,54,2,2026-01-08T06:54:41.746184,ok
1419253,0079892-97.2024.8.16.0000,54,2,2026-01-08T06:54:41.746184,ok
1419254,0009398-18.2018.8.16.0131,54,2,2026-01-08T06:54:41.746184,ok
1419255,0002181-53.2023.8.16.0193,54,2,2026-01-08T06:54:41.746184,ok
1419256,0000339-09.2021.8.16.0193,54,2,2026-01-08T06:54:41.746184,ok
1419257,0005149-66.2017.8.16.0193,54,2,2026-01-08T06:54:41.746184,ok
1419258,0001793-53.2023.8.16.0193,54,2,2026-01-08T06:54:41.746184,ok
1419259,0086293-15.2024.8.16.0000,54,2,2026-01-08T06:54:41.746184,ok
1419260,0021082-92.2021.8.16.0014,54,2,2026-01-08T06:54:41.746184,ok
1419261,0010201-93.2024.8.16.0194,54,2,2026-01-08T06:54:41.746184,ok
1419262,0000777-98.2022.8.16.0193,54,2,2026-01-08T06:54:41.746184,ok
1419263,0055243-68.2024.8.16.0000,54,2,2026-01-08T06:54:41.746184,ok
1419264,0006728-94.2021.8.16.0165,54,2,2026-01-08T06:54:41.746184,ok
1419265,0003319-94.2019.8.16.0193,54,2,2026-01-08T06:54:41.746184,ok
1419266,0094414-32.2024.8.16.0000,54,2,2026-01-08T06:54:41.746184,ok
1419267,0034017-38.2010.8.16.0019,54,2,2026-01-08T06:54:41.746184,ok
1419268,0097658-66.2024.8.16.0000,54,2,2026-01-08T06:54:41.746184,ok
1419269,0000900-67.2020.8.16.0193,54,2,2026-01-08T06:54:41.746184,ok
1419270,0002551-12.2023.8.16.0038,54,2,2026-01-08T06:54:41.746184,ok
1419271,0006477-51.2015.8.16.0112,54,2,2026-01-08T06:54:41.746184,ok
1419272,0004984-51.2012.8.16.0045,54,2,2026-01-08T06:54:41.746184,ok
1419273,0001990-03.2023.8.16.0033,54,2,2026-01-08T06:54:41.746184,ok
1419274,0007752-82.2021.8.16.0190,54,2,2026-01-08T06:54:41.746184,ok
1419275,0000243-33.2017.8.16.0193,54,2,2026-01-08T06:54:41.746184,ok
1419276,0006651-39.2023.8.16.0190,56,2,2026-01-08T06:54:41.746184,ok
1419277,0004304-50.2024.8.16.9000,56,2,2026-01-08T06:54:41.746184,ok
1419278,4002547-22.2024.8.16.4321,56,2,2026-01-08T06:54:41.746184,ok
1419279,0008453-69.2024.8.16.0018,56,2,2026-01-08T06:54:41.746184,ok
1419280,0001570-24.2024.8.16.0110,56,2,2026-01-08T06:54:41.746184,ok
1419281,0045797-12.2023.8.16.0021,56,2,2026-01-08T06:54:41.746184,ok
1419282,0002630-75.2024.8.16.0031,56,2,2026-01-08T06:54:41.746184,ok
1419283,0040259-18.2024.8.16.0182,56,2,2026-01-08T06:54:41.746184,ok
1419284,0028709-94.2022.8.16.0182,56,2,2026-01-08T06:54:41.746184,ok
1419285,0004575-22.2023.8.16.0035,56,2,2026-01-08T06:54:41.746184,ok
1419286,0016552-44.2023.8.16.0024,56,2,2026-01-08T06:54:41.746184,ok
1419287,0021518-59.2023.8.16.0021,56,2,2026-01-08T06:54:41.746184,ok
1419288,0005002-20.2024.8.16.0185,56,2,2026-01-08T06:54:41.746184,ok
1419289,0000486-27.2022.8.16.0152,53,2,2026-01-08T06:54:41.746184,ok
1419290,0002162-69.2023.8.16.0121,53,2,2026-01-08T06:54:41.746184,ok
1419291,0008576-12.2024.8.16.0004,53,2,2026-01-08T06:54:41.746184,ok
1419292,4003681-84.2024.8.16.4321,53,2,2026-01-08T06:54:41.746184,ok
1419293,0007605-60.2023.8.16.0069,53,2,2026-01-08T06:54:41.746184,ok
1419294,0034150-90.2023.8.16.0030,53,2,2026-01-08T06:54:41.746184,ok
1419295,0005542-97.2022.8.16.0004,53,2,2026-01-08T06:54:41.746184,ok
1419296,0069363-19.2024.8.16.0000,53,2,2026-01-08T06:54:41.746184,ok
1419297,0007120-65.2024.8.16.0056,53,2,2026-01-08T06:54:41.746184,ok
1419298,0005867-81.2022.8.16.0001,53,2,2026-01-08T06:54:41.746184,ok
1419299,0010541-24.2024.8.16.0069,53,2,2026-01-08T06:54:41.746184,ok
1419300,0094703-62.2024.8.16.0000,53,2,2026-01-08T06:54:41.746184,ok
1419301,0092615-51.2024.8.16.0000,53,2,2026-01-08T06:54:41.746184,ok
1419302,0094641-22.2024.8.16.0000,53,2,2026-01-08T06:54:41.746184,ok
1419303,0080885-43.2024.8.16.0000,53,2,2026-01-08T06:54:41.746184,ok
1419304,0099090-23.2024.8.16.0000,53,2,2026-01-08T06:54:41.746184,ok
1419305,0002666-54.2024.8.16.0149,53,2,2026-01-08T06:54:41.746184,ok
1419306,0088775-33.2024.8.16.0000,53,2,2026-01-08T06:54:41.746184,ok
1419307,0004043-15.2016.8.16.0190,53,2,2026-01-08T06:54:41.746184,ok
1419308,0000483-31.2022.8.16.0004,53,2,2026-01-08T06:54:41.746184,ok
1419309,0073316-88.2024.8.16.0000,53,2,2026-01-08T06:54:41.746184,ok
1419310,0044060-03.2024.8.16.0000,53,2,2026-01-08T06:54:41.746184,ok
1419311,0007738-50.2016.8.16.0004,53,2,2026-01-08T06:54:41.746184,ok
1419312,0061082-74.2024.8.16.0000,53,2,2026-01-08T06:54:41.746184,ok
1419313,0005300-61.2019.8.16.0193,53,2,2026-01-08T06:54:41.746184,ok
1419314,0001010-13.2022.8.16.0091,53,2,2026-01-08T06:54:41.746184,ok
1419315,0080746-91.2024.8.16.0000,53,2,2026-01-08T06:54:41.746184,ok
1419316,0070460-54.2024.8.16.0000,53,2,2026-01-08T06:54:41.746184,ok
1419317,0078822-45.2024.8.16.0000,53,2,2026-01-08T06:54:41.746184,ok
1419318,0000803-67.2020.8.16.0193,53,2,2026-01-08T06:54:41.746184,ok
1419319,0053949-78.2024.8.16.0000,53,2,2026-01-08T06:54:41.746184,ok
1419320,0002361-50.2015.8.16.0193,53,2,2026-01-08T06:54:41.746184,ok
1419321,0000540-09.2022.8.16.0179,53,2,2026-01-08T06:54:41.746184,ok
1419322,0008575-40.2024.8.16.0129,53,2,2026-01-08T06:54:41.746184,ok
1419323,0059897-56.2024.8.16.0014,53,2,2026-01-08T06:54:41.746184,ok
1419324,0000800-87.2021.8.16.0190,53,2,2026-01-08T06:54:41.746184,ok
1419325,0087027-63.2024.8.16.0000,53,2,2026-01-08T06:54:41.746184,ok
1419326,0090609-71.2024.8.16.0000,53,2,2026-01-08T06:54:41.746184,ok
1419327,0085989-16.2024.8.16.0000,53,2,2026-01-08T06:54:41.746184,ok
1419328,0011298-58.2024.8.16.0185,53,2,2026-01-08T06:54:41.746184,ok
1419329,0005186-43.2023.8.16.0077,53,2,2026-01-08T06:54:41.746184,ok
1419330,0001510-06.2013.8.16.0185,53,2,2026-01-08T06:54:41.746184,ok
1419331,0006186-93.2024.8.16.0190,53,2,2026-01-08T06:54:41.746184,ok
1419332,0001484-65.2018.8.16.0077,53,2,2026-01-08T06:54:41.746184,ok
1419333,0080779-81.2024.8.16.0000,53,2,2026-01-08T06:54:41.746184,ok
1419334,0074740-68.2024.8.16.0000,53,2,2026-01-08T06:54:41.746184,ok
1419335,0009384-17.2024.8.16.0004,53,2,2026-01-08T06:54:41.746184,ok
1419336,0086277-61.2024.8.16.0000,53,2,2026-01-08T06:54:41.746184,ok
1419337,0077859-37.2024.8.16.0000,53,2,2026-01-08T06:54:41.746184,ok
1419338,0007319-49.2024.8.16.0004,52,2,2026-01-08T06:54:41.746184,ok
1419339,0037055-61.2023.8.16.0000,52,2,2026-01-08T06:54:41.746184,ok
1419340,0001185-95.2021.8.16.0170,52,2,2026-01-08T06:54:41.746184,ok
1419341,0065102-71.2021.8.16.0014,52,2,2026-01-08T06:54:41.746184,ok
1419342,0011671-03.2023.8.16.0031,52,2,2026-01-08T06:54:41.746184,ok
1419343,0008721-76.2023.8.16.0045,52,2,2026-01-08T06:54:41.746184,ok
1419344,0087881-57.2024.8.16.0000,52,2,2026-01-08T06:54:41.746184,ok
1419345,0065283-12.2024.8.16.0000,52,2,2026-01-08T06:54:41.746184,ok
1419346,0020434-20.2022.8.16.0001,52,2,2026-01-08T06:54:41.746184,ok
1419347,0090224-26.2024.8.16.0000,52,2,2026-01-08T06:54:41.746184,ok
1419348,0089637-04.2024.8.16.0000,52,2,2026-01-08T06:54:41.746184,ok
1419349,4000203-40.2024.8.16.0030,52,2,2026-01-08T06:54:41.746184,ok
1419350,0064205-72.2023.8.16.0014,52,2,2026-01-08T06:54:41.746184,ok
1419351,0005477-77.2010.8.16.0116,52,2,2026-01-08T06:54:41.746184,ok
1419352,0007195-40.2020.8.16.0058,52,2,2026-01-08T06:54:41.746184,ok
1419353,0083226-42.2024.8.16.0000,52,2,2026-01-08T06:54:41.746184,ok
1419354,0056416-30.2024.8.16.0000,52,2,2026-01-08T06:54:41.746184,ok
1419355,0005352-78.2023.8.16.0173,52,2,2026-01-08T06:54:41.746184,ok
1419356,0003796-58.2021.8.16.0190,52,2,2026-01-08T06:54:41.746184,ok
1419357,0002570-89.2024.8.16.0100,52,2,2026-01-08T06:54:41.746184,ok
1419358,0099536-26.2024.8.16.0000,52,2,2026-01-08T06:54:41.746184,ok
1419359,0001047-34.2022.8.16.0190,52,2,2026-01-08T06:54:41.746184,ok
1419360,0035276-34.2024.8.16.0001,52,2,2026-01-08T06:54:41.746184,ok
1419361,4000586-51.2024.8.16.0019,52,2,2026-01-08T06:54:41.746184,ok
1419362,0004517-47.2024.8.16.0079,52,2,2026-01-08T06:54:41.746184,ok
1419363,0102485-23.2024.8.16.0000,52,2,2026-01-08T06:54:41.746184,ok
1419364,0090597-57.2024.8.16.0000,52,2,2026-01-08T06:54:41.746184,ok
1419365,0089635-34.2024.8.16.0000,52,2,2026-01-08T06:54:41.746184,ok
1419366,0000803-79.2021.8.16.0113,52,2,2026-01-08T06:54:41.746184,ok
1419367,0010958-44.2023.8.16.0058,52,2,2026-01-08T06:54:41.746184,ok
1419368,0009233-89.2020.8.16.0069,52,2,2026-01-08T06:54:41.746184,ok
1419369,0122573-82.2024.8.16.0000,52,2,2026-01-08T06:54:41.746184,ok
1419370,0127009-84.2024.8.16.0000,52,2,2026-01-08T06:54:41.746184,ok
1419371,0000092-09.2024.8.16.0133,52,2,2026-01-08T06:54:41.746184,ok
1419372,0027579-07.2011.8.16.0004,52,2,2026-01-08T06:54:41.746184,ok
1419373,0009691-68.2024.8.16.0004,52,2,2026-01-08T06:54:41.746184,ok
1419374,0020108-14.2015.8.16.0031,52,2,2026-01-08T06:54:41.746184,ok
1419375,0100269-89.2024.8.16.0000,52,2,2026-01-08T06:54:41.746184,ok
1419376,0060964-98.2024.8.16.0000,52,2,2026-01-08T06:54:41.746184,ok
1419377,0007852-78.2020.8.16.0026,52,2,2026-01-08T06:54:41.746184,ok
1419378,0001204-97.2024.8.16.0202,52,2,2026-01-08T06:54:41.746184,ok
1419379,0007888-57.2024.8.16.0131,52,2,2026-01-08T06:54:41.746184,ok
1419380,0099708-65.2024.8.16.0000,52,2,2026-01-08T06:54:41.746184,ok
1419381,0001117-53.2021.8.16.0136,52,2,2026-01-08T06:54:41.746184,ok
1419382,0089724-57.2024.8.16.0000,52,2,2026-01-08T06:54:41.746184,ok
1419383,0007306-87.2024.8.16.0024,52,2,2026-01-08T06:54:41.746184,ok
1419384,0089361-70.2024.8.16.0000,52,2,2026-01-08T06:54:41.746184,ok
1419385,4001440-60.2024.8.16.0014,52,2,2026-01-08T06:54:41.746184,ok
1419386,0029803-48.2022.8.16.0030,52,2,2026-01-08T06:54:41.746184,ok
1419387,0126345-53.2024.8.16.0000,52,2,2026-01-08T06:54:41.746184,ok
1419388,0055971-12.2024.8.16.0000,51,2,2026-01-08T06:54:41.746184,ok
1419389,0046866-11.2024.8.16.0000,51,2,2026-01-08T06:54:41.746184,ok
1419390,0047209-07.2024.8.16.0000,51,2,2026-01-08T06:54:41.746184,ok
1419391,0051727-40.2024.8.16.0000,51,2,2026-01-08T06:54:41.746184,ok
1419392,0001794-10.2024.8.16.0094,51,2,2026-01-08T06:54:41.746184,ok
1419393,0002318-60.2018.8.16.0112,51,2,2026-01-08T06:54:41.746184,ok
1419394,0041567-24.2023.8.16.0021,51,2,2026-01-08T06:54:41.746184,ok
1419395,0003862-49.2012.8.16.0159,51,2,2026-01-08T06:54:41.746184,ok
1419396,0005454-96.2023.8.16.0045,51,2,2026-01-08T06:54:41.746184,ok
1419397,0013157-16.2023.8.16.0001,51,2,2026-01-08T06:54:41.746184,ok
1419398,0024547-32.2023.8.16.0017,51,2,2026-01-08T06:54:41.746184,ok
1419399,0033620-37.2023.8.16.0014,51,2,2026-01-08T06:54:41.746184,ok
1419400,0000900-44.2020.8.16.0039,51,2,2026-01-08T06:54:41.746184,ok
1419401,0064323-56.2024.8.16.0000,51,2,2026-01-08T06:54:41.746184,ok
1419402,0062125-46.2024.8.16.0000,51,2,2026-01-08T06:54:41.746184,ok
1419403,0043293-62.2024.8.16.0000,51,2,2026-01-08T06:54:41.746184,ok
1419404,0023781-95.2021.8.16.0001,51,2,2026-01-08T06:54:41.746184,ok
1419405,0010341-68.2023.8.16.0031,51,2,2026-01-08T06:54:41.746184,ok
1419406,0020501-34.2022.8.16.0017,51,2,2026-01-08T06:54:41.746184,ok
1419407,0004622-09.2023.8.16.0160,51,2,2026-01-08T06:54:41.746184,ok
1419408,0011776-12.2019.8.16.0001,51,2,2026-01-08T06:54:41.746184,ok
1419409,0009239-05.2023.8.16.0130,51,2,2026-01-08T06:54:41.746184,ok
1419410,0004291-53.2022.8.16.0001,51,2,2026-01-08T06:54:41.746184,ok
1419411,0070445-85.2024.8.16.0000,51,2,2026-01-08T06:54:41.746184,ok
1419412,0058796-26.2024.8.16.0000,51,2,2026-01-08T06:54:41.746184,ok
1419413,0061488-95.2024.8.16.0000,51,2,2026-01-08T06:54:41.746184,ok
1419414,0060458-25.2024.8.16.0000,51,2,2026-01-08T06:54:41.746184,ok
1419415,0008599-93.2024.8.16.0056,51,2,2026-01-08T06:54:41.746184,ok
1419416,0073369-69.2024.8.16.0000,51,2,2026-01-08T06:54:41.746184,ok
1419417,0017823-63.2023.8.16.0194,51,2,2026-01-08T06:54:41.746184,ok
1419418,0063410-74.2024.8.16.0000,51,2,2026-01-08T06:54:41.746184,ok
1419419,0009932-20.2024.8.16.0173,51,2,2026-01-08T06:54:41.746184,ok
1419420,0078640-59.2024.8.16.0000,51,2,2026-01-08T06:54:41.746184,ok
1419421,0064282-89.2024.8.16.0000,51,2,2026-01-08T06:54:41.746184,ok
1419422,0084137-54.2024.8.16.0000,51,2,2026-01-08T06:54:41.746184,ok
1419423,0054268-46.2024.8.16.0000,51,2,2026-01-08T06:54:41.746184,ok
1419424,0000018-44.2024.8.16.0168,51,2,2026-01-08T06:54:41.746184,ok
1419425,0014602-38.2024.8.16.0194,51,2,2026-01-08T06:54:41.746184,ok
1419426,0000200-81.2020.8.16.0067,51,2,2026-01-08T06:54:41.746184,ok
1419427,0020725-25.2016.8.16.0035,51,2,2026-01-08T06:54:41.746184,ok
1419428,0070408-50.2023.8.16.0014,51,2,2026-01-08T06:54:41.746184,ok
1419429,0023467-52.2021.8.16.0001,51,2,2026-01-08T06:54:41.746184,ok
1419430,0018721-98.2008.8.16.0001,51,2,2026-01-08T06:54:41.746184,ok
1419431,0002174-66.2023.8.16.0062,51,2,2026-01-08T06:54:41.746184,ok
1419432,0004129-40.2017.8.16.0193,51,2,2026-01-08T06:54:41.746184,ok
1419433,0062410-39.2024.8.16.0000,51,2,2026-01-08T06:54:41.746184,ok
1419434,0030635-03.2024.8.16.0001,51,2,2026-01-08T06:54:41.746184,ok
1419435,0061839-68.2024.8.16.0000,51,2,2026-01-08T06:54:41.746184,ok
1419436,0004735-08.2019.8.16.0158,51,2,2026-01-08T06:54:41.746184,ok
1419437,0022678-19.2022.8.16.0001,51,2,2026-01-08T06:54:41.746184,ok
1419438,0000876-73.2019.8.16.0193,55,2,2026-01-08T06:54:41.746184,ok
1419439,0004827-11.2024.8.16.0190,55,2,2026-01-08T06:54:41.746184,ok
1419440,0000295-92.2018.8.16.0193,55,2,2026-01-08T06:54:41.746184,ok
1419441,0000306-48.2023.8.16.0193,55,2,2026-01-08T06:54:41.746184,ok
1419442,0001718-27.2021.8.16.0179,55,2,2026-01-08T06:54:41.746184,ok
1419443,0000916-21.2020.8.16.0193,55,2,2026-01-08T06:54:41.746184,ok
1419444,0015367-90.2015.8.16.0075,55,2,2026-01-08T06:54:41.746184,ok
1419445,0000573-59.2019.8.16.0193,55,2,2026-01-08T06:54:41.746184,ok
1419446,0000744-79.2020.8.16.0193,55,2,2026-01-08T06:54:41.746184,ok
1419447,0000285-48.2018.8.16.0193,55,2,2026-01-08T06:54:41.746184,ok
1419448,5000259-93.2017.8.16.0000,55,2,2026-01-08T06:54:41.746184,ok
1419449,0000640-19.2022.8.16.0193,55,2,2026-01-08T06:54:41.746184,ok
1419450,0018242-51.2021.8.16.0001,55,2,2026-01-08T06:54:41.746184,ok
1419451,0096126-57.2024.8.16.0000,55,2,2026-01-08T06:54:41.746184,ok
1419452,0073595-74.2024.8.16.0000,55,2,2026-01-08T06:54:41.746184,ok
1419453,0000814-96.2020.8.16.0193,55,2,2026-01-08T06:54:41.746184,ok
1419454,0089470-84.2024.8.16.0000,55,2,2026-01-08T06:54:41.746184,ok
1419455,0000619-14.2020.8.16.0193,55,2,2026-01-08T06:54:41.746184,ok
1419456,0030599-39.2022.8.16.0030,55,2,2026-01-08T06:54:41.746184,ok
1419457,0006447-37.2019.8.16.0189,55,2,2026-01-08T06:54:41.746184,ok
1419458,0000307-30.2023.8.16.0194,55,2,2026-01-08T06:54:41.746184,ok
1419459,0077867-14.2024.8.16.0000,55,2,2026-01-08T06:54:41.746184,ok
1419460,0000507-32.2023.8.16.0131,55,2,2026-01-08T06:54:41.746184,ok
1419461,0078549-66.2024.8.16.0000,55,2,2026-01-08T06:54:41.746184,ok
1419462,0009997-69.2011.8.16.0173,55,2,2026-01-08T06:54:41.746184,ok
1419463,0010945-88.2023.8.16.0173,55,2,2026-01-08T06:54:41.746184,ok
1419464,0002086-19.2022.8.16.0141,55,2,2026-01-08T06:54:41.746184,ok
1419465,0000798-78.2023.8.16.0148,55,2,2026-01-08T06:54:41.746184,ok
1419466,0075028-16.2024.8.16.0000,55,2,2026-01-08T06:54:41.746184,ok
1419467,0000779-04.2023.8.16.0106,55,2,2026-01-08T06:54:41.746184,ok
1419468,0094061-89.2024.8.16.0000,55,2,2026-01-08T06:54:41.746184,ok
1419469,0013273-94.2021.8.16.0129,55,2,2026-01-08T06:54:41.746184,ok
1419470,0005253-66.2024.8.16.0014,55,2,2026-01-08T06:54:41.746184,ok
1419471,0024392-60.2018.8.16.0031,55,2,2026-01-08T06:54:41.746184,ok
1419472,0023883-54.2017.8.16.0035,55,2,2026-01-08T06:54:41.746184,ok
1419473,0097860-43.2024.8.16.0000,55,2,2026-01-08T06:54:41.746184,ok
1419474,0007075-52.2021.8.16.0190,55,2,2026-01-08T06:54:41.746184,ok
1419475,0005600-66.2018.8.16.0190,55,2,2026-01-08T06:54:41.746184,ok
1419476,0000358-15.2021.8.16.0193,55,2,2026-01-08T06:54:41.746184,ok
1419477,0001844-64.2023.8.16.0193,55,2,2026-01-08T06:54:41.746184,ok
1419478,0020406-83.2013.8.16.0028,57,2,2026-01-08T06:54:41.746184,ok
1419479,0001526-60.2022.8.16.0082,57,2,2026-01-08T06:54:41.746184,ok
1419480,0007678-18.2024.8.16.0030,57,2,2026-01-08T06:54:41.746184,ok
1419481,0119512-19.2024.8.16.0000,57,2,2026-01-08T06:54:41.746184,ok
1419482,0002580-20.2019.8.16.0162,57,2,2026-01-08T06:54:41.746184,ok
1419483,0002892-12.2024.8.16.0100,57,2,2026-01-08T06:54:41.746184,ok
1419484,0131202-45.2024.8.16.0000,57,2,2026-01-08T06:54:41.746184,ok
1419485,0014725-19.2023.8.16.0017,57,2,2026-01-08T06:54:41.746184,ok
1419486,0001128-80.2022.8.16.0190,57,2,2026-01-08T06:54:41.746184,ok
1419487,0130157-06.2024.8.16.0000,57,2,2026-01-08T06:54:41.746184,ok
1419488,0003623-62.2024.8.16.0179,57,2,2026-01-08T06:54:41.746184,ok
1419489,0001952-34.2023.8.16.0148,57,2,2026-01-08T06:54:41.746184,ok
1419490,0011901-46.2023.8.16.0160,57,2,2026-01-08T06:54:41.746184,ok
1419491,0000444-58.2022.8.16.0190,57,2,2026-01-08T06:54:41.746184,ok
1419492,0111253-35.2024.8.16.0000,57,2,2026-01-08T06:54:41.746184,ok
1419493,0003937-95.2017.8.16.0100,57,2,2026-01-08T06:54:41.746184,ok
1419494,0131565-32.2024.8.16.0000,57,2,2026-01-08T06:54:41.746184,ok
1419495,0022220-34.2024.8.16.0000,57,2,2026-01-08T06:54:41.746184,ok
1419496,0112206-96.2024.8.16.0000,57,2,2026-01-08T06:54:41.746184,ok
1419497,0012945-61.2024.8.16.0000,57,2,2026-01-08T06:54:41.746184,ok
1419498,0084487-42.2024.8.16.0000,57,2,2026-01-08T06:54:41.746184,ok
1419499,0104667-79.2024.8.16.0000,57,2,2026-01-08T06:54:41.746184,ok
1419500,0097252-45.2024.8.16.0000,57,2,2026-01-08T06:54:41.746184,ok
1419501,0051680-66.2024.8.16.0000,57,2,2026-01-08T06:54:41.746184,ok
1419502,0088269-57.2024.8.16.0000,57,2,2026-01-08T06:54:41.746184,ok
1419503,0038775-36.2024.8.16.0030,57,2,2026-01-08T06:54:41.746184,ok
1419504,0029324-26.2024.8.16.0017,57,2,2026-01-08T06:54:41.746184,ok
1419505,0057966-14.2011.8.16.0001,57,2,2026-01-08T06:54:41.746184,ok
1419506,0076265-85.2024.8.16.0000,57,2,2026-01-08T06:54:41.746184,ok
1419507,0013584-68.2008.8.16.0185,57,2,2026-01-08T06:54:41.746184,ok
1419508,0002838-68.2013.8.16.0185,57,2,2026-01-08T06:54:41.746184,ok
1419509,0000090-50.2024.8.16.0000,57,2,2026-01-08T06:54:41.746184,ok
1419510,0029520-47.2024.8.16.0000,57,2,2026-01-08T06:54:41.746184,ok
1419511,0126490-12.2024.8.16.0000,57,2,2026-01-08T06:54:41.746184,ok
1419512,0075664-79.2024.8.16.0000,57,2,2026-01-08T06:54:41.746184,ok
1419513,0012609-44.2017.8.16.0019,57,2,2026-01-08T06:54:41.746184,ok
1419514,0002866-09.2023.8.16.0113,57,2,2026-01-08T06:54:41.746184,ok
1419515,0021583-37.2021.8.16.0017,57,2,2026-01-08T06:54:41.746184,ok
1419516,0007054-06.2017.8.16.0194,57,2,2026-01-08T06:54:41.746184,ok
1419517,0103703-86.2024.8.16.0000,57,2,2026-01-08T06:54:41.746184,ok
1419518,0001960-15.2021.8.16.0137,57,2,2026-01-08T06:54:41.746184,ok
1419519,0000220-78.2013.8.16.0112,57,2,2026-01-08T06:54:41.746184,ok
1419520,0009880-56.2024.8.16.0033,57,2,2026-01-08T06:54:41.746184,ok
1419521,0106288-14.2024.8.16.0000,57,2,2026-01-08T06:54:41.746184,ok
1419522,0023611-89.2019.8.16.0035,57,2,2026-01-08T06:54:41.746184,ok
1419523,0023938-34.2022.8.16.0001,57,2,2026-01-08T06:54:41.746184,ok
1419524,0075807-68.2024.8.16.0000,57,2,2026-01-08T06:54:41.746184,ok
1419525,0000672-15.2022.8.16.0196,57,2,2026-01-08T06:54:41.746184,ok
1419526,0063876-68.2024.8.16.0000,57,2,2026-01-08T06:54:41.746184,ok
1419527,0001168-06.2023.8.16.0068,57,2,2026-01-08T06:54:41.746184,ok
1419528,0004945-40.2021.8.16.0077,58,2,2026-01-08T06:54:41.746184,ok
1419529,0073148-44.2024.8.16.0014,58,2,2026-01-08T06:54:41.746184,ok
1419530,0088416-83.2024.8.16.0000,58,2,2026-01-08T06:54:41.746184,ok
1419531,0000925-11.2022.8.16.0161,58,2,2026-01-08T06:54:41.746184,ok
1419532,0088687-92.2024.8.16.0000,58,2,2026-01-08T06:54:41.746184,ok
1419533,0008738-02.2013.8.16.0001,58,2,2026-01-08T06:54:41.746184,ok
1419534,0002933-11.2022.8.16.0112,58,2,2026-01-08T06:54:41.746184,ok
1419535,0016676-82.2022.8.16.0017,58,2,2026-01-08T06:54:41.746184,ok
1419536,0002904-76.2018.8.16.0119,58,2,2026-01-08T06:54:41.746184,ok
1419537,0002386-60.2024.8.16.0092,58,2,2026-01-08T06:54:41.746184,ok
1419538,0066311-15.2024.8.16.0000,58,2,2026-01-08T06:54:41.746184,ok
1419539,0095025-82.2024.8.16.0000,58,2,2026-01-08T06:54:41.746184,ok
1419540,0131494-30.2024.8.16.0000,58,2,2026-01-08T06:54:41.746184,ok
1419541,0131196-38.2024.8.16.0000,58,2,2026-01-08T06:54:41.746184,ok
1419542,4000952-54.2024.8.16.0031,58,2,2026-01-08T06:54:41.746184,ok
1419543,0012679-97.2007.8.16.0185,58,2,2026-01-08T06:54:41.746184,ok
1419544,0003769-87.2018.8.16.0123,58,2,2026-01-08T06:54:41.746184,ok
1419545,0122500-13.2024.8.16.0000,58,2,2026-01-08T06:54:41.746184,ok
1419546,0130762-49.2024.8.16.0000,58,2,2026-01-08T06:54:41.746184,ok
1419547,0117948-05.2024.8.16.0000,58,2,2026-01-08T06:54:41.746184,ok
1419548,0031822-95.2024.8.16.0017,58,2,2026-01-08T06:54:41.746184,ok
1419549,0102798-81.2024.8.16.0000,58,2,2026-01-08T06:54:41.746184,ok
1419550,0128624-12.2024.8.16.0000,58,2,2026-01-08T06:54:41.746184,ok
1419551,0130374-49.2024.8.16.0000,58,2,2026-01-08T06:54:41.746184,ok
1419552,0006490-63.2022.8.16.0190,58,2,2026-01-08T06:54:41.746184,ok
1419553,0129673-88.2024.8.16.0000,58,2,2026-01-08T06:54:41.746184,ok
1419554,0127560-64.2024.8.16.0000,58,2,2026-01-08T06:54:41.746184,ok
1419555,0117088-04.2024.8.16.0000,58,2,2026-01-08T06:54:41.746184,ok
1419556,0000983-58.2021.8.16.0190,58,2,2026-01-08T06:54:41.746184,ok
1419557,0131078-62.2024.8.16.0000,58,2,2026-01-08T06:54:41.746184,ok
1419558,0125680-37.2024.8.16.0000,58,2,2026-01-08T06:54:41.746184,ok
1419559,0001781-07.2021.8.16.0194,58,2,2026-01-08T06:54:41.746184,ok
1419560,0014161-11.2021.8.16.0017,58,2,2026-01-08T06:54:41.746184,ok
1419561,0035870-48.2024.8.16.0001,58,2,2026-01-08T06:54:41.746184,ok
1419562,0049829-89.2024.8.16.0000,58,2,2026-01-08T06:54:41.746184,ok
1419563,0103170-30.2024.8.16.0000,58,2,2026-01-08T06:54:41.746184,ok
1419564,0057702-43.2024.8.16.0000,58,2,2026-01-08T06:54:41.746184,ok
1419565,0008267-97.2024.8.16.0001,58,2,2026-01-08T06:54:41.746184,ok
1419566,0077506-94.2024.8.16.0000,58,2,2026-01-08T06:54:41.746184,ok
1419567,0113192-50.2024.8.16.0000,58,2,2026-01-08T06:54:41.746184,ok
1419568,0109690-06.2024.8.16.0000,58,2,2026-01-08T06:54:41.746184,ok
1419569,0108437-80.2024.8.16.0000,58,2,2026-01-08T06:54:41.746184,ok
1419570,0095391-24.2024.8.16.0000,58,2,2026-01-08T06:54:41.746184,ok
1419571,0078076-80.2024.8.16.0000,58,2,2026-01-08T06:54:41.746184,ok
1419572,0131800-96.2024.8.16.0000,58,2,2026-01-08T06:54:41.746184,ok
1419573,0087581-95.2024.8.16.0000,58,2,2026-01-08T06:54:41.746184,ok
1419574,0109281-30.2024.8.16.0000,58,2,2026-01-08T06:54:41.746184,ok
1419575,0131801-81.2024.8.16.0000,58,2,2026-01-08T06:54:41.746184,ok
1419576,0130300-92.2024.8.16.0000,58,2,2026-01-08T06:54:41.746184,ok
1419577,0001305-39.2023.8.16.0148,58,2,2026-01-08T06:54:41.746184,ok
1419578,0005434-09.2024.8.16.0098,64,2,2026-01-08T06:54:41.746184,ok
1419579,0002225-30.2024.8.16.0131,64,2,2026-01-08T06:54:41.746184,ok
1419580,0045888-70.2024.8.16.0182,64,2,2026-01-08T06:54:41.746184,ok
1419581,0040584-90.2024.8.16.0182,64,2,2026-01-08T06:54:41.746184,ok
1419582,0025447-78.2018.8.16.0182,64,2,2026-01-08T06:54:41.746184,ok
1419583,0008439-48.2021.8.16.0129,64,2,2026-01-08T06:54:41.746184,ok
1419584,0037379-97.2017.8.16.0182,64,2,2026-01-08T06:54:41.746184,ok
1419585,0036549-87.2024.8.16.0182,64,2,2026-01-08T06:54:41.746184,ok
1419586,0004076-42.2024.8.16.0184,64,2,2026-01-08T06:54:41.746184,ok
1419587,0030872-76.2024.8.16.0182,64,2,2026-01-08T06:54:41.746184,ok
1419588,0001257-84.2019.8.16.0192,64,2,2026-01-08T06:54:41.746184,ok
1419589,0037007-45.2023.8.16.0019,64,2,2026-01-08T06:54:41.746184,ok
1419590,0004322-29.2024.8.16.0187,64,2,2026-01-08T06:54:41.746184,ok
1419591,0042568-12.2024.8.16.0182,64,2,2026-01-08T06:54:41.746184,ok
1419592,0015277-37.2024.8.16.0182,64,2,2026-01-08T06:54:41.746184,ok
1419593,0000466-16.2014.8.16.0120,64,2,2026-01-08T06:54:41.746184,ok
1419594,0002148-88.2024.8.16.0044,64,2,2026-01-08T06:54:41.746184,ok
1419595,0003970-32.2024.8.16.0103,64,2,2026-01-08T06:54:41.746184,ok
1419596,0001103-75.2023.8.16.0176,64,2,2026-01-08T06:54:41.746184,ok
1419597,0006366-41.2024.8.16.0148,64,2,2026-01-08T06:54:41.746184,ok
1419598,0003267-85.2024.8.16.9000,64,2,2026-01-08T06:54:41.746184,ok
1419599,0000361-02.2019.8.16.0205,64,2,2026-01-08T06:54:41.746184,ok
1419600,0005980-26.2023.8.16.0025,64,2,2026-01-08T06:54:41.746184,ok
1419601,0001270-24.2024.8.16.0058,64,2,2026-01-08T06:54:41.746184,ok
1419602,0001405-93.2023.8.16.0018,64,2,2026-01-08T06:54:41.746184,ok
1419603,0003429-63.2023.8.16.0190,64,2,2026-01-08T06:54:41.746184,ok
1419604,0003998-66.2017.8.16.0031,64,2,2026-01-08T06:54:41.746184,ok
1419605,0001254-10.2018.8.16.0146,64,2,2026-01-08T06:54:41.746184,ok
1419606,0001179-23.2024.8.16.0093,64,2,2026-01-08T06:54:41.746184,ok
1419607,0000691-88.2023.8.16.0130,64,2,2026-01-08T06:54:41.746184,ok
1419608,0003991-08.2024.8.16.0103,64,2,2026-01-08T06:54:41.746184,ok
1419609,0000654-55.2024.8.16.0153,64,2,2026-01-08T06:54:41.746184,ok
1419610,0009698-75.2021.8.16.0130,64,2,2026-01-08T06:54:41.746184,ok
1419611,0001138-53.2023.8.16.0073,64,2,2026-01-08T06:54:41.746184,ok
1419612,0000748-84.2024.8.16.0029,64,2,2026-01-08T06:54:41.746184,ok
1419613,0002192-98.2023.8.16.0123,64,2,2026-01-08T06:54:41.746184,ok
1419614,0018662-34.2023.8.16.0018,64,2,2026-01-08T06:54:41.746184,ok
1419615,0014777-03.2023.8.16.0021,64,2,2026-01-08T06:54:41.746184,ok
1419616,0001176-68.2024.8.16.0093,64,2,2026-01-08T06:54:41.746184,ok
1419617,0002439-58.2023.8.16.0130,64,2,2026-01-08T06:54:41.746184,ok
1419618,0006064-87.2024.8.16.0026,64,2,2026-01-08T06:54:41.746184,ok
1419619,0000819-42.2018.8.16.0144,64,2,2026-01-08T06:54:41.746184,ok
1419620,0033315-97.2024.8.16.0182,64,2,2026-01-08T06:54:41.746184,ok
1419621,0030860-60.2024.8.16.0021,64,2,2026-01-08T06:54:41.746184,ok
1419622,0009483-76.2023.8.16.0018,64,2,2026-01-08T06:54:41.746184,ok
1419623,0007827-28.2023.8.16.0069,64,2,2026-01-08T06:54:41.746184,ok
1419624,0030858-90.2024.8.16.0021,64,2,2026-01-08T06:54:41.746184,ok
1419625,0030862-30.2024.8.16.0021,64,2,2026-01-08T06:54:41.746184,ok
1419626,0039000-90.2021.8.16.0182,65,2,2026-01-08T06:54:41.746184,ok
1419627,0067429-52.2022.8.16.0014,65,2,2026-01-08T06:54:41.746184,ok
1419628,0031925-53.2020.8.16.0014,65,2,2026-01-08T06:54:41.746184,ok
1419629,0002178-95.2023.8.16.0097,65,2,2026-01-08T06:54:41.746184,ok
1419630,0004596-81.2024.8.16.0190,65,2,2026-01-08T06:54:41.746184,ok
1419631,0007409-67.2024.8.16.0130,65,2,2026-01-08T06:54:41.746184,ok
1419632,0000711-57.2024.8.16.0029,65,2,2026-01-08T06:54:41.746184,ok
1419633,0035726-14.2024.8.16.0021,65,2,2026-01-08T06:54:41.746184,ok
1419634,0000772-27.2024.8.16.0122,65,2,2026-01-08T06:54:41.746184,ok
1419635,0012967-65.2024.8.16.0018,65,2,2026-01-08T06:54:41.746184,ok
1419636,0053490-34.2024.8.16.0014,65,2,2026-01-08T06:54:41.746184,ok
1419637,0074354-93.2024.8.16.0014,65,2,2026-01-08T06:54:41.746184,ok
1419638,0000854-46.2024.8.16.0029,65,2,2026-01-08T06:54:41.746184,ok
1419639,0001418-83.2022.8.16.0097,65,2,2026-01-08T06:54:41.746184,ok
1419640,0029930-49.2021.8.16.0182,65,2,2026-01-08T06:54:41.746184,ok
1419641,0000972-06.2023.8.16.0078,65,2,2026-01-08T06:54:41.746184,ok
1419642,0000256-08.2020.8.16.0167,65,2,2026-01-08T06:54:41.746184,ok
1419643,0042006-03.2024.8.16.0182,65,2,2026-01-08T06:54:41.746184,ok
1419644,0015570-14.2024.8.16.0018,65,2,2026-01-08T06:54:41.746184,ok
1419645,0018293-52.2023.8.16.0014,65,2,2026-01-08T06:54:41.746184,ok
1419646,0004368-16.2015.8.16.0128,65,2,2026-01-08T06:54:41.746184,ok
1419647,0013363-03.2024.8.16.0031,65,2,2026-01-08T06:54:41.746184,ok
1419648,0001543-27.2023.8.16.0126,65,2,2026-01-08T06:54:41.746184,ok
1419649,0034401-04.2024.8.16.0021,65,2,2026-01-08T06:54:41.746184,ok
1419650,0000852-26.2024.8.16.0175,65,2,2026-01-08T06:54:41.746184,ok
1419651,0002179-36.2024.8.16.0068,65,2,2026-01-08T06:54:41.746184,ok
1419652,0003073-24.2022.8.16.0119,65,2,2026-01-08T06:54:41.746184,ok
1419653,0038817-51.2023.8.16.0182,65,2,2026-01-08T06:54:41.746184,ok
1419654,0071269-36.2023.8.16.0014,65,2,2026-01-08T06:54:41.746184,ok
1419655,0000754-91.2024.8.16.0029,65,2,2026-01-08T06:54:41.746184,ok
1419656,0009480-24.2023.8.16.0018,65,2,2026-01-08T06:54:41.746184,ok
1419657,0002629-88.2022.8.16.0119,65,2,2026-01-08T06:54:41.746184,ok
1419658,0002663-63.2022.8.16.0119,65,2,2026-01-08T06:54:41.746184,ok
1419659,0005505-09.2024.8.16.0034,65,2,2026-01-08T06:54:41.746184,ok
1419660,0011423-79.2024.8.16.0038,65,2,2026-01-08T06:54:41.746184,ok
1419661,0013298-03.2023.8.16.0044,65,2,2026-01-08T06:54:41.746184,ok
1419662,0041951-84.2023.8.16.0021,65,2,2026-01-08T06:54:41.746184,ok
1419663,0000156-97.2018.8.16.0175,65,2,2026-01-08T06:54:41.746184,ok
1419664,0003046-41.2022.8.16.0119,65,2,2026-01-08T06:54:41.746184,ok
1419665,0002709-52.2022.8.16.0119,65,2,2026-01-08T06:54:41.746184,ok
1419666,0033784-46.2024.8.16.0182,65,2,2026-01-08T06:54:41.746184,ok
1419667,0000027-71.2022.8.16.0072,65,2,2026-01-08T06:54:41.746184,ok
1419668,0023348-03.2022.8.16.0019,65,2,2026-01-08T06:54:41.746184,ok
1419669,0032215-14.2024.8.16.0019,65,2,2026-01-08T06:54:41.746184,ok
1419670,0001931-68.2020.8.16.0114,65,2,2026-01-08T06:54:41.746184,ok
1419671,0070212-17.2022.8.16.0014,65,2,2026-01-08T06:54:41.746184,ok
1419672,0024029-03.2021.8.16.0182,65,2,2026-01-08T06:54:41.746184,ok
1419673,0035659-51.2024.8.16.0182,65,2,2026-01-08T06:54:41.746184,ok
1419674,0001078-10.2024.8.16.0182,65,2,2026-01-08T06:54:41.746184,ok
1419675,0013627-55.2019.8.16.0173,63,2,2026-01-08T06:54:41.746184,ok
1419676,0001223-12.2023.8.16.0082,63,2,2026-01-08T06:54:41.746184,ok
1419677,0013217-72.2023.8.16.0038,63,2,2026-01-08T06:54:41.746184,ok
1419678,0005435-91.2024.8.16.0098,63,2,2026-01-08T06:54:41.746184,ok
1419679,0000355-65.2024.8.16.0125,63,2,2026-01-08T06:54:41.746184,ok
1419680,0000694-94.2024.8.16.0134,63,2,2026-01-08T06:54:41.746184,ok
1419681,0034832-72.2023.8.16.0021,63,2,2026-01-08T06:54:41.746184,ok
1419682,0037505-06.2024.8.16.0182,63,2,2026-01-08T06:54:41.746184,ok
1419683,0003623-53.2024.8.16.0182,63,2,2026-01-08T06:54:41.746184,ok
1419684,0047492-98.2023.8.16.0021,63,2,2026-01-08T06:54:41.746184,ok
1419685,0005433-24.2024.8.16.0098,63,2,2026-01-08T06:54:41.746184,ok
1419686,0012355-21.2024.8.16.0021,63,2,2026-01-08T06:54:41.746184,ok
1419687,0007453-25.2024.8.16.0021,63,2,2026-01-08T06:54:41.746184,ok
1419688,0001136-83.2023.8.16.0073,63,2,2026-01-08T06:54:41.746184,ok
1419689,0036336-81.2024.8.16.0182,63,2,2026-01-08T06:54:41.746184,ok
1419690,0011593-26.2024.8.16.0014,63,2,2026-01-08T06:54:41.746184,ok
1419691,0006220-83.2015.8.16.0190,63,2,2026-01-08T06:54:41.746184,ok
1419692,0033719-07.2023.8.16.0014,63,2,2026-01-08T06:54:41.746184,ok
1419693,0049839-72.2024.8.16.0182,63,2,2026-01-08T06:54:41.746184,ok
1419694,0003212-51.2022.8.16.0191,63,2,2026-01-08T06:54:41.746184,ok
1419695,0008092-64.2022.8.16.0069,63,2,2026-01-08T06:54:41.746184,ok
1419696,0001910-21.2022.8.16.0018,63,2,2026-01-08T06:54:41.746184,ok
1419697,0039592-32.2024.8.16.0182,63,2,2026-01-08T06:54:41.746184,ok
1419698,0010770-90.2023.8.16.0045,63,2,2026-01-08T06:54:41.746184,ok
1419699,0009430-86.2023.8.16.0021,63,2,2026-01-08T06:54:41.746184,ok
1419700,0002748-12.2024.8.16.0044,63,2,2026-01-08T06:54:41.746184,ok
1419701,0044497-80.2024.8.16.0182,63,2,2026-01-08T06:54:41.746184,ok
1419702,0010316-51.2024.8.16.0021,63,2,2026-01-08T06:54:41.746184,ok
1419703,0003769-61.2023.8.16.0075,63,2,2026-01-08T06:54:41.746184,ok
1419704,0001300-73.2022.8.16.0076,63,2,2026-01-08T06:54:41.746184,ok
1419705,0003413-58.2024.8.16.0131,63,2,2026-01-08T06:54:41.746184,ok
1419706,0033860-70.2024.8.16.0182,63,2,2026-01-08T06:54:41.746184,ok
1419707,0005111-96.2024.8.16.0035,63,2,2026-01-08T06:54:41.746184,ok
1419708,0041750-60.2024.8.16.0182,63,2,2026-01-08T06:54:41.746184,ok
1419709,0034293-30.2023.8.16.0014,63,2,2026-01-08T06:54:41.746184,ok
1419710,0014938-85.2024.8.16.0018,63,2,2026-01-08T06:54:41.746184,ok
1419711,0015366-31.2022.8.16.0182,63,2,2026-01-08T06:54:41.746184,ok
1419712,0042680-78.2024.8.16.0182,63,2,2026-01-08T06:54:41.746184,ok
1419713,0000528-98.2023.8.16.0101,63,2,2026-01-08T06:54:41.746184,ok
1419714,0003797-03.2023.8.16.0116,63,2,2026-01-08T06:54:41.746184,ok
1419715,0041320-77.2022.8.16.0021,63,2,2026-01-08T06:54:41.746184,ok
1419716,0068885-66.2024.8.16.0014,63,2,2026-01-08T06:54:41.746184,ok
1419717,0034539-68.2024.8.16.0021,63,2,2026-01-08T06:54:41.746184,ok
1419718,0037306-81.2024.8.16.0182,63,2,2026-01-08T06:54:41.746184,ok
1419719,0036384-40.2024.8.16.0182,63,2,2026-01-08T06:54:41.746184,ok
1419720,0002828-86.2023.8.16.0148,63,2,2026-01-08T06:54:41.746184,ok
1419721,0005959-06.2024.8.16.0190,63,2,2026-01-08T06:54:41.746184,ok
1419722,0001288-52.2022.8.16.0143,63,2,2026-01-08T06:54:41.746184,ok
1419723,0033072-56.2024.8.16.0182,63,2,2026-01-08T06:54:41.746184,ok
1419724,0003703-88.2024.8.16.0029,63,2,2026-01-08T06:54:41.746184,ok
1419725,0045896-79.2023.8.16.0021,66,2,2026-01-08T06:54:41.746184,ok
1419726,0001124-69.2023.8.16.0073,66,2,2026-01-08T06:54:41.746184,ok
1419727,0002449-50.2020.8.16.0149,66,2,2026-01-08T06:54:41.746184,ok
1419728,0005492-28.2023.8.16.0104,66,2,2026-01-08T06:54:41.746184,ok
1419729,0001260-66.2023.8.16.0073,66,2,2026-01-08T06:54:41.746184,ok
1419730,0000320-60.2022.8.16.0195,66,2,2026-01-08T06:54:41.746184,ok
1419731,0002443-43.2020.8.16.0149,66,2,2026-01-08T06:54:41.746184,ok
1419732,0022267-34.2023.8.16.0035,66,2,2026-01-08T06:54:41.746184,ok
1419733,0011695-59.2022.8.16.0130,66,2,2026-01-08T06:54:41.746184,ok
1419734,0000266-98.2024.8.16.0074,66,2,2026-01-08T06:54:41.746184,ok
1419735,0002442-58.2020.8.16.0149,66,2,2026-01-08T06:54:41.746184,ok
1419736,0050697-25.2024.8.16.0014,66,2,2026-01-08T06:54:41.746184,ok
1419737,0002047-11.2023.8.16.0101,66,2,2026-01-08T06:54:41.746184,ok
1419738,0002450-65.2024.8.16.0126,66,2,2026-01-08T06:54:41.746184,ok
1419739,0014356-38.2023.8.16.0045,66,2,2026-01-08T06:54:41.746184,ok
1419740,0003364-68.2023.8.16.0190,66,2,2026-01-08T06:54:41.746184,ok
1419741,0036334-46.2023.8.16.0021,66,2,2026-01-08T06:54:41.746184,ok
1419742,0018677-97.2023.8.16.0019,66,2,2026-01-08T06:54:41.746184,ok
1419743,0016059-51.2024.8.16.0018,66,2,2026-01-08T06:54:41.746184,ok
1419744,0022960-33.2021.8.16.0182,66,2,2026-01-08T06:54:41.746184,ok
1419745,0000239-86.2023.8.16.0192,66,2,2026-01-08T06:54:41.746184,ok
1419746,0020896-86.2023.8.16.0018,66,2,2026-01-08T06:54:41.746184,ok
1419747,0001120-32.2023.8.16.0073,66,2,2026-01-08T06:54:41.746184,ok
1419748,0002544-17.2022.8.16.0115,66,2,2026-01-08T06:54:41.746184,ok
1419749,0000381-93.2024.8.16.0018,66,2,2026-01-08T06:54:41.746184,ok
1419750,0013509-05.2024.8.16.0044,66,2,2026-01-08T06:54:41.746184,ok
1419751,0063610-10.2022.8.16.0014,66,2,2026-01-08T06:54:41.746184,ok
1419752,0044542-84.2024.8.16.0182,66,2,2026-01-08T06:54:41.746184,ok
1419753,0007532-06.2024.8.16.0182,66,2,2026-01-08T06:54:41.746184,ok
1419754,0001734-62.2022.8.16.0173,66,2,2026-01-08T06:54:41.746184,ok
1419755,0001188-67.2024.8.16.0098,66,2,2026-01-08T06:54:41.746184,ok
1419756,0030718-90.2023.8.16.0021,66,2,2026-01-08T06:54:41.746184,ok
1419757,0003964-98.2024.8.16.0014,66,2,2026-01-08T06:54:41.746184,ok
1419758,0032568-55.2023.8.16.0030,66,2,2026-01-08T06:54:41.746184,ok
1419759,0002205-06.2024.8.16.0045,66,2,2026-01-08T06:54:41.746184,ok
1419760,0025959-70.2024.8.16.0014,66,2,2026-01-08T06:54:41.746184,ok
1419761,0009424-98.2022.8.16.0026,66,2,2026-01-08T06:54:41.746184,ok
1419762,0004810-26.2024.8.16.9000,66,2,2026-01-08T06:54:41.746184,ok
1419763,0041272-52.2024.8.16.0182,66,2,2026-01-08T06:54:41.746184,ok
1419764,0001990-68.2023.8.16.9000,66,2,2026-01-08T06:54:41.746184,ok
1419765,0007841-59.2023.8.16.0021,66,2,2026-01-08T06:54:41.746184,ok
1419766,0005169-41.2023.8.16.0098,66,2,2026-01-08T06:54:41.746184,ok
1419767,0003767-47.2022.8.16.0101,66,2,2026-01-08T06:54:41.746184,ok
1419768,0022921-74.2020.8.16.0019,66,2,2026-01-08T06:54:41.746184,ok
1419769,0002866-86.2024.8.16.9000,66,2,2026-01-08T06:54:41.746184,ok
1419770,0003678-94.2023.8.16.0034,66,2,2026-01-08T06:54:41.746184,ok
1419771,0030206-73.2024.8.16.0021,66,2,2026-01-08T06:54:41.746184,ok
1419772,0031903-34.2024.8.16.0182,66,2,2026-01-08T06:54:41.746184,ok
1419773,0011224-88.2022.8.16.0018,66,2,2026-01-08T06:54:41.746184,ok
1419774,0001856-53.2023.8.16.0169,66,2,2026-01-08T06:54:41.746184,ok
1419775,0016163-31.2023.8.16.0001,60,2,2026-01-08T06:54:41.746184,ok
1419776,0001530-79.2020.8.16.0046,60,2,2026-01-08T06:54:41.746184,ok
1419777,0066752-93.2024.8.16.0000,60,2,2026-01-08T06:54:41.746184,ok
1419778,0016975-30.2020.8.16.0017,60,2,2026-01-08T06:54:41.746184,ok
1419779,0009289-04.2021.8.16.0194,60,2,2026-01-08T06:54:41.746184,ok
1419780,0034251-83.2024.8.16.0001,60,2,2026-01-08T06:54:41.746184,ok
1419781,0066249-72.2024.8.16.0000,60,2,2026-01-08T06:54:41.746184,ok
1419782,0093134-26.2024.8.16.0000,60,2,2026-01-08T06:54:41.746184,ok
1419783,0000171-89.2021.8.16.0004,60,2,2026-01-08T06:54:41.746184,ok
1419784,0047321-10.2023.8.16.0000,60,2,2026-01-08T06:54:41.746184,ok
1419785,0016126-66.2023.8.16.0045,60,2,2026-01-08T06:54:41.746184,ok
1419786,0035667-89.2024.8.16.0000,60,2,2026-01-08T06:54:41.746184,ok
1419787,0077215-94.2024.8.16.0000,60,2,2026-01-08T06:54:41.746184,ok
1419788,0056206-76.2024.8.16.0000,60,2,2026-01-08T06:54:41.746184,ok
1419789,0100686-42.2024.8.16.0000,60,2,2026-01-08T06:54:41.746184,ok
1419790,0050400-60.2024.8.16.0000,60,2,2026-01-08T06:54:41.746184,ok
1419791,0107683-41.2024.8.16.0000,60,2,2026-01-08T06:54:41.746184,ok
1419792,0029387-02.2024.8.16.0001,60,2,2026-01-08T06:54:41.746184,ok
1419793,0089941-03.2024.8.16.0000,60,2,2026-01-08T06:54:41.746184,ok
1419794,0083358-02.2024.8.16.0000,60,2,2026-01-08T06:54:41.746184,ok
1419795,0003714-65.2015.8.16.0116,60,2,2026-01-08T06:54:41.746184,ok
1419796,0010186-46.2024.8.16.0026,60,2,2026-01-08T06:54:41.746184,ok
1419797,0003721-81.2023.8.16.0179,60,2,2026-01-08T06:54:41.746184,ok
1419798,0039747-45.2014.8.16.0001,60,2,2026-01-08T06:54:41.746184,ok
1419799,0001918-56.2024.8.16.0170,60,2,2026-01-08T06:54:41.746184,ok
1419800,0010441-06.2023.8.16.0069,60,2,2026-01-08T06:54:41.746184,ok
1419801,0034734-19.2024.8.16.0000,60,2,2026-01-08T06:54:41.746184,ok
1419802,0009319-68.2020.8.16.0131,60,2,2026-01-08T06:54:41.746184,ok
1419803,0042472-07.2014.8.16.0001,60,2,2026-01-08T06:54:41.746184,ok
1419804,0095097-69.2024.8.16.0000,60,2,2026-01-08T06:54:41.746184,ok
1419805,0081575-72.2024.8.16.0000,60,2,2026-01-08T06:54:41.746184,ok
1419806,0008717-39.2023.8.16.0045,60,2,2026-01-08T06:54:41.746184,ok
1419807,0011911-95.2017.8.16.0194,60,2,2026-01-08T06:54:41.746184,ok
1419808,0009114-27.2024.8.16.0025,60,2,2026-01-08T06:54:41.746184,ok
1419809,0081549-74.2024.8.16.0000,60,2,2026-01-08T06:54:41.746184,ok
1419810,0096607-20.2024.8.16.0000,60,2,2026-01-08T06:54:41.746184,ok
1419811,0009120-34.2024.8.16.0025,60,2,2026-01-08T06:54:41.746184,ok
1419812,0006930-82.2021.8.16.0129,60,2,2026-01-08T06:54:41.746184,ok
1419813,0081861-50.2024.8.16.0000,60,2,2026-01-08T06:54:41.746184,ok
1419814,0051565-45.2024.8.16.0000,60,2,2026-01-08T06:54:41.746184,ok
1419815,0026063-07.2024.8.16.0000,60,2,2026-01-08T06:54:41.746184,ok
1419816,0019220-26.2024.8.16.0000,60,2,2026-01-08T06:54:41.746184,ok
1419817,0032908-66.2022.8.16.0019,60,2,2026-01-08T06:54:41.746184,ok
1419818,0004364-54.2023.8.16.0077,60,2,2026-01-08T06:54:41.746184,ok
1419819,0002559-71.2022.8.16.0119,60,2,2026-01-08T06:54:41.746184,ok
1419820,0012714-55.2023.8.16.0069,60,2,2026-01-08T06:54:41.746184,ok
1419821,0100824-09.2024.8.16.0000,60,2,2026-01-08T06:54:41.746184,ok
1419822,0013401-86.2022.8.16.0030,60,2,2026-01-08T06:54:41.746184,ok
1419823,0001264-02.2013.8.16.0123,60,2,2026-01-08T06:54:41.746184,ok
1419824,0023797-83.2024.8.16.0182,67,2,2026-01-08T06:54:41.746184,ok
1419825,0002445-13.2020.8.16.0149,67,2,2026-01-08T06:54:41.746184,ok
1419826,0005409-12.2023.8.16.0104,67,2,2026-01-08T06:54:41.746184,ok
1419827,0000508-98.2024.8.16.0125,67,2,2026-01-08T06:54:41.746184,ok
1419828,0000021-10.2024.8.16.0035,67,2,2026-01-08T06:54:41.746184,ok
1419829,0008170-17.2022.8.16.0018,67,2,2026-01-08T06:54:41.746184,ok
1419830,0002439-06.2020.8.16.0149,67,2,2026-01-08T06:54:41.746184,ok
1419831,0002699-69.2024.8.16.9000,67,2,2026-01-08T06:54:41.746184,ok
1419832,0002440-88.2020.8.16.0149,67,2,2026-01-08T06:54:41.746184,ok
1419833,0001971-09.2023.8.16.0029,67,2,2026-01-08T06:54:41.746184,ok
1419834,0030966-58.2023.8.16.0182,67,2,2026-01-08T06:54:41.746184,ok
1419835,0040867-69.2023.8.16.0014,67,2,2026-01-08T06:54:41.746184,ok
1419836,0038946-54.2023.8.16.0021,67,2,2026-01-08T06:54:41.746184,ok
1419837,0005017-05.2024.8.16.0018,67,2,2026-01-08T06:54:41.746184,ok
1419838,0012310-14.2019.8.16.0014,67,2,2026-01-08T06:54:41.746184,ok
1419839,0004255-23.2023.8.16.0018,67,2,2026-01-08T06:54:41.746184,ok
1419840,0001142-33.2022.8.16.0168,67,2,2026-01-08T06:54:41.746184,ok
1419841,0003018-37.2024.8.16.9000,67,2,2026-01-08T06:54:41.746184,ok
1419842,0030722-95.2024.8.16.0182,67,2,2026-01-08T06:54:41.746184,ok
1419843,0002107-97.2024.8.16.0149,67,2,2026-01-08T06:54:41.746184,ok
1419844,0006106-21.2024.8.16.0129,67,2,2026-01-08T06:54:41.746184,ok
1419845,0016019-96.2023.8.16.0182,67,2,2026-01-08T06:54:41.746184,ok
1419846,0003561-77.2021.8.16.0130,67,2,2026-01-08T06:54:41.746184,ok
1419847,0031357-76.2024.8.16.0182,67,2,2026-01-08T06:54:41.746184,ok
1419848,0007926-23.2023.8.16.0190,67,2,2026-01-08T06:54:41.746184,ok
1419849,0004913-69.2024.8.16.0064,67,2,2026-01-08T06:54:41.746184,ok
1419850,0034042-56.2024.8.16.0182,67,2,2026-01-08T06:54:41.746184,ok
1419851,0002159-35.2022.8.16.0094,67,2,2026-01-08T06:54:41.746184,ok
1419852,0015305-97.2020.8.16.0035,67,2,2026-01-08T06:54:41.746184,ok
1419853,0035156-96.2022.8.16.0021,67,2,2026-01-08T06:54:41.746184,ok
1419854,0061995-56.2024.8.16.0000,67,2,2026-01-08T06:54:41.746184,ok
1419855,0003064-98.2023.8.16.0031,67,2,2026-01-08T06:54:41.746184,ok
1419856,0002655-89.2021.8.16.0194,67,2,2026-01-08T06:54:41.746184,ok
1419857,0005687-88.2022.8.16.0058,67,2,2026-01-08T06:54:41.746184,ok
1419858,0017699-14.2022.8.16.0001,67,2,2026-01-08T06:54:41.746184,ok
1419859,0000040-69.2023.8.16.0158,67,2,2026-01-08T06:54:41.746184,ok
1419860,0030113-76.2024.8.16.0000,67,2,2026-01-08T06:54:41.746184,ok
1419861,0064559-08.2024.8.16.0000,67,2,2026-01-08T06:54:41.746184,ok
1419862,0016918-58.2023.8.16.0194,67,2,2026-01-08T06:54:41.746184,ok
1419863,0066839-49.2024.8.16.0000,67,2,2026-01-08T06:54:41.746184,ok
1419864,0003140-41.2023.8.16.0058,67,2,2026-01-08T06:54:41.746184,ok
1419865,0087455-45.2024.8.16.0000,67,2,2026-01-08T06:54:41.746184,ok
1419866,0003018-13.2020.8.16.0194,67,2,2026-01-08T06:54:41.746184,ok
1419867,0020913-77.2009.8.16.0030,67,2,2026-01-08T06:54:41.746184,ok
1419868,0032891-97.2017.8.16.0021,67,2,2026-01-08T06:54:41.746184,ok
1419869,0024070-77.2021.8.16.0017,67,2,2026-01-08T06:54:41.746184,ok
1419870,0004088-86.2024.8.16.0174,67,2,2026-01-08T06:54:41.746184,ok
1419871,0004709-57.2022.8.16.0173,67,2,2026-01-08T06:54:41.746184,ok
1419872,0060616-80.2024.8.16.0000,67,2,2026-01-08T06:54:41.746184,ok
1419873,0025137-02.2020.8.16.0021,67,2,2026-01-08T06:54:41.746184,ok
1419874,0066268-36.2024.8.16.0014,59,2,2026-01-08T06:54:41.746184,ok
1419875,0003601-87.2023.8.16.0098,59,2,2026-01-08T06:54:41.746184,ok
1419876,0104928-44.2024.8.16.0000,59,2,2026-01-08T06:54:41.746184,ok
1419877,0112320-35.2024.8.16.0000,59,2,2026-01-08T06:54:41.746184,ok
1419878,0001956-87.2024.8.16.0196,59,2,2026-01-08T06:54:41.746184,ok
1419879,0079101-31.2024.8.16.0000,59,2,2026-01-08T06:54:41.746184,ok
1419880,0008404-80.2024.8.16.0033,59,2,2026-01-08T06:54:41.746184,ok
1419881,0005477-87.2023.8.16.0030,59,2,2026-01-08T06:54:41.746184,ok
1419882,0008298-40.2021.8.16.0190,59,2,2026-01-08T06:54:41.746184,ok
1419883,0097814-54.2024.8.16.0000,59,2,2026-01-08T06:54:41.746184,ok
1419884,0028568-68.2024.8.16.0000,59,2,2026-01-08T06:54:41.746184,ok
1419885,0020313-40.2019.8.16.0019,59,2,2026-01-08T06:54:41.746184,ok
1419886,0007681-39.2022.8.16.0160,59,2,2026-01-08T06:54:41.746184,ok
1419887,0068248-60.2024.8.16.0000,59,2,2026-01-08T06:54:41.746184,ok
1419888,0006217-56.2024.8.16.0112,59,2,2026-01-08T06:54:41.746184,ok
1419889,0005619-18.2021.8.16.0077,59,2,2026-01-08T06:54:41.746184,ok
1419890,0000737-39.2024.8.16.0196,59,2,2026-01-08T06:54:41.746184,ok
1419891,0077298-13.2024.8.16.0000,59,2,2026-01-08T06:54:41.746184,ok
1419892,0007815-29.2016.8.16.0014,59,2,2026-01-08T06:54:41.746184,ok
1419893,0094502-70.2024.8.16.0000,59,2,2026-01-08T06:54:41.746184,ok
1419894,0026540-76.2024.8.16.0017,59,2,2026-01-08T06:54:41.746184,ok
1419895,0094128-54.2024.8.16.0000,59,2,2026-01-08T06:54:41.746184,ok
1419896,0087287-43.2024.8.16.0000,59,2,2026-01-08T06:54:41.746184,ok
1419897,0006517-75.2024.8.16.0190,59,2,2026-01-08T06:54:41.746184,ok
1419898,0001848-12.2024.8.16.0179,59,2,2026-01-08T06:54:41.746184,ok
1419899,0001121-26.2024.8.16.0091,59,2,2026-01-08T06:54:41.746184,ok
1419900,0049052-07.2024.8.16.0000,59,2,2026-01-08T06:54:41.746184,ok
1419901,0058918-65.2022.8.16.0014,59,2,2026-01-08T06:54:41.746184,ok
1419902,0009838-38.2023.8.16.0131,59,2,2026-01-08T06:54:41.746184,ok
1419903,0060201-97.2024.8.16.0000,59,2,2026-01-08T06:54:41.746184,ok
1419904,0002856-14.2023.8.16.0129,59,2,2026-01-08T06:54:41.746184,ok
1419905,0013219-80.2024.8.16.0014,59,2,2026-01-08T06:54:41.746184,ok
1419906,0075265-50.2024.8.16.0000,59,2,2026-01-08T06:54:41.746184,ok
1419907,0003496-26.2015.8.16.0055,59,2,2026-01-08T06:54:41.746184,ok
1419908,0103547-98.2024.8.16.0000,59,2,2026-01-08T06:54:41.746184,ok
1419909,0002460-36.2023.8.16.0194,59,2,2026-01-08T06:54:41.746184,ok
1419910,0069121-60.2024.8.16.0000,59,2,2026-01-08T06:54:41.746184,ok
1419911,0080952-08.2024.8.16.0000,59,2,2026-01-08T06:54:41.746184,ok
1419912,0001262-75.2007.8.16.0112,59,2,2026-01-08T06:54:41.746184,ok
1419913,0086307-96.2024.8.16.0000,59,2,2026-01-08T06:54:41.746184,ok
1419914,0070002-37.2024.8.16.0000,59,2,2026-01-08T06:54:41.746184,ok
1419915,0004190-45.2021.8.16.0035,59,2,2026-01-08T06:54:41.746184,ok
1419916,0034654-52.2024.8.16.0001,59,2,2026-01-08T06:54:41.746184,ok
1419917,0000656-64.2023.8.16.0119,59,2,2026-01-08T06:54:41.746184,ok
1419918,0085962-33.2024.8.16.0000,59,2,2026-01-08T06:54:41.746184,ok
1419919,0075763-49.2024.8.16.0000,59,2,2026-01-08T06:54:41.746184,ok
1419920,0100402-34.2024.8.16.0000,59,2,2026-01-08T06:54:41.746184,ok
1419921,0071266-89.2024.8.16.0000,59,2,2026-01-08T06:54:41.746184,ok
1419922,0013653-88.2023.8.16.0019,59,2,2026-01-08T06:54:41.746184,ok
1419923,0009616-71.2022.8.16.0045,59,2,2026-01-08T06:54:41.746184,ok
1419924,0000833-19.2023.8.16.0122,70,2,2026-01-08T06:54:41.746184,ok
1419925,0044732-47.2024.8.16.0182,70,2,2026-01-08T06:54:41.746184,ok
1419926,0041120-36.2023.8.16.0021,70,2,2026-01-08T06:54:41.746184,ok
1419927,0002839-79.2023.8.16.0160,70,2,2026-01-08T06:54:41.746184,ok
1419928,0001686-71.2024.8.16.0064,70,2,2026-01-08T06:54:41.746184,ok
1419929,0003211-23.2024.8.16.0021,70,2,2026-01-08T06:54:41.746184,ok
1419930,0082123-89.2023.8.16.0014,70,2,2026-01-08T06:54:41.746184,ok
1419931,0004835-82.2024.8.16.0191,70,2,2026-01-08T06:54:41.746184,ok
1419932,0004664-28.2024.8.16.0191,70,2,2026-01-08T06:54:41.746184,ok
1419933,0027919-18.2021.8.16.0030,70,2,2026-01-08T06:54:41.746184,ok
1419934,0004118-24.2023.8.16.0056,70,2,2026-01-08T06:54:41.746184,ok
1419935,0026984-36.2023.8.16.0182,70,2,2026-01-08T06:54:41.746184,ok
1419936,0000498-83.2023.8.16.0159,70,2,2026-01-08T06:54:41.746184,ok
1419937,0036673-26.2023.8.16.0014,70,2,2026-01-08T06:54:41.746184,ok
1419938,0001342-67.2023.8.16.0180,70,2,2026-01-08T06:54:41.746184,ok
1419939,0045315-64.2023.8.16.0021,70,2,2026-01-08T06:54:41.746184,ok
1419940,0044414-64.2024.8.16.0182,70,2,2026-01-08T06:54:41.746184,ok
1419941,0018760-75.2024.8.16.0182,70,2,2026-01-08T06:54:41.746184,ok
1419942,0011321-03.2023.8.16.0035,70,2,2026-01-08T06:54:41.746184,ok
1419943,0011267-95.2024.8.16.0069,70,2,2026-01-08T06:54:41.746184,ok
1419944,0019937-64.2023.8.16.0035,70,2,2026-01-08T06:54:41.746184,ok
1419945,0003645-42.2024.8.16.0108,70,2,2026-01-08T06:54:41.746184,ok
1419946,0075507-64.2024.8.16.0014,70,2,2026-01-08T06:54:41.746184,ok
1419947,0037382-66.2024.8.16.0001,70,2,2026-01-08T06:54:41.746184,ok
1419948,0026939-56.2024.8.16.0001,70,2,2026-01-08T06:54:41.746184,ok
1419949,0051690-13.2024.8.16.0000,70,2,2026-01-08T06:54:41.746184,ok
1419950,0109052-70.2024.8.16.0000,70,2,2026-01-08T06:54:41.746184,ok
1419951,0014657-33.2017.8.16.0194,70,2,2026-01-08T06:54:41.746184,ok
1419952,0041924-33.2024.8.16.0000,70,2,2026-01-08T06:54:41.746184,ok
1419953,0013614-94.2023.8.16.0018,70,2,2026-01-08T06:54:41.746184,ok
1419954,0017949-25.2024.8.16.0018,70,2,2026-01-08T06:54:41.746184,ok
1419955,0015144-87.2023.8.16.0001,70,2,2026-01-08T06:54:41.746184,ok
1419956,0091023-69.2024.8.16.0000,70,2,2026-01-08T06:54:41.746184,ok
1419957,0115763-91.2024.8.16.0000,70,2,2026-01-08T06:54:41.746184,ok
1419958,0129543-98.2024.8.16.0000,70,2,2026-01-08T06:54:41.746184,ok
1419959,0001541-79.2020.8.16.0185,70,2,2026-01-08T06:54:41.746184,ok
1419960,0106949-90.2024.8.16.0000,70,2,2026-01-08T06:54:41.746184,ok
1419961,0032639-16.2024.8.16.0000,70,2,2026-01-08T06:54:41.746184,ok
1419962,0071408-51.2024.8.16.0014,70,2,2026-01-08T06:54:41.746184,ok
1419963,0001902-81.2024.8.16.0080,70,2,2026-01-08T06:54:41.746184,ok
1419964,0011142-63.2024.8.16.0058,70,2,2026-01-08T06:54:41.746184,ok
1419965,0054086-18.2024.8.16.0014,70,2,2026-01-08T06:54:41.746184,ok
1419966,0014731-05.2024.8.16.0045,70,2,2026-01-08T06:54:41.746184,ok
1419967,0010407-94.2024.8.16.0069,71,2,2026-01-08T06:54:41.746184,ok
1419968,0071068-10.2024.8.16.0014,71,2,2026-01-08T06:54:41.746184,ok
1419969,0001079-04.2024.8.16.0179,71,2,2026-01-08T06:54:41.746184,ok
1419970,0019558-97.2024.8.16.0194,71,2,2026-01-08T06:54:41.746184,ok
1419971,0073920-07.2024.8.16.0014,71,2,2026-01-08T06:54:41.746184,ok
1419972,0082305-41.2024.8.16.0014,71,2,2026-01-08T06:54:41.746184,ok
1419973,0020010-14.2024.8.16.0031,71,2,2026-01-08T06:54:41.746184,ok
1419974,0107663-50.2024.8.16.0000,71,2,2026-01-08T06:54:41.746184,ok
1419975,0015597-13.2024.8.16.0045,71,2,2026-01-08T06:54:41.746184,ok
1419976,0112989-88.2024.8.16.0000,71,2,2026-01-08T06:54:41.746184,ok
1419977,0015035-04.2024.8.16.0045,71,2,2026-01-08T06:54:41.746184,ok
1419978,0002711-04.2024.8.16.0167,71,2,2026-01-08T06:54:41.746184,ok
1419979,0027424-08.2024.8.16.0017,71,2,2026-01-08T06:54:41.746184,ok
1419980,0005095-72.2024.8.16.0123,71,2,2026-01-08T06:54:41.746184,ok
1419981,0108794-60.2024.8.16.0000,71,2,2026-01-08T06:54:41.746184,ok
1419982,0112394-89.2024.8.16.0000,71,2,2026-01-08T06:54:41.746184,ok
1419983,0126430-39.2024.8.16.0000,71,2,2026-01-08T06:54:41.746184,ok
1419984,0120952-50.2024.8.16.0000,71,2,2026-01-08T06:54:41.746184,ok
1419985,0032401-37.2024.8.16.0019,71,2,2026-01-08T06:54:41.746184,ok
1419986,0032407-44.2024.8.16.0019,71,2,2026-01-08T06:54:41.746184,ok
1419987,0006214-52.2024.8.16.0193,71,2,2026-01-08T06:54:41.746184,ok
1419988,0128341-86.2024.8.16.0000,71,2,2026-01-08T06:54:41.746184,ok
1419989,0000937-69.2024.8.16.0059,71,2,2026-01-08T06:54:41.746184,ok
1419990,0039889-03.2024.8.16.0000,71,2,2026-01-08T06:54:41.746184,ok
1419991,0005012-98.2024.8.16.0109,71,2,2026-01-08T06:54:41.746184,ok
1419992,0017239-59.2024.8.16.0194,71,2,2026-01-08T06:54:41.746184,ok
1419993,0011629-40.2024.8.16.0185,71,2,2026-01-08T06:54:41.746184,ok
1419994,0014774-77.2024.8.16.0194,71,2,2026-01-08T06:54:41.746184,ok
1419995,0131055-19.2024.8.16.0000,71,2,2026-01-08T06:54:41.746184,ok
1419996,0002511-46.2024.8.16.0086,71,2,2026-01-08T06:54:41.746184,ok
1419997,0002058-27.2024.8.16.0094,71,2,2026-01-08T06:54:41.746184,ok
1419998,0002041-28.2024.8.16.0114,71,2,2026-01-08T06:54:41.746184,ok
0,N/A,75,0,2026-01-08T06:54:47.565752,ignorado
0,N/A,86,0,2026-01-08T06:54:59.699126,ignorado
0,N/A,86,0,2026-01-08T06:54:59.699138,ignorado
0,N/A,86,0,2026-01-08T06:54:59.699149,ignorado
0,N/A,86,0,2026-01-08T06:54:59.699173,ignorado
0,N/A,86,0,2026-01-08T06:54:59.699181,ignorado
0,N/A,86,0,2026-01-08T06:54:59.699191,ignorado
0,N/A,86,0,2026-01-08T06:54:59.699198,ignorado
0,N/A,86,0,2026-01-08T06:54:59.699204,ignorado
0,N/A,86,0,2026-01-08T06:54:59.699214,ignorado
0,N/A,86,0,2026-01-08T06:54:59.699221,ignorado
0,N/A,86,0,2026-01-08T06:54:59.699227,ignorado
0,N/A,86,0,2026-01-08T06:54:59.699233,ignorado
0,N/A,86,0,2026-01-08T06:54:59.699239,ignorado
0,N/A,86,0,2026-01-08T06:54:59.699246,ignorado
0,N/A,86,0,2026-01-08T06:54:59.699252,ignorado
0,N/A,86,0,2026-01-08T06:54:59.699258,ignorado
0,N/A,86,0,2026-01-08T06:54:59.699265,ignorado
0,N/A,86,0,2026-01-08T06:54:59.699279,ignorado
0,N/A,86,0,2026-01-08T06:54:59.699285,ignorado
0,N/A,86,0,2026-01-08T06:54:59.699292,ignorado
0,N/A,86,0,2026-01-08T06:54:59.699298,ignorado
0,N/A,86,0,2026-01-08T06:54:59.699304,ignorado
0,N/A,86,0,2026-01-08T06:54:59.699314,ignorado
0,N/A,86,0,2026-01-08T06:54:59.699320,ignorado
0,N/A,86,0,2026-01-08T06:54:59.699327,ignorado
0,N/A,87,0,2026-01-08T06:55:10.949156,ignorado
1419999,0110822-98.2024.8.16.0000,71,3,2026-01-08T06:55:31.526775,ok
1420000,0041468-20.2024.8.16.0021,71,3,2026-01-08T06:55:31.526775,ok
1420001,0005254-50.2024.8.16.0079,71,3,2026-01-08T06:55:31.526775,ok
1420002,0129090-06.2024.8.16.0000,71,3,2026-01-08T06:55:31.526775,ok
1420003,0108463-78.2024.8.16.0000,71,3,2026-01-08T06:55:31.526775,ok
1420004,0001458-71.2024.8.16.0040,71,3,2026-01-08T06:55:31.526775,ok
1420005,0042453-86.2024.8.16.0021,71,3,2026-01-08T06:55:31.526775,ok
1420006,0018137-72.2024.8.16.0194,71,3,2026-01-08T06:55:31.526775,ok
1420007,0007717-93.2024.8.16.0004,71,3,2026-01-08T06:55:31.526775,ok
1420008,0070513-90.2024.8.16.0014,71,3,2026-01-08T06:55:31.526775,ok
1420009,0007718-78.2024.8.16.0004,71,3,2026-01-08T06:55:31.526775,ok
1420010,0012033-90.2013.8.16.0116,71,3,2026-01-08T06:55:31.526775,ok
1420011,0000147-69.2002.8.16.0152,71,3,2026-01-08T06:55:31.526775,ok
1420012,0012154-02.2018.8.16.0001,71,3,2026-01-08T06:55:31.526775,ok
1420013,0003051-28.2015.8.16.0113,71,3,2026-01-08T06:55:31.526775,ok
1420014,0003368-45.2023.8.16.0210,71,3,2026-01-08T06:55:31.526775,ok
1420015,0001349-03.2024.8.16.0155,73,3,2026-01-08T06:55:31.526775,ok
1420016,0109648-54.2024.8.16.0000,73,3,2026-01-08T06:55:31.526775,ok
1420017,0018129-95.2024.8.16.0194,73,3,2026-01-08T06:55:31.526775,ok
1420018,0004321-35.2024.8.16.0190,73,3,2026-01-08T06:55:31.526775,ok
1420019,0001348-18.2024.8.16.0155,73,3,2026-01-08T06:55:31.526775,ok
1420020,0008233-70.2024.8.16.0083,73,3,2026-01-08T06:55:31.526775,ok
1420021,0076213-89.2024.8.16.0000,73,3,2026-01-08T06:55:31.526775,ok
1420022,0034944-48.2012.8.16.0014,73,3,2026-01-08T06:55:31.526775,ok
1420023,0078816-38.2024.8.16.0000,73,3,2026-01-08T06:55:31.526775,ok
1420024,0080516-49.2024.8.16.0000,73,3,2026-01-08T06:55:31.526775,ok
1420025,0127136-22.2024.8.16.0000,73,3,2026-01-08T06:55:31.526775,ok
1420026,0131583-53.2024.8.16.0000,73,3,2026-01-08T06:55:31.526775,ok
1420027,0131229-28.2024.8.16.0000,73,3,2026-01-08T06:55:31.526775,ok
1420028,0117159-06.2024.8.16.0000,73,3,2026-01-08T06:55:31.526775,ok
1420029,0003224-87.2021.8.16.0001,73,3,2026-01-08T06:55:31.526775,ok
1420030,0014173-33.2024.8.16.0045,73,3,2026-01-08T06:55:31.526775,ok
1420031,0110068-59.2024.8.16.0000,73,3,2026-01-08T06:55:31.526775,ok
1420032,0013653-73.2024.8.16.0045,73,3,2026-01-08T06:55:31.526775,ok
1420033,0008982-72.2024.8.16.0185,73,3,2026-01-08T06:55:31.526775,ok
1420034,0019085-18.2024.8.16.0031,73,3,2026-01-08T06:55:31.526775,ok
1420035,0112643-40.2024.8.16.0000,73,3,2026-01-08T06:55:31.526775,ok
1420036,0000744-51.2024.8.16.0157,73,3,2026-01-08T06:55:31.526775,ok
1420037,0006326-21.2024.8.16.0193,73,3,2026-01-08T06:55:31.526775,ok
1420038,0068015-21.2024.8.16.0014,73,3,2026-01-08T06:55:31.526775,ok
1420039,0004867-81.2024.8.16.0193,73,3,2026-01-08T06:55:31.526775,ok
1420040,0002701-96.2024.8.16.0154,73,3,2026-01-08T06:55:31.526775,ok
1420041,0005523-38.2024.8.16.0193,73,3,2026-01-08T06:55:31.526775,ok
1420042,0018275-39.2024.8.16.0194,73,3,2026-01-08T06:55:31.526775,ok
1420043,0002322-49.2015.8.16.0162,73,3,2026-01-08T06:55:31.526775,ok
1420044,0105974-68.2024.8.16.0000,73,3,2026-01-08T06:55:31.526775,ok
1420045,0006433-65.2024.8.16.0193,73,3,2026-01-08T06:55:31.526775,ok
1420046,0113196-87.2024.8.16.0000,73,3,2026-01-08T06:55:31.526775,ok
1420047,0027772-74.2024.8.16.0001,73,3,2026-01-08T06:55:31.526775,ok
1420048,0039026-44.2024.8.16.0001,73,3,2026-01-08T06:55:31.526775,ok
1420049,0004452-98.2024.8.16.0193,73,3,2026-01-08T06:55:31.526775,ok
1420050,0013463-56.2022.8.16.0021,73,3,2026-01-08T06:55:31.526775,ok
1420051,0107608-02.2024.8.16.0000,73,3,2026-01-08T06:55:31.526775,ok
1420052,0078352-14.2024.8.16.0000,73,3,2026-01-08T06:55:31.526775,ok
1420053,0016997-64.2023.8.16.0185,73,3,2026-01-08T06:55:31.526775,ok
1420054,0011639-79.2024.8.16.0025,73,3,2026-01-08T06:55:31.526775,ok
1420055,0002750-94.2023.8.16.0115,69,3,2026-01-08T06:55:31.526775,ok
1420056,0002074-77.2023.8.16.0041,69,3,2026-01-08T06:55:31.526775,ok
1420057,0014588-39.2020.8.16.0018,69,3,2026-01-08T06:55:31.526775,ok
1420058,0001063-54.2022.8.16.0168,69,3,2026-01-08T06:55:31.526775,ok
1420059,0015843-27.2023.8.16.0018,69,3,2026-01-08T06:55:31.526775,ok
1420060,0027177-49.2023.8.16.0021,69,3,2026-01-08T06:55:31.526775,ok
1420061,0013004-08.2023.8.16.0025,69,3,2026-01-08T06:55:31.526775,ok
1420062,0001430-53.2024.8.16.0089,69,3,2026-01-08T06:55:31.526775,ok
1420063,0003210-69.2023.8.16.0119,69,3,2026-01-08T06:55:31.526775,ok
1420064,0017953-62.2024.8.16.0018,69,3,2026-01-08T06:55:31.526775,ok
1420065,0014438-39.2024.8.16.0173,69,3,2026-01-08T06:55:31.526775,ok
1420066,0034547-81.2023.8.16.0182,69,3,2026-01-08T06:55:31.526775,ok
1420067,0004862-23.2023.8.16.0184,69,3,2026-01-08T06:55:31.526775,ok
1420068,0035818-91.2024.8.16.0182,69,3,2026-01-08T06:55:31.526775,ok
1420069,0005373-97.2024.8.16.0018,69,3,2026-01-08T06:55:31.526775,ok
1420070,0065371-08.2024.8.16.0014,69,3,2026-01-08T06:55:31.526775,ok
1420071,0002243-60.2024.8.16.0031,69,3,2026-01-08T06:55:31.526775,ok
1420072,0008519-26.2024.8.16.0058,69,3,2026-01-08T06:55:31.526775,ok
1420073,0002795-64.2024.8.16.0018,69,3,2026-01-08T06:55:31.526775,ok
1420074,0004483-27.2024.8.16.0191,69,3,2026-01-08T06:55:31.526775,ok
1420075,0001313-39.2024.8.16.0129,69,3,2026-01-08T06:55:31.526775,ok
1420076,0001384-73.2023.8.16.0065,69,3,2026-01-08T06:55:31.526775,ok
1420077,0003531-94.2023.8.16.0090,69,3,2026-01-08T06:55:31.526775,ok
1420078,0007060-44.2023.8.16.0148,69,3,2026-01-08T06:55:31.526775,ok
1420079,0001665-54.2023.8.16.0186,69,3,2026-01-08T06:55:31.526775,ok
1420080,0000991-02.2024.8.16.0167,69,3,2026-01-08T06:55:31.526775,ok
1420081,0008711-41.2024.8.16.0160,69,3,2026-01-08T06:55:31.526775,ok
1420082,0006749-21.2024.8.16.0018,69,3,2026-01-08T06:55:31.526775,ok
1420083,0015458-38.2024.8.16.0182,69,3,2026-01-08T06:55:31.526775,ok
1420084,0001766-73.2024.8.16.0019,69,3,2026-01-08T06:55:31.526775,ok
1420085,0003771-32.2024.8.16.0031,69,3,2026-01-08T06:55:31.526775,ok
1420086,0000911-08.2023.8.16.0059,69,3,2026-01-08T06:55:31.526775,ok
1420087,0000841-97.2024.8.16.0174,69,3,2026-01-08T06:55:31.526775,ok
1420088,0003753-67.2022.8.16.0035,69,3,2026-01-08T06:55:31.526775,ok
1420089,0010883-07.2023.8.16.0025,69,3,2026-01-08T06:55:31.526775,ok
1420090,0002154-47.2023.8.16.0136,69,3,2026-01-08T06:55:31.526775,ok
1420091,0000523-64.2022.8.16.0181,69,3,2026-01-08T06:55:31.526775,ok
1420092,0000927-36.2014.8.16.0104,69,3,2026-01-08T06:55:31.526775,ok
1420093,0003590-76.2024.8.16.0113,69,3,2026-01-08T06:55:31.526775,ok
1420094,0002792-02.2024.8.16.0086,69,3,2026-01-08T06:55:31.526775,ok
1420095,0001561-57.2023.8.16.0123,69,3,2026-01-08T06:55:31.526775,ok
1420096,0001933-16.2024.8.16.0076,69,3,2026-01-08T06:55:31.526775,ok
1420097,0016699-54.2024.8.16.0018,69,3,2026-01-08T06:55:31.526775,ok
1420098,0032578-65.2024.8.16.0030,69,3,2026-01-08T06:55:31.526775,ok
1420099,0018875-96.2024.8.16.0182,69,3,2026-01-08T06:55:31.526775,ok
1420100,0002360-85.2023.8.16.0128,69,3,2026-01-08T06:55:31.526775,ok
1420101,0003318-58.2023.8.16.0100,69,3,2026-01-08T06:55:31.526775,ok
1420102,0001352-82.2024.8.16.0146,69,3,2026-01-08T06:55:31.526775,ok
1420103,0002397-58.2024.8.16.0167,69,3,2026-01-08T06:55:31.526775,ok
1420104,0007920-25.2024.8.16.0014,69,3,2026-01-08T06:55:31.526775,ok
1420105,0012638-12.2021.8.16.0001,72,3,2026-01-08T06:55:31.526775,ok
1420106,0000016-82.2021.8.16.0167,72,3,2026-01-08T06:55:31.526775,ok
1420107,0009861-44.2023.8.16.0014,72,3,2026-01-08T06:55:31.526775,ok
1420108,0082495-46.2024.8.16.0000,72,3,2026-01-08T06:55:31.526775,ok
1420109,0105865-54.2024.8.16.0000,72,3,2026-01-08T06:55:31.526775,ok
1420110,0002577-26.2022.8.16.0141,72,3,2026-01-08T06:55:31.526775,ok
1420111,0084404-26.2024.8.16.0000,72,3,2026-01-08T06:55:31.526775,ok
1420112,0008177-34.2023.8.16.0160,72,3,2026-01-08T06:55:31.526775,ok
1420113,0077291-21.2024.8.16.0000,72,3,2026-01-08T06:55:31.526775,ok
1420114,4004192-82.2024.8.16.4321,72,3,2026-01-08T06:55:31.526775,ok
1420115,0001736-51.2023.8.16.0123,72,3,2026-01-08T06:55:31.526775,ok
1420116,0079208-75.2024.8.16.0000,72,3,2026-01-08T06:55:31.526775,ok
1420117,0003662-06.2023.8.16.0014,72,3,2026-01-08T06:55:31.526775,ok
1420118,0003221-44.2018.8.16.0129,72,3,2026-01-08T06:55:31.526775,ok
1420119,0088296-40.2024.8.16.0000,72,3,2026-01-08T06:55:31.526775,ok
1420120,0006122-49.1999.8.16.0129,72,3,2026-01-08T06:55:31.526775,ok
1420121,0004806-49.2024.8.16.0153,72,3,2026-01-08T06:55:31.526775,ok
1420122,0002346-59.2024.8.16.0163,72,3,2026-01-08T06:55:31.526775,ok
1420123,0001130-63.2024.8.16.0066,72,3,2026-01-08T06:55:31.526775,ok
1420124,0011775-52.2024.8.16.0130,72,3,2026-01-08T06:55:31.526775,ok
1420125,0081949-88.2024.8.16.0000,72,3,2026-01-08T06:55:31.526775,ok
1420126,0003276-08.2024.8.16.0089,72,3,2026-01-08T06:55:31.526775,ok
1420127,0001414-46.2016.8.16.0165,72,3,2026-01-08T06:55:31.526775,ok
1420128,0004173-77.2022.8.16.0098,72,3,2026-01-08T06:55:31.526775,ok
1420129,0082740-57.2024.8.16.0000,72,3,2026-01-08T06:55:31.526775,ok
1420130,0010782-03.2024.8.16.0035,72,3,2026-01-08T06:55:31.526775,ok
1420131,0101453-80.2024.8.16.0000,72,3,2026-01-08T06:55:31.526775,ok
1420132,0004706-65.2023.8.16.0174,72,3,2026-01-08T06:55:31.526775,ok
1420133,0008154-44.2024.8.16.0131,72,3,2026-01-08T06:55:31.526775,ok
1420134,0082176-78.2024.8.16.0000,72,3,2026-01-08T06:55:31.526775,ok
1420135,0098306-46.2024.8.16.0000,72,3,2026-01-08T06:55:31.526775,ok
1420136,0070281-23.2024.8.16.0000,72,3,2026-01-08T06:55:31.526775,ok
1420137,0034030-03.2024.8.16.0001,72,3,2026-01-08T06:55:31.526775,ok
1420138,0087290-95.2024.8.16.0000,72,3,2026-01-08T06:55:31.526775,ok
1420139,0002691-72.2017.8.16.0162,72,3,2026-01-08T06:55:31.526775,ok
1420140,0002373-05.2016.8.16.0169,72,3,2026-01-08T06:55:31.526775,ok
1420141,0019803-10.2013.8.16.0028,72,3,2026-01-08T06:55:31.526775,ok
1420142,0029262-13.2019.8.16.0000,72,3,2026-01-08T06:55:31.526775,ok
1420143,0005547-13.2004.8.16.0017,72,3,2026-01-08T06:55:31.526775,ok
1420144,0081561-88.2024.8.16.0000,72,3,2026-01-08T06:55:31.526775,ok
1420145,0001271-96.2021.8.16.0160,72,3,2026-01-08T06:55:31.526775,ok
1420146,0002378-72.2024.8.16.0128,72,3,2026-01-08T06:55:31.526775,ok
1420147,0021067-55.2024.8.16.0035,72,3,2026-01-08T06:55:31.526775,ok
1420148,0038152-59.2024.8.16.0001,72,3,2026-01-08T06:55:31.526775,ok
1420149,0002071-09.2024.8.16.0132,72,3,2026-01-08T06:55:31.526775,ok
1420150,0096374-23.2024.8.16.0000,72,3,2026-01-08T06:55:31.526775,ok
1420151,0088867-11.2024.8.16.0000,72,3,2026-01-08T06:55:31.526775,ok
1420152,0009717-79.2024.8.16.0129,72,3,2026-01-08T06:55:31.526775,ok
1420153,0081998-32.2024.8.16.0000,72,3,2026-01-08T06:55:31.526775,ok
1420154,0051604-42.2024.8.16.0000,68,3,2026-01-08T06:55:31.526775,ok
1420155,0076568-02.2024.8.16.0000,68,3,2026-01-08T06:55:31.526775,ok
1420156,0004054-82.2023.8.16.0001,68,3,2026-01-08T06:55:31.526775,ok
1420157,0013246-08.2024.8.16.0194,68,3,2026-01-08T06:55:31.526775,ok
1420158,0073448-48.2024.8.16.0000,68,3,2026-01-08T06:55:31.526775,ok
1420159,0020490-34.2024.8.16.0017,68,3,2026-01-08T06:55:31.526775,ok
1420160,0075390-18.2024.8.16.0000,68,3,2026-01-08T06:55:31.526775,ok
1420161,0001479-44.1999.8.16.0001,68,3,2026-01-08T06:55:31.526775,ok
1420162,0004539-49.2023.8.16.0109,68,3,2026-01-08T06:55:31.526775,ok
1420163,0009468-40.2018.8.16.0194,68,3,2026-01-08T06:55:31.526775,ok
1420164,0059702-16.2024.8.16.0000,68,3,2026-01-08T06:55:31.526775,ok
1420165,0016342-08.2023.8.16.0019,68,3,2026-01-08T06:55:31.526775,ok
1420166,0006589-81.2023.8.16.0001,68,3,2026-01-08T06:55:31.526775,ok
1420167,0039692-48.2024.8.16.0000,68,3,2026-01-08T06:55:31.526775,ok
1420168,0031649-02.2023.8.16.0019,68,3,2026-01-08T06:55:31.526775,ok
1420169,0003328-66.2020.8.16.0146,68,3,2026-01-08T06:55:31.526775,ok
1420170,0075418-83.2024.8.16.0000,68,3,2026-01-08T06:55:31.526775,ok
1420171,0061729-69.2024.8.16.0000,68,3,2026-01-08T06:55:31.526775,ok
1420172,0056398-09.2024.8.16.0000,68,3,2026-01-08T06:55:31.526775,ok
1420173,0003995-31.2023.8.16.0119,68,3,2026-01-08T06:55:31.526775,ok
1420174,0017054-79.2024.8.16.0013,68,3,2026-01-08T06:55:31.526775,ok
1420175,0002919-15.2020.8.16.0074,68,3,2026-01-08T06:55:31.526775,ok
1420176,0019351-03.2018.8.16.0035,68,3,2026-01-08T06:55:31.526775,ok
1420177,0056879-69.2024.8.16.0000,68,3,2026-01-08T06:55:31.526775,ok
1420178,0055634-23.2024.8.16.0000,68,3,2026-01-08T06:55:31.526775,ok
1420179,0061347-76.2024.8.16.0000,68,3,2026-01-08T06:55:31.526775,ok
1420180,0051657-23.2024.8.16.0000,68,3,2026-01-08T06:55:31.526775,ok
1420181,0002331-80.2022.8.16.0189,68,3,2026-01-08T06:55:31.526775,ok
1420182,0005595-25.2021.8.16.0130,68,3,2026-01-08T06:55:31.526775,ok
1420183,0008943-93.2013.8.16.0045,68,3,2026-01-08T06:55:31.526775,ok
1420184,0009891-53.2024.8.16.0173,68,3,2026-01-08T06:55:31.526775,ok
1420185,0004789-67.2007.8.16.0069,68,3,2026-01-08T06:55:31.526775,ok
1420186,0085920-81.2024.8.16.0000,68,3,2026-01-08T06:55:31.526775,ok
1420187,0056510-67.2023.8.16.0014,68,3,2026-01-08T06:55:31.526775,ok
1420188,0000615-25.2024.8.16.0164,68,3,2026-01-08T06:55:31.526775,ok
1420189,0067713-34.2024.8.16.0000,68,3,2026-01-08T06:55:31.526775,ok
1420190,0052630-75.2024.8.16.0000,68,3,2026-01-08T06:55:31.526775,ok
1420191,0020509-40.2024.8.16.0017,68,3,2026-01-08T06:55:31.526775,ok
1420192,0008219-07.2023.8.16.0056,68,3,2026-01-08T06:55:31.526775,ok
1420193,0001396-96.2015.8.16.0185,68,3,2026-01-08T06:55:31.526775,ok
1420194,0058097-35.2024.8.16.0000,68,3,2026-01-08T06:55:31.526775,ok
1420195,0002182-64.2019.8.16.0165,68,3,2026-01-08T06:55:31.526775,ok
1420196,0001167-58.2019.8.16.0004,68,3,2026-01-08T06:55:31.526775,ok
1420197,0009582-22.2023.8.16.0026,68,3,2026-01-08T06:55:31.526775,ok
1420198,0006281-94.2023.8.16.0017,68,3,2026-01-08T06:55:31.526775,ok
1420199,0022158-07.2013.8.16.0185,68,3,2026-01-08T06:55:31.526775,ok
1420200,0028265-51.2024.8.16.0001,68,3,2026-01-08T06:55:31.526775,ok
1420201,0070160-92.2024.8.16.0000,68,3,2026-01-08T06:55:31.526775,ok
1420202,0057567-31.2024.8.16.0000,68,3,2026-01-08T06:55:31.526775,ok
1420203,0004616-87.2024.8.16.0185,68,3,2026-01-08T06:55:31.526775,ok
1420204,0000615-70.2020.8.16.0162,75,3,2026-01-08T06:55:31.526775,ok
1420205,0130201-25.2024.8.16.0000,75,3,2026-01-08T06:55:31.526775,ok
1420206,0122828-40.2024.8.16.0000,75,3,2026-01-08T06:55:31.526775,ok
1420207,4000169-64.2024.8.16.0095,75,3,2026-01-08T06:55:31.526775,ok
1420208,0130999-83.2024.8.16.0000,75,3,2026-01-08T06:55:31.526775,ok
1420209,0111031-67.2024.8.16.0000,75,3,2026-01-08T06:55:31.526775,ok
1420210,0098587-02.2024.8.16.0000,75,3,2026-01-08T06:55:31.526775,ok
1420211,0131096-83.2024.8.16.0000,75,3,2026-01-08T06:55:31.526775,ok
1420212,0120211-10.2024.8.16.0000,75,3,2026-01-08T06:55:31.526775,ok
1420213,0131013-67.2024.8.16.0000,75,3,2026-01-08T06:55:31.526775,ok
1420214,0012903-77.2009.8.16.0116,75,3,2026-01-08T06:55:31.526775,ok
1420215,0131238-87.2024.8.16.0000,75,3,2026-01-08T06:55:31.526775,ok
1420216,0000933-26.2024.8.16.0158,75,3,2026-01-08T06:55:31.526775,ok
1420217,0113708-70.2024.8.16.0000,75,3,2026-01-08T06:55:31.526775,ok
1420218,0095384-32.2024.8.16.0000,75,3,2026-01-08T06:55:31.526775,ok
1420219,0014260-27.2024.8.16.0000,75,3,2026-01-08T06:55:31.526775,ok
1420220,0036579-83.2024.8.16.0001,75,3,2026-01-08T06:55:31.526775,ok
1420221,0105355-41.2024.8.16.0000,75,3,2026-01-08T06:55:31.526775,ok
1420222,0002381-79.2024.8.16.0046,75,3,2026-01-08T06:55:31.526775,ok
1420223,0036798-96.2024.8.16.0001,75,3,2026-01-08T06:55:31.526775,ok
1420224,0067486-02.2024.8.16.0014,75,3,2026-01-08T06:55:31.526775,ok
1420225,0117661-42.2024.8.16.0000,75,3,2026-01-08T06:55:31.526775,ok
1420226,0073600-54.2024.8.16.0014,75,3,2026-01-08T06:55:31.526775,ok
1420227,0036725-27.2024.8.16.0001,75,3,2026-01-08T06:55:31.526775,ok
1420228,0008855-52.2024.8.16.0083,75,3,2026-01-08T06:55:31.526775,ok
1420229,0105379-69.2024.8.16.0000,75,3,2026-01-08T06:55:31.526775,ok
1420230,0028680-77.2024.8.16.0019,75,3,2026-01-08T06:55:31.526775,ok
1420231,0066570-65.2024.8.16.0014,75,3,2026-01-08T06:55:31.526775,ok
1420232,0028679-92.2024.8.16.0019,75,3,2026-01-08T06:55:31.526775,ok
1420233,0010292-02.2024.8.16.0028,75,3,2026-01-08T06:55:31.526775,ok
1420234,0111080-11.2024.8.16.0000,75,3,2026-01-08T06:55:31.526775,ok
1420235,0028775-10.2024.8.16.0019,75,3,2026-01-08T06:55:31.526775,ok
1420236,0066632-08.2024.8.16.0014,75,3,2026-01-08T06:55:31.526775,ok
1420237,0009904-14.2024.8.16.0024,75,3,2026-01-08T06:55:31.526775,ok
1420238,0042867-84.2024.8.16.0021,75,3,2026-01-08T06:55:31.526775,ok
1420239,0073479-26.2024.8.16.0014,75,3,2026-01-08T06:55:31.526775,ok
1420240,0110521-54.2024.8.16.0000,75,3,2026-01-08T06:55:31.526775,ok
1420241,0068017-88.2024.8.16.0014,75,3,2026-01-08T06:55:31.526775,ok
1420242,0118731-94.2024.8.16.0000,75,3,2026-01-08T06:55:31.526775,ok
1420243,0036578-98.2024.8.16.0001,75,3,2026-01-08T06:55:31.526775,ok
1420244,0016031-32.2024.8.16.0035,75,3,2026-01-08T06:55:31.526775,ok
1420245,0107672-12.2024.8.16.0000,75,3,2026-01-08T06:55:31.526775,ok
1420246,0002984-38.2024.8.16.0181,75,3,2026-01-08T06:55:31.526775,ok
1420247,0107678-19.2024.8.16.0000,75,3,2026-01-08T06:55:31.526775,ok
1420248,0001724-27.2024.8.16.0115,75,3,2026-01-08T06:55:31.526775,ok
1420249,0000894-69.2024.8.16.0177,75,3,2026-01-08T06:55:31.526775,ok
1420250,0119991-12.2024.8.16.0000,75,3,2026-01-08T06:55:31.526775,ok
1420251,0073748-65.2024.8.16.0014,75,3,2026-01-08T06:55:31.526775,ok
1420252,0107846-21.2024.8.16.0000,75,3,2026-01-08T06:55:31.526775,ok
1420253,0130392-70.2024.8.16.0000,76,3,2026-01-08T06:55:31.526775,ok
1420254,0078191-59.2024.8.16.0014,76,3,2026-01-08T06:55:31.526775,ok
1420255,0109603-50.2024.8.16.0000,76,3,2026-01-08T06:55:31.526775,ok
1420256,0061474-14.2024.8.16.0000,76,3,2026-01-08T06:55:31.526775,ok
1420257,0012837-63.2023.8.16.0001,76,3,2026-01-08T06:55:31.526775,ok
1420258,0040711-89.2024.8.16.0000,76,3,2026-01-08T06:55:31.526775,ok
1420259,0000851-74.2021.8.16.0004,76,3,2026-01-08T06:55:31.526775,ok
1420260,0080602-20.2024.8.16.0000,76,3,2026-01-08T06:55:31.526775,ok
1420261,0008207-28.2019.8.16.0025,76,3,2026-01-08T06:55:31.526775,ok
1420262,0088424-94.2023.8.16.0000,76,3,2026-01-08T06:55:31.526775,ok
1420263,0000613-32.2024.8.16.0107,76,3,2026-01-08T06:55:31.526775,ok
1420264,0001833-39.2023.8.16.0030,76,3,2026-01-08T06:55:31.526775,ok
1420265,0062769-86.2024.8.16.0000,76,3,2026-01-08T06:55:31.526775,ok
1420266,0027539-80.2024.8.16.0000,76,3,2026-01-08T06:55:31.526775,ok
1420267,0076605-29.2024.8.16.0000,76,3,2026-01-08T06:55:31.526775,ok
1420268,0036509-66.2024.8.16.0001,76,3,2026-01-08T06:55:31.526775,ok
1420269,0013368-77.2018.8.16.0017,76,3,2026-01-08T06:55:31.526775,ok
1420270,0004211-24.2023.8.16.0173,76,3,2026-01-08T06:55:31.526775,ok
1420271,0084397-34.2024.8.16.0000,76,3,2026-01-08T06:55:31.526775,ok
1420272,0082709-37.2024.8.16.0000,76,3,2026-01-08T06:55:31.526775,ok
1420273,0002673-76.2010.8.16.0039,76,3,2026-01-08T06:55:31.526775,ok
1420274,0018057-76.2022.8.16.0001,76,3,2026-01-08T06:55:31.526775,ok
1420275,0068751-81.2024.8.16.0000,76,3,2026-01-08T06:55:31.526775,ok
1420276,0001313-17.2022.8.16.0159,76,3,2026-01-08T06:55:31.526775,ok
1420277,0061278-44.2024.8.16.0000,76,3,2026-01-08T06:55:31.526775,ok
1420278,0035830-69.2024.8.16.0000,76,3,2026-01-08T06:55:31.526775,ok
1420279,0000622-48.2023.8.16.0165,76,3,2026-01-08T06:55:31.526775,ok
1420280,0050690-75.2024.8.16.0000,76,3,2026-01-08T06:55:31.526775,ok
1420281,0023538-49.2020.8.16.0014,76,3,2026-01-08T06:55:31.526775,ok
1420282,0004661-57.2021.8.16.0004,76,3,2026-01-08T06:55:31.526775,ok
1420283,0024484-44.2013.8.16.0021,76,3,2026-01-08T06:55:31.526775,ok
1420284,0009222-22.2024.8.16.0004,76,3,2026-01-08T06:55:31.526775,ok
1420285,0034310-74.2024.8.16.0000,76,3,2026-01-08T06:55:31.526775,ok
1420286,0031251-78.2024.8.16.0000,76,3,2026-01-08T06:55:31.526775,ok
1420287,0013604-70.2024.8.16.0000,76,3,2026-01-08T06:55:31.526775,ok
1420288,0051411-27.2024.8.16.0000,76,3,2026-01-08T06:55:31.526775,ok
1420289,0115089-50.2023.8.16.0000,76,3,2026-01-08T06:55:31.526775,ok
1420290,0032924-09.2024.8.16.0000,76,3,2026-01-08T06:55:31.526775,ok
1420291,0014888-16.2024.8.16.0000,76,3,2026-01-08T06:55:31.526775,ok
1420292,0083808-42.2024.8.16.0000,76,3,2026-01-08T06:55:31.526775,ok
1420293,0013819-17.2022.8.16.0194,76,3,2026-01-08T06:55:31.526775,ok
1420294,0081080-28.2024.8.16.0000,76,3,2026-01-08T06:55:31.526775,ok
1420295,0014601-18.2024.8.16.0044,76,3,2026-01-08T06:55:31.526775,ok
1420296,0018058-39.2024.8.16.0018,76,3,2026-01-08T06:55:31.526775,ok
1420297,0000962-40.2024.8.16.0170,76,3,2026-01-08T06:55:31.526775,ok
1420298,0000530-30.2024.8.16.0167,76,3,2026-01-08T06:55:31.526775,ok
1420299,0002739-02.2023.8.16.0136,76,3,2026-01-08T06:55:31.526775,ok
1420300,0012100-21.2023.8.16.0014,76,3,2026-01-08T06:55:31.526775,ok
1420301,0004840-29.2023.8.16.0195,76,3,2026-01-08T06:55:31.526775,ok
1420302,0016736-18.2023.8.16.0018,76,3,2026-01-08T06:55:31.526775,ok
1420303,0035397-09.2017.8.16.0001,78,3,2026-01-08T06:55:31.526775,ok
1420304,0035980-50.2024.8.16.0000,78,3,2026-01-08T06:55:31.526775,ok
1420305,0080081-75.2024.8.16.0000,78,3,2026-01-08T06:55:31.526775,ok
1420306,0037400-90.2024.8.16.0000,78,3,2026-01-08T06:55:31.526775,ok
1420307,0027964-10.2024.8.16.0000,78,3,2026-01-08T06:55:31.526775,ok
1420308,0084106-34.2024.8.16.0000,78,3,2026-01-08T06:55:31.526775,ok
1420309,0075575-90.2023.8.16.0000,78,3,2026-01-08T06:55:31.526775,ok
1420310,0079256-34.2024.8.16.0000,78,3,2026-01-08T06:55:31.526775,ok
1420311,0003907-42.2022.8.16.0017,78,3,2026-01-08T06:55:31.526775,ok
1420312,0001832-87.2023.8.16.0116,78,3,2026-01-08T06:55:31.526775,ok
1420313,0031152-08.2024.8.16.0001,78,3,2026-01-08T06:55:31.526775,ok
1420314,0010198-61.2024.8.16.0058,78,3,2026-01-08T06:55:31.526775,ok
1420315,0012095-62.2024.8.16.0014,78,3,2026-01-08T06:55:31.526775,ok
1420316,0077481-81.2024.8.16.0000,78,3,2026-01-08T06:55:31.526775,ok
1420317,0080917-48.2024.8.16.0000,78,3,2026-01-08T06:55:31.526775,ok
1420318,0094908-91.2024.8.16.0000,78,3,2026-01-08T06:55:31.526775,ok
1420319,0014212-34.2024.8.16.0173,78,3,2026-01-08T06:55:31.526775,ok
1420320,0029048-86.2024.8.16.0019,78,3,2026-01-08T06:55:31.526775,ok
1420321,0001132-82.2024.8.16.0179,78,3,2026-01-08T06:55:31.526775,ok
1420322,0024399-83.2021.8.16.0019,78,3,2026-01-08T06:55:31.526775,ok
1420323,0009081-17.2018.8.16.0035,78,3,2026-01-08T06:55:31.526775,ok
1420324,0001449-56.2024.8.16.0090,78,3,2026-01-08T06:55:31.526775,ok
1420325,0044890-24.2024.8.16.0014,78,3,2026-01-08T06:55:31.526775,ok
1420326,0106094-14.2024.8.16.0000,78,3,2026-01-08T06:55:31.526775,ok
1420327,0107447-89.2024.8.16.0000,78,3,2026-01-08T06:55:31.526775,ok
1420328,0009281-56.2023.8.16.0194,78,3,2026-01-08T06:55:31.526775,ok
1420329,0041832-52.2024.8.16.0001,78,3,2026-01-08T06:55:31.526775,ok
1420330,0059403-39.2024.8.16.0000,78,3,2026-01-08T06:55:31.526775,ok
1420331,0098739-50.2024.8.16.0000,78,3,2026-01-08T06:55:31.526775,ok
1420332,0013706-53.2024.8.16.0013,78,3,2026-01-08T06:55:31.526775,ok
1420333,0001271-79.2024.8.16.0067,78,3,2026-01-08T06:55:31.526775,ok
1420334,0131542-86.2024.8.16.0000,78,3,2026-01-08T06:55:31.526775,ok
1420335,0116429-92.2024.8.16.0000,78,3,2026-01-08T06:55:31.526775,ok
1420336,0131837-26.2024.8.16.0000,78,3,2026-01-08T06:55:31.526775,ok
1420337,0131458-85.2024.8.16.0000,78,3,2026-01-08T06:55:31.526775,ok
1420338,0119528-70.2024.8.16.0000,78,3,2026-01-08T06:55:31.526775,ok
1420339,0126317-85.2024.8.16.0000,78,3,2026-01-08T06:55:31.526775,ok
1420340,0123750-81.2024.8.16.0000,78,3,2026-01-08T06:55:31.526775,ok
1420341,0126141-09.2024.8.16.0000,78,3,2026-01-08T06:55:31.526775,ok
1420342,0115683-30.2024.8.16.0000,78,3,2026-01-08T06:55:31.526775,ok
1420343,0130622-15.2024.8.16.0000,78,3,2026-01-08T06:55:31.526775,ok
1420344,0114009-17.2024.8.16.0000,78,3,2026-01-08T06:55:31.526775,ok
1420345,0131505-59.2024.8.16.0000,78,3,2026-01-08T06:55:31.526775,ok
1420346,0041146-97.2023.8.16.0000,78,3,2026-01-08T06:55:31.526775,ok
1420347,0102053-04.2024.8.16.0000,78,3,2026-01-08T06:55:31.526775,ok
1420348,0077755-45.2024.8.16.0000,78,3,2026-01-08T06:55:31.526775,ok
1420349,0102598-74.2024.8.16.0000,78,3,2026-01-08T06:55:31.526775,ok
1420350,0096642-77.2024.8.16.0000,78,3,2026-01-08T06:55:31.526775,ok
1420351,0003515-10.2023.8.16.0101,78,3,2026-01-08T06:55:31.526775,ok
1420352,0016390-87.2024.8.16.0194,78,3,2026-01-08T06:55:31.526775,ok
1420353,0003834-75.2024.8.16.0025,77,3,2026-01-08T06:55:31.526775,ok
1420354,0001768-02.2023.8.16.0044,77,3,2026-01-08T06:55:31.526775,ok
1420355,0018735-06.2023.8.16.0018,77,3,2026-01-08T06:55:31.526775,ok
1420356,0005057-62.2024.8.16.0187,77,3,2026-01-08T06:55:31.526775,ok
1420357,0033803-86.2023.8.16.0182,77,3,2026-01-08T06:55:31.526775,ok
1420358,0005153-32.2022.8.16.0160,77,3,2026-01-08T06:55:31.526775,ok
1420359,0001412-75.2024.8.16.0204,77,3,2026-01-08T06:55:31.526775,ok
1420360,0013362-82.2023.8.16.0021,77,3,2026-01-08T06:55:31.526775,ok
1420361,0002337-38.2018.8.16.0089,77,3,2026-01-08T06:55:31.526775,ok
1420362,0004969-73.2023.8.16.0182,77,3,2026-01-08T06:55:31.526775,ok
1420363,0001421-68.2022.8.16.0184,77,3,2026-01-08T06:55:31.526775,ok
1420364,0002945-85.2023.8.16.0113,77,3,2026-01-08T06:55:31.526775,ok
1420365,0001364-18.2024.8.16.0075,77,3,2026-01-08T06:55:31.526775,ok
1420366,0015982-17.2019.8.16.0083,77,3,2026-01-08T06:55:31.526775,ok
1420367,0000370-90.2023.8.16.0053,77,3,2026-01-08T06:55:31.526775,ok
1420368,0001877-98.2023.8.16.0049,77,3,2026-01-08T06:55:31.526775,ok
1420369,0044788-78.2024.8.16.0021,77,3,2026-01-08T06:55:31.526775,ok
1420370,0016418-98.2024.8.16.0018,77,3,2026-01-08T06:55:31.526775,ok
1420371,0002405-67.2023.8.16.0200,77,3,2026-01-08T06:55:31.526775,ok
1420372,0030658-89.2024.8.16.0019,77,3,2026-01-08T06:55:31.526775,ok
1420373,0004601-64.2023.8.16.0182,77,3,2026-01-08T06:55:31.526775,ok
1420374,0000636-90.2024.8.16.0102,77,3,2026-01-08T06:55:31.526775,ok
1420375,0001755-48.2021.8.16.0181,77,3,2026-01-08T06:55:31.526775,ok
1420376,0002221-75.2023.8.16.0115,77,3,2026-01-08T06:55:31.526775,ok
1420377,0010671-87.2022.8.16.0035,77,3,2026-01-08T06:55:31.526775,ok
1420378,0006806-82.2023.8.16.0112,77,3,2026-01-08T06:55:31.526775,ok
1420379,0072793-68.2023.8.16.0014,77,3,2026-01-08T06:55:31.526775,ok
1420380,0025159-55.2023.8.16.0021,77,3,2026-01-08T06:55:31.526775,ok
1420381,0016701-24.2024.8.16.0018,77,3,2026-01-08T06:55:31.526775,ok
1420382,0003665-26.2021.8.16.0209,77,3,2026-01-08T06:55:31.526775,ok
1420383,0016417-16.2024.8.16.0018,77,3,2026-01-08T06:55:31.526775,ok
1420384,0013678-02.2024.8.16.0170,77,3,2026-01-08T06:55:31.526775,ok
1420385,0033569-41.2024.8.16.0030,77,3,2026-01-08T06:55:31.526775,ok
1420386,0001695-62.2023.8.16.0001,77,3,2026-01-08T06:55:31.526775,ok
1420387,0097942-74.2024.8.16.0000,77,3,2026-01-08T06:55:31.526775,ok
1420388,0002278-80.2023.8.16.0087,77,3,2026-01-08T06:55:31.526775,ok
1420389,0007216-67.2024.8.16.0028,77,3,2026-01-08T06:55:31.526775,ok
1420390,0060892-14.2024.8.16.0000,77,3,2026-01-08T06:55:31.526775,ok
1420391,0009225-86.2024.8.16.0000,77,3,2026-01-08T06:55:31.526775,ok
1420392,0097834-45.2024.8.16.0000,77,3,2026-01-08T06:55:31.526775,ok
1420393,0076820-05.2024.8.16.0000,77,3,2026-01-08T06:55:31.526775,ok
1420394,0077434-10.2024.8.16.0000,77,3,2026-01-08T06:55:31.526775,ok
1420395,0073220-31.2024.8.16.0014,77,3,2026-01-08T06:55:31.526775,ok
1420396,0009246-73.2018.8.16.0129,77,3,2026-01-08T06:55:31.526775,ok
1420397,0002325-35.2024.8.16.0179,77,3,2026-01-08T06:55:31.526775,ok
1420398,0072755-64.2024.8.16.0000,77,3,2026-01-08T06:55:31.526775,ok
1420399,0043184-82.2024.8.16.0021,77,3,2026-01-08T06:55:31.526775,ok
1420400,0023533-71.2017.8.16.0001,77,3,2026-01-08T06:55:31.526775,ok
1420401,0042091-84.2024.8.16.0021,77,3,2026-01-08T06:55:31.526775,ok
1420402,0041786-03.2024.8.16.0021,77,3,2026-01-08T06:55:31.526775,ok
1420403,0038458-62.2023.8.16.0001,74,3,2026-01-08T06:55:31.526775,ok
1420404,0001154-05.2024.8.16.0127,74,3,2026-01-08T06:55:31.526775,ok
1420405,0077278-22.2024.8.16.0000,74,3,2026-01-08T06:55:31.526775,ok
1420406,0008460-88.2018.8.16.0077,74,3,2026-01-08T06:55:31.526775,ok
1420407,0078263-90.2017.8.16.0014,74,3,2026-01-08T06:55:31.526775,ok
1420408,0016437-68.2018.8.16.0001,74,3,2026-01-08T06:55:31.526775,ok
1420409,0008816-10.2021.8.16.0035,74,3,2026-01-08T06:55:31.526775,ok
1420410,0001361-55.2020.8.16.0123,74,3,2026-01-08T06:55:31.526775,ok
1420411,0087875-50.2024.8.16.0000,74,3,2026-01-08T06:55:31.526775,ok
1420412,0036505-29.2024.8.16.0001,74,3,2026-01-08T06:55:31.526775,ok
1420413,0106577-44.2024.8.16.0000,74,3,2026-01-08T06:55:31.526775,ok
1420414,0071647-97.2024.8.16.0000,74,3,2026-01-08T06:55:31.526775,ok
1420415,0068123-92.2024.8.16.0000,74,3,2026-01-08T06:55:31.526775,ok
1420416,0017835-21.2016.8.16.0001,74,3,2026-01-08T06:55:31.526775,ok
1420417,0002661-33.2020.8.16.0194,74,3,2026-01-08T06:55:31.526775,ok
1420418,0066415-07.2024.8.16.0000,74,3,2026-01-08T06:55:31.526775,ok
1420419,0008254-89.2024.8.16.0004,74,3,2026-01-08T06:55:31.526775,ok
1420420,0063640-19.2024.8.16.0000,74,3,2026-01-08T06:55:31.526775,ok
1420421,0009546-19.2024.8.16.0034,74,3,2026-01-08T06:55:31.526775,ok
1420422,0002040-50.2017.8.16.0094,74,3,2026-01-08T06:55:31.526775,ok
1420423,0057830-89.2022.8.16.0014,74,3,2026-01-08T06:55:31.526775,ok
1420424,0096547-47.2024.8.16.0000,74,3,2026-01-08T06:55:31.526775,ok
1420425,0105123-29.2024.8.16.0000,74,3,2026-01-08T06:55:31.526775,ok
1420426,0002301-40.2017.8.16.0118,74,3,2026-01-08T06:55:31.526775,ok
1420427,0000259-04.2016.8.16.0037,74,3,2026-01-08T06:55:31.526775,ok
1420428,0106672-74.2024.8.16.0000,74,3,2026-01-08T06:55:31.526775,ok
1420429,0000150-80.2014.8.16.0062,74,3,2026-01-08T06:55:31.526775,ok
1420430,0083791-06.2024.8.16.0000,74,3,2026-01-08T06:55:31.526775,ok
1420431,0065476-27.2024.8.16.0000,74,3,2026-01-08T06:55:31.526775,ok
1420432,0090626-10.2024.8.16.0000,74,3,2026-01-08T06:55:31.526775,ok
1420433,0008102-26.2013.8.16.0069,74,3,2026-01-08T06:55:31.526775,ok
1420434,0002315-91.2022.8.16.0039,74,3,2026-01-08T06:55:31.526775,ok
1420435,0097903-77.2024.8.16.0000,74,3,2026-01-08T06:55:31.526775,ok
1420436,0016805-74.2024.8.16.0031,74,3,2026-01-08T06:55:31.526775,ok
1420437,0003771-84.2022.8.16.0101,74,3,2026-01-08T06:55:31.526775,ok
1420438,0000854-08.2023.8.16.0053,74,3,2026-01-08T06:55:31.526775,ok
1420439,0010697-12.2024.8.16.0069,74,3,2026-01-08T06:55:31.526775,ok
1420440,0000528-14.2024.8.16.0053,74,3,2026-01-08T06:55:31.526775,ok
1420441,0003493-76.2024.8.16.0210,74,3,2026-01-08T06:55:31.526775,ok
1420442,0001395-70.2023.8.16.0205,74,3,2026-01-08T06:55:31.526775,ok
1420443,0004696-68.2023.8.16.0029,74,3,2026-01-08T06:55:31.526775,ok
1420444,0003638-75.2020.8.16.0048,74,3,2026-01-08T06:55:31.526775,ok
1420445,0010442-50.2022.8.16.0190,74,3,2026-01-08T06:55:31.526775,ok
1420446,0003437-05.2023.8.16.0137,74,3,2026-01-08T06:55:31.526775,ok
1420447,0053408-45.2024.8.16.0000,74,3,2026-01-08T06:55:31.526775,ok
1420448,0001691-75.2022.8.16.0125,74,3,2026-01-08T06:55:31.526775,ok
1420449,0000831-06.2018.8.16.0193,74,3,2026-01-08T06:55:31.526775,ok
1420450,0091993-69.2024.8.16.0000,74,3,2026-01-08T06:55:31.526775,ok
1420451,0000613-03.2020.8.16.0162,74,3,2026-01-08T06:55:31.526775,ok
1420452,0000279-06.2022.8.16.0030,74,3,2026-01-08T06:55:31.526775,ok
1420453,0000899-86.2018.8.16.0085,79,3,2026-01-08T06:55:31.526775,ok
1420454,0000038-07.2016.8.16.0074,79,3,2026-01-08T06:55:31.526775,ok
1420455,0044825-97.2022.8.16.0014,79,3,2026-01-08T06:55:31.526775,ok
1420456,0012512-65.2018.8.16.0130,79,3,2026-01-08T06:55:31.526775,ok
1420457,0056473-48.2024.8.16.0000,79,3,2026-01-08T06:55:31.526775,ok
1420458,0002017-78.2024.8.16.0088,79,3,2026-01-08T06:55:31.526775,ok
1420459,0017896-98.2024.8.16.0194,79,3,2026-01-08T06:55:31.526775,ok
1420460,0035818-26.2023.8.16.0021,79,3,2026-01-08T06:55:31.526775,ok
1420461,0093758-75.2024.8.16.0000,79,3,2026-01-08T06:55:31.526775,ok
1420462,0026541-70.2024.8.16.0014,79,3,2026-01-08T06:55:31.526775,ok
1420463,0011815-70.2022.8.16.0173,79,3,2026-01-08T06:55:31.526775,ok
1420464,0094457-66.2024.8.16.0000,79,3,2026-01-08T06:55:31.526775,ok
1420465,0097690-71.2024.8.16.0000,79,3,2026-01-08T06:55:31.526775,ok
1420466,0040522-48.2024.8.16.0021,79,3,2026-01-08T06:55:31.526775,ok
1420467,0010819-77.2021.8.16.0021,79,3,2026-01-08T06:55:31.526775,ok
1420468,0087018-04.2024.8.16.0000,79,3,2026-01-08T06:55:31.526775,ok
1420469,0062738-66.2024.8.16.0000,79,3,2026-01-08T06:55:31.526775,ok
1420470,0011135-56.2024.8.16.0160,79,3,2026-01-08T06:55:31.526775,ok
1420471,0095197-24.2024.8.16.0000,79,3,2026-01-08T06:55:31.526775,ok
1420472,0100552-15.2024.8.16.0000,79,3,2026-01-08T06:55:31.526775,ok
1420473,0096213-13.2024.8.16.0000,79,3,2026-01-08T06:55:31.526775,ok
1420474,0096584-74.2024.8.16.0000,79,3,2026-01-08T06:55:31.526775,ok
1420475,0005882-06.2024.8.16.0090,79,3,2026-01-08T06:55:31.526775,ok
1420476,0022645-63.2021.8.16.0001,79,3,2026-01-08T06:55:31.526775,ok
1420477,0079671-17.2024.8.16.0000,79,3,2026-01-08T06:55:31.526775,ok
1420478,0098186-03.2024.8.16.0000,79,3,2026-01-08T06:55:31.526775,ok
1420479,0085765-78.2024.8.16.0000,79,3,2026-01-08T06:55:31.526775,ok
1420480,0082794-23.2024.8.16.0000,79,3,2026-01-08T06:55:31.526775,ok
1420481,0087492-72.2024.8.16.0000,79,3,2026-01-08T06:55:31.526775,ok
1420482,0101980-32.2024.8.16.0000,79,3,2026-01-08T06:55:31.526775,ok
1420483,0097773-87.2024.8.16.0000,79,3,2026-01-08T06:55:31.526775,ok
1420484,0078637-07.2024.8.16.0000,79,3,2026-01-08T06:55:31.526775,ok
1420485,0102478-31.2024.8.16.0000,79,3,2026-01-08T06:55:31.526775,ok
1420486,0062468-34.2023.8.16.0014,79,3,2026-01-08T06:55:31.526775,ok
1420487,0000180-40.2024.8.16.0200,79,3,2026-01-08T06:55:31.526775,ok
1420488,0002903-66.2023.8.16.0200,79,3,2026-01-08T06:55:31.526775,ok
1420489,0011974-20.2023.8.16.0030,79,3,2026-01-08T06:55:31.526775,ok
1420490,0004981-76.2021.8.16.0079,79,3,2026-01-08T06:55:31.526775,ok
1420491,0004002-02.2023.8.16.0126,79,3,2026-01-08T06:55:31.526775,ok
1420492,0007173-09.2023.8.16.0112,79,3,2026-01-08T06:55:31.526775,ok
1420493,0004445-40.2023.8.16.0097,79,3,2026-01-08T06:55:31.526775,ok
1420494,0002675-16.2022.8.16.0204,79,3,2026-01-08T06:55:31.526775,ok
1420495,0022013-42.2022.8.16.0182,79,3,2026-01-08T06:55:31.526775,ok
1420496,0003638-84.2022.8.16.0184,79,3,2026-01-08T06:55:31.526775,ok
1420497,0007830-93.2024.8.16.0021,79,3,2026-01-08T06:55:31.526775,ok
1420498,0004043-23.2022.8.16.0184,79,3,2026-01-08T06:55:31.526775,ok
1420499,0009045-96.2024.8.16.0056,79,3,2026-01-08T06:55:31.526775,ok
1420500,0001515-75.2024.8.16.0077,79,3,2026-01-08T06:55:31.526775,ok
1420501,0006463-55.2024.8.16.0014,79,3,2026-01-08T06:55:31.526775,ok
1420502,0000377-12.2022.8.16.0120,79,3,2026-01-08T06:55:31.526775,ok
1420503,0005889-08.2023.8.16.0098,80,3,2026-01-08T06:55:31.526775,ok
1420504,0005765-71.2023.8.16.0018,80,3,2026-01-08T06:55:31.526775,ok
1420505,0103986-12.2024.8.16.0000,80,3,2026-01-08T06:55:31.526775,ok
1420506,0073611-83.2024.8.16.0014,80,3,2026-01-08T06:55:31.526775,ok
1420507,0013118-68.2024.8.16.0038,80,3,2026-01-08T06:55:31.526775,ok
1420508,0004988-43.2023.8.16.0097,80,3,2026-01-08T06:55:31.526775,ok
1420509,0055266-06.2023.8.16.0014,80,3,2026-01-08T06:55:31.526775,ok
1420510,0030437-97.2023.8.16.0001,80,3,2026-01-08T06:55:31.526775,ok
1420511,0001051-70.2021.8.16.0137,80,3,2026-01-08T06:55:31.526775,ok
1420512,0001319-53.2023.8.16.0041,80,3,2026-01-08T06:55:31.526775,ok
1420513,0009674-80.2020.8.16.0001,80,3,2026-01-08T06:55:31.526775,ok
1420514,0097015-11.2024.8.16.0000,80,3,2026-01-08T06:55:31.526775,ok
1420515,0094927-97.2024.8.16.0000,80,3,2026-01-08T06:55:31.526775,ok
1420516,0000400-96.2023.8.16.0095,80,3,2026-01-08T06:55:31.526775,ok
1420517,0035048-59.2024.8.16.0001,80,3,2026-01-08T06:55:31.526775,ok
1420518,0087544-68.2024.8.16.0000,80,3,2026-01-08T06:55:31.526775,ok
1420519,0062373-12.2024.8.16.0000,80,3,2026-01-08T06:55:31.526775,ok
1420520,0071023-48.2024.8.16.0000,80,3,2026-01-08T06:55:31.526775,ok
1420521,0016876-68.2023.8.16.0045,80,3,2026-01-08T06:55:31.526775,ok
1420522,0070465-39.2021.8.16.0014,80,3,2026-01-08T06:55:31.526775,ok
1420523,0013860-81.2019.8.16.0131,80,3,2026-01-08T06:55:31.526775,ok
1420524,0076687-60.2024.8.16.0000,80,3,2026-01-08T06:55:31.526775,ok
1420525,0003783-51.2023.8.16.0170,80,3,2026-01-08T06:55:31.526775,ok
1420526,0082288-47.2024.8.16.0000,80,3,2026-01-08T06:55:31.526775,ok
1420527,0005495-65.2022.8.16.0088,80,3,2026-01-08T06:55:31.526775,ok
1420528,0047964-31.2024.8.16.0000,80,3,2026-01-08T06:55:31.526775,ok
1420529,0044630-78.2023.8.16.0014,80,3,2026-01-08T06:55:31.526775,ok
1420530,0008791-03.2021.8.16.0130,80,3,2026-01-08T06:55:31.526775,ok
1420531,0076667-69.2024.8.16.0000,80,3,2026-01-08T06:55:31.526775,ok
1420532,0099814-27.2024.8.16.0000,80,3,2026-01-08T06:55:31.526775,ok
1420533,0002132-64.2019.8.16.0124,80,3,2026-01-08T06:55:31.526775,ok
1420534,0017775-62.2023.8.16.0014,80,3,2026-01-08T06:55:31.526775,ok
1420535,0002658-02.2023.8.16.0056,80,3,2026-01-08T06:55:31.526775,ok
1420536,0003456-50.2017.8.16.0095,80,3,2026-01-08T06:55:31.526775,ok
1420537,0000850-36.2009.8.16.0190,80,3,2026-01-08T06:55:31.526775,ok
1420538,0043859-45.2023.8.16.0000,80,3,2026-01-08T06:55:31.526775,ok
1420539,0094637-82.2024.8.16.0000,80,3,2026-01-08T06:55:31.526775,ok
1420540,0080893-20.2024.8.16.0000,80,3,2026-01-08T06:55:31.526775,ok
1420541,0001614-12.2024.8.16.0088,80,3,2026-01-08T06:55:31.526775,ok
1420542,0077328-48.2024.8.16.0000,80,3,2026-01-08T06:55:31.526775,ok
1420543,0067616-34.2024.8.16.0000,80,3,2026-01-08T06:55:31.526775,ok
1420544,0068167-14.2024.8.16.0000,80,3,2026-01-08T06:55:31.526775,ok
1420545,0116599-64.2024.8.16.0000,80,3,2026-01-08T06:55:31.526775,ok
1420546,4001284-24.2024.8.16.0030,80,3,2026-01-08T06:55:31.526775,ok
1420547,0060465-17.2024.8.16.0000,80,3,2026-01-08T06:55:31.526775,ok
1420548,4001035-09.2024.8.16.0019,80,3,2026-01-08T06:55:31.526775,ok
1420549,4000925-71.2024.8.16.0031,80,3,2026-01-08T06:55:31.526775,ok
1420550,0001414-84.2024.8.16.0094,80,3,2026-01-08T06:55:31.526775,ok
1420551,0008226-78.2024.8.16.0083,80,3,2026-01-08T06:55:31.526775,ok
1420552,0003205-32.2024.8.16.0048,80,3,2026-01-08T06:55:31.526775,ok
1420553,0086562-54.2024.8.16.0000,81,3,2026-01-08T06:55:31.526775,ok
1420554,0103256-98.2024.8.16.0000,81,3,2026-01-08T06:55:31.526775,ok
1420555,0000945-96.2023.8.16.0086,81,3,2026-01-08T06:55:31.526775,ok
1420556,0001303-16.2023.8.16.0004,81,3,2026-01-08T06:55:31.526775,ok
1420557,0005673-49.2017.8.16.0036,81,3,2026-01-08T06:55:31.526775,ok
1420558,0103477-81.2024.8.16.0000,81,3,2026-01-08T06:55:31.526775,ok
1420559,0028794-73.2024.8.16.0000,81,3,2026-01-08T06:55:31.526775,ok
1420560,0004563-52.2022.8.16.0064,81,3,2026-01-08T06:55:31.526775,ok
1420561,0000545-27.2022.8.16.0148,81,3,2026-01-08T06:55:31.526775,ok
1420562,0020659-55.2023.8.16.0017,81,3,2026-01-08T06:55:31.526775,ok
1420563,0098666-78.2024.8.16.0000,81,3,2026-01-08T06:55:31.526775,ok
1420564,0086554-77.2024.8.16.0000,81,3,2026-01-08T06:55:31.526775,ok
1420565,0100004-87.2024.8.16.0000,81,3,2026-01-08T06:55:31.526775,ok
1420566,0012073-65.2024.8.16.0026,81,3,2026-01-08T06:55:31.526775,ok
1420567,0011202-03.2024.8.16.0069,81,3,2026-01-08T06:55:31.526775,ok
1420568,0037487-43.2024.8.16.0001,81,3,2026-01-08T06:55:31.526775,ok
1420569,0097064-52.2024.8.16.0000,81,3,2026-01-08T06:55:31.526775,ok
1420570,0000735-89.2023.8.16.0136,81,3,2026-01-08T06:55:31.526775,ok
1420571,0000973-64.2023.8.16.0086,81,3,2026-01-08T06:55:31.526775,ok
1420572,0003178-09.2021.8.16.0160,81,3,2026-01-08T06:55:31.526775,ok
1420573,0105710-51.2024.8.16.0000,81,3,2026-01-08T06:55:31.526775,ok
1420574,0009062-80.2019.8.16.0033,81,3,2026-01-08T06:55:31.526775,ok
1420575,0100659-59.2024.8.16.0000,81,3,2026-01-08T06:55:31.526775,ok
1420576,0013005-96.2024.8.16.0044,81,3,2026-01-08T06:55:31.526775,ok
1420577,0000474-92.2023.8.16.0179,81,3,2026-01-08T06:55:31.526775,ok
1420578,0001657-88.2023.8.16.0150,81,3,2026-01-08T06:55:31.526775,ok
1420579,0106695-20.2024.8.16.0000,81,3,2026-01-08T06:55:31.526775,ok
1420580,0077094-37.2022.8.16.0000,81,3,2026-01-08T06:55:31.526775,ok
1420581,0020462-66.2024.8.16.0017,81,3,2026-01-08T06:55:31.526775,ok
1420582,0093891-20.2024.8.16.0000,81,3,2026-01-08T06:55:31.526775,ok
1420583,0000726-18.2022.8.16.0119,81,3,2026-01-08T06:55:31.526775,ok
1420584,0033855-09.2024.8.16.0001,81,3,2026-01-08T06:55:31.526775,ok
1420585,0003309-16.2020.8.16.0193,81,3,2026-01-08T06:55:31.526775,ok
1420586,0010377-60.2024.8.16.0004,81,3,2026-01-08T06:55:31.526775,ok
1420587,0000503-22.2022.8.16.0004,81,3,2026-01-08T06:55:31.526775,ok
1420588,0089082-84.2024.8.16.0000,81,3,2026-01-08T06:55:31.526775,ok
1420589,0015627-93.2024.8.16.0030,81,3,2026-01-08T06:55:31.526775,ok
1420590,0043913-11.2024.8.16.0021,81,3,2026-01-08T06:55:31.526775,ok
1420591,0090463-30.2024.8.16.0000,81,3,2026-01-08T06:55:31.526775,ok
1420592,0004608-46.2024.8.16.0077,81,3,2026-01-08T06:55:31.526775,ok
1420593,0032946-25.2024.8.16.0014,81,3,2026-01-08T06:55:31.526775,ok
1420594,0009876-09.2024.8.16.0004,81,3,2026-01-08T06:55:31.526775,ok
1420595,0010665-80.2022.8.16.0035,81,3,2026-01-08T06:55:31.526775,ok
1420596,0004719-26.2022.8.16.0004,81,3,2026-01-08T06:55:31.526775,ok
1420597,0011219-79.2024.8.16.0185,81,3,2026-01-08T06:55:31.526775,ok
1420598,0101973-40.2024.8.16.0000,81,3,2026-01-08T06:55:31.526775,ok
1420599,0039073-18.2024.8.16.0001,81,3,2026-01-08T06:55:31.526775,ok
1420600,0000804-41.2022.8.16.0077,81,3,2026-01-08T06:55:31.526775,ok
1420601,0103474-29.2024.8.16.0000,81,3,2026-01-08T06:55:31.526775,ok
1420602,0014991-78.2024.8.16.0014,81,3,2026-01-08T06:55:31.526775,ok
1420603,0031220-58.2024.8.16.0000,86,3,2026-01-08T06:55:31.526775,ok
1420604,0057152-48.2024.8.16.0000,86,3,2026-01-08T06:55:31.526775,ok
1420605,0043145-51.2024.8.16.0000,86,3,2026-01-08T06:55:31.526775,ok
1420606,0000938-39.2024.8.16.0161,86,3,2026-01-08T06:55:31.526775,ok
1420607,0005162-08.2024.8.16.0165,86,3,2026-01-08T06:55:31.526775,ok
1420608,0074597-79.2024.8.16.0000,86,3,2026-01-08T06:55:31.526775,ok
1420609,0011191-76.2024.8.16.0035,86,3,2026-01-08T06:55:31.526775,ok
1420610,0043054-58.2024.8.16.0000,86,3,2026-01-08T06:55:31.526775,ok
1420611,0010498-57.2023.8.16.0058,86,3,2026-01-08T06:55:31.526775,ok
1420612,0004173-75.2024.8.16.9000,86,3,2026-01-08T06:55:31.526775,ok
1420613,0004153-47.2023.8.16.0035,86,3,2026-01-08T06:55:31.526775,ok
1420614,0007167-05.2024.8.16.0035,86,3,2026-01-08T06:55:31.526775,ok
1420615,0053163-60.2022.8.16.0014,86,3,2026-01-08T06:55:31.526775,ok
1420616,0005459-84.2023.8.16.0024,86,3,2026-01-08T06:55:31.526775,ok
1420617,0015887-12.2024.8.16.0018,86,3,2026-01-08T06:55:31.526775,ok
1420618,0004760-15.2021.8.16.0105,86,3,2026-01-08T06:55:31.526775,ok
1420619,0004445-69.2024.8.16.9000,86,3,2026-01-08T06:55:31.526775,ok
1420620,0004760-37.2024.8.16.0193,86,3,2026-01-08T06:55:31.526775,ok
1420621,0036227-38.2024.8.16.0030,86,3,2026-01-08T06:55:31.526775,ok
1420622,0100399-79.2024.8.16.0000,86,3,2026-01-08T06:55:31.526775,ok
1420623,0104785-55.2024.8.16.0000,86,3,2026-01-08T06:55:31.526775,ok
1420624,0043608-48.2024.8.16.0014,86,3,2026-01-08T06:55:31.526775,ok
1420625,0106754-08.2024.8.16.0000,86,3,2026-01-08T06:55:31.526775,ok
1420626,0003937-48.2024.8.16.0004,86,3,2026-01-08T06:55:31.526775,ok
1420627,0001670-68.2020.8.16.0158,86,3,2026-01-08T06:55:31.526775,ok
1420628,0067659-68.2024.8.16.0000,84,3,2026-01-08T06:55:31.526775,ok
1420629,0059037-97.2024.8.16.0000,84,3,2026-01-08T06:55:31.526775,ok
1420630,0008641-29.2021.8.16.0160,84,3,2026-01-08T06:55:31.526775,ok
1420631,0108326-33.2023.8.16.0000,84,3,2026-01-08T06:55:31.526775,ok
1420632,0083950-46.2024.8.16.0000,84,3,2026-01-08T06:55:31.526775,ok
1420633,0083604-95.2024.8.16.0000,84,3,2026-01-08T06:55:31.526775,ok
1420634,0067063-84.2024.8.16.0000,84,3,2026-01-08T06:55:31.526775,ok
1420635,0011614-40.2023.8.16.0045,84,3,2026-01-08T06:55:31.526775,ok
1420636,0006094-32.2022.8.16.0014,84,3,2026-01-08T06:55:31.526775,ok
1420637,0090396-65.2024.8.16.0000,84,3,2026-01-08T06:55:31.526775,ok
1420638,0096239-11.2024.8.16.0000,84,3,2026-01-08T06:55:31.526775,ok
1420639,0012703-94.2023.8.16.0014,84,3,2026-01-08T06:55:31.526775,ok
1420640,0105261-93.2024.8.16.0000,84,3,2026-01-08T06:55:31.526775,ok
1420641,0020656-20.2024.8.16.0194,84,3,2026-01-08T06:55:31.526775,ok
1420642,0028071-37.2023.8.16.0017,84,3,2026-01-08T06:55:31.526775,ok
1420643,0001821-04.2023.8.16.0037,84,3,2026-01-08T06:55:31.526775,ok
1420644,0004110-62.2023.8.16.0148,84,3,2026-01-08T06:55:31.526775,ok
1420645,0000957-41.2016.8.16.0059,84,3,2026-01-08T06:55:31.526775,ok
1420646,0008418-13.2016.8.16.0173,84,3,2026-01-08T06:55:31.526775,ok
1420647,0001280-70.2015.8.16.0127,84,3,2026-01-08T06:55:31.526775,ok
1420648,0000704-57.2023.8.16.0140,84,3,2026-01-08T06:55:31.526775,ok
1420649,0091473-12.2024.8.16.0000,84,3,2026-01-08T06:55:31.526775,ok
1420650,0086444-78.2024.8.16.0000,84,3,2026-01-08T06:55:31.526775,ok
1420651,0076727-42.2024.8.16.0000,84,3,2026-01-08T06:55:31.526775,ok
1420652,0096324-94.2024.8.16.0000,84,3,2026-01-08T06:55:31.526775,ok
1420653,0003244-16.2023.8.16.0193,84,3,2026-01-08T06:55:31.526775,ok
1420654,0097100-94.2024.8.16.0000,84,3,2026-01-08T06:55:31.526775,ok
1420655,0002120-14.2024.8.16.0047,84,3,2026-01-08T06:55:31.526775,ok
1420656,0092671-84.2024.8.16.0000,84,3,2026-01-08T06:55:31.526775,ok
1420657,0089145-12.2024.8.16.0000,84,3,2026-01-08T06:55:31.526775,ok
1420658,0080037-56.2024.8.16.0000,84,3,2026-01-08T06:55:31.526775,ok
1420659,0127834-28.2024.8.16.0000,84,3,2026-01-08T06:55:31.526775,ok
1420660,0127151-88.2024.8.16.0000,84,3,2026-01-08T06:55:31.526775,ok
1420661,0097635-23.2024.8.16.0000,84,3,2026-01-08T06:55:31.526775,ok
1420662,0111535-73.2024.8.16.0000,84,3,2026-01-08T06:55:31.526775,ok
1420663,0047043-72.2024.8.16.0000,84,3,2026-01-08T06:55:31.526775,ok
1420664,0126432-09.2024.8.16.0000,84,3,2026-01-08T06:55:31.526775,ok
1420665,0096288-52.2024.8.16.0000,84,3,2026-01-08T06:55:31.526775,ok
1420666,4004483-82.2024.8.16.4321,84,3,2026-01-08T06:55:31.526775,ok
1420667,0018753-58.2022.8.16.0019,84,3,2026-01-08T06:55:31.526775,ok
1420668,0123789-78.2024.8.16.0000,84,3,2026-01-08T06:55:31.526775,ok
1420669,0000409-82.2024.8.16.0108,84,3,2026-01-08T06:55:31.526775,ok
1420670,0011140-15.2020.8.16.0194,84,3,2026-01-08T06:55:31.526775,ok
1420671,0014614-25.2019.8.16.0001,84,3,2026-01-08T06:55:31.526775,ok
1420672,0089524-50.2024.8.16.0000,84,3,2026-01-08T06:55:31.526775,ok
1420673,0029865-78.2022.8.16.0001,84,3,2026-01-08T06:55:31.526775,ok
1420674,0089273-32.2024.8.16.0000,84,3,2026-01-08T06:55:31.526775,ok
1420675,0088749-35.2024.8.16.0000,84,3,2026-01-08T06:55:31.526775,ok
1420676,0094562-43.2024.8.16.0000,84,3,2026-01-08T06:55:31.526775,ok
1420677,0037787-05.2024.8.16.0001,84,3,2026-01-08T06:55:31.526775,ok
1420678,0009132-47.2023.8.16.0069,85,3,2026-01-08T06:55:31.526775,ok
1420679,0001675-57.2024.8.16.0156,85,3,2026-01-08T06:55:31.526775,ok
1420680,0037823-47.2024.8.16.0001,85,3,2026-01-08T06:55:31.526775,ok
1420681,0095988-90.2024.8.16.0000,85,3,2026-01-08T06:55:31.526775,ok
1420682,0058101-72.2024.8.16.0000,85,3,2026-01-08T06:55:31.526775,ok
1420683,0089610-21.2024.8.16.0000,85,3,2026-01-08T06:55:31.526775,ok
1420684,0099420-20.2024.8.16.0000,85,3,2026-01-08T06:55:31.526775,ok
1420685,0002249-56.2021.8.16.0004,85,3,2026-01-08T06:55:31.526775,ok
1420686,0019906-56.2023.8.16.0031,85,3,2026-01-08T06:55:31.526775,ok
1420687,0121012-23.2024.8.16.0000,85,3,2026-01-08T06:55:31.526775,ok
1420688,0007462-19.2024.8.16.0075,85,3,2026-01-08T06:55:31.526775,ok
1420689,0105486-16.2024.8.16.0000,85,3,2026-01-08T06:55:31.526775,ok
1420690,0036388-38.2024.8.16.0001,85,3,2026-01-08T06:55:31.526775,ok
1420691,0105293-98.2024.8.16.0000,85,3,2026-01-08T06:55:31.526775,ok
1420692,0010583-21.2023.8.16.0033,85,3,2026-01-08T06:55:31.526775,ok
1420693,0092736-79.2024.8.16.0000,85,3,2026-01-08T06:55:31.526775,ok
1420694,0081829-45.2024.8.16.0000,85,3,2026-01-08T06:55:31.526775,ok
1420695,0044404-73.2023.8.16.0014,85,3,2026-01-08T06:55:31.526775,ok
1420696,0035495-57.2024.8.16.0030,85,3,2026-01-08T06:55:31.526775,ok
1420697,0004991-98.2022.8.16.0075,85,3,2026-01-08T06:55:31.526775,ok
1420698,0001647-83.2024.8.16.0061,85,3,2026-01-08T06:55:31.526775,ok
1420699,0088630-74.2024.8.16.0000,85,3,2026-01-08T06:55:31.526775,ok
1420700,0090013-87.2024.8.16.0000,85,3,2026-01-08T06:55:31.526775,ok
1420701,0011334-09.2022.8.16.0044,85,3,2026-01-08T06:55:31.526775,ok
1420702,0000712-21.2022.8.16.0091,85,3,2026-01-08T06:55:31.526775,ok
1420703,0008268-51.2024.8.16.0173,85,3,2026-01-08T06:55:31.526775,ok
1420704,0091284-34.2024.8.16.0000,85,3,2026-01-08T06:55:31.526775,ok
1420705,0018106-52.2024.8.16.0194,85,3,2026-01-08T06:55:31.526775,ok
1420706,0051311-72.2024.8.16.0000,85,3,2026-01-08T06:55:31.526775,ok
1420707,0029041-86.2013.8.16.0017,85,3,2026-01-08T06:55:31.526775,ok
1420708,0005315-77.2021.8.16.0090,85,3,2026-01-08T06:55:31.526775,ok
1420709,0005238-68.2021.8.16.0090,85,3,2026-01-08T06:55:31.526775,ok
1420710,0067551-39.2024.8.16.0000,85,3,2026-01-08T06:55:31.526775,ok
1420711,0030622-12.2021.8.16.0000,85,3,2026-01-08T06:55:31.526775,ok
1420712,0082761-33.2024.8.16.0000,85,3,2026-01-08T06:55:31.526775,ok
1420713,0038327-53.2024.8.16.0001,85,3,2026-01-08T06:55:31.526775,ok
1420714,0091730-37.2024.8.16.0000,85,3,2026-01-08T06:55:31.526775,ok
1420715,0011543-68.2022.8.16.0014,85,3,2026-01-08T06:55:31.526775,ok
1420716,0112983-81.2024.8.16.0000,85,3,2026-01-08T06:55:31.526775,ok
1420717,0012141-88.2024.8.16.0131,85,3,2026-01-08T06:55:31.526775,ok
1420718,0091453-21.2024.8.16.0000,85,3,2026-01-08T06:55:31.526775,ok
1420719,0002291-29.2023.8.16.0039,85,3,2026-01-08T06:55:31.526775,ok
1420720,0087931-83.2024.8.16.0000,85,3,2026-01-08T06:55:31.526775,ok
1420721,0008240-59.2023.8.16.0160,85,3,2026-01-08T06:55:31.526775,ok
1420722,0004055-70.2024.8.16.0021,85,3,2026-01-08T06:55:31.526775,ok
1420723,0001081-78.2012.8.16.0151,85,3,2026-01-08T06:55:31.526775,ok
1420724,0007117-89.2021.8.16.0194,85,3,2026-01-08T06:55:31.526775,ok
1420725,0088781-40.2024.8.16.0000,85,3,2026-01-08T06:55:31.526775,ok
1420726,0001302-15.2024.8.16.0095,85,3,2026-01-08T06:55:31.526775,ok
1420727,0000963-95.2024.8.16.0179,85,3,2026-01-08T06:55:31.526775,ok
1420728,0003572-17.2024.8.16.0158,87,3,2026-01-08T06:55:31.526775,ok
1420729,0121174-18.2024.8.16.0000,87,3,2026-01-08T06:55:31.526775,ok
1420730,0034568-84.2024.8.16.0000,87,3,2026-01-08T06:55:31.526775,ok
1420731,0088502-88.2023.8.16.0000,87,3,2026-01-08T06:55:31.526775,ok
1420732,0031688-68.2024.8.16.0017,87,3,2026-01-08T06:55:31.526775,ok
1420733,0003126-02.2024.8.16.0065,87,3,2026-01-08T06:55:31.526775,ok
1420734,0013671-22.2024.8.16.0069,87,3,2026-01-08T06:55:31.526775,ok
1420735,0008752-83.2022.8.16.0190,87,3,2026-01-08T06:55:31.526775,ok
1420736,0021354-75.2014.8.16.0000,87,3,2026-01-08T06:55:31.526775,ok
1420737,0118299-75.2024.8.16.0000,87,3,2026-01-08T06:55:31.526775,ok
1420738,0012222-34.2021.8.16.0069,87,3,2026-01-08T06:55:31.526775,ok
1420739,0031238-43.2023.8.16.0185,87,3,2026-01-08T06:55:31.526775,ok
1420740,0012785-15.2014.8.16.0185,87,3,2026-01-08T06:55:31.526775,ok
1420741,0004807-76.2023.8.16.0021,87,3,2026-01-08T06:55:31.526775,ok
1420742,0128322-80.2024.8.16.0000,87,3,2026-01-08T06:55:31.526775,ok
1420743,0131217-14.2024.8.16.0000,87,3,2026-01-08T06:55:31.526775,ok
1420744,0127337-14.2024.8.16.0000,87,3,2026-01-08T06:55:31.526775,ok
1420745,0023578-34.2024.8.16.0000,87,3,2026-01-08T06:55:31.526775,ok
1420746,0081473-50.2024.8.16.0000,87,3,2026-01-08T06:55:31.526775,ok
1420747,0040296-40.2019.8.16.0014,87,3,2026-01-08T06:55:31.526775,ok
1420748,0012613-67.2019.8.16.0001,87,3,2026-01-08T06:55:31.526775,ok
1420749,0002732-93.2024.8.16.0097,87,3,2026-01-08T06:55:31.526775,ok
1420750,0008278-74.2024.8.16.0083,87,3,2026-01-08T06:55:31.526775,ok
1420751,0083858-68.2024.8.16.0000,87,3,2026-01-08T06:55:31.526775,ok
1420752,0025977-07.2023.8.16.0021,87,3,2026-01-08T06:55:31.526775,ok
1420753,0014291-47.2024.8.16.0194,87,3,2026-01-08T06:55:31.526775,ok
1420754,0013375-64.2021.8.16.0017,87,3,2026-01-08T06:55:31.526775,ok
1420755,0000668-77.2023.8.16.0087,87,3,2026-01-08T06:55:31.526775,ok
1420756,0097031-62.2024.8.16.0000,87,3,2026-01-08T06:55:31.526775,ok
1420757,0094277-50.2024.8.16.0000,87,3,2026-01-08T06:55:31.526775,ok
1420758,0004229-45.2023.8.16.0173,87,3,2026-01-08T06:55:31.526775,ok
1420759,0091551-06.2024.8.16.0000,87,3,2026-01-08T06:55:31.526775,ok
1420760,0125370-31.2024.8.16.0000,87,3,2026-01-08T06:55:31.526775,ok
1420761,0002868-90.2024.8.16.0194,87,3,2026-01-08T06:55:31.526775,ok
1420762,0077444-54.2024.8.16.0000,87,3,2026-01-08T06:55:31.526775,ok
1420763,0043745-72.2024.8.16.0000,87,3,2026-01-08T06:55:31.526775,ok
1420764,0000746-90.2024.8.16.0134,87,3,2026-01-08T06:55:31.526775,ok
1420765,0016702-46.2023.8.16.0017,87,3,2026-01-08T06:55:31.526775,ok
1420766,0086063-70.2024.8.16.0000,87,3,2026-01-08T06:55:31.526775,ok
1420767,0012615-61.2024.8.16.0001,87,3,2026-01-08T06:55:31.526775,ok
1420768,0006188-04.2014.8.16.0129,87,3,2026-01-08T06:55:31.526775,ok
1420769,0041297-29.2024.8.16.0000,87,3,2026-01-08T06:55:31.526775,ok
1420770,0131171-25.2024.8.16.0000,87,3,2026-01-08T06:55:31.526775,ok
1420771,0123704-92.2024.8.16.0000,87,3,2026-01-08T06:55:31.526775,ok
1420772,0008927-75.2016.8.16.0000,87,3,2026-01-08T06:55:31.526775,ok
1420773,0000415-22.2024.8.16.0098,87,3,2026-01-08T06:55:31.526775,ok
1420774,0000309-13.2024.8.16.0146,87,3,2026-01-08T06:55:31.526775,ok
1420775,0017754-55.2024.8.16.0013,87,3,2026-01-08T06:55:31.526775,ok
1420776,0000736-55.2022.8.16.0186,87,3,2026-01-08T06:55:31.526775,ok
1420777,0001662-40.2024.8.16.0162,83,3,2026-01-08T06:55:31.526775,ok
1420778,0062138-71.2022.8.16.0014,83,3,2026-01-08T06:55:31.526775,ok
1420779,0001859-35.2023.8.16.0160,83,3,2026-01-08T06:55:31.526775,ok
1420780,0001619-06.2024.8.16.0162,83,3,2026-01-08T06:55:31.526775,ok
1420781,0090319-56.2024.8.16.0000,83,3,2026-01-08T06:55:31.526775,ok
1420782,0096636-70.2024.8.16.0000,83,3,2026-01-08T06:55:31.526775,ok
1420783,0090515-26.2024.8.16.0000,83,3,2026-01-08T06:55:31.526775,ok
1420784,0004703-47.2023.8.16.0001,83,3,2026-01-08T06:55:31.526775,ok
1420785,0078884-85.2024.8.16.0000,83,3,2026-01-08T06:55:31.526775,ok
1420786,0078814-68.2024.8.16.0000,83,3,2026-01-08T06:55:31.526775,ok
1420787,0002828-05.2024.8.16.0196,83,3,2026-01-08T06:55:31.526775,ok
1420788,0001625-15.2023.8.16.0108,83,3,2026-01-08T06:55:31.526775,ok
1420789,0075461-20.2024.8.16.0000,83,3,2026-01-08T06:55:31.526775,ok
1420790,0058099-94.2023.8.16.0014,83,3,2026-01-08T06:55:31.526775,ok
1420791,0095202-46.2024.8.16.0000,83,3,2026-01-08T06:55:31.526775,ok
1420792,0126972-57.2024.8.16.0000,83,3,2026-01-08T06:55:31.526775,ok
1420793,0063285-09.2024.8.16.0000,83,3,2026-01-08T06:55:31.526775,ok
1420794,0093975-21.2024.8.16.0000,83,3,2026-01-08T06:55:31.526775,ok
1420795,0080394-36.2024.8.16.0000,83,3,2026-01-08T06:55:31.526775,ok
1420796,0077355-31.2024.8.16.0000,83,3,2026-01-08T06:55:31.526775,ok
1420797,4001257-41.2024.8.16.0030,83,3,2026-01-08T06:55:31.526775,ok
1420798,0006663-06.2023.8.16.0044,83,3,2026-01-08T06:55:31.526775,ok
1420799,0000167-11.2024.8.16.0113,83,3,2026-01-08T06:55:31.526775,ok
1420800,0083987-65.2023.8.16.0014,83,3,2026-01-08T06:55:31.526775,ok
1420801,0005979-83.2020.8.16.0045,83,3,2026-01-08T06:55:31.526775,ok
1420802,0080045-33.2024.8.16.0000,83,3,2026-01-08T06:55:31.526775,ok
1420803,0052448-72.2013.8.16.0001,83,3,2026-01-08T06:55:31.526775,ok
1420804,0051337-70.2024.8.16.0000,83,3,2026-01-08T06:55:31.526775,ok
1420805,0081756-73.2024.8.16.0000,83,3,2026-01-08T06:55:31.526775,ok
1420806,0055846-44.2024.8.16.0000,83,3,2026-01-08T06:55:31.526775,ok
1420807,0007812-07.2024.8.16.0075,83,3,2026-01-08T06:55:31.526775,ok
1420808,0011559-05.2017.8.16.0044,83,3,2026-01-08T06:55:31.526775,ok
1420809,0065469-61.2022.8.16.0014,83,3,2026-01-08T06:55:31.526775,ok
1420810,0114715-97.2024.8.16.0000,83,3,2026-01-08T06:55:31.526775,ok
1420811,0002261-42.2022.8.16.0196,83,3,2026-01-08T06:55:31.526775,ok
1420812,0102038-35.2024.8.16.0000,83,3,2026-01-08T06:55:31.526775,ok
1420813,0111461-19.2024.8.16.0000,83,3,2026-01-08T06:55:31.526775,ok
1420814,0001877-38.2016.8.16.0116,83,3,2026-01-08T06:55:31.526775,ok
1420815,0073472-76.2024.8.16.0000,83,3,2026-01-08T06:55:31.526775,ok
1420816,0000627-81.2022.8.16.0108,83,3,2026-01-08T06:55:31.526775,ok
1420817,0000542-90.2018.8.16.0155,83,3,2026-01-08T06:55:31.526775,ok
1420818,0092726-35.2024.8.16.0000,83,3,2026-01-08T06:55:31.526775,ok
1420819,0082633-13.2024.8.16.0000,83,3,2026-01-08T06:55:31.526775,ok
1420820,0023473-57.2024.8.16.0000,83,3,2026-01-08T06:55:31.526775,ok
1420821,0072369-26.2023.8.16.0014,83,3,2026-01-08T06:55:31.526775,ok
1420822,0054967-37.2024.8.16.0000,83,3,2026-01-08T06:55:31.526775,ok
1420823,0004073-20.2015.8.16.0179,83,3,2026-01-08T06:55:31.526775,ok
1420824,0094238-53.2024.8.16.0000,83,3,2026-01-08T06:55:31.526775,ok
1420825,0079184-47.2024.8.16.0000,83,3,2026-01-08T06:55:31.526775,ok
1420826,0003415-90.2019.8.16.0070,83,3,2026-01-08T06:55:31.526775,ok
1420827,0106644-09.2024.8.16.0000,82,3,2026-01-08T06:55:31.526775,ok
1420828,0006391-77.2021.8.16.0045,82,3,2026-01-08T06:55:31.526775,ok
1420829,0096709-42.2024.8.16.0000,82,3,2026-01-08T06:55:31.526775,ok
1420830,0000354-95.2024.8.16.0120,82,3,2026-01-08T06:55:31.526775,ok
1420831,4000626-94.2024.8.16.0031,82,3,2026-01-08T06:55:31.526775,ok
1420832,0115482-38.2024.8.16.0000,82,3,2026-01-08T06:55:31.526775,ok
1420833,0091853-35.2024.8.16.0000,82,3,2026-01-08T06:55:31.526775,ok
1420834,0004182-02.2023.8.16.0196,82,3,2026-01-08T06:55:31.526775,ok
1420835,0000642-15.2024.8.16.0097,82,3,2026-01-08T06:55:31.526775,ok
1420836,0004619-59.2024.8.16.0050,82,3,2026-01-08T06:55:31.526775,ok
1420837,0002498-08.2015.8.16.0104,82,3,2026-01-08T06:55:31.526775,ok
1420838,0102723-42.2024.8.16.0000,82,3,2026-01-08T06:55:31.526775,ok
1420839,0004482-64.2023.8.16.0001,82,3,2026-01-08T06:55:31.526775,ok
1420840,0000799-72.2024.8.16.0069,82,3,2026-01-08T06:55:31.526775,ok
1420841,0107441-82.2024.8.16.0000,82,3,2026-01-08T06:55:31.526775,ok
1420842,0097648-22.2024.8.16.0000,82,3,2026-01-08T06:55:31.526775,ok
1420843,0015247-97.2023.8.16.0194,82,3,2026-01-08T06:55:31.526775,ok
1420844,0099691-29.2024.8.16.0000,82,3,2026-01-08T06:55:31.526775,ok
1420845,0037319-41.2024.8.16.0001,82,3,2026-01-08T06:55:31.526775,ok
1420846,0096300-66.2024.8.16.0000,82,3,2026-01-08T06:55:31.526775,ok
1420847,0094402-18.2024.8.16.0000,82,3,2026-01-08T06:55:31.526775,ok
1420848,0108417-89.2024.8.16.0000,82,3,2026-01-08T06:55:31.526775,ok
1420849,0025968-27.2018.8.16.0019,82,3,2026-01-08T06:55:31.526775,ok
1420850,0106768-89.2024.8.16.0000,82,3,2026-01-08T06:55:31.526775,ok
1420851,0002549-65.2022.8.16.0074,82,3,2026-01-08T06:55:31.526775,ok
1420852,0013166-06.2024.8.16.0045,82,3,2026-01-08T06:55:31.526775,ok
1420853,0034286-24.2016.8.16.0001,82,3,2026-01-08T06:55:31.526775,ok
1420854,0010202-76.2024.8.16.0033,82,3,2026-01-08T06:55:31.526775,ok
1420855,0018473-83.2024.8.16.0030,82,3,2026-01-08T06:55:31.526775,ok
1420856,0107859-20.2024.8.16.0000,82,3,2026-01-08T06:55:31.526775,ok
1420857,0099942-47.2024.8.16.0000,82,3,2026-01-08T06:55:31.526775,ok
1420858,0027685-70.2024.8.16.0017,82,3,2026-01-08T06:55:31.526775,ok
1420859,0004053-83.2023.8.16.0038,82,3,2026-01-08T06:55:31.526775,ok
1420860,0089946-25.2024.8.16.0000,82,3,2026-01-08T06:55:31.526775,ok
1420861,0103370-37.2024.8.16.0000,82,3,2026-01-08T06:55:31.526775,ok
1420862,0077308-57.2024.8.16.0000,82,3,2026-01-08T06:55:31.526775,ok
1420863,0099807-35.2024.8.16.0000,82,3,2026-01-08T06:55:31.526775,ok
1420864,0091543-29.2024.8.16.0000,82,3,2026-01-08T06:55:31.526775,ok
1420865,0013144-61.2016.8.16.0001,82,3,2026-01-08T06:55:31.526775,ok
1420866,0108188-32.2024.8.16.0000,82,3,2026-01-08T06:55:31.526775,ok
1420867,0026420-33.2024.8.16.0017,82,3,2026-01-08T06:55:31.526775,ok
1420868,0100428-32.2024.8.16.0000,82,3,2026-01-08T06:55:31.526775,ok
1420869,0107353-44.2024.8.16.0000,82,3,2026-01-08T06:55:31.526775,ok
1420870,0091970-26.2024.8.16.0000,82,3,2026-01-08T06:55:31.526775,ok
1420871,0102372-69.2024.8.16.0000,82,3,2026-01-08T06:55:31.526775,ok
1420872,0000873-13.2022.8.16.0097,82,3,2026-01-08T06:55:31.526775,ok
1420873,0020609-92.2024.8.16.0017,82,3,2026-01-08T06:55:31.526775,ok
1420874,0102860-24.2024.8.16.0000,82,3,2026-01-08T06:55:31.526775,ok
1420875,0000584-30.2021.8.16.0028,82,3,2026-01-08T06:55:31.526775,ok
1420876,0008607-11.2021.8.16.0045,82,3,2026-01-08T06:55:31.526775,ok
1420877,0004487-60.2021.8.16.0194,88,3,2026-01-08T06:55:31.526775,ok
1420878,0095195-54.2024.8.16.0000,88,3,2026-01-08T06:55:31.526775,ok
1420879,0000814-06.2024.8.16.0210,88,3,2026-01-08T06:55:31.526775,ok
1420880,0026305-65.2021.8.16.0001,88,3,2026-01-08T06:55:31.526775,ok
1420881,0005077-95.2022.8.16.0034,88,3,2026-01-08T06:55:31.526775,ok
1420882,0001661-60.2024.8.16.0031,88,3,2026-01-08T06:55:31.526775,ok
1420883,0013266-67.2023.8.16.0021,88,3,2026-01-08T06:55:31.526775,ok
1420884,0000509-07.2023.8.16.0097,88,3,2026-01-08T06:55:31.526775,ok
1420885,0083912-34.2024.8.16.0000,88,3,2026-01-08T06:55:31.526775,ok
1420886,0029103-62.2022.8.16.0001,88,3,2026-01-08T06:55:31.526775,ok
1420887,0031745-80.2024.8.16.0019,88,3,2026-01-08T06:55:31.526775,ok
1420888,0014010-62.2023.8.16.0021,88,3,2026-01-08T06:55:31.526775,ok
1420889,0092917-80.2024.8.16.0000,88,3,2026-01-08T06:55:31.526775,ok
1420890,0009767-96.2023.8.16.0014,88,3,2026-01-08T06:55:31.526775,ok
1420891,0035749-45.2015.8.16.0030,88,3,2026-01-08T06:55:31.526775,ok
1420892,0002039-41.2024.8.16.0055,88,3,2026-01-08T06:55:31.526775,ok
1420893,4000892-81.2024.8.16.0031,88,3,2026-01-08T06:55:31.526775,ok
1420894,0047671-53.2023.8.16.0014,88,3,2026-01-08T06:55:31.526775,ok
1420895,0098983-76.2024.8.16.0000,88,3,2026-01-08T06:55:31.526775,ok
1420896,0036372-45.2024.8.16.0014,88,3,2026-01-08T06:55:31.526775,ok
1420897,0127873-25.2024.8.16.0000,88,3,2026-01-08T06:55:31.526775,ok
1420898,0018986-82.2023.8.16.0031,88,3,2026-01-08T06:55:31.526775,ok
1420899,0093253-84.2024.8.16.0000,88,3,2026-01-08T06:55:31.526775,ok
1420900,0080177-90.2024.8.16.0000,88,3,2026-01-08T06:55:31.526775,ok
1420901,0101982-02.2024.8.16.0000,88,3,2026-01-08T06:55:31.526775,ok
1420902,0055294-71.2023.8.16.0014,88,3,2026-01-08T06:55:31.526775,ok
1420903,0003653-84.2014.8.16.0038,88,3,2026-01-08T06:55:31.526775,ok
1420904,0086452-55.2024.8.16.0000,88,3,2026-01-08T06:55:31.526775,ok
1420905,0099822-38.2023.8.16.0000,88,3,2026-01-08T06:55:31.526775,ok
1420906,0004818-79.2024.8.16.0083,88,3,2026-01-08T06:55:31.526775,ok
1420907,0012894-50.2024.8.16.0194,88,3,2026-01-08T06:55:31.526775,ok
1420908,0106250-02.2024.8.16.0000,88,3,2026-01-08T06:55:31.526775,ok
1420909,0001526-89.2024.8.16.0179,88,3,2026-01-08T06:55:31.526775,ok
1420910,0064872-66.2024.8.16.0000,88,3,2026-01-08T06:55:31.526775,ok
1420911,0090867-81.2024.8.16.0000,88,3,2026-01-08T06:55:31.526775,ok
1420912,0106337-55.2024.8.16.0000,88,3,2026-01-08T06:55:31.526775,ok
1420913,0093745-76.2024.8.16.0000,88,3,2026-01-08T06:55:31.526775,ok
1420914,0004593-22.2021.8.16.0194,88,3,2026-01-08T06:55:31.526775,ok
1420915,0098926-58.2024.8.16.0000,88,3,2026-01-08T06:55:31.526775,ok
1420916,0009446-69.2024.8.16.0194,88,3,2026-01-08T06:55:31.526775,ok
1420917,0112694-51.2024.8.16.0000,88,3,2026-01-08T06:55:31.526775,ok
1420918,0013083-48.2011.8.16.0173,88,3,2026-01-08T06:55:31.526775,ok
1420919,0003042-23.2018.8.16.0158,88,3,2026-01-08T06:55:31.526775,ok
1420920,0095557-56.2024.8.16.0000,88,3,2026-01-08T06:55:31.526775,ok
1420921,0084491-79.2024.8.16.0000,88,3,2026-01-08T06:55:31.526775,ok
1420922,0060511-06.2024.8.16.0000,88,3,2026-01-08T06:55:31.526775,ok
1420923,0053575-25.2021.8.16.0014,88,3,2026-01-08T06:55:31.526775,ok
1420924,0003132-27.2022.8.16.0017,88,3,2026-01-08T06:55:31.526775,ok
1420925,0096127-42.2024.8.16.0000,88,3,2026-01-08T06:55:31.526775,ok
1420926,0009454-43.2020.8.16.0014,88,3,2026-01-08T06:55:31.526775,ok
1420927,0010888-83.2024.8.16.0028,93,3,2026-01-08T06:55:31.526775,ok
1420928,0042085-77.2024.8.16.0021,93,3,2026-01-08T06:55:31.526775,ok
1420929,0006206-27.2024.8.16.0112,93,3,2026-01-08T06:55:31.526775,ok
1420930,0003946-95.2023.8.16.0084,93,3,2026-01-08T06:55:31.526775,ok
1420931,0003122-84.2022.8.16.0048,93,3,2026-01-08T06:55:31.526775,ok
1420932,0003906-63.2016.8.16.0083,93,3,2026-01-08T06:55:31.526775,ok
1420933,0018751-77.2024.8.16.0194,93,3,2026-01-08T06:55:31.526775,ok
1420934,0048443-24.2024.8.16.0000,93,3,2026-01-08T06:55:31.526775,ok
1420935,0000110-34.2021.8.16.0004,93,3,2026-01-08T06:55:31.526775,ok
1420936,0078290-71.2024.8.16.0000,93,3,2026-01-08T06:55:31.526775,ok
1420937,0005955-88.2023.8.16.0194,93,3,2026-01-08T06:55:31.526775,ok
1420938,0004296-07.2022.8.16.0056,93,3,2026-01-08T06:55:31.526775,ok
1420939,0012214-69.2024.8.16.0031,93,3,2026-01-08T06:55:31.526775,ok
1420940,0100805-03.2024.8.16.0000,93,3,2026-01-08T06:55:31.526775,ok
1420941,0076399-15.2024.8.16.0000,93,3,2026-01-08T06:55:31.526775,ok
1420942,0067292-44.2024.8.16.0000,93,3,2026-01-08T06:55:31.526775,ok
1420943,0036589-30.2024.8.16.0001,93,3,2026-01-08T06:55:31.526775,ok
1420944,0039522-68.2023.8.16.0014,93,3,2026-01-08T06:55:31.526775,ok
1420945,0037119-34.2024.8.16.0001,93,3,2026-01-08T06:55:31.526775,ok
1420946,0011403-47.2020.8.16.0194,93,3,2026-01-08T06:55:31.526775,ok
1420947,0028714-92.2023.8.16.0017,93,3,2026-01-08T06:55:31.526775,ok
1420948,0076742-11.2024.8.16.0000,93,3,2026-01-08T06:55:31.526775,ok
1420949,0001400-10.2023.8.16.0103,93,3,2026-01-08T06:55:31.526775,ok
1420950,0084506-82.2023.8.16.0000,93,3,2026-01-08T06:55:31.526775,ok
1420951,0007553-07.2019.8.16.0004,93,3,2026-01-08T06:55:31.526775,ok
1420952,0029811-44.2024.8.16.0001,93,3,2026-01-08T06:55:31.526775,ok
1420953,0034361-82.2024.8.16.0001,93,3,2026-01-08T06:55:31.526775,ok
1420954,0096593-36.2024.8.16.0000,93,3,2026-01-08T06:55:31.526775,ok
1420955,0081175-50.2023.8.16.0014,93,3,2026-01-08T06:55:31.526775,ok
1420956,0001754-22.2022.8.16.0054,93,3,2026-01-08T06:55:31.526775,ok
1420957,0017058-58.2024.8.16.0194,93,3,2026-01-08T06:55:31.526775,ok
1420958,0003494-68.2022.8.16.0004,93,3,2026-01-08T06:55:31.526775,ok
1420959,0086738-33.2024.8.16.0000,93,3,2026-01-08T06:55:31.526775,ok
1420960,0081324-54.2024.8.16.0000,93,3,2026-01-08T06:55:31.526775,ok
1420961,0000039-95.2022.8.16.0004,93,3,2026-01-08T06:55:31.526775,ok
1420962,0030449-29.2024.8.16.0017,93,3,2026-01-08T06:55:31.526775,ok
1420963,0086329-57.2024.8.16.0000,93,3,2026-01-08T06:55:31.526775,ok
1420964,0000336-66.2024.8.16.0058,93,3,2026-01-08T06:55:31.526775,ok
1420965,0098571-48.2024.8.16.0000,93,3,2026-01-08T06:55:31.526775,ok
1420966,0104533-52.2024.8.16.0000,93,3,2026-01-08T06:55:31.526775,ok
1420967,0005107-25.2023.8.16.0090,93,3,2026-01-08T06:55:31.526775,ok
1420968,0097299-19.2024.8.16.0000,93,3,2026-01-08T06:55:31.526775,ok
1420969,0002032-30.2023.8.16.0105,93,3,2026-01-08T06:55:31.526775,ok
1420970,0097046-31.2024.8.16.0000,93,3,2026-01-08T06:55:31.526775,ok
1420971,0110190-72.2024.8.16.0000,93,3,2026-01-08T06:55:31.526775,ok
1420972,0101963-93.2024.8.16.0000,93,3,2026-01-08T06:55:31.526775,ok
1420973,0100083-66.2024.8.16.0000,93,3,2026-01-08T06:55:31.526775,ok
1420974,0030548-33.2023.8.16.0017,93,3,2026-01-08T06:55:31.526775,ok
1420975,0004805-69.2023.8.16.0098,93,3,2026-01-08T06:55:31.526775,ok
1420976,0015924-34.2023.8.16.0031,93,3,2026-01-08T06:55:31.526775,ok
1420977,0072311-31.2024.8.16.0000,94,3,2026-01-08T06:55:31.526775,ok
1420978,0015007-42.2022.8.16.0001,94,3,2026-01-08T06:55:31.526775,ok
1420979,0106683-06.2024.8.16.0000,94,3,2026-01-08T06:55:31.526775,ok
1420980,0011994-13.2022.8.16.0170,94,3,2026-01-08T06:55:31.526775,ok
1420981,0001386-06.2022.8.16.0024,94,3,2026-01-08T06:55:31.526775,ok
1420982,4004229-12.2024.8.16.4321,94,3,2026-01-08T06:55:31.526775,ok
1420983,0108167-56.2024.8.16.0000,94,3,2026-01-08T06:55:31.526775,ok
1420984,0094428-16.2024.8.16.0000,94,3,2026-01-08T06:55:31.526775,ok
1420985,0023062-94.2023.8.16.0017,94,3,2026-01-08T06:55:31.526775,ok
1420986,0004617-66.2024.8.16.0090,94,3,2026-01-08T06:55:31.526775,ok
1420987,0005728-67.2024.8.16.0193,94,3,2026-01-08T06:55:31.526775,ok
1420988,0005331-31.2024.8.16.0153,94,3,2026-01-08T06:55:31.526775,ok
1420989,0001623-32.2020.8.16.0017,94,3,2026-01-08T06:55:31.526775,ok
1420990,0001242-07.2019.8.16.0034,94,3,2026-01-08T06:55:31.526775,ok
1420991,0004859-93.2023.8.16.0014,94,3,2026-01-08T06:55:31.526775,ok
1420992,0043680-69.2023.8.16.0014,94,3,2026-01-08T06:55:31.526775,ok
1420993,0009877-32.2024.8.16.0056,94,3,2026-01-08T06:55:31.526775,ok
1420994,0024280-54.2023.8.16.0019,94,3,2026-01-08T06:55:31.526775,ok
1420995,0096467-83.2024.8.16.0000,94,3,2026-01-08T06:55:31.526775,ok
1420996,0111259-42.2024.8.16.0000,94,3,2026-01-08T06:55:31.526775,ok
1420997,0074757-07.2024.8.16.0000,94,3,2026-01-08T06:55:31.526775,ok
1420998,0019047-75.2020.8.16.0021,94,3,2026-01-08T06:55:31.526775,ok
