Id_processo,processo_25,pagina_extraida,chunk_inserida,timestamp,status
0,0001967-97.2023.8.16.0052,6,0,2026-01-08T11:24:29.920419,ignorado
0,0002041-88.2023.8.16.0170,6,0,2026-01-08T11:24:29.920609,ignorado
0,0007671-48.2025.8.16.9000,6,0,2026-01-08T11:24:29.920621,ignorado
0,0007023-68.2025.8.16.9000,6,0,2026-01-08T11:24:29.920629,ignorado
0,0012563-38.2025.8.16.0031,6,0,2026-01-08T11:24:29.920635,ignorado
0,0006665-06.2025.8.16.9000,6,0,2026-01-08T11:24:29.920642,ignorado
0,0000689-43.2020.8.16.0189,6,0,2026-01-08T11:24:29.920648,ignorado
0,0018055-53.2019.8.16.0182,6,0,2026-01-08T11:24:29.920655,ignorado
0,0014593-80.2024.8.16.0031,6,0,2026-01-08T11:24:29.920664,ignorado
0,0007024-53.2025.8.16.9000,6,0,2026-01-08T11:24:29.920671,ignorado
0,0001205-54.2022.8.16.0040,6,0,2026-01-08T11:24:29.920678,ignorado
0,0007234-03.2024.8.16.0024,6,0,2026-01-08T11:24:29.920681,ignorado
0,0004647-27.2022.8.16.0105,6,0,2026-01-08T11:24:29.920685,ignorado
0,0016274-24.2024.8.16.0019,6,0,2026-01-08T11:24:29.920688,ignorado
0,0004303-62.2025.8.16.0195,6,0,2026-01-08T11:24:29.920694,ignorado
0,0031939-74.2024.8.16.0021,6,0,2026-01-08T11:24:29.920700,ignorado
0,0002923-74.2025.8.16.0204,6,0,2026-01-08T11:24:29.920706,ignorado
0,0003262-85.2024.8.16.0101,6,0,2026-01-08T11:24:29.920712,ignorado
0,0033803-90.2023.8.16.0019,6,0,2026-01-08T11:24:29.920717,ignorado
0,0015278-48.2024.8.16.0044,6,0,2026-01-08T11:24:29.920720,ignorado
0,0007319-90.2025.8.16.9000,6,0,2026-01-08T11:24:29.920725,ignorado
0,0049352-68.2025.8.16.0182,6,0,2026-01-08T11:24:29.920731,ignorado
0,0037381-57.2025.8.16.0030,6,0,2026-01-08T11:24:29.921090,ignorado
0,0000367-51.2022.8.16.0157,6,0,2026-01-08T11:24:29.921097,ignorado
0,0003873-84.2025.8.16.0139,6,0,2026-01-08T11:24:29.921101,ignorado
0,0013181-34.2025.8.16.0014,6,0,2026-01-08T11:24:29.921104,ignorado
0,0050941-93.2025.8.16.0021,6,0,2026-01-08T11:24:29.921108,ignorado
0,0004273-91.2025.8.16.0109,6,0,2026-01-08T11:24:29.921111,ignorado
0,0007875-95.2025.8.16.0075,6,0,2026-01-08T11:24:29.921115,ignorado
0,0018359-49.2025.8.16.0018,6,0,2026-01-08T11:24:29.921120,ignorado
0,0001855-68.2024.8.16.0093,6,0,2026-01-08T11:24:29.921126,ignorado
0,0000261-11.2025.8.16.0149,6,0,2026-01-08T11:24:29.921131,ignorado
0,0001498-60.2024.8.16.0167,6,0,2026-01-08T11:24:29.921137,ignorado
0,0000999-46.2020.8.16.0093,6,0,2026-01-08T11:24:29.921143,ignorado
0,0002818-10.2018.8.16.0086,6,0,2026-01-08T11:24:29.921149,ignorado
0,0042316-82.2019.8.16.0182,6,0,2026-01-08T11:24:29.921155,ignorado
0,0002162-22.2024.8.16.0093,6,0,2026-01-08T11:24:29.921161,ignorado
0,0001249-40.2024.8.16.0093,6,0,2026-01-08T11:24:29.921168,ignorado
0,0012126-39.2019.8.16.0182,6,0,2026-01-08T11:24:29.921174,ignorado
0,0001214-61.2018.8.16.0135,6,0,2026-01-08T11:24:29.921180,ignorado
0,0004642-32.2023.8.16.0117,6,0,2026-01-08T11:24:29.921226,ignorado
0,0000554-83.2025.8.16.0018,6,0,2026-01-08T11:24:29.921229,ignorado
0,0000265-50.2023.8.16.0171,2,0,2026-01-08T11:24:30.380984,ignorado
0,0002670-91.2024.8.16.0149,2,0,2026-01-08T11:24:30.380990,ignorado
0,0008914-26.2025.8.16.0044,2,0,2026-01-08T11:24:30.380996,ignorado
0,0011141-94.2024.8.16.0182,2,0,2026-01-08T11:24:30.381002,ignorado
0,0039113-39.2024.8.16.0182,2,0,2026-01-08T11:24:30.381008,ignorado
0,0001069-02.2025.8.16.0186,2,0,2026-01-08T11:24:30.381013,ignorado
0,0006806-32.2024.8.16.0182,2,0,2026-01-08T11:24:30.381019,ignorado
0,0007729-31.2025.8.16.0018,2,0,2026-01-08T11:24:30.381024,ignorado
0,0007727-61.2025.8.16.0018,2,0,2026-01-08T11:24:30.381030,ignorado
0,0007726-76.2025.8.16.0018,2,0,2026-01-08T11:24:30.381036,ignorado
0,0002887-06.2025.8.16.0148,2,0,2026-01-08T11:24:30.381043,ignorado
0,0039144-30.2024.8.16.0030,2,0,2026-01-08T11:24:30.381048,ignorado
0,0007388-24.2025.8.16.0044,2,0,2026-01-08T11:24:30.381052,ignorado
0,0073222-98.2024.8.16.0014,2,0,2026-01-08T11:24:30.381056,ignorado
0,0030258-56.2025.8.16.0014,2,0,2026-01-08T11:24:30.381060,ignorado
0,0018952-71.2025.8.16.0182,2,0,2026-01-08T11:24:30.381064,ignorado
0,0000431-69.2024.8.16.0067,2,0,2026-01-08T11:24:30.381067,ignorado
0,0007987-02.2025.8.16.0031,2,0,2026-01-08T11:24:30.381071,ignorado
0,0007909-08.2025.8.16.0031,2,0,2026-01-08T11:24:30.381074,ignorado
0,0030693-30.2025.8.16.0014,2,0,2026-01-08T11:24:30.381078,ignorado
0,0007916-97.2025.8.16.0031,2,0,2026-01-08T11:24:30.381082,ignorado
0,0002861-08.2025.8.16.0148,2,0,2026-01-08T11:24:30.381085,ignorado
0,0003093-25.2024.8.16.0190,2,0,2026-01-08T11:24:30.381088,ignorado
0,0002888-88.2025.8.16.0148,2,0,2026-01-08T11:24:30.381104,ignorado
0,0002889-73.2025.8.16.0148,2,0,2026-01-08T11:24:30.381110,ignorado
0,0002886-21.2025.8.16.0148,2,0,2026-01-08T11:24:30.381116,ignorado
0,0004251-91.2024.8.16.0004,2,0,2026-01-08T11:24:30.381123,ignorado
0,0002812-64.2025.8.16.0148,2,0,2026-01-08T11:24:30.381126,ignorado
0,0011367-95.2023.8.16.0130,2,0,2026-01-08T11:24:30.381130,ignorado
0,0002932-10.2025.8.16.0148,2,0,2026-01-08T11:24:30.381134,ignorado
0,0002539-35.2024.8.16.0079,2,0,2026-01-08T11:24:30.381138,ignorado
0,0042648-92.2024.8.16.0014,2,0,2026-01-08T11:24:30.381146,ignorado
0,0006719-59.2024.8.16.0026,2,0,2026-01-08T11:24:30.381149,ignorado
0,0000844-94.2024.8.16.0063,2,0,2026-01-08T11:24:30.381175,ignorado
0,0001321-49.2025.8.16.0139,5,0,2026-01-08T11:24:33.056642,ignorado
0,0006423-15.2024.8.16.0098,5,0,2026-01-08T11:24:33.056648,ignorado
0,0036785-58.2024.8.16.0014,5,0,2026-01-08T11:24:33.056655,ignorado
0,0005219-13.2023.8.16.0116,5,0,2026-01-08T11:24:33.056661,ignorado
0,0007027-08.2025.8.16.9000,5,0,2026-01-08T11:24:33.056722,ignorado
0,0007029-75.2025.8.16.9000,5,0,2026-01-08T11:24:33.056735,ignorado
0,0007026-23.2025.8.16.9000,5,0,2026-01-08T11:24:33.056742,ignorado
0,0007028-90.2025.8.16.9000,5,0,2026-01-08T11:24:33.056756,ignorado
0,0010028-71.2025.8.16.0182,5,0,2026-01-08T11:24:33.056769,ignorado
0,0016125-87.2025.8.16.0182,5,0,2026-01-08T11:24:33.056775,ignorado
0,0022860-71.2024.8.16.0021,5,0,2026-01-08T11:24:33.056780,ignorado
0,0000898-04.2023.8.16.0093,5,0,2026-01-08T11:24:33.056786,ignorado
0,0021611-85.2024.8.16.0021,5,0,2026-01-08T11:24:33.056793,ignorado
0,0000009-28.2024.8.16.0186,5,0,2026-01-08T11:24:33.056806,ignorado
0,0006022-28.2025.8.16.0018,5,0,2026-01-08T11:24:33.056812,ignorado
0,0006237-24.2025.8.16.9000,5,0,2026-01-08T11:24:33.056818,ignorado
0,0073946-05.2024.8.16.0014,5,0,2026-01-08T11:24:33.056831,ignorado
0,0015806-75.2025.8.16.0035,5,0,2026-01-08T11:24:33.056836,ignorado
0,0001312-85.2025.8.16.0075,5,0,2026-01-08T11:24:33.056843,ignorado
0,0007173-48.2025.8.16.0044,5,0,2026-01-08T11:24:33.056849,ignorado
0,0000827-04.2025.8.16.0102,5,0,2026-01-08T11:24:33.056856,ignorado
0,0006892-21.2024.8.16.0079,5,0,2026-01-08T11:24:33.056863,ignorado
0,0000256-35.2025.8.16.0069,5,0,2026-01-08T11:24:33.056869,ignorado
0,0002109-64.2024.8.16.0150,5,0,2026-01-08T11:24:33.056875,ignorado
0,0013881-57.2023.8.16.0021,1,0,2026-01-08T11:24:33.815910,ignorado
0,0000889-54.2023.8.16.0186,1,0,2026-01-08T11:24:33.815914,ignorado
0,0000226-85.2024.8.16.0052,1,0,2026-01-08T11:24:33.815918,ignorado
0,0000359-38.2025.8.16.0038,1,0,2026-01-08T11:24:33.815921,ignorado
0,0003480-78.2025.8.16.0069,1,0,2026-01-08T11:24:33.815925,ignorado
0,0035435-50.2023.8.16.0182,1,0,2026-01-08T11:24:33.815929,ignorado
0,0004118-03.2024.8.16.0084,1,0,2026-01-08T11:24:33.815932,ignorado
0,0007122-72.2024.8.16.0173,1,0,2026-01-08T11:24:33.815938,ignorado
0,0010120-86.2023.8.16.0160,1,0,2026-01-08T11:24:33.815945,ignorado
0,0003949-56.2024.8.16.0103,1,0,2026-01-08T11:24:33.815951,ignorado
0,0016116-96.2025.8.16.0030,1,0,2026-01-08T11:24:33.815957,ignorado
0,0001068-44.2023.8.16.0038,1,0,2026-01-08T11:24:33.815963,ignorado
0,0000162-83.2025.8.16.0038,1,0,2026-01-08T11:24:33.815969,ignorado
0,0046571-10.2024.8.16.0182,1,0,2026-01-08T11:24:33.815975,ignorado
0,0005363-73.2024.8.16.0173,1,0,2026-01-08T11:24:33.816040,ignorado
0,0023268-98.2025.8.16.0030,1,0,2026-01-08T11:24:33.816045,ignorado
0,0079636-78.2025.8.16.0014,1,0,2026-01-08T11:24:33.816069,ignorado
0,0080284-58.2025.8.16.0014,1,0,2026-01-08T11:24:33.816075,ignorado
0,0039223-96.2020.8.16.0014,1,0,2026-01-08T11:24:33.816082,ignorado
0,0010720-32.2025.8.16.0130,3,0,2026-01-08T11:24:34.925980,ignorado
0,0010722-02.2025.8.16.0130,3,0,2026-01-08T11:24:34.925987,ignorado
0,0019515-65.2025.8.16.0182,3,0,2026-01-08T11:24:34.926110,ignorado
0,0000948-66.2023.8.16.0081,3,0,2026-01-08T11:24:34.926116,ignorado
0,0001054-79.2025.8.16.0106,3,0,2026-01-08T11:24:34.926123,ignorado
0,0010588-84.2022.8.16.0160,3,0,2026-01-08T11:24:34.926129,ignorado
0,0014678-87.2025.8.16.0045,3,0,2026-01-08T11:24:34.926134,ignorado
0,0002067-82.2024.8.16.0063,3,0,2026-01-08T11:24:34.926140,ignorado
0,0012754-75.2024.8.16.0045,3,0,2026-01-08T11:24:34.926147,ignorado
0,0036340-89.2024.8.16.0030,3,0,2026-01-08T11:24:34.926154,ignorado
0,0037072-70.2024.8.16.0030,3,0,2026-01-08T11:24:34.926161,ignorado
0,0000932-84.2022.8.16.0134,3,0,2026-01-08T11:24:34.926167,ignorado
0,0009913-49.2024.8.16.0129,3,0,2026-01-08T11:24:34.926174,ignorado
0,0009946-39.2024.8.16.0129,3,0,2026-01-08T11:24:34.926180,ignorado
0,0001401-92.2024.8.16.0124,3,0,2026-01-08T11:24:34.926186,ignorado
0,0037977-07.2024.8.16.0182,12,0,2026-01-08T11:24:34.975964,ignorado
0,0000302-59.2025.8.16.0122,12,0,2026-01-08T11:24:34.976008,ignorado
0,0006571-14.2025.8.16.0123,12,0,2026-01-08T11:24:34.976017,ignorado
0,0026673-74.2025.8.16.0182,12,0,2026-01-08T11:24:34.976043,ignorado
0,0005434-41.2025.8.16.9000,12,0,2026-01-08T11:24:34.976058,ignorado
0,0011224-41.2025.8.16.0129,12,0,2026-01-08T11:24:34.976065,ignorado
0,0042029-12.2025.8.16.0182,12,0,2026-01-08T11:24:34.976072,ignorado
0,0003366-98.2025.8.16.0018,12,0,2026-01-08T11:24:34.976079,ignorado
0,0012735-12.2025.8.16.0182,12,0,2026-01-08T11:24:34.976086,ignorado
0,0010857-48.2024.8.16.0033,12,0,2026-01-08T11:24:34.976093,ignorado
0,0004914-05.2025.8.16.0069,12,0,2026-01-08T11:24:34.976101,ignorado
0,0007881-36.2024.8.16.0173,12,0,2026-01-08T11:24:34.976108,ignorado
0,0004412-13.2024.8.16.0195,12,0,2026-01-08T11:24:34.976122,ignorado
0,0009360-22.2025.8.16.0014,12,0,2026-01-08T11:24:34.976128,ignorado
0,0008954-79.2025.8.16.0182,12,0,2026-01-08T11:24:34.976136,ignorado
0,0003845-10.2025.8.16.0045,12,0,2026-01-08T11:24:34.976142,ignorado
0,0003948-08.2025.8.16.0048,12,0,2026-01-08T11:24:34.976149,ignorado
0,0038048-43.2023.8.16.0182,12,0,2026-01-08T11:24:34.976155,ignorado
0,0004684-02.2022.8.16.0090,12,0,2026-01-08T11:24:34.976162,ignorado
0,0087666-05.2025.8.16.0014,12,0,2026-01-08T11:24:34.976169,ignorado
0,0003190-34.2025.8.16.0014,12,0,2026-01-08T11:24:34.976175,ignorado
0,0020547-46.2024.8.16.0019,12,0,2026-01-08T11:24:34.976182,ignorado
0,0002017-76.2024.8.16.0121,12,0,2026-01-08T11:24:34.976188,ignorado
0,0001294-58.2025.8.16.0174,12,0,2026-01-08T11:24:34.976203,ignorado
0,0001880-07.2025.8.16.0074,12,0,2026-01-08T11:24:34.976209,ignorado
0,0080198-87.2025.8.16.0014,12,0,2026-01-08T11:24:34.976223,ignorado
0,0001811-10.2025.8.16.0030,12,0,2026-01-08T11:24:34.976229,ignorado
0,0001481-57.2010.8.16.0056,12,0,2026-01-08T11:24:34.976243,ignorado
0,0000821-18.2024.8.16.0171,12,0,2026-01-08T11:24:34.976249,ignorado
0,0004459-11.2025.8.16.0014,12,0,2026-01-08T11:24:34.976261,ignorado
0,0031321-19.2025.8.16.0014,12,0,2026-01-08T11:24:34.976267,ignorado
0,0000885-43.2025.8.16.0090,12,0,2026-01-08T11:24:34.976273,ignorado
0,0006578-30.2025.8.16.0018,12,0,2026-01-08T11:24:34.976280,ignorado
0,0009533-80.2025.8.16.0035,12,0,2026-01-08T11:24:34.976286,ignorado
0,0001628-75.2025.8.16.0018,12,0,2026-01-08T11:24:34.976292,ignorado
0,0015344-84.2025.8.16.0014,12,0,2026-01-08T11:24:34.976297,ignorado
0,0002690-83.2024.8.16.0181,12,0,2026-01-08T11:24:34.976303,ignorado
0,0052508-98.2024.8.16.0182,12,0,2026-01-08T11:24:34.976310,ignorado
0,0004044-71.2025.8.16.0129,12,0,2026-01-08T11:24:34.976316,ignorado
0,0002570-07.2023.8.16.0074,12,0,2026-01-08T11:24:34.976322,ignorado
0,0003638-12.2025.8.16.0174,12,0,2026-01-08T11:24:34.976329,ignorado
0,0006134-13.2025.8.16.0045,12,0,2026-01-08T11:24:34.976335,ignorado
0,0004359-76.2023.8.16.0030,4,0,2026-01-08T11:24:38.511886,ignorado
0,0010045-09.2024.8.16.0129,4,0,2026-01-08T11:24:38.511926,ignorado
0,0018734-43.2025.8.16.0182,4,0,2026-01-08T11:24:38.511934,ignorado
0,0007182-88.2025.8.16.0018,4,0,2026-01-08T11:24:38.511941,ignorado
0,0002933-92.2025.8.16.0148,4,0,2026-01-08T11:24:38.511946,ignorado
0,0001652-06.2024.8.16.0191,4,0,2026-01-08T11:24:38.511950,ignorado
0,0003850-19.2024.8.16.0190,4,0,2026-01-08T11:24:38.511954,ignorado
0,0002862-90.2025.8.16.0148,4,0,2026-01-08T11:24:38.511958,ignorado
0,0001603-34.2025.8.16.0189,4,0,2026-01-08T11:24:38.511962,ignorado
0,0011067-88.2024.8.16.0069,4,0,2026-01-08T11:24:38.511965,ignorado
0,0005700-16.2019.8.16.0148,4,0,2026-01-08T11:24:38.511969,ignorado
0,0018687-69.2025.8.16.0182,4,0,2026-01-08T11:24:38.511973,ignorado
0,0002863-75.2025.8.16.0148,4,0,2026-01-08T11:24:38.511977,ignorado
0,0002591-79.2024.8.16.0160,4,0,2026-01-08T11:24:38.512105,ignorado
0,0003527-77.2024.8.16.0072,4,0,2026-01-08T11:24:38.512108,ignorado
0,0018711-97.2025.8.16.0182,4,0,2026-01-08T11:24:38.512113,ignorado
0,0007317-15.2025.8.16.0014,11,0,2026-01-08T11:24:39.609923,ignorado
0,0005719-12.2025.8.16.0148,11,0,2026-01-08T11:24:39.609931,ignorado
0,0001514-17.2024.8.16.0069,11,0,2026-01-08T11:24:39.609935,ignorado
0,0015146-28.2025.8.16.0182,11,0,2026-01-08T11:24:39.609962,ignorado
0,0011382-32.2025.8.16.0021,11,0,2026-01-08T11:24:39.609969,ignorado
0,0000235-98.2025.8.16.0153,11,0,2026-01-08T11:24:39.609975,ignorado
0,0005015-21.2025.8.16.9000,11,0,2026-01-08T11:24:39.610012,ignorado
0,0005502-88.2025.8.16.9000,11,0,2026-01-08T11:24:39.610019,ignorado
0,0000724-09.2025.8.16.0195,11,0,2026-01-08T11:24:39.610025,ignorado
0,0001752-70.2025.8.16.0014,11,0,2026-01-08T11:24:39.610031,ignorado
0,0005510-91.2025.8.16.0035,11,0,2026-01-08T11:24:39.610037,ignorado
0,0020128-92.2025.8.16.0018,11,0,2026-01-08T11:24:39.610043,ignorado
0,0039906-46.2024.8.16.0030,11,0,2026-01-08T11:24:39.610048,ignorado
0,0006082-90.2024.8.16.0129,11,0,2026-01-08T11:24:39.610053,ignorado
0,0020119-04.2023.8.16.0018,7,0,2026-01-08T11:24:39.617595,ignorado
0,N/A,7,0,2026-01-08T11:24:39.617753,ignorado
0,N/A,7,0,2026-01-08T11:24:39.617786,ignorado
0,0002030-26.2022.8.16.0160,7,0,2026-01-08T11:24:39.617801,ignorado
0,0018342-93.2024.8.16.0035,7,0,2026-01-08T11:24:39.617810,ignorado
0,0000644-78.2025.8.16.0184,7,0,2026-01-08T11:24:39.617814,ignorado
0,0007388-36.2024.8.16.0019,7,0,2026-01-08T11:24:39.617819,ignorado
0,0026789-85.2022.8.16.0182,7,0,2026-01-08T11:24:39.617826,ignorado
0,0006148-11.2023.8.16.0160,7,0,2026-01-08T11:24:39.617834,ignorado
0,0008781-92.2023.8.16.0160,7,0,2026-01-08T11:24:39.617839,ignorado
0,0006083-16.2023.8.16.0160,7,0,2026-01-08T11:24:39.617845,ignorado
0,0005870-10.2023.8.16.0160,7,0,2026-01-08T11:24:39.617851,ignorado
0,0006915-49.2023.8.16.0160,7,0,2026-01-08T11:24:39.617857,ignorado
0,0012394-34.2025.8.16.0069,7,0,2026-01-08T11:24:39.617863,ignorado
0,0008945-57.2023.8.16.0160,7,0,2026-01-08T11:24:39.617868,ignorado
0,0001659-34.2024.8.16.0179,7,0,2026-01-08T11:24:39.617873,ignorado
0,0039942-87.2025.8.16.0019,18,0,2026-01-08T11:24:41.115401,ignorado
0,0037758-89.2024.8.16.0021,18,0,2026-01-08T11:24:41.115539,ignorado
0,0002092-58.2025.8.16.0064,18,0,2026-01-08T11:24:41.115556,ignorado
0,0018915-85.2024.8.16.0018,18,0,2026-01-08T11:24:41.115564,ignorado
0,0003349-23.2024.8.16.0204,18,0,2026-01-08T11:24:41.115572,ignorado
0,0022134-84.2025.8.16.0014,18,0,2026-01-08T11:24:41.115579,ignorado
0,0000420-51.2025.8.16.0149,18,0,2026-01-08T11:24:41.115586,ignorado
0,0074309-89.2024.8.16.0014,18,0,2026-01-08T11:24:41.115604,ignorado
0,0040875-90.2024.8.16.0182,18,0,2026-01-08T11:24:41.115612,ignorado
0,0002551-25.2024.8.16.0184,18,0,2026-01-08T11:24:41.115620,ignorado
0,0001031-48.2025.8.16.0102,18,0,2026-01-08T11:24:41.115626,ignorado
0,0003134-11.2024.8.16.0119,18,0,2026-01-08T11:24:41.115632,ignorado
0,0014861-73.2024.8.16.0019,18,0,2026-01-08T11:24:41.115639,ignorado
0,0004391-92.2024.8.16.0209,18,0,2026-01-08T11:24:41.115646,ignorado
0,0001192-94.2025.8.16.0187,18,0,2026-01-08T11:24:41.115652,ignorado
0,0001315-34.2025.8.16.0077,18,0,2026-01-08T11:24:41.115658,ignorado
0,0002193-67.2025.8.16.0041,18,0,2026-01-08T11:24:41.115665,ignorado
0,0021214-91.2025.8.16.0182,18,0,2026-01-08T11:24:41.115672,ignorado
0,0003890-33.2024.8.16.0050,18,0,2026-01-08T11:24:41.115678,ignorado
0,0012070-14.2024.8.16.0058,18,0,2026-01-08T11:24:41.115684,ignorado
0,0001901-11.2024.8.16.0076,18,0,2026-01-08T11:24:41.115691,ignorado
0,0003172-42.2019.8.16.0040,18,0,2026-01-08T11:24:41.115698,ignorado
0,0001006-67.2024.8.16.0038,18,0,2026-01-08T11:24:41.115705,ignorado
0,0006212-79.2025.8.16.0021,18,0,2026-01-08T11:24:41.115711,ignorado
0,0024072-95.2025.8.16.0182,18,0,2026-01-08T11:24:41.115717,ignorado
0,0007695-75.2025.8.16.0044,18,0,2026-01-08T11:24:41.115723,ignorado
0,0002081-25.2025.8.16.0130,18,0,2026-01-08T11:24:41.115729,ignorado
0,0005320-25.2023.8.16.0189,18,0,2026-01-08T11:24:41.115735,ignorado
0,0003673-75.2025.8.16.0075,18,0,2026-01-08T11:24:41.115742,ignorado
0,0003233-53.2023.8.16.0074,18,0,2026-01-08T11:24:41.115748,ignorado
0,0002504-81.2021.8.16.0014,18,0,2026-01-08T11:24:41.115754,ignorado
0,0010217-49.2025.8.16.0182,18,0,2026-01-08T11:24:41.115761,ignorado
0,0002177-52.2025.8.16.0029,18,0,2026-01-08T11:24:41.115767,ignorado
0,0067367-12.2022.8.16.0014,18,0,2026-01-08T11:24:41.115785,ignorado
0,0000373-61.2025.8.16.0122,18,0,2026-01-08T11:24:41.115792,ignorado
0,0011709-94.2024.8.16.0058,18,0,2026-01-08T11:24:41.115797,ignorado
0,0001635-07.2025.8.16.0135,18,0,2026-01-08T11:24:41.115804,ignorado
0,0000466-95.2025.8.16.0163,18,0,2026-01-08T11:24:41.115810,ignorado
0,0002621-53.2025.8.16.0169,18,0,2026-01-08T11:24:41.115816,ignorado
0,0005866-29.2023.8.16.0109,18,0,2026-01-08T11:24:41.115821,ignorado
0,0039484-71.2024.8.16.0030,18,0,2026-01-08T11:24:41.115827,ignorado
0,0002953-23.2019.8.16.0139,18,0,2026-01-08T11:24:41.115834,ignorado
0,0016620-38.2025.8.16.0019,18,0,2026-01-08T11:24:41.115840,ignorado
0,0011877-41.2024.8.16.0044,18,0,2026-01-08T11:24:41.115846,ignorado
0,0003431-34.2024.8.16.0049,18,0,2026-01-08T11:24:41.115853,ignorado
0,0017743-11.2024.8.16.0018,18,0,2026-01-08T11:24:41.115859,ignorado
0,0010986-98.2024.8.16.0018,18,0,2026-01-08T11:24:41.115865,ignorado
0,0027187-31.2025.8.16.0019,18,0,2026-01-08T11:24:41.115870,ignorado
0,0015934-74.2024.8.16.0021,18,0,2026-01-08T11:24:41.115877,ignorado
0,0010458-83.2024.8.16.0044,18,0,2026-01-08T11:24:41.115882,ignorado
0,0001428-69.2024.8.16.0029,13,0,2026-01-08T11:24:42.166385,ignorado
0,0030362-29.2025.8.16.0182,13,0,2026-01-08T11:24:42.166427,ignorado
0,0028608-57.2024.8.16.0030,13,0,2026-01-08T11:24:42.166436,ignorado
0,0007468-89.2025.8.16.0075,13,0,2026-01-08T11:24:42.166440,ignorado
0,0009647-67.2025.8.16.0019,13,0,2026-01-08T11:24:42.166444,ignorado
0,0005106-15.2024.8.16.0184,13,0,2026-01-08T11:24:42.166449,ignorado
0,0011442-07.2025.8.16.0182,13,0,2026-01-08T11:24:42.166453,ignorado
0,0005241-83.2009.8.16.0012,13,0,2026-01-08T11:24:42.166456,ignorado
0,0025841-41.2025.8.16.0182,13,0,2026-01-08T11:24:42.166460,ignorado
0,0004083-55.2025.8.16.0101,13,0,2026-01-08T11:24:42.166464,ignorado
0,0002014-16.2010.8.16.0056,13,0,2026-01-08T11:24:42.166470,ignorado
0,0027910-90.2010.8.16.0014,13,0,2026-01-08T11:24:42.166477,ignorado
0,0001814-57.2008.8.16.0095,13,0,2026-01-08T11:24:42.166482,ignorado
0,0009354-22.2025.8.16.0044,13,0,2026-01-08T11:24:42.166488,ignorado
0,N/A,15,0,2026-01-08T11:24:44.554530,ignorado
0,N/A,15,0,2026-01-08T11:24:44.554569,ignorado
0,0038513-52.2025.8.16.0030,15,0,2026-01-08T11:24:44.554627,ignorado
0,0017674-61.2025.8.16.0044,15,0,2026-01-08T11:24:44.554639,ignorado
0,0039308-58.2025.8.16.0030,15,0,2026-01-08T11:24:44.554643,ignorado
0,0018718-96.2025.8.16.0018,15,0,2026-01-08T11:24:44.554647,ignorado
0,0007843-36.2025.8.16.0190,15,0,2026-01-08T11:24:44.554651,ignorado
0,0039157-92.2025.8.16.0030,15,0,2026-01-08T11:24:44.554658,ignorado
0,0039158-77.2025.8.16.0030,15,0,2026-01-08T11:24:44.554665,ignorado
0,0085367-55.2025.8.16.0014,15,0,2026-01-08T11:24:44.554674,ignorado
0,0001268-18.2025.8.16.0091,15,0,2026-01-08T11:24:44.554678,ignorado
0,0010880-60.2025.8.16.0129,15,0,2026-01-08T11:24:44.554681,ignorado
0,0053252-59.2025.8.16.0182,15,0,2026-01-08T11:24:44.554689,ignorado
0,0010884-97.2025.8.16.0129,15,0,2026-01-08T11:24:44.554698,ignorado
0,0057216-58.2025.8.16.0021,15,0,2026-01-08T11:24:44.554701,ignorado
0,0001269-03.2025.8.16.0091,15,0,2026-01-08T11:24:44.554705,ignorado
0,0010878-90.2025.8.16.0129,15,0,2026-01-08T11:24:44.554709,ignorado
0,0051135-42.2018.8.16.0182,15,0,2026-01-08T11:24:44.554712,ignorado
0,0047088-88.2019.8.16.0182,15,0,2026-01-08T11:24:44.554716,ignorado
0,0044986-20.2024.8.16.0182,15,0,2026-01-08T11:24:44.554719,ignorado
0,0040945-83.2019.8.16.0182,15,0,2026-01-08T11:24:44.554723,ignorado
0,0025758-15.2024.8.16.0035,15,0,2026-01-08T11:24:44.554730,ignorado
0,0007901-73.2019.8.16.0182,22,0,2026-01-08T11:24:45.655140,ignorado
0,0002506-36.2023.8.16.0158,22,0,2026-01-08T11:24:45.655188,ignorado
0,0042026-62.2022.8.16.0182,22,0,2026-01-08T11:24:45.655210,ignorado
0,0008227-27.2025.8.16.0019,22,0,2026-01-08T11:24:45.655216,ignorado
0,0078700-87.2024.8.16.0014,22,0,2026-01-08T11:24:45.655243,ignorado
0,0042073-31.2025.8.16.0182,22,0,2026-01-08T11:24:45.655251,ignorado
0,0002441-87.2024.8.16.0099,22,0,2026-01-08T11:24:45.655258,ignorado
0,0037356-10.2024.8.16.0182,22,0,2026-01-08T11:24:45.655264,ignorado
0,0000583-44.2025.8.16.0177,22,0,2026-01-08T11:24:45.655270,ignorado
0,0001096-12.2022.8.16.0114,22,0,2026-01-08T11:24:45.655276,ignorado
0,0000858-87.2024.8.16.0157,22,0,2026-01-08T11:24:45.655282,ignorado
0,0006912-53.2024.8.16.0033,22,0,2026-01-08T11:24:45.655288,ignorado
0,0035056-94.2024.8.16.0014,22,0,2026-01-08T11:24:45.655294,ignorado
0,0003941-32.2025.8.16.0075,22,0,2026-01-08T11:24:45.655300,ignorado
0,0053318-73.2024.8.16.0182,22,0,2026-01-08T11:24:45.655306,ignorado
0,0002451-07.2025.8.16.0129,22,0,2026-01-08T11:24:45.655312,ignorado
0,0005542-04.2024.8.16.0174,22,0,2026-01-08T11:24:45.655318,ignorado
0,0002735-19.2024.8.16.0139,22,0,2026-01-08T11:24:45.655325,ignorado
0,0000890-65.2024.8.16.0166,22,0,2026-01-08T11:24:45.655331,ignorado
0,0051265-22.2024.8.16.0182,22,0,2026-01-08T11:24:45.655335,ignorado
0,0000589-62.2024.8.16.0120,22,0,2026-01-08T11:24:45.655339,ignorado
0,0006157-92.2025.8.16.0033,22,0,2026-01-08T11:24:45.655348,ignorado
0,0035826-66.2024.8.16.0021,22,0,2026-01-08T11:24:45.655352,ignorado
0,0004363-27.2024.8.16.0209,22,0,2026-01-08T11:24:45.655356,ignorado
0,0009028-89.2025.8.16.0035,22,0,2026-01-08T11:24:45.655360,ignorado
0,0013070-72.2024.8.16.0018,22,0,2026-01-08T11:24:45.655364,ignorado
0,0025775-17.2025.8.16.0035,22,0,2026-01-08T11:24:45.655367,ignorado
0,0020317-63.2025.8.16.0182,22,0,2026-01-08T11:24:45.655371,ignorado
0,0013384-03.2025.8.16.0044,22,0,2026-01-08T11:24:45.655376,ignorado
0,0042248-93.2023.8.16.0182,22,0,2026-01-08T11:24:45.655379,ignorado
0,0005281-71.2024.8.16.0131,22,0,2026-01-08T11:24:45.655383,ignorado
0,0001909-82.2024.8.16.0077,22,0,2026-01-08T11:24:45.655387,ignorado
0,0001990-31.2024.8.16.0077,22,0,2026-01-08T11:24:45.655391,ignorado
0,0001743-22.2025.8.16.0172,22,0,2026-01-08T11:24:45.655395,ignorado
0,0008695-74.2025.8.16.0056,22,0,2026-01-08T11:24:45.655399,ignorado
0,0018399-34.2019.8.16.0182,22,0,2026-01-08T11:24:45.655403,ignorado
0,0020020-66.2019.8.16.0182,22,0,2026-01-08T11:24:45.655406,ignorado
0,0001629-59.2024.8.16.0062,22,0,2026-01-08T11:24:45.655410,ignorado
0,0007363-92.2019.8.16.0182,22,0,2026-01-08T11:24:45.655413,ignorado
0,0042767-44.2018.8.16.0182,22,0,2026-01-08T11:24:45.655417,ignorado
0,0022636-23.2025.8.16.0014,22,0,2026-01-08T11:24:45.655420,ignorado
0,0004309-34.2025.8.16.0045,22,0,2026-01-08T11:24:45.655424,ignorado
0,0003193-52.2025.8.16.0090,22,0,2026-01-08T11:24:45.655427,ignorado
0,0031434-85.2024.8.16.0182,22,0,2026-01-08T11:24:45.655430,ignorado
0,0011213-59.2022.8.16.0018,20,0,2026-01-08T11:24:45.752165,ignorado
0,0005235-11.2025.8.16.0014,20,0,2026-01-08T11:24:45.752201,ignorado
0,0072404-15.2025.8.16.0014,20,0,2026-01-08T11:24:45.752207,ignorado
0,0003714-31.2024.8.16.0090,20,0,2026-01-08T11:24:45.752211,ignorado
0,0001410-22.2024.8.16.0167,20,0,2026-01-08T11:24:45.752215,ignorado
0,0006882-95.2025.8.16.0190,20,0,2026-01-08T11:24:45.752219,ignorado
0,0007452-27.2023.8.16.0069,20,0,2026-01-08T11:24:45.752223,ignorado
0,0001105-30.2025.8.16.0029,20,0,2026-01-08T11:24:45.752231,ignorado
0,0010842-45.2025.8.16.0033,20,0,2026-01-08T11:24:45.752234,ignorado
0,0072405-97.2025.8.16.0014,20,0,2026-01-08T11:24:45.752239,ignorado
0,0004369-11.2025.8.16.9000,20,0,2026-01-08T11:24:45.752242,ignorado
0,0082953-21.2024.8.16.0014,20,0,2026-01-08T11:24:45.752246,ignorado
0,0035842-85.2025.8.16.0182,20,0,2026-01-08T11:24:45.752251,ignorado
0,0000536-41.2024.8.16.0101,20,0,2026-01-08T11:24:45.752257,ignorado
0,0001321-15.2025.8.16.0118,20,0,2026-01-08T11:24:45.752264,ignorado
0,0000746-36.2025.8.16.9000,20,0,2026-01-08T11:24:45.752269,ignorado
0,0010235-39.2025.8.16.0160,20,0,2026-01-08T11:24:45.752275,ignorado
0,0067364-86.2024.8.16.0014,20,0,2026-01-08T11:24:45.752280,ignorado
0,0003790-44.2024.8.16.0029,20,0,2026-01-08T11:24:45.752286,ignorado
0,0049777-30.2024.8.16.0021,20,0,2026-01-08T11:24:45.752303,ignorado
0,0001727-82.2025.8.16.0038,20,0,2026-01-08T11:24:45.752309,ignorado
0,0012554-07.2024.8.16.0130,20,0,2026-01-08T11:24:45.752315,ignorado
0,0008257-51.2024.8.16.0131,20,0,2026-01-08T11:24:45.752321,ignorado
0,0001169-65.2025.8.16.0053,20,0,2026-01-08T11:24:45.752326,ignorado
0,0000748-86.2025.8.16.0114,20,0,2026-01-08T11:24:45.752332,ignorado
0,0004181-21.2025.8.16.0075,20,0,2026-01-08T11:24:45.752338,ignorado
0,0033254-27.2025.8.16.0014,20,0,2026-01-08T11:24:45.752344,ignorado
0,0008700-53.2020.8.16.0030,20,0,2026-01-08T11:24:45.752350,ignorado
0,0024679-11.2025.8.16.0182,20,0,2026-01-08T11:24:45.752356,ignorado
0,0003965-38.2025.8.16.0147,20,0,2026-01-08T11:24:45.752362,ignorado
0,0080995-97.2024.8.16.0014,20,0,2026-01-08T11:24:45.752368,ignorado
0,0001185-61.2025.8.16.0136,20,0,2026-01-08T11:24:45.752374,ignorado
0,0005619-75.2024.8.16.0024,20,0,2026-01-08T11:24:45.752380,ignorado
0,0024564-92.2022.8.16.0182,20,0,2026-01-08T11:24:45.752385,ignorado
0,0076488-59.2025.8.16.0014,20,0,2026-01-08T11:24:45.752392,ignorado
0,0003004-98.2024.8.16.0061,20,0,2026-01-08T11:24:45.752398,ignorado
0,0007424-16.2025.8.16.0190,20,0,2026-01-08T11:24:45.752405,ignorado
0,0003891-76.2024.8.16.0160,20,0,2026-01-08T11:24:45.752409,ignorado
0,0005213-50.2025.8.16.0014,20,0,2026-01-08T11:24:45.752413,ignorado
0,0003280-42.2025.8.16.0014,20,0,2026-01-08T11:24:45.752417,ignorado
0,0005424-90.2025.8.16.0045,19,0,2026-01-08T11:24:46.032453,ignorado
0,0029142-30.2024.8.16.0182,19,0,2026-01-08T11:24:46.032514,ignorado
0,0015572-97.2024.8.16.0045,19,0,2026-01-08T11:24:46.032523,ignorado
0,0000481-67.2025.8.16.0162,19,0,2026-01-08T11:24:46.032530,ignorado
0,0012878-60.2025.8.16.0033,19,0,2026-01-08T11:24:46.032537,ignorado
0,0005265-77.2024.8.16.0112,19,0,2026-01-08T11:24:46.032544,ignorado
0,0019747-67.2024.8.16.0035,19,0,2026-01-08T11:24:46.032550,ignorado
0,0037169-65.2025.8.16.0182,19,0,2026-01-08T11:24:46.032556,ignorado
0,0004771-82.2024.8.16.0123,19,0,2026-01-08T11:24:46.032562,ignorado
0,0006349-80.2024.8.16.0123,19,0,2026-01-08T11:24:46.032590,ignorado
0,0001093-63.2023.8.16.0133,19,0,2026-01-08T11:24:46.032618,ignorado
0,0002272-63.2024.8.16.0079,19,0,2026-01-08T11:24:46.032624,ignorado
0,0008039-16.2024.8.16.0004,19,0,2026-01-08T11:24:46.032631,ignorado
0,0003305-63.2025.8.16.9000,19,0,2026-01-08T11:24:46.032644,ignorado
0,0028375-65.2019.8.16.0182,19,0,2026-01-08T11:24:46.032651,ignorado
0,0003291-79.2025.8.16.9000,19,0,2026-01-08T11:24:46.032657,ignorado
0,0003191-27.2025.8.16.9000,19,0,2026-01-08T11:24:46.032664,ignorado
0,0004980-76.2024.8.16.0050,19,0,2026-01-08T11:24:46.032678,ignorado
0,0042511-26.2023.8.16.0021,19,0,2026-01-08T11:24:46.032684,ignorado
0,0005484-04.2024.8.16.9000,19,0,2026-01-08T11:24:46.032698,ignorado
0,0000168-42.2025.8.16.0054,19,0,2026-01-08T11:24:46.032712,ignorado
0,0005711-57.2025.8.16.9000,19,0,2026-01-08T11:24:46.032718,ignorado
0,0004588-04.2025.8.16.0018,19,0,2026-01-08T11:24:46.032731,ignorado
0,0052157-47.2024.8.16.0014,19,0,2026-01-08T11:24:46.033097,ignorado
0,0003660-20.2024.8.16.0105,19,0,2026-01-08T11:24:46.033104,ignorado
0,0018364-74.2019.8.16.0182,19,0,2026-01-08T11:24:46.033111,ignorado
0,0003223-52.2018.8.16.0181,19,0,2026-01-08T11:24:46.033118,ignorado
0,0001923-92.2025.8.16.0057,19,0,2026-01-08T11:24:46.033125,ignorado
0,0004207-16.2025.8.16.9000,19,0,2026-01-08T11:24:46.033132,ignorado
0,0001132-09.2024.8.16.0171,19,0,2026-01-08T11:24:46.033139,ignorado
0,0004162-98.2025.8.16.0209,19,0,2026-01-08T11:24:46.033146,ignorado
0,0003197-09.2025.8.16.0149,19,0,2026-01-08T11:24:46.033153,ignorado
0,0055089-86.2024.8.16.0182,19,0,2026-01-08T11:24:46.033161,ignorado
0,0054402-12.2024.8.16.0182,19,0,2026-01-08T11:24:46.033170,ignorado
0,0007438-51.2025.8.16.9000,19,0,2026-01-08T11:24:46.033174,ignorado
0,0013461-73.2024.8.16.0035,16,0,2026-01-08T11:24:47.438469,ignorado
0,0025797-12.2024.8.16.0035,16,0,2026-01-08T11:24:47.438520,ignorado
0,0020151-41.2019.8.16.0182,16,0,2026-01-08T11:24:47.438528,ignorado
0,0001655-36.2019.8.16.0061,16,0,2026-01-08T11:24:47.438534,ignorado
0,0026692-90.2019.8.16.0182,16,0,2026-01-08T11:24:47.438539,ignorado
0,N/A,16,0,2026-01-08T11:24:47.438576,ignorado
0,0012167-57.2024.8.16.0173,17,0,2026-01-08T11:24:47.727010,ignorado
0,0001557-88.2023.8.16.0068,17,0,2026-01-08T11:24:47.727018,ignorado
0,0001884-21.2024.8.16.0093,17,0,2026-01-08T11:24:47.727025,ignorado
0,0006697-11.2025.8.16.9000,17,0,2026-01-08T11:24:47.727032,ignorado
0,0002839-71.2024.8.16.0119,17,0,2026-01-08T11:24:47.727047,ignorado
0,0018302-65.2024.8.16.0018,17,0,2026-01-08T11:24:47.727054,ignorado
0,0002683-21.2024.8.16.0075,17,0,2026-01-08T11:24:47.727083,ignorado
0,0007706-63.2024.8.16.0069,17,0,2026-01-08T11:24:47.727089,ignorado
0,0000816-66.2018.8.16.0151,17,0,2026-01-08T11:24:47.727096,ignorado
0,0004814-10.2024.8.16.0029,17,0,2026-01-08T11:24:47.727103,ignorado
0,0018783-11.2023.8.16.0035,17,0,2026-01-08T11:24:47.727110,ignorado
0,0046879-80.2023.8.16.0182,17,0,2026-01-08T11:24:47.727117,ignorado
0,0027151-82.2025.8.16.0182,17,0,2026-01-08T11:24:47.727124,ignorado
0,0006427-46.2023.8.16.0079,17,0,2026-01-08T11:24:47.727130,ignorado
0,0001248-79.2024.8.16.0182,17,0,2026-01-08T11:24:47.727137,ignorado
0,0001894-43.2024.8.16.0165,17,0,2026-01-08T11:24:47.727144,ignorado
0,0000718-43.2023.8.16.0204,17,0,2026-01-08T11:24:47.727150,ignorado
0,0000778-55.2025.8.16.0039,17,0,2026-01-08T11:24:47.727157,ignorado
0,0000451-63.2025.8.16.0087,17,0,2026-01-08T11:24:47.727163,ignorado
0,0023883-20.2025.8.16.0182,17,0,2026-01-08T11:24:47.727169,ignorado
0,0014760-59.2024.8.16.0173,17,0,2026-01-08T11:24:47.727175,ignorado
0,0000928-04.2025.8.16.0082,17,0,2026-01-08T11:24:47.727182,ignorado
0,0000316-90.2025.8.16.0074,17,0,2026-01-08T11:24:47.727189,ignorado
0,0004179-79.2025.8.16.0098,17,0,2026-01-08T11:24:47.727195,ignorado
0,0011396-16.2025.8.16.0021,17,0,2026-01-08T11:24:47.727202,ignorado
0,0001253-52.2024.8.16.0069,17,0,2026-01-08T11:24:47.727208,ignorado
0,0008897-84.2024.8.16.0024,17,0,2026-01-08T11:24:47.727214,ignorado
0,0031592-09.2025.8.16.0182,24,0,2026-01-08T11:24:47.841659,ignorado
0,0031120-08.2025.8.16.0182,24,0,2026-01-08T11:24:47.841666,ignorado
0,0001752-53.2025.8.16.0052,24,0,2026-01-08T11:24:47.841672,ignorado
0,0000441-75.2025.8.16.0133,24,0,2026-01-08T11:24:47.841678,ignorado
0,0000129-23.2025.8.16.0029,24,0,2026-01-08T11:24:47.841683,ignorado
0,0012462-79.2021.8.16.0018,24,0,2026-01-08T11:24:47.841696,ignorado
0,0006182-76.2025.8.16.0075,24,0,2026-01-08T11:24:47.841701,ignorado
0,0014051-09.2021.8.16.0018,24,0,2026-01-08T11:24:47.841706,ignorado
0,0012959-03.2024.8.16.0014,24,0,2026-01-08T11:24:47.841731,ignorado
0,0025577-34.2019.8.16.0182,24,0,2026-01-08T11:24:47.841737,ignorado
0,0002020-51.2025.8.16.0103,24,0,2026-01-08T11:24:47.841743,ignorado
0,0001907-97.2025.8.16.0103,24,0,2026-01-08T11:24:47.841749,ignorado
0,0002831-93.2024.8.16.0184,24,0,2026-01-08T11:24:47.841755,ignorado
0,0003819-51.2025.8.16.0129,24,0,2026-01-08T11:24:47.841760,ignorado
0,0000488-09.2024.8.16.0093,24,0,2026-01-08T11:24:47.841767,ignorado
0,0003541-11.2025.8.16.0045,24,0,2026-01-08T11:24:47.841773,ignorado
0,0000474-48.2025.8.16.0171,24,0,2026-01-08T11:24:47.841779,ignorado
0,0006718-84.2025.8.16.9000,24,0,2026-01-08T11:24:47.841785,ignorado
0,0003911-52.2024.8.16.0165,24,0,2026-01-08T11:24:47.841791,ignorado
0,0009051-42.2024.8.16.0044,24,0,2026-01-08T11:24:47.841797,ignorado
0,0048388-10.2024.8.16.0021,24,0,2026-01-08T11:24:47.841803,ignorado
0,0005467-32.2024.8.16.0184,24,0,2026-01-08T11:24:47.841809,ignorado
0,0003589-97.2025.8.16.0035,24,0,2026-01-08T11:24:47.841815,ignorado
0,0006810-62.2025.8.16.9000,24,0,2026-01-08T11:24:47.841820,ignorado
0,0011602-39.2025.8.16.0018,24,0,2026-01-08T11:24:47.841827,ignorado
0,0000821-47.2025.8.16.0150,24,0,2026-01-08T11:24:47.841832,ignorado
0,0008748-26.2019.8.16.0069,24,0,2026-01-08T11:24:47.841838,ignorado
0,0002788-38.2025.8.16.0018,24,0,2026-01-08T11:24:47.841850,ignorado
0,0019031-69.2025.8.16.0014,24,0,2026-01-08T11:24:47.841857,ignorado
0,0012189-18.2025.8.16.0194,24,0,2026-01-08T11:24:47.841863,ignorado
0,0007223-51.2024.8.16.0160,24,0,2026-01-08T11:24:47.841878,ignorado
0,0025711-51.2025.8.16.0182,24,0,2026-01-08T11:24:47.841885,ignorado
0,0003176-84.2025.8.16.0035,24,0,2026-01-08T11:24:47.841892,ignorado
0,0007438-43.2025.8.16.0014,24,0,2026-01-08T11:24:47.841898,ignorado
0,0002886-96.2025.8.16.0026,24,0,2026-01-08T11:24:47.841905,ignorado
0,0002382-77.2025.8.16.0192,24,0,2026-01-08T11:24:47.841912,ignorado
0,0002381-92.2025.8.16.0192,24,0,2026-01-08T11:24:47.841919,ignorado
0,0012076-56.2025.8.16.0035,24,0,2026-01-08T11:24:47.841925,ignorado
0,0030449-53.2025.8.16.0030,24,0,2026-01-08T11:24:47.841931,ignorado
0,0014945-97.2024.8.16.0173,23,0,2026-01-08T11:24:47.888930,ignorado
0,0000978-08.2025.8.16.0057,23,0,2026-01-08T11:24:47.888974,ignorado
0,0004466-55.2022.8.16.0160,23,0,2026-01-08T11:24:47.888983,ignorado
0,0048212-33.2024.8.16.0182,23,0,2026-01-08T11:24:47.888988,ignorado
0,0005102-54.2024.8.16.0191,23,0,2026-01-08T11:24:47.888992,ignorado
0,0014809-80.2024.8.16.0018,23,0,2026-01-08T11:24:47.888997,ignorado
0,0015378-81.2024.8.16.0018,23,0,2026-01-08T11:24:47.889000,ignorado
0,0007842-38.2024.8.16.0044,23,0,2026-01-08T11:24:47.889004,ignorado
0,0000069-54.2025.8.16.0157,23,0,2026-01-08T11:24:47.889008,ignorado
0,0028067-53.2024.8.16.0182,23,0,2026-01-08T11:24:47.889012,ignorado
0,0007428-14.2024.8.16.0182,23,0,2026-01-08T11:24:47.889016,ignorado
0,0031829-62.2025.8.16.0014,23,0,2026-01-08T11:24:47.889020,ignorado
0,0000983-98.2023.8.16.0154,23,0,2026-01-08T11:24:47.889023,ignorado
0,0000515-35.2022.8.16.0166,23,0,2026-01-08T11:24:47.889027,ignorado
0,0002330-51.2024.8.16.0181,23,0,2026-01-08T11:24:47.889031,ignorado
0,0008898-44.2025.8.16.0021,23,0,2026-01-08T11:24:47.889035,ignorado
0,0000383-75.2025.8.16.0132,23,0,2026-01-08T11:24:47.889038,ignorado
0,0001722-86.2025.8.16.0191,23,0,2026-01-08T11:24:47.889042,ignorado
0,0020173-33.2024.8.16.0018,23,0,2026-01-08T11:24:47.889046,ignorado
0,0005376-85.2024.8.16.0104,23,0,2026-01-08T11:24:47.889049,ignorado
0,0024388-49.2024.8.16.0019,23,0,2026-01-08T11:24:47.889053,ignorado
0,0003679-13.2024.8.16.0077,23,0,2026-01-08T11:24:47.889056,ignorado
0,0001208-24.2025.8.16.0195,23,0,2026-01-08T11:24:47.889060,ignorado
0,0001414-35.2024.8.16.0175,23,0,2026-01-08T11:24:47.889063,ignorado
0,0038751-37.2024.8.16.0182,23,0,2026-01-08T11:24:47.889067,ignorado
0,0002650-24.2025.8.16.0163,23,0,2026-01-08T11:24:47.889070,ignorado
0,0002462-33.2025.8.16.0130,23,0,2026-01-08T11:24:47.889074,ignorado
0,0015645-48.2025.8.16.0170,23,0,2026-01-08T11:24:47.889084,ignorado
0,0007118-94.2025.8.16.0045,23,0,2026-01-08T11:24:47.889091,ignorado
0,0041966-59.2023.8.16.0019,23,0,2026-01-08T11:24:47.889099,ignorado
0,0006516-10.2025.8.16.9000,23,0,2026-01-08T11:24:47.889119,ignorado
0,0006515-25.2025.8.16.9000,23,0,2026-01-08T11:24:47.889123,ignorado
0,0006702-33.2025.8.16.9000,23,0,2026-01-08T11:24:47.889127,ignorado
0,0006542-08.2025.8.16.9000,23,0,2026-01-08T11:24:47.889135,ignorado
0,0006817-54.2025.8.16.9000,23,0,2026-01-08T11:24:47.889142,ignorado
0,0006811-47.2025.8.16.9000,23,0,2026-01-08T11:24:47.889146,ignorado
0,0006860-88.2025.8.16.9000,23,0,2026-01-08T11:24:47.889157,ignorado
0,0000872-80.2025.8.16.0175,23,0,2026-01-08T11:24:47.889164,ignorado
0,0000643-58.2025.8.16.0034,28,0,2026-01-08T11:24:50.794196,ignorado
0,0001574-54.2024.8.16.0080,28,0,2026-01-08T11:24:50.794236,ignorado
0,0002676-52.2025.8.16.0153,28,0,2026-01-08T11:24:50.794240,ignorado
0,0000477-07.2024.8.16.0181,28,0,2026-01-08T11:24:50.794244,ignorado
0,0002209-05.2024.8.16.0090,28,0,2026-01-08T11:24:50.794248,ignorado
0,0013013-13.2025.8.16.0182,28,0,2026-01-08T11:24:50.794252,ignorado
0,0001922-66.2015.8.16.0087,28,0,2026-01-08T11:24:50.794256,ignorado
0,0017620-59.2024.8.16.0035,28,0,2026-01-08T11:24:50.794260,ignorado
0,0064492-98.2024.8.16.0014,28,0,2026-01-08T11:24:50.794278,ignorado
0,0004344-43.2023.8.16.0116,28,0,2026-01-08T11:24:50.794282,ignorado
0,0004192-52.2025.8.16.0139,28,0,2026-01-08T11:24:50.794291,ignorado
0,0017025-72.2024.8.16.0031,28,0,2026-01-08T11:24:50.794294,ignorado
0,0000379-21.2025.8.16.0073,28,0,2026-01-08T11:24:50.794298,ignorado
0,0001880-17.2025.8.16.0103,28,0,2026-01-08T11:24:50.794305,ignorado
0,0020077-49.2023.8.16.0019,28,0,2026-01-08T11:24:50.794309,ignorado
0,0013999-24.2024.8.16.0045,28,0,2026-01-08T11:24:50.794313,ignorado
0,0001897-20.2024.8.16.0093,28,0,2026-01-08T11:24:50.794317,ignorado
0,0017459-59.2025.8.16.0182,28,0,2026-01-08T11:24:50.794321,ignorado
0,0036588-25.2023.8.16.0019,28,0,2026-01-08T11:24:50.794324,ignorado
0,0001400-78.2021.8.16.0200,28,0,2026-01-08T11:24:50.794332,ignorado
0,0008362-08.2024.8.16.0170,28,0,2026-01-08T11:24:50.794336,ignorado
0,0007467-30.2025.8.16.0035,28,0,2026-01-08T11:24:50.794340,ignorado
0,0000144-68.2024.8.16.0209,28,0,2026-01-08T11:24:50.794343,ignorado
0,0001020-41.2025.8.16.0127,28,0,2026-01-08T11:24:50.794347,ignorado
0,0006556-23.2022.8.16.0035,28,0,2026-01-08T11:24:50.794351,ignorado
0,0039269-02.2022.8.16.0019,28,0,2026-01-08T11:24:50.794355,ignorado
0,0054017-28.2025.8.16.0021,28,0,2026-01-08T11:24:50.794358,ignorado
0,0080782-57.2025.8.16.0014,28,0,2026-01-08T11:24:50.794362,ignorado
0,0002261-71.2024.8.16.0099,28,0,2026-01-08T11:24:50.794365,ignorado
0,0012498-94.2025.8.16.0014,28,0,2026-01-08T11:24:50.794369,ignorado
0,0003958-79.2025.8.16.0136,28,0,2026-01-08T11:24:50.794373,ignorado
0,0013454-42.2025.8.16.0069,28,0,2026-01-08T11:24:50.794376,ignorado
0,0004334-32.2024.8.16.0029,28,0,2026-01-08T11:24:50.794380,ignorado
0,0003385-86.2024.8.16.0100,28,0,2026-01-08T11:24:50.794384,ignorado
0,0025975-68.2025.8.16.0182,28,0,2026-01-08T11:24:50.794387,ignorado
0,0003647-35.2025.8.16.0089,28,0,2026-01-08T11:24:50.794391,ignorado
0,0005413-65.2025.8.16.9000,14,0,2026-01-08T11:24:51.393522,ignorado
0,0001643-70.2025.8.16.0171,14,0,2026-01-08T11:24:51.393550,ignorado
0,0038439-95.2025.8.16.0030,14,0,2026-01-08T11:24:51.393596,ignorado
0,0016281-75.2025.8.16.0182,21,0,2026-01-08T11:24:51.650969,ignorado
0,0002277-31.2025.8.16.0021,21,0,2026-01-08T11:24:51.650975,ignorado
0,0007985-68.2025.8.16.0019,21,0,2026-01-08T11:24:51.650982,ignorado
0,0042970-91.2024.8.16.0021,21,0,2026-01-08T11:24:51.650994,ignorado
0,0057665-71.2024.8.16.0014,21,0,2026-01-08T11:24:51.651001,ignorado
0,0002992-83.2024.8.16.0029,21,0,2026-01-08T11:24:51.651007,ignorado
0,0013476-20.2025.8.16.0031,21,0,2026-01-08T11:24:51.651012,ignorado
0,0050835-70.2024.8.16.0182,21,0,2026-01-08T11:24:51.651019,ignorado
0,0024436-43.2020.8.16.0182,21,0,2026-01-08T11:24:51.651025,ignorado
0,0015392-28.2025.8.16.0019,21,0,2026-01-08T11:24:51.651030,ignorado
0,0004740-83.2024.8.16.0116,21,0,2026-01-08T11:24:51.651036,ignorado
0,0003289-90.2024.8.16.0029,29,0,2026-01-08T11:24:52.001488,ignorado
0,0036580-14.2024.8.16.0019,29,0,2026-01-08T11:24:52.001537,ignorado
0,0018472-03.2025.8.16.0018,29,0,2026-01-08T11:24:52.001546,ignorado
0,0032584-08.2024.8.16.0019,29,0,2026-01-08T11:24:52.001554,ignorado
0,0001416-40.2024.8.16.0131,29,0,2026-01-08T11:24:52.001560,ignorado
0,0039686-77.2024.8.16.0182,29,0,2026-01-08T11:24:52.001567,ignorado
0,0004119-51.2023.8.16.0139,29,0,2026-01-08T11:24:52.001573,ignorado
0,0000598-66.2023.8.16.0085,29,0,2026-01-08T11:24:52.001581,ignorado
0,0004514-90.2024.8.16.0209,29,0,2026-01-08T11:24:52.001587,ignorado
0,0000473-45.2025.8.16.0080,29,0,2026-01-08T11:24:52.001593,ignorado
0,0002340-80.2024.8.16.0089,29,0,2026-01-08T11:24:52.001600,ignorado
0,0000408-72.2024.8.16.0181,29,0,2026-01-08T11:24:52.001607,ignorado
0,0004350-26.2025.8.16.0069,29,0,2026-01-08T11:24:52.001614,ignorado
0,0004559-17.2025.8.16.0191,29,0,2026-01-08T11:24:52.001620,ignorado
0,0022622-39.2025.8.16.0014,29,0,2026-01-08T11:24:52.001627,ignorado
0,0013207-91.2024.8.16.0038,29,0,2026-01-08T11:24:52.001634,ignorado
0,0012335-18.2024.8.16.0025,29,0,2026-01-08T11:24:52.001640,ignorado
0,0002979-21.2025.8.16.0071,29,0,2026-01-08T11:24:52.001647,ignorado
0,0036753-04.2025.8.16.0019,29,0,2026-01-08T11:24:52.001653,ignorado
0,0000709-98.2020.8.16.0200,29,0,2026-01-08T11:24:52.001659,ignorado
0,0028910-13.2023.8.16.0001,29,0,2026-01-08T11:24:52.001665,ignorado
0,0034602-02.2024.8.16.0019,29,0,2026-01-08T11:24:52.001671,ignorado
0,0011546-33.2024.8.16.0182,29,0,2026-01-08T11:24:52.001678,ignorado
0,0005564-45.2022.8.16.0170,29,0,2026-01-08T11:24:52.001685,ignorado
0,0007028-70.2025.8.16.0018,29,0,2026-01-08T11:24:52.001692,ignorado
0,0003124-44.2024.8.16.0158,29,0,2026-01-08T11:24:52.001698,ignorado
0,0002687-57.2025.8.16.0064,29,0,2026-01-08T11:24:52.001704,ignorado
0,0001619-02.2025.8.16.0055,29,0,2026-01-08T11:24:52.001709,ignorado
0,0012957-77.2025.8.16.0182,29,0,2026-01-08T11:24:52.001715,ignorado
0,0011708-21.2025.8.16.0173,29,0,2026-01-08T11:24:52.001721,ignorado
0,0005981-48.2025.8.16.0184,29,0,2026-01-08T11:24:52.001727,ignorado
0,0003231-11.2024.8.16.0119,29,0,2026-01-08T11:24:52.001733,ignorado
0,0020499-90.2024.8.16.0018,29,0,2026-01-08T11:24:52.001739,ignorado
0,0006736-85.2025.8.16.0018,29,0,2026-01-08T11:24:52.001745,ignorado
0,0000679-72.2025.8.16.0205,29,0,2026-01-08T11:24:52.001751,ignorado
0,0003401-41.2025.8.16.0153,29,0,2026-01-08T11:24:52.001757,ignorado
0,0011479-87.2024.8.16.0014,29,0,2026-01-08T11:24:52.001764,ignorado
0,0018019-35.2024.8.16.0182,29,0,2026-01-08T11:24:52.001771,ignorado
0,0000300-14.2025.8.16.0050,29,0,2026-01-08T11:24:52.001778,ignorado
0,0000734-14.2022.8.16.0145,29,0,2026-01-08T11:24:52.001784,ignorado
0,0000156-60.2025.8.16.0205,29,0,2026-01-08T11:24:52.001790,ignorado
0,0000815-05.2024.8.16.0173,29,0,2026-01-08T11:24:52.001796,ignorado
0,0010063-54.2025.8.16.0045,29,0,2026-01-08T11:24:52.001802,ignorado
0,0003719-42.2024.8.16.0029,29,0,2026-01-08T11:24:52.001808,ignorado
0,0000983-17.2025.8.16.0029,25,0,2026-01-08T11:24:54.646916,ignorado
0,0004117-71.2024.8.16.0131,25,0,2026-01-08T11:24:54.646961,ignorado
0,0030479-88.2025.8.16.0030,25,0,2026-01-08T11:24:54.646972,ignorado
0,0002589-42.2025.8.16.0074,25,0,2026-01-08T11:24:54.646980,ignorado
0,0005260-18.2025.8.16.0113,25,0,2026-01-08T11:24:54.646987,ignorado
0,0002433-03.2023.8.16.0049,25,0,2026-01-08T11:24:54.646994,ignorado
0,0002384-72.2024.8.16.0195,25,0,2026-01-08T11:24:54.647001,ignorado
0,0031256-24.2025.8.16.0014,25,0,2026-01-08T11:24:54.647009,ignorado
0,0013960-23.2024.8.16.0014,25,0,2026-01-08T11:24:54.647016,ignorado
0,0009795-03.2025.8.16.0044,25,0,2026-01-08T11:24:54.647022,ignorado
0,0041687-06.2024.8.16.0030,25,0,2026-01-08T11:24:54.647029,ignorado
0,0017757-12.2022.8.16.0035,25,0,2026-01-08T11:24:54.647036,ignorado
0,0004104-79.2025.8.16.0182,25,0,2026-01-08T11:24:54.647043,ignorado
0,0014052-26.2024.8.16.0038,25,0,2026-01-08T11:24:54.647051,ignorado
0,0004065-44.2025.8.16.0130,37,0,2026-01-08T11:24:59.565885,ignorado
0,0006435-61.2025.8.16.9000,37,0,2026-01-08T11:24:59.565891,ignorado
0,0010813-36.2024.8.16.0160,37,0,2026-01-08T11:24:59.565900,ignorado
0,0001864-87.2024.8.16.0074,37,0,2026-01-08T11:24:59.565909,ignorado
0,0000040-21.2025.8.16.0119,37,0,2026-01-08T11:24:59.565912,ignorado
0,0003375-37.2024.8.16.0037,37,0,2026-01-08T11:24:59.565917,ignorado
0,0002704-58.2024.8.16.0184,37,0,2026-01-08T11:24:59.565921,ignorado
0,0042668-74.2018.8.16.0182,37,0,2026-01-08T11:24:59.565937,ignorado
0,0025134-78.2024.8.16.0030,37,0,2026-01-08T11:24:59.565941,ignorado
0,0043090-49.2018.8.16.0182,37,0,2026-01-08T11:24:59.565948,ignorado
0,N/A,37,0,2026-01-08T11:24:59.565955,ignorado
0,0005003-87.2019.8.16.0182,37,0,2026-01-08T11:24:59.565963,ignorado
0,0048261-84.2018.8.16.0182,37,0,2026-01-08T11:24:59.565967,ignorado
0,0014530-34.2024.8.16.0038,37,0,2026-01-08T11:24:59.565974,ignorado
0,0009148-82.2024.8.16.0160,37,0,2026-01-08T11:24:59.565978,ignorado
0,0002849-75.2025.8.16.0024,37,0,2026-01-08T11:24:59.565981,ignorado
0,0006984-44.2025.8.16.0182,37,0,2026-01-08T11:24:59.565989,ignorado
0,0006763-88.2025.8.16.9000,37,0,2026-01-08T11:24:59.566001,ignorado
0,0005794-73.2025.8.16.9000,37,0,2026-01-08T11:24:59.566005,ignorado
0,0000377-43.2025.8.16.0205,37,0,2026-01-08T11:24:59.566009,ignorado
0,0003899-47.2025.8.16.0086,37,0,2026-01-08T11:24:59.566013,ignorado
0,0003776-66.2025.8.16.0048,37,0,2026-01-08T11:24:59.566020,ignorado
0,0000705-70.2025.8.16.0205,37,0,2026-01-08T11:24:59.566028,ignorado
0,0015233-28.2025.8.16.0038,37,0,2026-01-08T11:24:59.566031,ignorado
0,0001747-72.2025.8.16.0200,37,0,2026-01-08T11:24:59.566035,ignorado
0,0001200-04.2021.8.16.0093,37,0,2026-01-08T11:24:59.566039,ignorado
0,0004090-09.2025.8.16.0146,37,0,2026-01-08T11:24:59.566042,ignorado
0,0008413-46.2025.8.16.0182,37,0,2026-01-08T11:24:59.566045,ignorado
0,0000632-98.2025.8.16.0205,37,0,2026-01-08T11:24:59.566049,ignorado
0,0049198-60.2019.8.16.0182,37,0,2026-01-08T11:24:59.566053,ignorado
0,0024714-66.2025.8.16.0021,37,0,2026-01-08T11:24:59.566056,ignorado
0,0002843-35.2023.8.16.0090,37,0,2026-01-08T11:24:59.566060,ignorado
0,0006109-74.2025.8.16.0182,37,0,2026-01-08T11:24:59.566063,ignorado
0,0000479-97.2025.8.16.0162,37,0,2026-01-08T11:24:59.566067,ignorado
0,0013101-89.2024.8.16.0019,37,0,2026-01-08T11:24:59.566070,ignorado
0,0011664-21.2021.8.16.0018,37,0,2026-01-08T11:24:59.566073,ignorado
0,N/A,30,0,2026-01-08T11:25:05.262070,ignorado
0,N/A,30,0,2026-01-08T11:25:05.262079,ignorado
0,N/A,30,0,2026-01-08T11:25:05.262086,ignorado
0,N/A,30,0,2026-01-08T11:25:05.262117,ignorado
0,N/A,30,0,2026-01-08T11:25:05.262140,ignorado
0,N/A,30,0,2026-01-08T11:25:05.262151,ignorado
0,N/A,30,0,2026-01-08T11:25:05.262168,ignorado
0,N/A,30,0,2026-01-08T11:25:05.262199,ignorado
0,N/A,30,0,2026-01-08T11:25:05.262232,ignorado
0,0002979-95.2024.8.16.0187,40,0,2026-01-08T11:25:07.010095,ignorado
0,0006098-71.2025.8.16.0044,40,0,2026-01-08T11:25:07.010191,ignorado
0,0022309-61.2024.8.16.0031,40,0,2026-01-08T11:25:07.010212,ignorado
0,0004121-59.2024.8.16.0115,40,0,2026-01-08T11:25:07.010219,ignorado
0,0001785-71.2024.8.16.0054,40,0,2026-01-08T11:25:07.010226,ignorado
0,0002424-43.2018.8.16.0105,40,0,2026-01-08T11:25:07.010232,ignorado
0,0013405-89.2021.8.16.0182,40,0,2026-01-08T11:25:07.010239,ignorado
0,0002034-53.2025.8.16.0097,40,0,2026-01-08T11:25:07.010246,ignorado
0,0004084-62.2022.8.16.0160,40,0,2026-01-08T11:25:07.010253,ignorado
0,0006591-79.2023.8.16.0024,40,0,2026-01-08T11:25:07.010273,ignorado
0,0008989-49.2019.8.16.0182,40,0,2026-01-08T11:25:07.010280,ignorado
0,0008223-16.2025.8.16.0075,40,0,2026-01-08T11:25:07.010287,ignorado
0,0000691-58.2025.8.16.0182,40,0,2026-01-08T11:25:07.010294,ignorado
0,0001023-40.2025.8.16.0177,40,0,2026-01-08T11:25:07.010300,ignorado
0,0000244-07.2024.8.16.0182,40,0,2026-01-08T11:25:07.010307,ignorado
0,0071378-16.2024.8.16.0014,40,0,2026-01-08T11:25:07.010314,ignorado
0,0005475-88.2024.8.16.0190,40,0,2026-01-08T11:25:07.010326,ignorado
0,0008180-79.2025.8.16.0075,40,0,2026-01-08T11:25:07.010332,ignorado
0,0057736-18.2025.8.16.0021,40,0,2026-01-08T11:25:07.010338,ignorado
0,0004217-65.2025.8.16.0139,40,0,2026-01-08T11:25:07.010345,ignorado
0,0011705-46.2025.8.16.0018,40,0,2026-01-08T11:25:07.010351,ignorado
0,0050306-17.2025.8.16.0182,40,0,2026-01-08T11:25:07.010357,ignorado
0,0009330-75.2019.8.16.0182,40,0,2026-01-08T11:25:07.010371,ignorado
0,0000861-62.2025.8.16.0139,40,0,2026-01-08T11:25:07.010377,ignorado
0,0001075-64.2025.8.16.0103,40,0,2026-01-08T11:25:07.010382,ignorado
0,0000413-95.2025.8.16.0137,40,0,2026-01-08T11:25:07.010389,ignorado
0,0011127-83.2025.8.16.0018,40,0,2026-01-08T11:25:07.010394,ignorado
0,0001930-19.2022.8.16.0145,40,0,2026-01-08T11:25:07.010400,ignorado
0,0000720-25.2011.8.16.0045,40,0,2026-01-08T11:25:07.010407,ignorado
0,0000264-03.2021.8.16.0182,40,0,2026-01-08T11:25:07.010413,ignorado
0,0004227-87.2019.8.16.0182,40,0,2026-01-08T11:25:07.010419,ignorado
0,0010234-27.2021.8.16.0182,40,0,2026-01-08T11:25:07.010425,ignorado
0,0007961-46.2019.8.16.0182,40,0,2026-01-08T11:25:07.010439,ignorado
0,0005079-14.2019.8.16.0182,40,0,2026-01-08T11:25:07.010445,ignorado
0,0012956-75.2018.8.16.0170,40,0,2026-01-08T11:25:07.010451,ignorado
0,0035144-26.2018.8.16.0182,40,0,2026-01-08T11:25:07.010458,ignorado
0,0002431-52.2021.8.16.0130,40,0,2026-01-08T11:25:07.010464,ignorado
0,0043974-78.2018.8.16.0182,40,0,2026-01-08T11:25:07.010471,ignorado
0,0044785-28.2024.8.16.0182,40,0,2026-01-08T11:25:07.010477,ignorado
0,0020166-07.2025.8.16.0018,40,0,2026-01-08T11:25:07.010483,ignorado
0,N/A,35,0,2026-01-08T11:25:07.241439,ignorado
0,N/A,35,0,2026-01-08T11:25:07.241452,ignorado
0,0006037-80.2019.8.16.0123,38,0,2026-01-08T11:25:08.787392,ignorado
0,0006723-09.2025.8.16.9000,38,0,2026-01-08T11:25:08.787429,ignorado
0,0030487-02.2024.8.16.0030,38,0,2026-01-08T11:25:08.787435,ignorado
0,0005825-62.2024.8.16.0033,38,0,2026-01-08T11:25:08.787440,ignorado
0,0011809-35.2025.8.16.0019,38,0,2026-01-08T11:25:08.787443,ignorado
0,0006712-77.2025.8.16.9000,38,0,2026-01-08T11:25:08.787447,ignorado
0,0000727-37.2022.8.16.0043,38,0,2026-01-08T11:25:08.787451,ignorado
0,0001203-06.2024.8.16.0205,38,0,2026-01-08T11:25:08.787454,ignorado
0,0043400-11.2025.8.16.0182,38,0,2026-01-08T11:25:08.787458,ignorado
0,0006722-24.2025.8.16.9000,38,0,2026-01-08T11:25:08.787462,ignorado
0,0006561-06.2023.8.16.0069,38,0,2026-01-08T11:25:08.787465,ignorado
0,0005943-76.2024.8.16.0182,38,0,2026-01-08T11:25:08.787468,ignorado
0,0004996-33.2024.8.16.0146,38,0,2026-01-08T11:25:08.787472,ignorado
0,0007183-37.2025.8.16.0030,38,0,2026-01-08T11:25:08.787476,ignorado
0,0007399-57.2025.8.16.0075,38,0,2026-01-08T11:25:08.787479,ignorado
0,0021456-69.2025.8.16.0014,38,0,2026-01-08T11:25:08.787483,ignorado
0,0002178-77.2025.8.16.0145,38,0,2026-01-08T11:25:08.787486,ignorado
0,0031220-31.2023.8.16.0182,38,0,2026-01-08T11:25:08.787490,ignorado
0,0005912-82.2024.8.16.0044,38,0,2026-01-08T11:25:08.787493,ignorado
0,0001715-03.2024.8.16.0168,38,0,2026-01-08T11:25:08.787497,ignorado
0,0004971-88.2025.8.16.0209,38,0,2026-01-08T11:25:08.787500,ignorado
0,0014789-21.2024.8.16.0170,44,0,2026-01-08T11:25:11.345107,ignorado
0,0001788-06.2024.8.16.0093,44,0,2026-01-08T11:25:11.345142,ignorado
0,0000423-51.2024.8.16.0210,44,0,2026-01-08T11:25:11.345148,ignorado
0,0002943-62.2025.8.16.0205,44,0,2026-01-08T11:25:11.345152,ignorado
0,0048662-39.2025.8.16.0182,44,0,2026-01-08T11:25:11.345156,ignorado
0,0001765-57.2024.8.16.0094,44,0,2026-01-08T11:25:11.345160,ignorado
0,0008145-89.2025.8.16.0182,44,0,2026-01-08T11:25:11.345163,ignorado
0,0035100-92.2024.8.16.0021,44,0,2026-01-08T11:25:11.345167,ignorado
0,0054968-24.2025.8.16.0182,44,0,2026-01-08T11:25:11.345171,ignorado
0,0005090-92.2025.8.16.0130,44,0,2026-01-08T11:25:11.345174,ignorado
0,0005087-74.2024.8.16.0130,44,0,2026-01-08T11:25:11.345178,ignorado
0,0012540-34.2025.8.16.0018,44,0,2026-01-08T11:25:11.345181,ignorado
0,0001863-92.2024.8.16.0142,44,0,2026-01-08T11:25:11.345184,ignorado
0,0000817-84.2024.8.16.0072,44,0,2026-01-08T11:25:11.345188,ignorado
0,0047394-47.2025.8.16.0182,44,0,2026-01-08T11:25:11.345192,ignorado
0,0003138-79.2024.8.16.0141,44,0,2026-01-08T11:25:11.345196,ignorado
0,0026682-36.2025.8.16.0182,44,0,2026-01-08T11:25:11.345199,ignorado
0,0013996-29.2024.8.16.0026,44,0,2026-01-08T11:25:11.345203,ignorado
0,0002273-23.2021.8.16.0089,44,0,2026-01-08T11:25:11.345206,ignorado
0,0045743-24.2018.8.16.0182,44,0,2026-01-08T11:25:11.345210,ignorado
0,0000068-56.2023.8.16.0184,44,0,2026-01-08T11:25:11.345213,ignorado
0,0051118-06.2018.8.16.0182,44,0,2026-01-08T11:25:11.345216,ignorado
0,0000968-64.2025.8.16.0153,44,0,2026-01-08T11:25:11.345220,ignorado
0,0000713-26.2023.8.16.0073,44,0,2026-01-08T11:25:11.345225,ignorado
0,0020387-90.2019.8.16.0182,44,0,2026-01-08T11:25:11.345231,ignorado
0,0010411-68.2025.8.16.0014,44,0,2026-01-08T11:25:11.345236,ignorado
0,0002050-53.2024.8.16.0093,44,0,2026-01-08T11:25:11.345241,ignorado
0,0004304-84.2019.8.16.0089,44,0,2026-01-08T11:25:11.345247,ignorado
0,0000516-66.2025.8.16.0149,44,0,2026-01-08T11:25:11.345253,ignorado
0,0035882-77.2019.8.16.0182,44,0,2026-01-08T11:25:11.345258,ignorado
0,0042380-92.2019.8.16.0182,44,0,2026-01-08T11:25:11.345264,ignorado
0,0004677-07.2023.8.16.0209,44,0,2026-01-08T11:25:11.345270,ignorado
0,0016823-68.2023.8.16.0019,44,0,2026-01-08T11:25:11.345276,ignorado
0,0079237-83.2024.8.16.0014,44,0,2026-01-08T11:25:11.345282,ignorado
0,0010983-69.2022.8.16.0130,44,0,2026-01-08T11:25:11.345288,ignorado
0,0016161-08.2022.8.16.0030,44,0,2026-01-08T11:25:11.345294,ignorado
0,0001516-97.2020.8.16.0110,44,0,2026-01-08T11:25:11.345301,ignorado
0,0001972-85.2025.8.16.0170,44,0,2026-01-08T11:25:11.345307,ignorado
0,0029745-10.2024.8.16.0019,44,0,2026-01-08T11:25:11.345313,ignorado
0,0002197-97.2024.8.16.0184,44,0,2026-01-08T11:25:11.345319,ignorado
0,0048900-58.2025.8.16.0182,44,0,2026-01-08T11:25:11.345325,ignorado
0,0070310-31.2024.8.16.0014,44,0,2026-01-08T11:25:11.345332,ignorado
0,0006333-39.2025.8.16.9000,44,0,2026-01-08T11:25:11.345338,ignorado
0,0004839-74.2025.8.16.0130,44,0,2026-01-08T11:25:11.345344,ignorado
0,0029226-29.2024.8.16.0021,44,0,2026-01-08T11:25:11.345350,ignorado
0,0007671-47.2025.8.16.0044,44,0,2026-01-08T11:25:11.345356,ignorado
0,0000121-83.2025.8.16.0146,44,0,2026-01-08T11:25:11.345361,ignorado
0,0013363-13.2022.8.16.0018,44,0,2026-01-08T11:25:11.345375,ignorado
0,0015495-55.2023.8.16.0035,44,0,2026-01-08T11:25:11.345381,ignorado
0,0003076-82.2025.8.16.0083,33,0,2026-01-08T11:25:13.522409,duplicado
0,0050104-93.2024.8.16.0014,36,0,2026-01-08T11:25:15.067924,ignorado
0,0001836-43.2023.8.16.0046,36,0,2026-01-08T11:25:15.067932,ignorado
0,0002061-68.2023.8.16.0109,36,0,2026-01-08T11:25:15.067954,ignorado
0,0006407-66.2025.8.16.0182,36,0,2026-01-08T11:25:15.067993,ignorado
0,0002579-04.2025.8.16.0169,46,0,2026-01-08T11:25:15.737523,ignorado
0,0005915-25.2025.8.16.0069,46,0,2026-01-08T11:25:15.737542,ignorado
0,0051952-94.2024.8.16.0021,46,0,2026-01-08T11:25:15.737549,ignorado
0,0000673-29.2025.8.16.0120,46,0,2026-01-08T11:25:15.737554,ignorado
0,0004742-77.2025.8.16.0129,46,0,2026-01-08T11:25:15.737566,ignorado
0,0006856-28.2021.8.16.0129,46,0,2026-01-08T11:25:15.737579,ignorado
0,0008833-16.2025.8.16.0129,46,0,2026-01-08T11:25:15.737604,ignorado
0,0000385-81.2021.8.16.0036,46,0,2026-01-08T11:25:15.737623,ignorado
0,0022135-87.2021.8.16.0021,46,0,2026-01-08T11:25:15.737630,ignorado
0,0003827-09.2025.8.16.0200,46,0,2026-01-08T11:25:15.737636,ignorado
0,0005064-95.2024.8.16.0044,46,0,2026-01-08T11:25:15.737642,ignorado
0,0051065-78.2025.8.16.0182,46,0,2026-01-08T11:25:15.737648,ignorado
0,0004795-73.2024.8.16.0200,46,0,2026-01-08T11:25:15.737668,ignorado
0,0028701-15.2025.8.16.0182,46,0,2026-01-08T11:25:15.737674,ignorado
0,0010255-50.2025.8.16.0024,46,0,2026-01-08T11:25:15.737686,ignorado
0,0000055-24.2025.8.16.0140,46,0,2026-01-08T11:25:15.737698,ignorado
0,0000638-14.2025.8.16.0106,46,0,2026-01-08T11:25:15.737704,ignorado
0,0000435-10.2023.8.16.0175,46,0,2026-01-08T11:25:15.737710,ignorado
0,0002886-20.2024.8.16.0192,46,0,2026-01-08T11:25:15.737723,ignorado
0,0001708-72.2024.8.16.0180,46,0,2026-01-08T11:25:15.737730,ignorado
0,0015883-02.2025.8.16.0030,46,0,2026-01-08T11:25:15.737736,ignorado
0,0002128-77.2024.8.16.0180,46,0,2026-01-08T11:25:15.737743,ignorado
0,0015465-37.2020.8.16.0031,46,0,2026-01-08T11:25:15.737749,ignorado
0,0003813-95.2025.8.16.0209,43,0,2026-01-08T11:25:15.746856,ignorado
0,0001155-63.2025.8.16.0059,43,0,2026-01-08T11:25:15.746864,ignorado
0,0008579-43.2025.8.16.0129,43,0,2026-01-08T11:25:15.746870,ignorado
0,0028348-04.2019.8.16.0014,43,0,2026-01-08T11:25:15.746877,ignorado
0,0010685-83.2024.8.16.0170,43,0,2026-01-08T11:25:15.746884,ignorado
0,0026951-80.2024.8.16.0030,43,0,2026-01-08T11:25:15.746898,ignorado
0,0005402-82.2025.8.16.0190,43,0,2026-01-08T11:25:15.746913,ignorado
0,0001221-27.2025.8.16.0129,43,0,2026-01-08T11:25:15.746919,ignorado
0,0000871-14.2025.8.16.0105,43,0,2026-01-08T11:25:15.746926,ignorado
0,0010110-12.2025.8.16.0018,43,0,2026-01-08T11:25:15.746933,ignorado
0,0001936-65.2025.8.16.0195,43,0,2026-01-08T11:25:15.746939,ignorado
0,0006824-15.2024.8.16.0130,43,0,2026-01-08T11:25:15.746945,ignorado
0,0040411-42.2019.8.16.0182,43,0,2026-01-08T11:25:15.746953,ignorado
0,0002302-51.2024.8.16.0127,43,0,2026-01-08T11:25:15.746965,ignorado
0,0008814-71.2025.8.16.0044,43,0,2026-01-08T11:25:15.746971,ignorado
0,0005404-02.2025.8.16.0045,43,0,2026-01-08T11:25:15.746977,ignorado
0,0003616-79.2022.8.16.0037,43,0,2026-01-08T11:25:15.746984,ignorado
0,0079618-57.2025.8.16.0014,43,0,2026-01-08T11:25:15.746989,ignorado
0,0052003-73.2025.8.16.0182,43,0,2026-01-08T11:25:15.746995,ignorado
0,0004805-14.2025.8.16.0029,43,0,2026-01-08T11:25:15.747001,ignorado
0,0000716-73.2025.8.16.0149,43,0,2026-01-08T11:25:15.747007,ignorado
0,0015730-34.2025.8.16.0170,43,0,2026-01-08T11:25:15.747021,ignorado
0,0008702-20.2024.8.16.0018,43,0,2026-01-08T11:25:15.747028,ignorado
0,0030237-95.2024.8.16.0182,43,0,2026-01-08T11:25:15.747035,ignorado
0,0002855-58.2024.8.16.0205,43,0,2026-01-08T11:25:15.747042,ignorado
0,0001153-85.2024.8.16.0073,43,0,2026-01-08T11:25:15.747048,ignorado
0,0017478-04.2025.8.16.0170,43,0,2026-01-08T11:25:15.747056,ignorado
0,0027737-27.2024.8.16.0030,43,0,2026-01-08T11:25:15.747063,ignorado
0,0004873-51.2022.8.16.0131,43,0,2026-01-08T11:25:15.747070,ignorado
0,0010564-89.2025.8.16.0018,43,0,2026-01-08T11:25:15.747076,ignorado
0,0017848-85.2024.8.16.0018,43,0,2026-01-08T11:25:15.747082,ignorado
0,0012158-91.2024.8.16.0045,43,0,2026-01-08T11:25:15.747089,ignorado
0,0001998-31.2025.8.16.0155,43,0,2026-01-08T11:25:15.747096,ignorado
0,0048640-78.2025.8.16.0182,43,0,2026-01-08T11:25:15.747109,ignorado
0,0004463-50.2019.8.16.0146,43,0,2026-01-08T11:25:15.747115,ignorado
0,0001550-65.2024.8.16.0067,47,0,2026-01-08T11:25:16.222250,ignorado
0,0001253-57.2024.8.16.0132,47,0,2026-01-08T11:25:16.222302,ignorado
0,0084454-44.2023.8.16.0014,47,0,2026-01-08T11:25:16.222321,ignorado
0,0007308-44.2024.8.16.0190,47,0,2026-01-08T11:25:16.222328,ignorado
0,0001141-63.2025.8.16.0129,47,0,2026-01-08T11:25:16.222335,ignorado
0,0033950-78.2024.8.16.0182,47,0,2026-01-08T11:25:16.222350,ignorado
0,0041632-21.2023.8.16.0182,47,0,2026-01-08T11:25:16.222358,ignorado
0,0017031-14.2024.8.16.0182,47,0,2026-01-08T11:25:16.222365,ignorado
0,0001131-14.2024.8.16.0142,47,0,2026-01-08T11:25:16.222372,ignorado
0,0025547-08.2025.8.16.0014,47,0,2026-01-08T11:25:16.222379,ignorado
0,0020793-08.2025.8.16.0019,47,0,2026-01-08T11:25:16.222386,ignorado
0,0007291-50.2024.8.16.0079,47,0,2026-01-08T11:25:16.222394,ignorado
0,0002421-23.2025.8.16.0112,47,0,2026-01-08T11:25:16.222401,ignorado
0,0058797-66.2024.8.16.0014,47,0,2026-01-08T11:25:16.222408,ignorado
0,0040189-98.2024.8.16.0182,47,0,2026-01-08T11:25:16.222416,ignorado
0,0007586-42.2025.8.16.0018,47,0,2026-01-08T11:25:16.223043,ignorado
0,0002904-70.2024.8.16.0150,47,0,2026-01-08T11:25:16.223059,ignorado
0,0011308-42.2025.8.16.0129,47,0,2026-01-08T11:25:16.223067,ignorado
0,0001291-20.2021.8.16.0053,47,0,2026-01-08T11:25:16.223075,ignorado
0,0014498-38.2024.8.16.0035,47,0,2026-01-08T11:25:16.223082,ignorado
0,0079624-64.2025.8.16.0014,47,0,2026-01-08T11:25:16.223100,ignorado
0,0003851-95.2025.8.16.0019,47,0,2026-01-08T11:25:16.223107,ignorado
0,0002014-13.2024.8.16.0060,47,0,2026-01-08T11:25:16.223114,ignorado
0,0002913-57.2025.8.16.0195,47,0,2026-01-08T11:25:16.223121,ignorado
0,0003666-04.2025.8.16.0069,47,0,2026-01-08T11:25:16.223129,ignorado
0,0005315-38.2025.8.16.0187,47,0,2026-01-08T11:25:16.223136,ignorado
0,0003204-49.2024.8.16.0209,47,0,2026-01-08T11:25:16.223153,ignorado
0,0007121-25.2024.8.16.0129,47,0,2026-01-08T11:25:16.223160,ignorado
0,0005675-95.2024.8.16.0190,47,0,2026-01-08T11:25:16.223167,ignorado
0,0001021-28.2025.8.16.0094,47,0,2026-01-08T11:25:16.223174,ignorado
0,0004557-35.2025.8.16.0098,47,0,2026-01-08T11:25:16.223181,ignorado
0,0037145-75.2024.8.16.0019,47,0,2026-01-08T11:25:16.223189,ignorado
0,0001382-94.2024.8.16.0186,47,0,2026-01-08T11:25:16.223195,ignorado
0,0009990-24.2025.8.16.0129,47,0,2026-01-08T11:25:16.223202,ignorado
0,0010011-97.2025.8.16.0129,47,0,2026-01-08T11:25:16.223209,ignorado
0,0005351-05.2024.8.16.0191,47,0,2026-01-08T11:25:16.223217,ignorado
0,0023368-82.2025.8.16.0182,47,0,2026-01-08T11:25:16.223225,ignorado
0,0001055-71.2024.8.16.0018,47,0,2026-01-08T11:25:16.223232,ignorado
0,0013396-61.2024.8.16.0170,47,0,2026-01-08T11:25:16.223238,ignorado
0,0044136-48.2025.8.16.0014,47,0,2026-01-08T11:25:16.223246,ignorado
0,0006983-85.2025.8.16.0044,47,0,2026-01-08T11:25:16.223286,ignorado
0,0001206-87.2025.8.16.0184,47,0,2026-01-08T11:25:16.223294,ignorado
0,0018287-62.2025.8.16.0018,47,0,2026-01-08T11:25:16.223301,ignorado
0,0000247-87.2025.8.16.0129,47,0,2026-01-08T11:25:16.223309,ignorado
0,0000766-32.2025.8.16.0139,47,0,2026-01-08T11:25:16.223315,ignorado
0,0000368-07.2024.8.16.0047,47,0,2026-01-08T11:25:16.223322,ignorado
0,0009907-21.2023.8.16.0018,47,0,2026-01-08T11:25:16.223329,ignorado
0,0001487-33.2024.8.16.0134,41,0,2026-01-08T11:25:17.240772,ignorado
0,0002258-91.2024.8.16.0075,41,0,2026-01-08T11:25:17.240809,ignorado
0,0076191-86.2024.8.16.0014,41,0,2026-01-08T11:25:17.240815,ignorado
0,0001529-48.2022.8.16.0168,41,0,2026-01-08T11:25:17.240822,ignorado
0,0010549-26.2019.8.16.0182,41,0,2026-01-08T11:25:17.240828,ignorado
0,0006318-86.2025.8.16.0103,41,0,2026-01-08T11:25:17.240835,ignorado
0,0002693-69.2019.8.16.0098,41,0,2026-01-08T11:25:17.240839,ignorado
0,0054320-44.2025.8.16.0182,41,0,2026-01-08T11:25:17.240843,ignorado
0,0029812-87.2024.8.16.0014,41,0,2026-01-08T11:25:17.240847,ignorado
0,0018688-64.2019.8.16.0182,41,0,2026-01-08T11:25:17.240851,ignorado
0,0001021-35.2023.8.16.0179,41,0,2026-01-08T11:25:17.240854,ignorado
0,0005782-59.2023.8.16.0034,41,0,2026-01-08T11:25:17.240858,ignorado
0,0007470-15.2024.8.16.0004,41,0,2026-01-08T11:25:17.240862,ignorado
0,0003916-07.2019.8.16.0050,41,0,2026-01-08T11:25:17.240866,ignorado
0,0038148-61.2024.8.16.0182,41,0,2026-01-08T11:25:17.240870,ignorado
0,0003606-30.2018.8.16.0181,41,0,2026-01-08T11:25:17.240874,ignorado
0,0038249-98.2024.8.16.0182,41,0,2026-01-08T11:25:17.240879,ignorado
0,0000716-66.2019.8.16.0090,41,0,2026-01-08T11:25:17.240885,ignorado
0,0017313-22.2025.8.16.0019,49,0,2026-01-08T11:25:17.283328,ignorado
0,0013643-83.2019.8.16.0019,49,0,2026-01-08T11:25:17.283352,ignorado
0,0000231-13.2019.8.16.0140,49,0,2026-01-08T11:25:17.283358,ignorado
0,0000229-10.2025.8.16.0180,49,0,2026-01-08T11:25:17.283365,ignorado
0,0039151-12.2020.8.16.0014,49,0,2026-01-08T11:25:17.283371,ignorado
0,0054013-37.2018.8.16.0182,49,0,2026-01-08T11:25:17.283377,ignorado
0,0002317-53.2023.8.16.0192,49,0,2026-01-08T11:25:17.283383,ignorado
0,0047617-53.2024.8.16.0014,49,0,2026-01-08T11:25:17.283388,ignorado
0,0001021-20.2024.8.16.0108,49,0,2026-01-08T11:25:17.283397,ignorado
0,0025157-58.2023.8.16.0030,49,0,2026-01-08T11:25:17.283410,ignorado
0,0003455-45.2024.8.16.0184,49,0,2026-01-08T11:25:17.283415,ignorado
0,0001679-73.2025.8.16.0184,49,0,2026-01-08T11:25:17.283421,ignorado
0,0000208-22.2025.8.16.0184,49,0,2026-01-08T11:25:17.283427,ignorado
0,0004047-26.2025.8.16.0129,49,0,2026-01-08T11:25:17.283433,ignorado
0,0010258-87.2022.8.16.0160,49,0,2026-01-08T11:25:17.283438,ignorado
0,0004763-10.2024.8.16.0187,49,0,2026-01-08T11:25:17.283444,ignorado
0,0001854-33.2024.8.16.0142,49,0,2026-01-08T11:25:17.283455,ignorado
0,0008274-09.2022.8.16.0018,49,0,2026-01-08T11:25:17.283461,ignorado
0,0004144-89.2024.8.16.0184,49,0,2026-01-08T11:25:17.283466,ignorado
0,0001116-34.2025.8.16.0102,49,0,2026-01-08T11:25:17.283472,ignorado
0,0015571-26.2023.8.16.0182,49,0,2026-01-08T11:25:17.283478,ignorado
0,0016060-48.2024.8.16.0014,49,0,2026-01-08T11:25:17.283484,ignorado
0,0070293-63.2022.8.16.0014,49,0,2026-01-08T11:25:17.283489,ignorado
0,0029142-15.2025.8.16.0014,49,0,2026-01-08T11:25:17.283495,ignorado
0,0081698-91.2025.8.16.0014,49,0,2026-01-08T11:25:17.283508,ignorado
0,0003445-20.2025.8.16.0134,49,0,2026-01-08T11:25:17.283513,ignorado
0,0005931-55.2025.8.16.9000,49,0,2026-01-08T11:25:17.283519,ignorado
0,0050849-20.2025.8.16.0182,49,0,2026-01-08T11:25:17.283524,ignorado
0,0002569-24.2025.8.16.0180,49,0,2026-01-08T11:25:17.283530,ignorado
0,0047270-62.2025.8.16.0021,49,0,2026-01-08T11:25:17.283536,ignorado
0,0000130-40.2025.8.16.0180,49,0,2026-01-08T11:25:17.283542,ignorado
0,0016563-42.2025.8.16.0044,49,0,2026-01-08T11:25:17.283547,ignorado
0,0001108-45.2025.8.16.0106,49,0,2026-01-08T11:25:17.283554,ignorado
0,0002612-13.2019.8.16.0069,49,0,2026-01-08T11:25:17.283559,ignorado
0,0082933-93.2025.8.16.0014,49,0,2026-01-08T11:25:17.283565,ignorado
0,0004017-97.2025.8.16.0126,49,0,2026-01-08T11:25:17.283570,ignorado
0,0001365-03.2025.8.16.0096,49,0,2026-01-08T11:25:17.283575,ignorado
0,0002733-94.2021.8.16.0158,49,0,2026-01-08T11:25:17.283580,ignorado
0,0001866-04.2025.8.16.0145,49,0,2026-01-08T11:25:17.283586,ignorado
0,0003745-59.2025.8.16.9000,49,0,2026-01-08T11:25:17.283591,ignorado
0,0014713-65.2020.8.16.0031,49,0,2026-01-08T11:25:17.283596,ignorado
0,0005850-19.2025.8.16.0105,49,0,2026-01-08T11:25:17.283608,ignorado
0,0005038-02.2023.8.16.0184,49,0,2026-01-08T11:25:17.283613,ignorado
0,0024884-74.2024.8.16.0182,49,0,2026-01-08T11:25:17.283618,ignorado
0,0006149-41.2025.8.16.0090,49,0,2026-01-08T11:25:17.283623,ignorado
0,0014856-22.2022.8.16.0019,49,0,2026-01-08T11:25:17.283628,ignorado
0,0001369-22.2025.8.16.0102,45,0,2026-01-08T11:25:19.046558,ignorado
0,0001681-46.2024.8.16.0162,45,0,2026-01-08T11:25:19.046605,ignorado
0,0002631-97.2025.8.16.0169,45,0,2026-01-08T11:25:19.046610,ignorado
0,0000747-78.2025.8.16.0057,45,0,2026-01-08T11:25:19.046614,ignorado
0,0001957-63.2024.8.16.0102,45,0,2026-01-08T11:25:19.046623,ignorado
0,0018507-91.2024.8.16.0019,45,0,2026-01-08T11:25:19.046630,ignorado
0,0029929-59.2024.8.16.0182,45,0,2026-01-08T11:25:19.046634,ignorado
0,0001976-35.2024.8.16.0081,45,0,2026-01-08T11:25:19.046639,ignorado
0,0004515-59.2024.8.16.0182,45,0,2026-01-08T11:25:19.046643,ignorado
0,0002790-38.2024.8.16.0181,45,0,2026-01-08T11:25:19.046647,ignorado
0,0002737-90.2024.8.16.0170,45,0,2026-01-08T11:25:19.046658,ignorado
0,0004082-09.2024.8.16.0165,45,0,2026-01-08T11:25:19.046662,ignorado
0,0012628-58.2024.8.16.0131,45,0,2026-01-08T11:25:19.046666,ignorado
0,0011930-90.2022.8.16.0044,45,0,2026-01-08T11:25:19.046670,ignorado
0,0000878-25.2023.8.16.0186,45,0,2026-01-08T11:25:19.046674,ignorado
0,0045176-17.2023.8.16.0182,45,0,2026-01-08T11:25:19.046677,ignorado
0,0011180-19.2025.8.16.0130,45,0,2026-01-08T11:25:19.046681,ignorado
0,0001974-29.2024.8.16.0190,45,0,2026-01-08T11:25:19.046685,ignorado
0,0016764-49.2024.8.16.0018,45,0,2026-01-08T11:25:19.046692,ignorado
0,0022388-57.2025.8.16.0014,45,0,2026-01-08T11:25:19.046696,ignorado
0,0041928-72.2025.8.16.0182,45,0,2026-01-08T11:25:19.046700,ignorado
0,0003564-41.2023.8.16.0072,45,0,2026-01-08T11:25:19.046703,ignorado
0,0039323-60.2025.8.16.0019,45,0,2026-01-08T11:25:19.046706,ignorado
0,0011608-34.2022.8.16.0056,45,0,2026-01-08T11:25:19.046709,ignorado
0,0015037-48.2024.8.16.0182,45,0,2026-01-08T11:25:19.046713,ignorado
0,0027112-26.2024.8.16.0019,45,0,2026-01-08T11:25:19.046716,ignorado
0,0015335-40.2024.8.16.0182,45,0,2026-01-08T11:25:19.046720,ignorado
0,0006177-97.2025.8.16.0190,45,0,2026-01-08T11:25:19.046724,ignorado
0,0030276-29.2025.8.16.0030,45,0,2026-01-08T11:25:19.046727,ignorado
0,0046668-73.2025.8.16.0182,45,0,2026-01-08T11:25:19.046731,ignorado
0,0054752-63.2025.8.16.0182,54,0,2026-01-08T11:25:19.842957,ignorado
0,0001556-10.2021.8.16.0154,54,0,2026-01-08T11:25:19.843037,ignorado
0,0000692-71.2025.8.16.0205,54,0,2026-01-08T11:25:19.843058,ignorado
0,0012696-47.2024.8.16.0021,54,0,2026-01-08T11:25:19.843065,ignorado
0,0001810-97.2025.8.16.0200,54,0,2026-01-08T11:25:19.843071,ignorado
0,0001979-65.2025.8.16.0077,54,0,2026-01-08T11:25:19.843077,ignorado
0,0001595-37.2022.8.16.0068,54,0,2026-01-08T11:25:19.843091,ignorado
0,0002736-40.2025.8.16.0148,54,0,2026-01-08T11:25:19.843097,ignorado
0,0016031-74.2024.8.16.0021,54,0,2026-01-08T11:25:19.843103,ignorado
0,0002770-40.2025.8.16.0075,54,0,2026-01-08T11:25:19.843122,ignorado
0,0006082-58.2024.8.16.0075,54,0,2026-01-08T11:25:19.843128,ignorado
0,0002843-54.2025.8.16.0061,54,0,2026-01-08T11:25:19.843134,ignorado
0,0006825-23.2025.8.16.0014,54,0,2026-01-08T11:25:19.843140,ignorado
0,0001826-02.2024.8.16.0163,54,0,2026-01-08T11:25:19.843146,ignorado
0,0007147-94.2024.8.16.0170,54,0,2026-01-08T11:25:19.843151,ignorado
0,0005204-17.2022.8.16.0104,54,0,2026-01-08T11:25:19.843157,ignorado
0,0001335-29.2024.8.16.0087,54,0,2026-01-08T11:25:19.843163,ignorado
0,0000644-44.2025.8.16.0066,54,0,2026-01-08T11:25:19.843168,ignorado
0,0001275-10.2024.8.16.0070,54,0,2026-01-08T11:25:19.843180,ignorado
0,0003335-98.2025.8.16.9000,54,0,2026-01-08T11:25:19.843185,ignorado
0,0005313-13.2025.8.16.9000,54,0,2026-01-08T11:25:19.843191,ignorado
0,0048883-22.2025.8.16.0182,54,0,2026-01-08T11:25:19.843197,ignorado
0,0020498-66.2024.8.16.0031,54,0,2026-01-08T11:25:19.843202,ignorado
0,0005215-25.2025.8.16.0077,54,0,2026-01-08T11:25:19.843208,ignorado
0,0014487-42.2025.8.16.0045,54,0,2026-01-08T11:25:19.843214,ignorado
0,0004649-75.2025.8.16.0045,54,0,2026-01-08T11:25:19.843219,ignorado
0,0001028-66.2025.8.16.0014,54,0,2026-01-08T11:25:19.843225,ignorado
0,0010391-17.2025.8.16.0131,54,0,2026-01-08T11:25:19.843231,ignorado
0,0081708-72.2024.8.16.0014,54,0,2026-01-08T11:25:19.843237,ignorado
0,0002003-33.2024.8.16.0076,54,0,2026-01-08T11:25:19.843242,ignorado
0,0000261-43.2024.8.16.0182,54,0,2026-01-08T11:25:19.843248,ignorado
0,0002001-26.2024.8.16.0056,54,0,2026-01-08T11:25:19.843316,ignorado
0,0008914-37.2019.8.16.0173,54,0,2026-01-08T11:25:19.843324,ignorado
0,0001355-40.2024.8.16.0145,54,0,2026-01-08T11:25:19.843330,ignorado
0,0001746-88.2024.8.16.0211,54,0,2026-01-08T11:25:19.843336,ignorado
0,0002841-65.2023.8.16.0187,54,0,2026-01-08T11:25:19.843341,ignorado
0,0020746-71.2024.8.16.0018,54,0,2026-01-08T11:25:19.843347,ignorado
0,0008007-48.2025.8.16.0045,54,0,2026-01-08T11:25:19.843353,ignorado
0,0000184-91.2025.8.16.0184,54,0,2026-01-08T11:25:19.843359,ignorado
0,0000927-94.2024.8.16.0133,56,0,2026-01-08T11:25:20.457301,ignorado
0,0005574-58.2019.8.16.0182,56,0,2026-01-08T11:25:20.457335,ignorado
0,0005269-74.2019.8.16.0182,56,0,2026-01-08T11:25:20.457341,ignorado
0,0004127-59.2023.8.16.0064,56,0,2026-01-08T11:25:20.457346,ignorado
0,0019434-29.2019.8.16.0182,56,0,2026-01-08T11:25:20.457350,ignorado
0,0000073-26.2019.8.16.0182,56,0,2026-01-08T11:25:20.457355,ignorado
0,0027171-44.2025.8.16.0030,56,0,2026-01-08T11:25:20.457358,ignorado
0,0009514-83.2025.8.16.0129,56,0,2026-01-08T11:25:20.457362,ignorado
0,0024316-24.2025.8.16.0182,56,0,2026-01-08T11:25:20.457366,ignorado
0,0004245-51.2024.8.16.0209,56,0,2026-01-08T11:25:20.457371,ignorado
0,0002893-55.2023.8.16.0092,56,0,2026-01-08T11:25:20.457378,ignorado
0,0010878-84.2025.8.16.0131,56,0,2026-01-08T11:25:20.457384,ignorado
0,0001414-27.2025.8.16.0134,56,0,2026-01-08T11:25:20.457391,ignorado
0,0002151-76.2023.8.16.0109,56,0,2026-01-08T11:25:20.457397,ignorado
0,0002236-58.2022.8.16.0154,56,0,2026-01-08T11:25:20.457403,ignorado
0,0041874-14.2024.8.16.0030,56,0,2026-01-08T11:25:20.457419,ignorado
0,0010795-36.2024.8.16.0056,56,0,2026-01-08T11:25:20.457425,ignorado
0,0005182-63.2024.8.16.0079,56,0,2026-01-08T11:25:20.457432,ignorado
0,0022035-97.2024.8.16.0031,56,0,2026-01-08T11:25:20.457445,ignorado
0,0012222-28.2025.8.16.0058,56,0,2026-01-08T11:25:20.457456,ignorado
0,0029321-46.2025.8.16.0014,56,0,2026-01-08T11:25:20.457468,ignorado
0,0000559-06.2025.8.16.0051,56,0,2026-01-08T11:25:20.457471,ignorado
0,0006207-44.2025.8.16.0187,56,0,2026-01-08T11:25:20.457476,ignorado
0,0001432-47.2025.8.16.0102,56,0,2026-01-08T11:25:20.457480,ignorado
0,0004265-63.2025.8.16.0029,56,0,2026-01-08T11:25:20.457487,ignorado
0,0025531-04.2023.8.16.0021,56,0,2026-01-08T11:25:20.457506,ignorado
0,0000469-58.2025.8.16.0128,56,0,2026-01-08T11:25:20.457512,ignorado
0,0000243-95.2025.8.16.0114,56,0,2026-01-08T11:25:20.457517,ignorado
0,0001396-88.2025.8.16.0139,56,0,2026-01-08T11:25:20.457524,ignorado
0,0001381-09.2025.8.16.0014,56,0,2026-01-08T11:25:20.457530,ignorado
0,0015733-21.2025.8.16.0030,56,0,2026-01-08T11:25:20.457537,ignorado
0,0002815-44.2025.8.16.0075,56,0,2026-01-08T11:25:20.457543,ignorado
0,0002991-20.2025.8.16.9000,56,0,2026-01-08T11:25:20.457550,ignorado
0,0012826-09.2025.8.16.0019,56,0,2026-01-08T11:25:20.457557,ignorado
0,0000342-49.2010.8.16.0063,56,0,2026-01-08T11:25:20.457565,ignorado
0,0002120-50.2025.8.16.0056,56,0,2026-01-08T11:25:20.457570,ignorado
0,0000288-16.2025.8.16.0077,56,0,2026-01-08T11:25:20.457578,ignorado
0,0001515-53.2025.8.16.0073,56,0,2026-01-08T11:25:20.457585,ignorado
0,0022809-62.2024.8.16.0182,56,0,2026-01-08T11:25:20.457591,ignorado
0,0002111-84.2024.8.16.0101,56,0,2026-01-08T11:25:20.457597,ignorado
0,0004497-33.2019.8.16.0014,56,0,2026-01-08T11:25:20.457603,ignorado
0,0019740-83.2025.8.16.0021,56,0,2026-01-08T11:25:20.457608,ignorado
0,0002956-09.2025.8.16.0190,56,0,2026-01-08T11:25:20.457614,ignorado
0,0012688-72.2024.8.16.0182,48,0,2026-01-08T11:25:21.188245,ignorado
0,0004057-67.2024.8.16.0109,48,0,2026-01-08T11:25:21.188249,ignorado
0,0004570-94.2022.8.16.0209,48,0,2026-01-08T11:25:21.188257,ignorado
0,0001164-92.2025.8.16.0069,48,0,2026-01-08T11:25:21.188261,ignorado
1417999,0026924-77.2017.8.16.0019,6,1,2026-01-08T11:25:21.496847,ok
1418000,0001642-76.2025.8.16.0174,6,1,2026-01-08T11:25:21.496847,ok
1418001,0151555-72.2025.8.16.0000,6,1,2026-01-08T11:25:21.496847,ok
1418002,0000422-66.2025.8.16.0134,6,1,2026-01-08T11:25:21.496847,ok
1418003,0069579-43.2025.8.16.0000,6,1,2026-01-08T11:25:21.496847,ok
1418004,0002828-80.2025.8.16.0192,6,1,2026-01-08T11:25:21.496847,ok
1418005,0129445-79.2025.8.16.0000,6,1,2026-01-08T11:25:21.496847,ok
1418006,0010193-50.2023.8.16.0001,6,1,2026-01-08T11:25:21.496847,ok
1418007,0142200-38.2025.8.16.0000,2,1,2026-01-08T11:25:21.496847,ok
1418008,0153307-79.2025.8.16.0000,2,1,2026-01-08T11:25:21.496847,ok
1418009,0028070-35.2025.8.16.0000,2,1,2026-01-08T11:25:21.496847,ok
1418010,0016906-73.2025.8.16.0000,2,1,2026-01-08T11:25:21.496847,ok
1418011,0152313-51.2025.8.16.0000,2,1,2026-01-08T11:25:21.496847,ok
1418012,0134417-92.2025.8.16.0000,2,1,2026-01-08T11:25:21.496847,ok
1418013,0114752-90.2025.8.16.0000,2,1,2026-01-08T11:25:21.496847,ok
1418014,0056320-78.2025.8.16.0000,2,1,2026-01-08T11:25:21.496847,ok
1418015,0005087-05.2025.8.16.0174,2,1,2026-01-08T11:25:21.496847,ok
1418016,0004043-03.2021.8.16.0105,2,1,2026-01-08T11:25:21.496847,ok
1418017,0004805-64.2025.8.16.0174,2,1,2026-01-08T11:25:21.496847,ok
1418018,0008352-19.2018.8.16.0058,2,1,2026-01-08T11:25:21.496847,ok
1418019,0152816-72.2025.8.16.0000,2,1,2026-01-08T11:25:21.496847,ok
1418020,0010899-48.2025.8.16.0038,2,1,2026-01-08T11:25:21.496847,ok
1418021,0152944-92.2025.8.16.0000,2,1,2026-01-08T11:25:21.496847,ok
1418022,0151904-75.2025.8.16.0000,2,1,2026-01-08T11:25:21.496847,ok
1418023,0011740-58.2025.8.16.0130,5,1,2026-01-08T11:25:21.496847,ok
1418024,0014073-74.2025.8.16.0035,5,1,2026-01-08T11:25:21.496847,ok
1418025,0014749-88.2025.8.16.0013,5,1,2026-01-08T11:25:21.496847,ok
1418026,0011731-96.2025.8.16.0130,5,1,2026-01-08T11:25:21.496847,ok
1418027,0014865-94.2025.8.16.0013,5,1,2026-01-08T11:25:21.496847,ok
1418028,0011736-21.2025.8.16.0130,5,1,2026-01-08T11:25:21.496847,ok
1418029,0015426-48.2025.8.16.0004,5,1,2026-01-08T11:25:21.496847,ok
1418030,0030479-78.2025.8.16.0001,5,1,2026-01-08T11:25:21.496847,ok
1418031,0011738-88.2025.8.16.0130,5,1,2026-01-08T11:25:21.496847,ok
1418032,0063703-65.2025.8.16.0014,5,1,2026-01-08T11:25:21.496847,ok
1418033,0139766-76.2025.8.16.0000,5,1,2026-01-08T11:25:21.496847,ok
1418034,0147304-11.2025.8.16.0000,5,1,2026-01-08T11:25:21.496847,ok
1418035,0144911-16.2025.8.16.0000,5,1,2026-01-08T11:25:21.496847,ok
1418036,0010229-63.2021.8.16.0001,5,1,2026-01-08T11:25:21.496847,ok
1418037,0010369-52.2023.8.16.0058,5,1,2026-01-08T11:25:21.496847,ok
1418038,0010229-63.2021.8.16.0001,5,1,2026-01-08T11:25:21.496847,ok
1418039,0010369-52.2023.8.16.0058,5,1,2026-01-08T11:25:21.496847,ok
1418040,0007105-02.2025.8.16.9000,5,1,2026-01-08T11:25:21.496847,ok
1418041,0007469-71.2025.8.16.9000,5,1,2026-01-08T11:25:21.496847,ok
1418042,0002553-91.2025.8.16.9000,5,1,2026-01-08T11:25:21.496847,ok
1418043,0007472-26.2025.8.16.9000,5,1,2026-01-08T11:25:21.496847,ok
1418044,0007466-19.2025.8.16.9000,5,1,2026-01-08T11:25:21.496847,ok
1418045,0002624-93.2025.8.16.9000,5,1,2026-01-08T11:25:21.496847,ok
1418046,0007595-24.2025.8.16.9000,5,1,2026-01-08T11:25:21.496847,ok
1418047,0004905-22.2025.8.16.9000,5,1,2026-01-08T11:25:21.496847,ok
1418048,0048092-24.2023.8.16.0182,5,1,2026-01-08T11:25:21.496847,ok
1418049,0142526-95.2025.8.16.0000,1,1,2026-01-08T11:25:21.496847,ok
1418050,0121515-10.2025.8.16.0000,1,1,2026-01-08T11:25:21.496847,ok
1418051,0135348-95.2025.8.16.0000,1,1,2026-01-08T11:25:21.496847,ok
1418052,0093903-97.2025.8.16.0000,1,1,2026-01-08T11:25:21.496847,ok
1418053,0117333-78.2025.8.16.0000,1,1,2026-01-08T11:25:21.496847,ok
1418054,0109563-34.2025.8.16.0000,1,1,2026-01-08T11:25:21.496847,ok
1418055,0081160-55.2025.8.16.0000,1,1,2026-01-08T11:25:21.496847,ok
1418056,0152857-39.2025.8.16.0000,1,1,2026-01-08T11:25:21.496847,ok
1418057,0153376-14.2025.8.16.0000,1,1,2026-01-08T11:25:21.496847,ok
1418058,0150742-45.2025.8.16.0000,1,1,2026-01-08T11:25:21.496847,ok
1418059,0153443-76.2025.8.16.0000,1,1,2026-01-08T11:25:21.496847,ok
1418060,0153421-18.2025.8.16.0000,1,1,2026-01-08T11:25:21.496847,ok
1418061,0153367-52.2025.8.16.0000,1,1,2026-01-08T11:25:21.496847,ok
1418062,0070710-53.2025.8.16.0000,1,1,2026-01-08T11:25:21.496847,ok
1418063,0149249-33.2025.8.16.0000,1,1,2026-01-08T11:25:21.496847,ok
1418064,0149249-33.2025.8.16.0000,1,1,2026-01-08T11:25:21.496847,ok
1418065,0153381-36.2025.8.16.0000,1,1,2026-01-08T11:25:21.496847,ok
1418066,0153390-95.2025.8.16.0000,1,1,2026-01-08T11:25:21.496847,ok
1418067,0153388-28.2025.8.16.0000,1,1,2026-01-08T11:25:21.496847,ok
1418068,0097327-50.2025.8.16.0000,1,1,2026-01-08T11:25:21.496847,ok
1418069,0022564-55.2024.8.16.0019,1,1,2026-01-08T11:25:21.496847,ok
1418070,0080733-58.2025.8.16.0000,1,1,2026-01-08T11:25:21.496847,ok
1418071,0081011-85.2023.8.16.0014,1,1,2026-01-08T11:25:21.496847,ok
1418072,0124265-82.2025.8.16.0000,1,1,2026-01-08T11:25:21.496847,ok
1418073,0153076-52.2025.8.16.0000,1,1,2026-01-08T11:25:21.496847,ok
1418074,0100683-53.2025.8.16.0000,1,1,2026-01-08T11:25:21.496847,ok
1418075,0105749-14.2025.8.16.0000,1,1,2026-01-08T11:25:21.496847,ok
1418076,0072024-34.2025.8.16.0000,1,1,2026-01-08T11:25:21.496847,ok
1418077,0153345-91.2025.8.16.0000,1,1,2026-01-08T11:25:21.496847,ok
1418078,0153291-28.2025.8.16.0000,1,1,2026-01-08T11:25:21.496847,ok
1418079,0153146-69.2025.8.16.0000,1,1,2026-01-08T11:25:21.496847,ok
1418080,0152915-42.2025.8.16.0000,3,1,2026-01-08T11:25:21.496847,ok
1418081,0153194-28.2025.8.16.0000,3,1,2026-01-08T11:25:21.496847,ok
1418082,0153099-95.2025.8.16.0000,3,1,2026-01-08T11:25:21.496847,ok
1418083,0153069-60.2025.8.16.0000,3,1,2026-01-08T11:25:21.496847,ok
1418084,0153073-97.2025.8.16.0000,3,1,2026-01-08T11:25:21.496847,ok
1418085,0153203-87.2025.8.16.0000,3,1,2026-01-08T11:25:21.496847,ok
1418086,0094587-22.2025.8.16.0000,3,1,2026-01-08T11:25:21.496847,ok
1418087,0100708-66.2025.8.16.0000,3,1,2026-01-08T11:25:21.496847,ok
1418088,0152506-66.2025.8.16.0000,3,1,2026-01-08T11:25:21.496847,ok
1418089,0152864-31.2025.8.16.0000,3,1,2026-01-08T11:25:21.496847,ok
1418090,0151152-06.2025.8.16.0000,3,1,2026-01-08T11:25:21.496847,ok
1418091,0152899-88.2025.8.16.0000,3,1,2026-01-08T11:25:21.496847,ok
1418092,0139725-12.2025.8.16.0000,3,1,2026-01-08T11:25:21.496847,ok
1418093,0097521-50.2025.8.16.0000,3,1,2026-01-08T11:25:21.496847,ok
1418094,0118351-37.2025.8.16.0000,3,1,2026-01-08T11:25:21.496847,ok
1418095,0013633-84.2025.8.16.0033,3,1,2026-01-08T11:25:21.496847,ok
1418096,0013632-02.2025.8.16.0033,3,1,2026-01-08T11:25:21.496847,ok
1418097,0152393-15.2025.8.16.0000,3,1,2026-01-08T11:25:21.496847,ok
1418098,0152637-41.2025.8.16.0000,3,1,2026-01-08T11:25:21.496847,ok
1418099,0151956-71.2025.8.16.0000,3,1,2026-01-08T11:25:21.496847,ok
1418100,0152383-68.2025.8.16.0000,3,1,2026-01-08T11:25:21.496847,ok
1418101,0052423-76.2025.8.16.0021,3,1,2026-01-08T11:25:21.496847,ok
1418102,0007837-29.2025.8.16.0190,3,1,2026-01-08T11:25:21.496847,ok
1418103,0152750-92.2025.8.16.0000,3,1,2026-01-08T11:25:21.496847,ok
1418104,0152764-76.2025.8.16.0000,3,1,2026-01-08T11:25:21.496847,ok
1418105,0152497-07.2025.8.16.0000,3,1,2026-01-08T11:25:21.496847,ok
1418106,0152832-26.2025.8.16.0000,3,1,2026-01-08T11:25:21.496847,ok
1418107,0152811-50.2025.8.16.0000,3,1,2026-01-08T11:25:21.496847,ok
1418108,0152530-94.2025.8.16.0000,3,1,2026-01-08T11:25:21.496847,ok
1418109,0152556-92.2025.8.16.0000,3,1,2026-01-08T11:25:21.496847,ok
1418110,0152288-38.2025.8.16.0000,3,1,2026-01-08T11:25:21.496847,ok
1418111,0152869-53.2025.8.16.0000,3,1,2026-01-08T11:25:21.496847,ok
1418112,0152812-35.2025.8.16.0000,3,1,2026-01-08T11:25:21.496847,ok
1418113,0005757-68.2025.8.16.0004,3,1,2026-01-08T11:25:21.496847,ok
1418114,0118834-67.2025.8.16.0000,3,1,2026-01-08T11:25:21.496847,ok
1418115,0018142-16.2019.8.16.0018,12,1,2026-01-08T11:25:21.496847,ok
1418116,0007715-67.2025.8.16.9000,12,1,2026-01-08T11:25:21.496847,ok
1418117,0007703-53.2025.8.16.9000,12,1,2026-01-08T11:25:21.496847,ok
1418118,0004932-31.2025.8.16.0035,12,1,2026-01-08T11:25:21.496847,ok
1418119,0007691-39.2025.8.16.9000,12,1,2026-01-08T11:25:21.496847,ok
1418120,0007701-83.2025.8.16.9000,12,1,2026-01-08T11:25:21.496847,ok
1418121,0007714-82.2025.8.16.9000,12,1,2026-01-08T11:25:21.496847,ok
1418122,0007217-51.2024.8.16.0190,12,1,2026-01-08T11:25:21.496847,ok
1418123,0000311-59.2023.8.16.0035,4,1,2026-01-08T11:25:21.496847,ok
1418124,0150788-34.2025.8.16.0000,4,1,2026-01-08T11:25:21.496847,ok
1418125,0072292-88.2025.8.16.0000,4,1,2026-01-08T11:25:21.496847,ok
1418126,0010362-86.2022.8.16.0190,4,1,2026-01-08T11:25:21.496847,ok
1418127,0008448-16.2024.8.16.0190,4,1,2026-01-08T11:25:21.496847,ok
1418128,0008893-34.2024.8.16.0190,4,1,2026-01-08T11:25:21.496847,ok
1418129,0152724-94.2025.8.16.0000,4,1,2026-01-08T11:25:21.496847,ok
1418130,0008683-48.2021.8.16.0170,4,1,2026-01-08T11:25:21.496847,ok
1418131,0127276-22.2025.8.16.0000,4,1,2026-01-08T11:25:21.496847,ok
1418132,4004193-33.2025.8.16.4321,4,1,2026-01-08T11:25:21.496847,ok
1418133,0151644-95.2025.8.16.0000,4,1,2026-01-08T11:25:21.496847,ok
1418134,0152344-71.2025.8.16.0000,4,1,2026-01-08T11:25:21.496847,ok
1418135,0099014-62.2025.8.16.0000,4,1,2026-01-08T11:25:21.496847,ok
1418136,0152361-10.2025.8.16.0000,4,1,2026-01-08T11:25:21.496847,ok
1418137,0152050-19.2025.8.16.0000,4,1,2026-01-08T11:25:21.496847,ok
1418138,0151534-96.2025.8.16.0000,4,1,2026-01-08T11:25:21.496847,ok
1418139,0019192-24.2025.8.16.0194,4,1,2026-01-08T11:25:21.496847,ok
1418140,0152362-92.2025.8.16.0000,4,1,2026-01-08T11:25:21.496847,ok
1418141,0152027-73.2025.8.16.0000,4,1,2026-01-08T11:25:21.496847,ok
1418142,0151964-48.2025.8.16.0000,4,1,2026-01-08T11:25:21.496847,ok
1418143,0152165-40.2025.8.16.0000,4,1,2026-01-08T11:25:21.496847,ok
1418144,0152163-70.2025.8.16.0000,4,1,2026-01-08T11:25:21.496847,ok
1418145,0151777-40.2025.8.16.0000,4,1,2026-01-08T11:25:21.496847,ok
1418146,0152502-29.2025.8.16.0000,4,1,2026-01-08T11:25:21.496847,ok
1418147,0152306-59.2025.8.16.0000,4,1,2026-01-08T11:25:21.496847,ok
1418148,0138162-80.2025.8.16.0000,4,1,2026-01-08T11:25:21.496847,ok
1418149,0152571-61.2025.8.16.0000,4,1,2026-01-08T11:25:21.496847,ok
1418150,0005262-96.2025.8.16.0174,4,1,2026-01-08T11:25:21.496847,ok
1418151,0149392-22.2025.8.16.0000,4,1,2026-01-08T11:25:21.496847,ok
1418152,0001396-37.2025.8.16.0059,4,1,2026-01-08T11:25:21.496847,ok
1418153,0122888-76.2025.8.16.0000,4,1,2026-01-08T11:25:21.496847,ok
1418154,0006673-71.2025.8.16.0079,4,1,2026-01-08T11:25:21.496847,ok
1418155,0025753-71.2025.8.16.0030,4,1,2026-01-08T11:25:21.496847,ok
1418156,0003447-14.2025.8.16.0126,4,1,2026-01-08T11:25:21.496847,ok
1418157,0147221-92.2025.8.16.0000,11,1,2026-01-08T11:25:21.496847,ok
1418158,0004964-84.2025.8.16.0116,11,1,2026-01-08T11:25:21.496847,ok
1418159,0150658-44.2025.8.16.0000,11,1,2026-01-08T11:25:21.496847,ok
1418160,0038518-64.2025.8.16.0001,11,1,2026-01-08T11:25:21.496847,ok
1418161,0122499-91.2025.8.16.0000,11,1,2026-01-08T11:25:21.496847,ok
1418162,0138391-40.2025.8.16.0000,11,1,2026-01-08T11:25:21.496847,ok
1418163,0147525-91.2025.8.16.0000,11,1,2026-01-08T11:25:21.496847,ok
1418164,0042407-69.2025.8.16.0019,11,1,2026-01-08T11:25:21.496847,ok
1418165,0151575-63.2025.8.16.0000,11,1,2026-01-08T11:25:21.496847,ok
1418166,0140377-29.2025.8.16.0000,11,1,2026-01-08T11:25:21.496847,ok
1418167,0011091-20.2025.8.16.0025,11,1,2026-01-08T11:25:21.496847,ok
1418168,0036153-37.2025.8.16.0001,11,1,2026-01-08T11:25:21.496847,ok
1418169,0062104-36.2025.8.16.0000,11,1,2026-01-08T11:25:21.496847,ok
1418170,0061350-94.2025.8.16.0000,11,1,2026-01-08T11:25:21.496847,ok
1418171,0122695-61.2025.8.16.0000,11,1,2026-01-08T11:25:21.496847,ok
1418172,0130660-90.2025.8.16.0000,11,1,2026-01-08T11:25:21.496847,ok
1418173,0133825-48.2025.8.16.0000,11,1,2026-01-08T11:25:21.496847,ok
1418174,0119716-29.2025.8.16.0000,11,1,2026-01-08T11:25:21.496847,ok
1418175,0021633-72.2025.8.16.0001,11,1,2026-01-08T11:25:21.496847,ok
1418176,0117896-72.2025.8.16.0000,11,1,2026-01-08T11:25:21.496847,ok
1418177,0109294-92.2025.8.16.0000,11,1,2026-01-08T11:25:21.496847,ok
1418178,0115923-82.2025.8.16.0000,11,1,2026-01-08T11:25:21.496847,ok
1418179,0133831-55.2025.8.16.0000,11,1,2026-01-08T11:25:21.496847,ok
1418180,0120978-14.2025.8.16.0000,11,1,2026-01-08T11:25:21.496847,ok
1418181,0002027-32.2010.8.16.0018,11,1,2026-01-08T11:25:21.496847,ok
1418182,0022813-12.2010.8.16.0014,11,1,2026-01-08T11:25:21.496847,ok
1418183,0007705-23.2025.8.16.9000,11,1,2026-01-08T11:25:21.496847,ok
1418184,0006316-83.2011.8.16.0014,11,1,2026-01-08T11:25:21.496847,ok
1418185,0005334-76.2024.8.16.0026,11,1,2026-01-08T11:25:21.496847,ok
1418186,0000872-74.2011.8.16.0174,11,1,2026-01-08T11:25:21.496847,ok
1418187,0028819-35.2010.8.16.0014,11,1,2026-01-08T11:25:21.496847,ok
1418188,0021422-07.2019.8.16.0014,11,1,2026-01-08T11:25:21.496847,ok
1418189,0050571-48.2019.8.16.0014,11,1,2026-01-08T11:25:21.496847,ok
1418190,0007275-18.2022.8.16.0160,11,1,2026-01-08T11:25:21.496847,ok
1418191,0061703-05.2019.8.16.0014,11,1,2026-01-08T11:25:21.496847,ok
1418192,0015765-26.2025.8.16.0030,11,1,2026-01-08T11:25:21.496847,ok
1418193,0018294-54.2025.8.16.0018,7,1,2026-01-08T11:25:21.496847,ok
1418194,0122573-48.2025.8.16.0000,7,1,2026-01-08T11:25:21.496847,ok
1418195,0009109-97.2023.8.16.0038,7,1,2026-01-08T11:25:21.496847,ok
1418196,0066132-47.2025.8.16.0000,7,1,2026-01-08T11:25:21.496847,ok
1418197,0060241-45.2025.8.16.0000,7,1,2026-01-08T11:25:21.496847,ok
1418198,0151684-77.2025.8.16.0000,7,1,2026-01-08T11:25:21.496847,ok
1418199,0151760-04.2025.8.16.0000,7,1,2026-01-08T11:25:21.496847,ok
1418200,0136338-86.2025.8.16.0000,7,1,2026-01-08T11:25:21.496847,ok
1418201,0063849-51.2025.8.16.0000,7,1,2026-01-08T11:25:21.496847,ok
1418202,0115389-41.2025.8.16.0000,7,1,2026-01-08T11:25:21.496847,ok
1418203,0135415-60.2025.8.16.0000,7,1,2026-01-08T11:25:21.496847,ok
1418204,0134956-58.2025.8.16.0000,7,1,2026-01-08T11:25:21.496847,ok
1418205,0083082-34.2025.8.16.0000,7,1,2026-01-08T11:25:21.496847,ok
1418206,0137563-44.2025.8.16.0000,7,1,2026-01-08T11:25:21.496847,ok
1418207,0145552-04.2025.8.16.0000,7,1,2026-01-08T11:25:21.496847,ok
1418208,0081583-15.2025.8.16.0000,7,1,2026-01-08T11:25:21.496847,ok
1418209,0003436-13.2025.8.16.0149,7,1,2026-01-08T11:25:21.496847,ok
1418210,0012242-79.2025.8.16.0038,7,1,2026-01-08T11:25:21.496847,ok
1418211,0056730-73.2025.8.16.0021,7,1,2026-01-08T11:25:21.496847,ok
1418212,0007636-37.2025.8.16.0190,7,1,2026-01-08T11:25:21.496847,ok
1418213,0010464-57.2025.8.16.0173,7,1,2026-01-08T11:25:21.496847,ok
1418214,0055767-65.2025.8.16.0021,7,1,2026-01-08T11:25:21.496847,ok
1418215,0054536-05.2025.8.16.0182,7,1,2026-01-08T11:25:21.496847,ok
1418216,0002935-11.2025.8.16.0068,7,1,2026-01-08T11:25:21.496847,ok
1418217,0049349-16.2025.8.16.0182,7,1,2026-01-08T11:25:21.496847,ok
1418218,0051999-36.2025.8.16.0182,7,1,2026-01-08T11:25:21.496847,ok
1418219,0049990-04.2025.8.16.0182,7,1,2026-01-08T11:25:21.496847,ok
1418220,0000668-66.2024.8.16.0047,7,1,2026-01-08T11:25:21.496847,ok
1418221,0011691-06.2025.8.16.0069,7,1,2026-01-08T11:25:21.496847,ok
1418222,0001769-71.2025.8.16.0155,7,1,2026-01-08T11:25:21.496847,ok
1418223,0073319-64.2025.8.16.0014,7,1,2026-01-08T11:25:21.496847,ok
1418224,0002794-89.2025.8.16.0068,7,1,2026-01-08T11:25:21.496847,ok
1418225,0013316-86.2025.8.16.0130,7,1,2026-01-08T11:25:21.496847,ok
1418226,0001881-61.2024.8.16.0127,7,1,2026-01-08T11:25:21.496847,ok
1418227,0099792-32.2025.8.16.0000,9,1,2026-01-08T11:25:21.496847,ok
1418228,0134187-50.2025.8.16.0000,9,1,2026-01-08T11:25:21.496847,ok
1418229,0084703-66.2025.8.16.0000,9,1,2026-01-08T11:25:21.496847,ok
1418230,0114175-15.2025.8.16.0000,9,1,2026-01-08T11:25:21.496847,ok
1418231,0107083-83.2025.8.16.0000,9,1,2026-01-08T11:25:21.496847,ok
1418232,0100423-73.2025.8.16.0000,9,1,2026-01-08T11:25:21.496847,ok
1418233,0151738-43.2025.8.16.0000,9,1,2026-01-08T11:25:21.496847,ok
1418234,0013580-34.2024.8.16.0035,9,1,2026-01-08T11:25:21.496847,ok
1418235,0121919-61.2025.8.16.0000,9,1,2026-01-08T11:25:21.496847,ok
1418236,0151408-46.2025.8.16.0000,9,1,2026-01-08T11:25:21.496847,ok
1418237,0114079-97.2025.8.16.0000,9,1,2026-01-08T11:25:21.496847,ok
1418238,0041420-24.2024.8.16.0001,9,1,2026-01-08T11:25:21.496847,ok
1418239,0000614-69.2025.8.16.0046,9,1,2026-01-08T11:25:21.496847,ok
1418240,0001522-89.1991.8.16.0185,9,1,2026-01-08T11:25:21.496847,ok
1418241,0005802-28.2005.8.16.0116,9,1,2026-01-08T11:25:21.496847,ok
1418242,0003496-36.2025.8.16.0100,9,1,2026-01-08T11:25:21.496847,ok
1418243,0119399-31.2025.8.16.0000,9,1,2026-01-08T11:25:21.496847,ok
1418244,0132346-20.2025.8.16.0000,9,1,2026-01-08T11:25:21.496847,ok
1418245,0146082-08.2025.8.16.0000,9,1,2026-01-08T11:25:21.496847,ok
1418246,0098517-48.2025.8.16.0000,9,1,2026-01-08T11:25:21.496847,ok
1418247,0116446-94.2025.8.16.0000,9,1,2026-01-08T11:25:21.496847,ok
1418248,0150852-44.2025.8.16.0000,9,1,2026-01-08T11:25:21.496847,ok
1418249,0042866-31.2025.8.16.0000,9,1,2026-01-08T11:25:21.496847,ok
1418250,0143118-42.2025.8.16.0000,9,1,2026-01-08T11:25:21.496847,ok
1418251,0001283-15.2024.8.16.0190,9,1,2026-01-08T11:25:21.496847,ok
1418252,0151785-17.2025.8.16.0000,9,1,2026-01-08T11:25:21.496847,ok
1418253,0077675-47.2025.8.16.0000,9,1,2026-01-08T11:25:21.496847,ok
1418254,0064053-95.2025.8.16.0000,9,1,2026-01-08T11:25:21.496847,ok
1418255,0103426-36.2025.8.16.0000,9,1,2026-01-08T11:25:21.496847,ok
1418256,0116088-32.2025.8.16.0000,9,1,2026-01-08T11:25:21.496847,ok
1418257,0068529-79.2025.8.16.0000,9,1,2026-01-08T11:25:21.496847,ok
1418258,0042345-86.2025.8.16.0000,9,1,2026-01-08T11:25:21.496847,ok
1418259,0027138-81.2024.8.16.0000,9,1,2026-01-08T11:25:21.496847,ok
1418260,0044724-97.2025.8.16.0000,9,1,2026-01-08T11:25:21.496847,ok
1418261,4005873-53.2025.8.16.4321,9,1,2026-01-08T11:25:21.496847,ok
1418262,0151688-17.2025.8.16.0000,9,1,2026-01-08T11:25:21.496847,ok
1418263,0147311-03.2025.8.16.0000,9,1,2026-01-08T11:25:21.496847,ok
1418264,0001324-21.2024.8.16.0080,9,1,2026-01-08T11:25:21.496847,ok
1418265,0126736-71.2025.8.16.0000,9,1,2026-01-08T11:25:21.496847,ok
1418266,0147327-54.2025.8.16.0000,9,1,2026-01-08T11:25:21.496847,ok
1418267,0139046-12.2025.8.16.0000,9,1,2026-01-08T11:25:21.496847,ok
1418268,0005209-44.2020.8.16.0028,9,1,2026-01-08T11:25:21.496847,ok
1418269,0005238-19.2019.8.16.0129,9,1,2026-01-08T11:25:21.496847,ok
1418270,0006306-58.2023.8.16.0001,9,1,2026-01-08T11:25:21.496847,ok
1418271,0004061-92.2025.8.16.0134,9,1,2026-01-08T11:25:21.496847,ok
1418272,0139530-27.2025.8.16.0000,9,1,2026-01-08T11:25:21.496847,ok
1418273,0135277-93.2025.8.16.0000,9,1,2026-01-08T11:25:21.496847,ok
1418274,0136088-53.2025.8.16.0000,9,1,2026-01-08T11:25:21.496847,ok
1418275,0003870-24.2025.8.16.0174,9,1,2026-01-08T11:25:21.496847,ok
1418276,0146856-38.2025.8.16.0000,9,1,2026-01-08T11:25:21.496847,ok
1418277,0133619-34.2025.8.16.0000,10,1,2026-01-08T11:25:21.496847,ok
1418278,0001272-72.2023.8.16.0108,10,1,2026-01-08T11:25:21.496847,ok
1418279,0005444-02.2016.8.16.0044,10,1,2026-01-08T11:25:21.496847,ok
1418280,0009884-83.2024.8.16.0004,10,1,2026-01-08T11:25:21.496847,ok
1418281,0132389-54.2025.8.16.0000,10,1,2026-01-08T11:25:21.496847,ok
1418282,0093316-12.2024.8.16.0000,10,1,2026-01-08T11:25:21.496847,ok
1418283,0143955-97.2025.8.16.0000,10,1,2026-01-08T11:25:21.496847,ok
1418284,0093112-31.2025.8.16.0000,10,1,2026-01-08T11:25:21.496847,ok
1418285,0011067-64.2008.8.16.0129,10,1,2026-01-08T11:25:21.496847,ok
1418286,0007236-71.2025.8.16.0174,10,1,2026-01-08T11:25:21.496847,ok
1418287,0007496-51.2025.8.16.0174,10,1,2026-01-08T11:25:21.496847,ok
1418288,0005238-68.2025.8.16.0174,10,1,2026-01-08T11:25:21.496847,ok
1418289,0097108-37.2025.8.16.0000,10,1,2026-01-08T11:25:21.496847,ok
1418290,0072946-33.2025.8.16.0014,10,1,2026-01-08T11:25:21.496847,ok
1418291,0116523-06.2025.8.16.0000,10,1,2026-01-08T11:25:21.496847,ok
1418292,0134350-30.2025.8.16.0000,10,1,2026-01-08T11:25:21.496847,ok
1418293,0000478-78.2024.8.16.0120,10,1,2026-01-08T11:25:21.496847,ok
1418294,0129980-08.2025.8.16.0000,10,1,2026-01-08T11:25:21.496847,ok
1418295,0003297-96.2023.8.16.0160,10,1,2026-01-08T11:25:21.496847,ok
1418296,0113996-81.2025.8.16.0000,10,1,2026-01-08T11:25:21.496847,ok
1418297,0143400-80.2025.8.16.0000,10,1,2026-01-08T11:25:21.496847,ok
1418298,0000362-12.2024.8.16.0140,10,1,2026-01-08T11:25:21.496847,ok
1418299,0149469-31.2025.8.16.0000,10,1,2026-01-08T11:25:21.496847,ok
1418300,0150599-56.2025.8.16.0000,10,1,2026-01-08T11:25:21.496847,ok
1418301,0115022-17.2025.8.16.0000,10,1,2026-01-08T11:25:21.496847,ok
1418302,0004871-15.2024.8.16.0098,10,1,2026-01-08T11:25:21.496847,ok
1418303,0151406-76.2025.8.16.0000,10,1,2026-01-08T11:25:21.496847,ok
1418304,0000274-22.2023.8.16.0103,10,1,2026-01-08T11:25:21.496847,ok
1418305,0005603-96.2023.8.16.0173,10,1,2026-01-08T11:25:21.496847,ok
1418306,0093504-68.2025.8.16.0000,10,1,2026-01-08T11:25:21.496847,ok
1418307,0125039-15.2025.8.16.0000,10,1,2026-01-08T11:25:21.496847,ok
1418308,0151081-04.2025.8.16.0000,10,1,2026-01-08T11:25:21.496847,ok
1418309,0004644-87.2019.8.16.0037,10,1,2026-01-08T11:25:21.496847,ok
1418310,0150530-24.2025.8.16.0000,10,1,2026-01-08T11:25:21.496847,ok
1418311,0150639-38.2025.8.16.0000,10,1,2026-01-08T11:25:21.496847,ok
1418312,0151158-13.2025.8.16.0000,10,1,2026-01-08T11:25:21.496847,ok
1418313,0151280-26.2025.8.16.0000,10,1,2026-01-08T11:25:21.496847,ok
1418314,0149024-13.2025.8.16.0000,10,1,2026-01-08T11:25:21.496847,ok
1418315,0151422-30.2025.8.16.0000,10,1,2026-01-08T11:25:21.496847,ok
1418316,0149931-85.2025.8.16.0000,10,1,2026-01-08T11:25:21.496847,ok
1418317,0151299-32.2025.8.16.0000,10,1,2026-01-08T11:25:21.496847,ok
1418318,0145149-35.2025.8.16.0000,10,1,2026-01-08T11:25:21.496847,ok
1418319,0007815-52.2023.8.16.0024,10,1,2026-01-08T11:25:21.496847,ok
1418320,0129456-11.2025.8.16.0000,10,1,2026-01-08T11:25:21.496847,ok
1418321,0150201-12.2025.8.16.0000,10,1,2026-01-08T11:25:21.496847,ok
1418322,0005048-31.2025.8.16.0037,10,1,2026-01-08T11:25:21.496847,ok
1418323,0151660-49.2025.8.16.0000,10,1,2026-01-08T11:25:21.496847,ok
1418324,0130273-75.2025.8.16.0000,10,1,2026-01-08T11:25:21.496847,ok
1418325,0003688-34.2009.8.16.0001,10,1,2026-01-08T11:25:21.496847,ok
1418326,0133057-25.2025.8.16.0000,10,1,2026-01-08T11:25:21.496847,ok
1418327,0006808-44.2016.8.16.0097,13,1,2026-01-08T11:25:21.496847,ok
1418328,0012994-94.2014.8.16.0116,13,1,2026-01-08T11:25:21.496847,ok
1418329,0149656-39.2025.8.16.0000,13,1,2026-01-08T11:25:21.496847,ok
1418330,0022760-31.2010.8.16.0014,13,1,2026-01-08T11:25:21.496847,ok
1418331,0133225-27.2025.8.16.0000,13,1,2026-01-08T11:25:21.496847,ok
1418332,0005047-70.2025.8.16.0029,13,1,2026-01-08T11:25:21.496847,ok
1418333,0150726-91.2025.8.16.0000,13,1,2026-01-08T11:25:21.496847,ok
1418334,0076090-57.2025.8.16.0000,13,1,2026-01-08T11:25:21.496847,ok
1418335,0119550-94.2025.8.16.0000,13,1,2026-01-08T11:25:21.496847,ok
1418336,0008292-28.2024.8.16.0190,13,1,2026-01-08T11:25:21.496847,ok
1418337,0149673-75.2025.8.16.0000,13,1,2026-01-08T11:25:21.496847,ok
1418338,0009333-35.2021.8.16.0190,13,1,2026-01-08T11:25:21.496847,ok
1418339,0011876-32.2025.8.16.0170,13,1,2026-01-08T11:25:21.496847,ok
1418340,0008449-98.2024.8.16.0190,13,1,2026-01-08T11:25:21.496847,ok
1418341,0003758-54.2024.8.16.0024,13,1,2026-01-08T11:25:21.496847,ok
1418342,0112800-76.2025.8.16.0000,13,1,2026-01-08T11:25:21.496847,ok
1418343,0005952-37.2014.8.16.0037,13,1,2026-01-08T11:25:21.496847,ok
1418344,0098232-55.2025.8.16.0000,13,1,2026-01-08T11:25:21.496847,ok
1418345,0137566-96.2025.8.16.0000,13,1,2026-01-08T11:25:21.496847,ok
1418346,0002345-69.2025.8.16.0121,13,1,2026-01-08T11:25:21.496847,ok
1418347,0001671-20.2019.8.16.0148,13,1,2026-01-08T11:25:21.496847,ok
1418348,0008397-05.2024.8.16.0190,13,1,2026-01-08T11:25:21.496847,ok
1418349,0133965-82.2025.8.16.0000,13,1,2026-01-08T11:25:21.496847,ok
1418350,0134943-59.2025.8.16.0000,13,1,2026-01-08T11:25:21.496847,ok
1418351,0113615-73.2025.8.16.0000,13,1,2026-01-08T11:25:21.496847,ok
1418352,0096244-96.2025.8.16.0000,13,1,2026-01-08T11:25:21.496847,ok
1418353,0143136-63.2025.8.16.0000,13,1,2026-01-08T11:25:21.496847,ok
1418354,0101397-13.2025.8.16.0000,13,1,2026-01-08T11:25:21.496847,ok
1418355,0002790-53.2025.8.16.0100,13,1,2026-01-08T11:25:21.496847,ok
1418356,0007106-63.2025.8.16.0083,13,1,2026-01-08T11:25:21.496847,ok
1418357,0004143-18.2025.8.16.0072,13,1,2026-01-08T11:25:21.496847,ok
1418358,0014605-22.2025.8.16.0173,13,1,2026-01-08T11:25:21.496847,ok
1418359,0047263-70.2025.8.16.0021,13,1,2026-01-08T11:25:21.496847,ok
1418360,0025603-32.2025.8.16.0017,13,1,2026-01-08T11:25:21.496847,ok
1418361,0001419-47.2025.8.16.0070,13,1,2026-01-08T11:25:21.496847,ok
1418362,0109389-25.2025.8.16.0000,13,1,2026-01-08T11:25:21.496847,ok
1418363,0077737-45.2025.8.16.0014,15,1,2026-01-08T11:25:21.496847,ok
1418364,0080326-10.2025.8.16.0014,15,1,2026-01-08T11:25:21.496847,ok
1418365,0013348-76.2025.8.16.0038,15,1,2026-01-08T11:25:21.496847,ok
1418366,0078629-51.2025.8.16.0014,15,1,2026-01-08T11:25:21.496847,ok
1418367,0011405-07.2025.8.16.0173,15,1,2026-01-08T11:25:21.496847,ok
1418368,0050650-95.2025.8.16.0182,15,1,2026-01-08T11:25:21.496847,ok
1418369,0015704-27.2025.8.16.0173,15,1,2026-01-08T11:25:21.496847,ok
1418370,0048213-81.2025.8.16.0182,15,1,2026-01-08T11:25:21.496847,ok
1418371,0043534-36.2025.8.16.0021,15,1,2026-01-08T11:25:21.496847,ok
1418372,0011365-25.2025.8.16.0173,15,1,2026-01-08T11:25:21.496847,ok
1418373,0051935-24.2025.8.16.0021,15,1,2026-01-08T11:25:21.496847,ok
1418374,0011153-39.2025.8.16.0129,15,1,2026-01-08T11:25:21.496847,ok
1418375,0011133-48.2025.8.16.0129,15,1,2026-01-08T11:25:21.496847,ok
1418376,0048208-59.2025.8.16.0182,15,1,2026-01-08T11:25:21.496847,ok
1418377,0036685-21.2025.8.16.0030,15,1,2026-01-08T11:25:21.496847,ok
1418378,0014844-43.2025.8.16.0038,15,1,2026-01-08T11:25:21.496847,ok
1418379,0003436-06.2025.8.16.0119,15,1,2026-01-08T11:25:21.496847,ok
1418380,0048215-51.2025.8.16.0182,15,1,2026-01-08T11:25:21.496847,ok
1418381,0005141-20.2025.8.16.0190,15,1,2026-01-08T11:25:21.496847,ok
1418382,0015696-46.2025.8.16.0045,15,1,2026-01-08T11:25:21.496847,ok
1418383,0017888-33.2025.8.16.0018,15,1,2026-01-08T11:25:21.496847,ok
1418384,0048210-29.2025.8.16.0182,15,1,2026-01-08T11:25:21.496847,ok
1418385,0036662-75.2025.8.16.0030,15,1,2026-01-08T11:25:21.496847,ok
1418386,0003860-49.2023.8.16.0109,15,1,2026-01-08T11:25:21.496847,ok
1418387,0007699-16.2025.8.16.9000,15,1,2026-01-08T11:25:21.496847,ok
1418388,0001427-06.2025.8.16.9000,15,1,2026-01-08T11:25:21.496847,ok
1418389,0007700-98.2025.8.16.9000,15,1,2026-01-08T11:25:21.496847,ok
1418390,0007652-42.2025.8.16.9000,15,1,2026-01-08T11:25:21.496847,ok
1418391,0002859-78.2025.8.16.0070,22,1,2026-01-08T11:25:21.496847,ok
1418392,0007716-52.2025.8.16.9000,22,1,2026-01-08T11:25:21.496847,ok
1418393,0081702-31.2025.8.16.0014,22,1,2026-01-08T11:25:21.496847,ok
1418394,0007706-08.2025.8.16.9000,22,1,2026-01-08T11:25:21.496847,ok
1418395,0007045-19.2024.8.16.0123,22,1,2026-01-08T11:25:21.496847,ok
1418396,0004198-65.2024.8.16.0116,22,1,2026-01-08T11:25:21.496847,ok
1418397,0113713-58.2025.8.16.0000,20,1,2026-01-08T11:25:21.496847,ok
1418398,0133379-45.2025.8.16.0000,20,1,2026-01-08T11:25:21.496847,ok
1418399,0149384-45.2025.8.16.0000,20,1,2026-01-08T11:25:21.496847,ok
1418400,0006552-49.2025.8.16.0174,20,1,2026-01-08T11:25:21.496847,ok
1418401,0004572-67.2025.8.16.0174,20,1,2026-01-08T11:25:21.496847,ok
1418402,0006880-76.2025.8.16.0174,20,1,2026-01-08T11:25:21.496847,ok
1418403,0051464-71.2025.8.16.0000,20,1,2026-01-08T11:25:21.496847,ok
1418404,0118908-24.2025.8.16.0000,20,1,2026-01-08T11:25:21.496847,ok
1418405,0017994-49.2025.8.16.0000,20,1,2026-01-08T11:25:21.496847,ok
1418406,0144235-68.2025.8.16.0000,20,1,2026-01-08T11:25:21.496847,ok
1418407,0012333-14.2025.8.16.0025,19,1,2026-01-08T11:25:21.496847,ok
1418408,0003701-88.2024.8.16.0136,19,1,2026-01-08T11:25:21.496847,ok
1418409,0002465-25.2025.8.16.0053,19,1,2026-01-08T11:25:21.496847,ok
1418410,0005832-85.2025.8.16.9000,19,1,2026-01-08T11:25:21.496847,ok
1418411,0023467-86.2024.8.16.0182,19,1,2026-01-08T11:25:21.496847,ok
1418412,0048303-26.2024.8.16.0182,19,1,2026-01-08T11:25:21.496847,ok
1418413,0034279-95.2021.8.16.0182,19,1,2026-01-08T11:25:21.496847,ok
1418414,0007722-59.2025.8.16.9000,19,1,2026-01-08T11:25:21.496847,ok
1418415,0058288-38.2024.8.16.0014,19,1,2026-01-08T11:25:21.496847,ok
1418416,0006101-27.2025.8.16.9000,19,1,2026-01-08T11:25:21.496847,ok
1418417,0082364-29.2024.8.16.0014,19,1,2026-01-08T11:25:21.496847,ok
1418418,0006534-27.2025.8.16.0045,19,1,2026-01-08T11:25:21.496847,ok
1418419,0006895-48.2025.8.16.9000,19,1,2026-01-08T11:25:21.496847,ok
1418420,0007711-30.2025.8.16.9000,19,1,2026-01-08T11:25:21.496847,ok
1418421,0007731-21.2025.8.16.9000,19,1,2026-01-08T11:25:21.496847,ok
1418422,0078017-58.2025.8.16.0000,16,1,2026-01-08T11:25:21.496847,ok
1418423,0002783-18.2025.8.16.0179,16,1,2026-01-08T11:25:21.496847,ok
1418424,0034065-26.2025.8.16.0001,16,1,2026-01-08T11:25:21.496847,ok
1418425,0099226-83.2025.8.16.0000,16,1,2026-01-08T11:25:21.496847,ok
1418426,0008959-53.2025.8.16.0004,16,1,2026-01-08T11:25:21.496847,ok
1418427,0030264-05.2025.8.16.0001,16,1,2026-01-08T11:25:21.496847,ok
1418428,0005232-98.2025.8.16.0097,16,1,2026-01-08T11:25:21.496847,ok
1418429,0046613-86.2025.8.16.0000,16,1,2026-01-08T11:25:21.496847,ok
1418430,0012921-58.2025.8.16.0045,16,1,2026-01-08T11:25:21.496847,ok
1418431,0012324-37.2025.8.16.0030,16,1,2026-01-08T11:25:21.496847,ok
1418432,0088469-30.2025.8.16.0000,16,1,2026-01-08T11:25:21.496847,ok
1418433,0008971-45.2025.8.16.0173,16,1,2026-01-08T11:25:21.496847,ok
1418434,0007988-85.2025.8.16.0160,16,1,2026-01-08T11:25:21.496847,ok
1418435,0003759-85.2025.8.16.0159,16,1,2026-01-08T11:25:21.496847,ok
1418436,0151528-89.2025.8.16.0000,16,1,2026-01-08T11:25:21.496847,ok
1418437,0006708-02.2025.8.16.0024,16,1,2026-01-08T11:25:21.496847,ok
1418438,0110909-20.2025.8.16.0000,16,1,2026-01-08T11:25:21.496847,ok
1418439,0010092-43.2025.8.16.0033,16,1,2026-01-08T11:25:21.496847,ok
1418440,0065155-13.2025.8.16.0014,16,1,2026-01-08T11:25:21.496847,ok
1418441,0015836-52.2007.8.16.0129,16,1,2026-01-08T11:25:21.496847,ok
1418442,0127449-46.2025.8.16.0000,16,1,2026-01-08T11:25:21.496847,ok
1418443,0002181-49.2017.8.16.0133,16,1,2026-01-08T11:25:21.496847,ok
1418444,0044587-45.2025.8.16.0185,16,1,2026-01-08T11:25:21.496847,ok
1418445,0151359-05.2025.8.16.0000,16,1,2026-01-08T11:25:21.496847,ok
1418446,0004411-14.2022.8.16.0190,16,1,2026-01-08T11:25:21.496847,ok
1418447,0006243-05.2023.8.16.0075,16,1,2026-01-08T11:25:21.496847,ok
1418448,0149173-09.2025.8.16.0000,16,1,2026-01-08T11:25:21.496847,ok
1418449,0013435-47.2025.8.16.0033,16,1,2026-01-08T11:25:21.496847,ok
1418450,0135035-37.2025.8.16.0000,16,1,2026-01-08T11:25:21.496847,ok
1418451,0103636-87.2025.8.16.0000,16,1,2026-01-08T11:25:21.496847,ok
1418452,0007540-55.2018.8.16.0129,16,1,2026-01-08T11:25:21.496847,ok
1418453,4005638-86.2025.8.16.4321,16,1,2026-01-08T11:25:21.496847,ok
1418454,0150534-61.2025.8.16.0000,16,1,2026-01-08T11:25:21.496847,ok
1418455,0114666-22.2025.8.16.0000,16,1,2026-01-08T11:25:21.496847,ok
1418456,0148717-59.2025.8.16.0000,16,1,2026-01-08T11:25:21.496847,ok
1418457,0151795-61.2025.8.16.0000,16,1,2026-01-08T11:25:21.496847,ok
1418458,0150772-80.2025.8.16.0000,16,1,2026-01-08T11:25:21.496847,ok
1418459,0113460-70.2025.8.16.0000,16,1,2026-01-08T11:25:21.496847,ok
1418460,0109599-76.2025.8.16.0000,16,1,2026-01-08T11:25:21.496847,ok
1418461,0058956-17.2025.8.16.0000,16,1,2026-01-08T11:25:21.496847,ok
1418462,0150153-53.2025.8.16.0000,16,1,2026-01-08T11:25:21.496847,ok
1418463,0150105-94.2025.8.16.0000,16,1,2026-01-08T11:25:21.496847,ok
1418464,0146623-41.2025.8.16.0000,16,1,2026-01-08T11:25:21.496847,ok
1418465,0149287-45.2025.8.16.0000,16,1,2026-01-08T11:25:21.496847,ok
1418466,0138255-43.2025.8.16.0000,17,1,2026-01-08T11:25:21.496847,ok
1418467,0030720-52.2025.8.16.0001,17,1,2026-01-08T11:25:21.496847,ok
1418468,0093799-42.2024.8.16.0000,17,1,2026-01-08T11:25:21.496847,ok
1418469,0117516-49.2025.8.16.0000,17,1,2026-01-08T11:25:21.496847,ok
1418470,0150786-64.2025.8.16.0000,17,1,2026-01-08T11:25:21.496847,ok
1418471,0150921-76.2025.8.16.0000,17,1,2026-01-08T11:25:21.496847,ok
1418472,0144914-68.2025.8.16.0000,17,1,2026-01-08T11:25:21.496847,ok
1418473,0150140-54.2025.8.16.0000,17,1,2026-01-08T11:25:21.496847,ok
1418474,0001963-23.2025.8.16.0074,17,1,2026-01-08T11:25:21.496847,ok
1418475,0073039-38.2025.8.16.0000,17,1,2026-01-08T11:25:21.496847,ok
1418476,0070669-86.2025.8.16.0000,17,1,2026-01-08T11:25:21.496847,ok
1418477,0018796-47.2025.8.16.0000,17,1,2026-01-08T11:25:21.496847,ok
1418478,0020301-73.2025.8.16.0000,17,1,2026-01-08T11:25:21.496847,ok
1418479,0001693-09.2024.8.16.0179,17,1,2026-01-08T11:25:21.496847,ok
1418480,0077225-07.2025.8.16.0000,17,1,2026-01-08T11:25:21.496847,ok
1418481,0018315-65.2018.8.16.0021,17,1,2026-01-08T11:25:21.496847,ok
1418482,0000842-20.2020.8.16.0143,17,1,2026-01-08T11:25:21.496847,ok
1418483,0000547-11.2023.8.16.0035,17,1,2026-01-08T11:25:21.496847,ok
1418484,0066682-42.2025.8.16.0000,17,1,2026-01-08T11:25:21.496847,ok
1418485,0006111-71.2025.8.16.9000,17,1,2026-01-08T11:25:21.496847,ok
1418486,0001018-16.2025.8.16.0113,17,1,2026-01-08T11:25:21.496847,ok
1418487,0005631-03.2024.8.16.0182,17,1,2026-01-08T11:25:21.496847,ok
1418488,0047744-33.2025.8.16.0021,17,1,2026-01-08T11:25:21.496847,ok
1418489,0022027-04.2020.8.16.0018,24,1,2026-01-08T11:25:21.496847,ok
1418490,0024858-42.2025.8.16.0182,24,1,2026-01-08T11:25:21.496847,ok
1418491,0002843-57.2024.8.16.0039,24,1,2026-01-08T11:25:21.496847,ok
1418492,0004341-77.2024.8.16.0173,24,1,2026-01-08T11:25:21.496847,ok
1418493,0001156-95.2021.8.16.0121,24,1,2026-01-08T11:25:21.496847,ok
1418494,0006622-69.2025.8.16.9000,24,1,2026-01-08T11:25:21.496847,ok
1418495,0006680-72.2025.8.16.9000,24,1,2026-01-08T11:25:21.496847,ok
1418496,0046351-12.2024.8.16.0182,24,1,2026-01-08T11:25:21.496847,ok
1418497,0007719-07.2025.8.16.9000,24,1,2026-01-08T11:25:21.496847,ok
1418498,0014857-42.2010.8.16.0014,24,1,2026-01-08T11:25:21.496847,ok
1418499,0002837-02.2025.8.16.9000,24,1,2026-01-08T11:25:21.496847,ok
1418500,0004041-77.2024.8.16.0024,23,1,2026-01-08T11:25:21.496847,ok
1418501,0017677-85.2025.8.16.0021,23,1,2026-01-08T11:25:21.496847,ok
1418502,0006782-65.2025.8.16.0021,23,1,2026-01-08T11:25:21.496847,ok
1418503,0019373-59.2025.8.16.0021,23,1,2026-01-08T11:25:21.496847,ok
1418504,0051105-92.2024.8.16.0021,23,1,2026-01-08T11:25:21.496847,ok
1418505,0016489-57.2025.8.16.0021,23,1,2026-01-08T11:25:21.496847,ok
1418506,0007423-82.2025.8.16.9000,23,1,2026-01-08T11:25:21.496847,ok
1418507,0007562-34.2025.8.16.9000,23,1,2026-01-08T11:25:21.496847,ok
1418508,0002833-62.2025.8.16.9000,23,1,2026-01-08T11:25:21.496847,ok
1418509,0003385-27.2025.8.16.9000,23,1,2026-01-08T11:25:21.496847,ok
1418510,0010343-48.2021.8.16.0018,23,1,2026-01-08T11:25:21.496847,ok
1418511,0005538-06.2025.8.16.0182,23,1,2026-01-08T11:25:21.496847,ok
1418512,0013324-30.2025.8.16.0044,28,1,2026-01-08T11:25:21.496847,ok
1418513,0040811-07.2025.8.16.0001,28,1,2026-01-08T11:25:21.496847,ok
1418514,0098281-96.2025.8.16.0000,28,1,2026-01-08T11:25:21.496847,ok
1418515,0084277-54.2025.8.16.0000,28,1,2026-01-08T11:25:21.496847,ok
1418516,0038847-22.2025.8.16.0019,28,1,2026-01-08T11:25:21.496847,ok
1418517,0051404-69.2024.8.16.0021,28,1,2026-01-08T11:25:21.496847,ok
1418518,0042305-75.2024.8.16.0021,28,1,2026-01-08T11:25:21.496847,ok
1418519,0010053-82.2025.8.16.0021,28,1,2026-01-08T11:25:21.496847,ok
1418520,0052399-94.2018.8.16.0182,28,1,2026-01-08T11:25:21.496847,ok
1418521,0042588-13.2018.8.16.0182,28,1,2026-01-08T11:25:21.496847,ok
1418522,0004474-56.2025.8.16.0021,28,1,2026-01-08T11:25:21.496847,ok
1418523,0007788-12.2024.8.16.0064,28,1,2026-01-08T11:25:21.496847,ok
1418524,0021030-38.2025.8.16.0182,28,1,2026-01-08T11:25:21.496847,ok
1418525,0041778-28.2024.8.16.0182,28,1,2026-01-08T11:25:21.496847,ok
1418526,0146651-09.2025.8.16.0000,14,1,2026-01-08T11:25:21.496847,ok
1418527,0038845-52.2025.8.16.0019,14,1,2026-01-08T11:25:21.496847,ok
1418528,0130731-92.2025.8.16.0000,14,1,2026-01-08T11:25:21.496847,ok
1418529,0098945-30.2025.8.16.0000,14,1,2026-01-08T11:25:21.496847,ok
1418530,0008147-35.2025.8.16.0190,14,1,2026-01-08T11:25:21.496847,ok
1418531,0087818-95.2025.8.16.0000,14,1,2026-01-08T11:25:21.496847,ok
1418532,0150397-79.2025.8.16.0000,14,1,2026-01-08T11:25:21.496847,ok
1418533,0151267-27.2025.8.16.0000,14,1,2026-01-08T11:25:21.496847,ok
1418534,0093982-76.2025.8.16.0000,14,1,2026-01-08T11:25:21.496847,ok
1418535,0089050-45.2025.8.16.0000,14,1,2026-01-08T11:25:21.496847,ok
1418536,0118274-28.2025.8.16.0000,14,1,2026-01-08T11:25:21.496847,ok
1418537,0105965-72.2025.8.16.0000,14,1,2026-01-08T11:25:21.496847,ok
1418538,0112316-61.2025.8.16.0000,14,1,2026-01-08T11:25:21.496847,ok
1418539,0148779-02.2025.8.16.0000,14,1,2026-01-08T11:25:21.496847,ok
1418540,0001924-12.2023.8.16.0166,14,1,2026-01-08T11:25:21.496847,ok
1418541,0134089-65.2025.8.16.0000,14,1,2026-01-08T11:25:21.496847,ok
1418542,0015497-64.2009.8.16.0116,14,1,2026-01-08T11:25:21.496847,ok
1418543,0006839-74.2013.8.16.0160,14,1,2026-01-08T11:25:21.496847,ok
1418544,0002579-77.2021.8.16.0190,14,1,2026-01-08T11:25:21.496847,ok
1418545,0009673-42.2022.8.16.0190,14,1,2026-01-08T11:25:21.496847,ok
1418546,0135765-48.2025.8.16.0000,14,1,2026-01-08T11:25:21.496847,ok
1418547,0033916-33.2025.8.16.0000,14,1,2026-01-08T11:25:21.496847,ok
1418548,0083823-74.2025.8.16.0000,14,1,2026-01-08T11:25:21.496847,ok
1418549,0102405-25.2025.8.16.0000,14,1,2026-01-08T11:25:21.496847,ok
1418550,0151304-54.2025.8.16.0000,14,1,2026-01-08T11:25:21.496847,ok
1418551,0146880-66.2025.8.16.0000,14,1,2026-01-08T11:25:21.496847,ok
1418552,0144276-35.2025.8.16.0000,14,1,2026-01-08T11:25:21.496847,ok
1418553,0002082-46.2025.8.16.0118,14,1,2026-01-08T11:25:21.496847,ok
1418554,0004845-35.2025.8.16.0210,14,1,2026-01-08T11:25:21.496847,ok
1418555,0018922-43.2025.8.16.0018,14,1,2026-01-08T11:25:21.496847,ok
1418556,0011155-09.2025.8.16.0129,14,1,2026-01-08T11:25:21.496847,ok
1418557,0012867-31.2025.8.16.0130,14,1,2026-01-08T11:25:21.496847,ok
1418558,0078685-84.2025.8.16.0014,14,1,2026-01-08T11:25:21.496847,ok
1418559,0003006-39.2025.8.16.0124,14,1,2026-01-08T11:25:21.496847,ok
1418560,0003139-30.2025.8.16.0141,14,1,2026-01-08T11:25:21.496847,ok
1418561,0049204-57.2025.8.16.0182,14,1,2026-01-08T11:25:21.496847,ok
1418562,0007332-92.2025.8.16.0075,14,1,2026-01-08T11:25:21.496847,ok
1418563,0003474-25.2025.8.16.0149,14,1,2026-01-08T11:25:21.496847,ok
1418564,0002375-29.2025.8.16.0049,14,1,2026-01-08T11:25:21.496847,ok
1418565,0003376-71.2025.8.16.0074,14,1,2026-01-08T11:25:21.496847,ok
1418566,0003473-40.2025.8.16.0149,14,1,2026-01-08T11:25:21.496847,ok
1418567,0025942-34.2025.8.16.0035,14,1,2026-01-08T11:25:21.496847,ok
1418568,0003806-62.2025.8.16.0158,14,1,2026-01-08T11:25:21.496847,ok
1418569,0013414-56.2025.8.16.0038,14,1,2026-01-08T11:25:21.496847,ok
1418570,0012866-46.2025.8.16.0130,14,1,2026-01-08T11:25:21.496847,ok
1418571,0003138-45.2025.8.16.0141,14,1,2026-01-08T11:25:21.496847,ok
1418572,0003747-96.2025.8.16.0086,14,1,2026-01-08T11:25:21.496847,ok
1418573,0001651-12.2024.8.16.0000,21,1,2026-01-08T11:25:21.496847,ok
1418574,0143035-26.2025.8.16.0000,21,1,2026-01-08T11:25:21.496847,ok
1418575,0032311-49.2025.8.16.0001,21,1,2026-01-08T11:25:21.496847,ok
1418576,0043408-27.2013.8.16.0014,21,1,2026-01-08T11:25:21.496847,ok
1418577,0098883-87.2025.8.16.0000,21,1,2026-01-08T11:25:21.496847,ok
1418578,0076274-13.2025.8.16.0000,21,1,2026-01-08T11:25:21.496847,ok
1418579,0011193-80.2025.8.16.0174,21,1,2026-01-08T11:25:21.496847,ok
1418580,0067607-93.2025.8.16.0014,21,1,2026-01-08T11:25:21.496847,ok
1418581,0116397-53.2025.8.16.0000,21,1,2026-01-08T11:25:21.496847,ok
1418582,0003723-03.2025.8.16.0140,21,1,2026-01-08T11:25:21.496847,ok
1418583,0001243-33.2024.8.16.0190,21,1,2026-01-08T11:25:21.496847,ok
1418584,0151519-30.2025.8.16.0000,21,1,2026-01-08T11:25:21.496847,ok
1418585,0150898-33.2025.8.16.0000,21,1,2026-01-08T11:25:21.496847,ok
1418586,0146567-08.2025.8.16.0000,21,1,2026-01-08T11:25:21.496847,ok
1418587,0006320-17.2025.8.16.0116,21,1,2026-01-08T11:25:21.496847,ok
1418588,0148847-49.2025.8.16.0000,21,1,2026-01-08T11:25:21.496847,ok
1418589,0117032-34.2025.8.16.0000,21,1,2026-01-08T11:25:21.496847,ok
1418590,0112357-28.2025.8.16.0000,21,1,2026-01-08T11:25:21.496847,ok
1418591,0148709-82.2025.8.16.0000,21,1,2026-01-08T11:25:21.496847,ok
1418592,0126661-32.2025.8.16.0000,21,1,2026-01-08T11:25:21.496847,ok
1418593,0114037-48.2025.8.16.0000,21,1,2026-01-08T11:25:21.496847,ok
1418594,0151432-74.2025.8.16.0000,21,1,2026-01-08T11:25:21.496847,ok
1418595,0142697-52.2025.8.16.0000,21,1,2026-01-08T11:25:21.496847,ok
1418596,0045432-81.2024.8.16.0001,21,1,2026-01-08T11:25:21.496847,ok
1418597,0146703-05.2025.8.16.0000,21,1,2026-01-08T11:25:21.496847,ok
1418598,0150739-90.2025.8.16.0000,21,1,2026-01-08T11:25:21.496847,ok
1418599,0078258-32.2025.8.16.0000,21,1,2026-01-08T11:25:21.496847,ok
1418600,0151746-20.2025.8.16.0000,21,1,2026-01-08T11:25:21.496847,ok
1418601,0000862-27.1993.8.16.0185,21,1,2026-01-08T11:25:21.496847,ok
1418602,0070884-93.2020.8.16.0014,21,1,2026-01-08T11:25:21.496847,ok
1418603,0150288-65.2025.8.16.0000,21,1,2026-01-08T11:25:21.496847,ok
1418604,0151557-42.2025.8.16.0000,21,1,2026-01-08T11:25:21.496847,ok
1418605,0150335-39.2025.8.16.0000,21,1,2026-01-08T11:25:21.496847,ok
1418606,0118717-76.2025.8.16.0000,21,1,2026-01-08T11:25:21.496847,ok
1418607,0124829-61.2025.8.16.0000,21,1,2026-01-08T11:25:21.496847,ok
1418608,0150608-18.2025.8.16.0000,21,1,2026-01-08T11:25:21.496847,ok
1418609,0139497-37.2025.8.16.0000,21,1,2026-01-08T11:25:21.496847,ok
1418610,0016029-79.2025.8.16.0018,21,1,2026-01-08T11:25:21.496847,ok
1418611,0016027-12.2025.8.16.0018,21,1,2026-01-08T11:25:21.496847,ok
1418612,0127283-14.2025.8.16.0000,29,1,2026-01-08T11:25:21.496847,ok
1418613,0130649-61.2025.8.16.0000,29,1,2026-01-08T11:25:21.496847,ok
1418614,0020360-73.2022.8.16.0030,29,1,2026-01-08T11:25:21.496847,ok
1418615,0063429-46.2025.8.16.0000,29,1,2026-01-08T11:25:21.496847,ok
1418616,0150710-40.2025.8.16.0000,29,1,2026-01-08T11:25:21.496847,ok
1418617,0111346-61.2025.8.16.0000,29,1,2026-01-08T11:25:21.496847,ok
1418618,0002169-86.2023.8.16.0145,25,1,2026-01-08T11:25:21.496847,ok
1418619,0149633-93.2025.8.16.0000,25,1,2026-01-08T11:25:21.496847,ok
1418620,0003298-48.2025.8.16.0019,25,1,2026-01-08T11:25:21.496847,ok
1418621,0136536-26.2025.8.16.0000,25,1,2026-01-08T11:25:21.496847,ok
1418622,0150159-60.2025.8.16.0000,25,1,2026-01-08T11:25:21.496847,ok
1418623,0150552-82.2025.8.16.0000,25,1,2026-01-08T11:25:21.496847,ok
1418624,0044316-09.2025.8.16.0000,25,1,2026-01-08T11:25:21.496847,ok
1418625,0000844-33.2024.8.16.0148,25,1,2026-01-08T11:25:21.496847,ok
1418626,0148849-19.2025.8.16.0000,25,1,2026-01-08T11:25:21.496847,ok
1418627,0017903-56.2025.8.16.0194,25,1,2026-01-08T11:25:21.496847,ok
1418628,0123562-54.2025.8.16.0000,25,1,2026-01-08T11:25:21.496847,ok
1418629,0101128-71.2025.8.16.0000,25,1,2026-01-08T11:25:21.496847,ok
1418630,0097610-73.2025.8.16.0000,25,1,2026-01-08T11:25:21.496847,ok
1418631,0151171-12.2025.8.16.0000,25,1,2026-01-08T11:25:21.496847,ok
1418632,0149086-53.2025.8.16.0000,25,1,2026-01-08T11:25:21.496847,ok
1418633,0132905-74.2025.8.16.0000,25,1,2026-01-08T11:25:21.496847,ok
1418634,0104388-59.2025.8.16.0000,25,1,2026-01-08T11:25:21.496847,ok
1418635,0136138-79.2025.8.16.0000,25,1,2026-01-08T11:25:21.496847,ok
1418636,0007404-23.2022.8.16.0160,25,1,2026-01-08T11:25:21.496847,ok
1418637,0088266-68.2025.8.16.0000,25,1,2026-01-08T11:25:21.496847,ok
1418638,0149461-54.2025.8.16.0000,25,1,2026-01-08T11:25:21.496847,ok
1418639,0104770-52.2025.8.16.0000,25,1,2026-01-08T11:25:21.496847,ok
1418640,0000227-80.2017.8.16.0031,25,1,2026-01-08T11:25:21.496847,ok
1418641,0109009-02.2025.8.16.0000,25,1,2026-01-08T11:25:21.496847,ok
1418642,0112372-94.2025.8.16.0000,25,1,2026-01-08T11:25:21.496847,ok
1418643,0121740-30.2025.8.16.0000,25,1,2026-01-08T11:25:21.496847,ok
1418644,0151672-63.2025.8.16.0000,25,1,2026-01-08T11:25:21.496847,ok
1418645,0032962-81.2025.8.16.0001,25,1,2026-01-08T11:25:21.496847,ok
1418646,0010526-22.2025.8.16.0004,25,1,2026-01-08T11:25:21.496847,ok
1418647,0010527-07.2025.8.16.0004,25,1,2026-01-08T11:25:21.496847,ok
1418648,0001651-98.2025.8.16.0057,25,1,2026-01-08T11:25:21.496847,ok
1418649,0024776-15.2025.8.16.0019,25,1,2026-01-08T11:25:21.496847,ok
1418650,0010543-58.2025.8.16.0004,25,1,2026-01-08T11:25:21.496847,ok
1418651,0007758-38.2025.8.16.0194,25,1,2026-01-08T11:25:21.496847,ok
1418652,0031276-64.2025.8.16.0030,25,1,2026-01-08T11:25:21.496847,ok
1418653,0124426-92.2025.8.16.0000,25,1,2026-01-08T11:25:21.496847,ok
1418654,0029894-26.2025.8.16.0001,26,1,2026-01-08T11:25:21.496847,ok
1418655,0113293-53.2025.8.16.0000,26,1,2026-01-08T11:25:21.496847,ok
1418656,0031277-49.2025.8.16.0030,26,1,2026-01-08T11:25:21.496847,ok
1418657,0032804-26.2025.8.16.0001,26,1,2026-01-08T11:25:21.496847,ok
1418658,0001762-82.2025.8.16.0057,26,1,2026-01-08T11:25:21.496847,ok
1418659,0012824-62.2025.8.16.0173,26,1,2026-01-08T11:25:21.496847,ok
1418660,0104773-07.2025.8.16.0000,26,1,2026-01-08T11:25:21.496847,ok
1418661,0098760-89.2025.8.16.0000,26,1,2026-01-08T11:25:21.496847,ok
1418662,0098759-07.2025.8.16.0000,26,1,2026-01-08T11:25:21.496847,ok
1418663,0013387-78.2025.8.16.0004,26,1,2026-01-08T11:25:21.496847,ok
1418664,0003201-91.2025.8.16.0134,26,1,2026-01-08T11:25:21.496847,ok
1418665,0013386-93.2025.8.16.0004,26,1,2026-01-08T11:25:21.496847,ok
1418666,0150570-06.2025.8.16.0000,26,1,2026-01-08T11:25:21.496847,ok
1418667,0102587-11.2025.8.16.0000,26,1,2026-01-08T11:25:21.496847,ok
1418668,0013138-30.2025.8.16.0004,26,1,2026-01-08T11:25:21.496847,ok
1418669,0013137-45.2025.8.16.0004,26,1,2026-01-08T11:25:21.496847,ok
1418670,0021609-93.2025.8.16.0017,26,1,2026-01-08T11:25:21.496847,ok
1418671,0014435-45.2025.8.16.0013,26,1,2026-01-08T11:25:21.496847,ok
1418672,0010612-97.2025.8.16.0131,26,1,2026-01-08T11:25:21.496847,ok
1418673,0009938-90.2025.8.16.0173,26,1,2026-01-08T11:25:21.496847,ok
1418674,0072043-95.2025.8.16.0014,26,1,2026-01-08T11:25:21.496847,ok
1418675,0008560-61.2025.8.16.0024,26,1,2026-01-08T11:25:21.496847,ok
1418676,0005284-16.2025.8.16.0123,26,1,2026-01-08T11:25:21.496847,ok
1418677,0010768-85.2025.8.16.0131,26,1,2026-01-08T11:25:21.496847,ok
1418678,0008561-46.2025.8.16.0024,26,1,2026-01-08T11:25:21.496847,ok
1418679,0040933-57.2025.8.16.0021,26,1,2026-01-08T11:25:21.496847,ok
1418680,0040401-83.2025.8.16.0021,26,1,2026-01-08T11:25:21.496847,ok
1418681,0040402-68.2025.8.16.0021,26,1,2026-01-08T11:25:21.496847,ok
1418682,0101744-46.2025.8.16.0000,26,1,2026-01-08T11:25:21.496847,ok
1418683,0150515-55.2025.8.16.0000,26,1,2026-01-08T11:25:21.496847,ok
1418684,0132515-07.2025.8.16.0000,26,1,2026-01-08T11:25:21.496847,ok
1418685,0137511-48.2025.8.16.0000,26,1,2026-01-08T11:25:21.496847,ok
1418686,0119980-46.2025.8.16.0000,26,1,2026-01-08T11:25:21.496847,ok
1418687,0150407-26.2025.8.16.0000,26,1,2026-01-08T11:25:21.496847,ok
1418688,0092213-33.2025.8.16.0000,26,1,2026-01-08T11:25:21.496847,ok
1418689,0110594-89.2025.8.16.0000,26,1,2026-01-08T11:25:21.496847,ok
1418690,0017424-24.2025.8.16.0013,26,1,2026-01-08T11:25:21.496847,ok
1418691,0075294-66.2025.8.16.0000,26,1,2026-01-08T11:25:21.496847,ok
1418692,0012672-46.2025.8.16.0130,26,1,2026-01-08T11:25:21.496847,ok
1418693,0017425-09.2025.8.16.0013,26,1,2026-01-08T11:25:21.496847,ok
1418694,0141398-40.2025.8.16.0000,26,1,2026-01-08T11:25:21.496847,ok
1418695,0148691-61.2025.8.16.0000,26,1,2026-01-08T11:25:21.496847,ok
1418696,0100249-64.2025.8.16.0000,26,1,2026-01-08T11:25:21.496847,ok
1418697,0004663-87.2025.8.16.0165,26,1,2026-01-08T11:25:21.496847,ok
1418698,0149940-47.2025.8.16.0000,26,1,2026-01-08T11:25:21.496847,ok
1418699,0002704-71.2017.8.16.0162,26,1,2026-01-08T11:25:21.496847,ok
1418700,0099429-45.2025.8.16.0000,26,1,2026-01-08T11:25:21.496847,ok
1418701,0004626-60.2025.8.16.0165,26,1,2026-01-08T11:25:21.496847,ok
1418702,0028019-24.2025.8.16.0000,26,1,2026-01-08T11:25:21.496847,ok
1418703,0139532-94.2025.8.16.0000,26,1,2026-01-08T11:25:21.496847,ok
1418704,0110688-37.2025.8.16.0000,27,1,2026-01-08T11:25:21.496847,ok
1418705,0150813-47.2025.8.16.0000,27,1,2026-01-08T11:25:21.496847,ok
1418706,0000649-82.2025.8.16.0190,27,1,2026-01-08T11:25:21.496847,ok
1418707,0062846-61.2025.8.16.0000,27,1,2026-01-08T11:25:21.496847,ok
1418708,0059416-04.2025.8.16.0000,27,1,2026-01-08T11:25:21.496847,ok
1418709,0087194-46.2025.8.16.0000,27,1,2026-01-08T11:25:21.496847,ok
1418710,0144742-29.2025.8.16.0000,27,1,2026-01-08T11:25:21.496847,ok
1418711,0131949-58.2025.8.16.0000,27,1,2026-01-08T11:25:21.496847,ok
1418712,0000572-15.2024.8.16.0156,27,1,2026-01-08T11:25:21.496847,ok
1418713,0133612-42.2025.8.16.0000,27,1,2026-01-08T11:25:21.496847,ok
1418714,0127281-44.2025.8.16.0000,27,1,2026-01-08T11:25:21.496847,ok
1418715,0125635-96.2025.8.16.0000,27,1,2026-01-08T11:25:21.496847,ok
1418716,0008767-52.2022.8.16.0190,27,1,2026-01-08T11:25:21.496847,ok
1418717,0150459-22.2025.8.16.0000,27,1,2026-01-08T11:25:21.496847,ok
1418718,0000443-42.2018.8.16.0181,27,1,2026-01-08T11:25:21.496847,ok
1418719,0004983-13.2025.8.16.0174,27,1,2026-01-08T11:25:21.496847,ok
1418720,0004990-05.2025.8.16.0174,27,1,2026-01-08T11:25:21.496847,ok
1418721,0125158-73.2025.8.16.0000,27,1,2026-01-08T11:25:21.496847,ok
1418722,0010807-07.2022.8.16.0190,27,1,2026-01-08T11:25:21.496847,ok
1418723,0011187-30.2022.8.16.0190,27,1,2026-01-08T11:25:21.496847,ok
1418724,0000335-69.2024.8.16.0062,27,1,2026-01-08T11:25:21.496847,ok
1418725,0007338-50.2022.8.16.0190,27,1,2026-01-08T11:25:21.496847,ok
1418726,0008565-79.2017.8.16.0116,27,1,2026-01-08T11:25:21.496847,ok
1418727,0105827-08.2025.8.16.0000,27,1,2026-01-08T11:25:21.496847,ok
1418728,0010863-40.2022.8.16.0190,27,1,2026-01-08T11:25:21.496847,ok
1418729,0003919-65.2025.8.16.0174,27,1,2026-01-08T11:25:21.496847,ok
1418730,0000185-42.2001.8.16.0047,27,1,2026-01-08T11:25:21.496847,ok
1418731,0124809-70.2025.8.16.0000,27,1,2026-01-08T11:25:21.496847,ok
1418732,0017874-68.2025.8.16.0044,27,1,2026-01-08T11:25:21.496847,ok
1418733,0008128-34.2022.8.16.0190,27,1,2026-01-08T11:25:21.496847,ok
1418734,0009084-84.2021.8.16.0190,27,1,2026-01-08T11:25:21.496847,ok
1418735,0003134-57.2016.8.16.0162,27,1,2026-01-08T11:25:21.496847,ok
1418736,0114601-27.2025.8.16.0000,27,1,2026-01-08T11:25:21.496847,ok
1418737,0116576-84.2025.8.16.0000,27,1,2026-01-08T11:25:21.496847,ok
1418738,0003748-43.2025.8.16.0034,27,1,2026-01-08T11:25:21.496847,ok
1418739,0028554-57.2025.8.16.0030,27,1,2026-01-08T11:25:21.496847,ok
1418740,0147954-58.2025.8.16.0000,27,1,2026-01-08T11:25:21.496847,ok
1418741,0074292-61.2025.8.16.0000,27,1,2026-01-08T11:25:21.496847,ok
1418742,0018992-88.2010.8.16.0017,27,1,2026-01-08T11:25:21.496847,ok
1418743,0012866-48.2025.8.16.0194,27,1,2026-01-08T11:25:21.496847,ok
1418744,0007240-83.2013.8.16.0189,27,1,2026-01-08T11:25:21.496847,ok
1418745,0131547-74.2025.8.16.0000,27,1,2026-01-08T11:25:21.496847,ok
1418746,0003647-33.2019.8.16.0190,27,1,2026-01-08T11:25:21.496847,ok
1418747,0055625-27.2025.8.16.0000,27,1,2026-01-08T11:25:21.496847,ok
1418748,0151763-56.2025.8.16.0000,27,1,2026-01-08T11:25:21.496847,ok
1418749,0021057-65.2010.8.16.0014,27,1,2026-01-08T11:25:21.496847,ok
1418750,0149544-70.2025.8.16.0000,27,1,2026-01-08T11:25:21.496847,ok
1418751,0149998-50.2025.8.16.0000,27,1,2026-01-08T11:25:21.496847,ok
1418752,0085479-24.2025.8.16.0014,27,1,2026-01-08T11:25:21.496847,ok
1418753,0080268-49.2025.8.16.0000,27,1,2026-01-08T11:25:21.496847,ok
1418754,0007013-24.2025.8.16.9000,37,1,2026-01-08T11:25:21.496847,ok
1418755,0010851-52.2025.8.16.0018,37,1,2026-01-08T11:25:21.496847,ok
1418756,0008013-39.2025.8.16.0018,37,1,2026-01-08T11:25:21.496847,ok
1418757,0007164-87.2025.8.16.9000,37,1,2026-01-08T11:25:21.496847,ok
1418758,0048624-95.2023.8.16.0182,37,1,2026-01-08T11:25:21.496847,ok
1418759,0002334-96.2025.8.16.0167,37,1,2026-01-08T11:25:21.496847,ok
1418760,0051260-97.2024.8.16.0182,37,1,2026-01-08T11:25:21.496847,ok
1418761,0000483-14.2015.8.16.0089,37,1,2026-01-08T11:25:21.496847,ok
1418762,0007646-35.2025.8.16.9000,37,1,2026-01-08T11:25:21.496847,ok
1418763,0000874-36.2025.8.16.0018,37,1,2026-01-08T11:25:21.496847,ok
1418764,0006626-09.2025.8.16.9000,37,1,2026-01-08T11:25:21.496847,ok
1418765,0006114-26.2025.8.16.9000,37,1,2026-01-08T11:25:21.496847,ok
1418766,0007695-76.2025.8.16.9000,37,1,2026-01-08T11:25:21.496847,ok
1418767,0017526-31.2025.8.16.0018,37,1,2026-01-08T11:25:21.496847,ok
1418768,0087880-93.2025.8.16.0014,34,1,2026-01-08T11:25:21.496847,ok
1418769,0001928-23.2013.8.16.0094,34,1,2026-01-08T11:25:21.496847,ok
1418770,0002562-02.2024.8.16.0169,34,1,2026-01-08T11:25:21.496847,ok
1418771,0008547-25.2022.8.16.0038,34,1,2026-01-08T11:25:21.496847,ok
1418772,0000922-30.2010.8.16.0047,34,1,2026-01-08T11:25:21.496847,ok
1418773,0006489-04.2025.8.16.0116,34,1,2026-01-08T11:25:21.496847,ok
1418774,0143039-63.2025.8.16.0000,34,1,2026-01-08T11:25:21.496847,ok
1418775,0147188-05.2025.8.16.0000,34,1,2026-01-08T11:25:21.496847,ok
1418776,0105271-06.2025.8.16.0000,34,1,2026-01-08T11:25:21.496847,ok
1418777,0118285-57.2025.8.16.0000,34,1,2026-01-08T11:25:21.496847,ok
1418778,0126087-09.2025.8.16.0000,34,1,2026-01-08T11:25:21.496847,ok
1418779,0148802-45.2025.8.16.0000,34,1,2026-01-08T11:25:21.496847,ok
1418780,0149576-75.2025.8.16.0000,34,1,2026-01-08T11:25:21.496847,ok
1418781,0112943-65.2025.8.16.0000,34,1,2026-01-08T11:25:21.496847,ok
1418782,0110301-22.2025.8.16.0000,34,1,2026-01-08T11:25:21.496847,ok
1418783,0121922-16.2025.8.16.0000,34,1,2026-01-08T11:25:21.496847,ok
1418784,0081799-73.2025.8.16.0000,34,1,2026-01-08T11:25:21.496847,ok
1418785,0114907-93.2025.8.16.0000,34,1,2026-01-08T11:25:21.496847,ok
1418786,0130744-91.2025.8.16.0000,34,1,2026-01-08T11:25:21.496847,ok
1418787,0150437-61.2025.8.16.0000,34,1,2026-01-08T11:25:21.496847,ok
1418788,0149161-92.2025.8.16.0000,34,1,2026-01-08T11:25:21.496847,ok
1418789,0091754-31.2025.8.16.0000,34,1,2026-01-08T11:25:21.496847,ok
1418790,0035541-05.2025.8.16.0000,34,1,2026-01-08T11:25:21.496847,ok
1418791,0139114-59.2025.8.16.0000,34,1,2026-01-08T11:25:21.496847,ok
1418792,0134658-66.2025.8.16.0000,34,1,2026-01-08T11:25:21.496847,ok
1418793,0000718-75.2023.8.16.0064,34,1,2026-01-08T11:25:21.496847,ok
1418794,0000453-77.2025.8.16.0040,34,1,2026-01-08T11:25:21.496847,ok
1418795,0150728-61.2025.8.16.0000,34,1,2026-01-08T11:25:21.496847,ok
1418796,0012843-36.2024.8.16.0001,34,1,2026-01-08T11:25:21.496847,ok
1418797,0150025-33.2025.8.16.0000,34,1,2026-01-08T11:25:21.496847,ok
1418798,0021399-61.2010.8.16.0019,34,1,2026-01-08T11:25:21.496847,ok
1418799,0031908-66.2010.8.16.0014,34,1,2026-01-08T11:25:21.496847,ok
1418800,0004722-45.2009.8.16.0130,34,1,2026-01-08T11:25:21.496847,ok
1418801,0150672-28.2025.8.16.0000,34,1,2026-01-08T11:25:21.496847,ok
1418802,0001031-17.2024.8.16.0059,34,1,2026-01-08T11:25:21.496847,ok
1418803,0145449-94.2025.8.16.0000,34,1,2026-01-08T11:25:21.496847,ok
1418804,0149513-50.2025.8.16.0000,34,1,2026-01-08T11:25:21.496847,ok
1418805,0148705-45.2025.8.16.0000,34,1,2026-01-08T11:25:21.496847,ok
1418806,0125679-18.2025.8.16.0000,34,1,2026-01-08T11:25:21.496847,ok
1418807,0149382-75.2025.8.16.0000,34,1,2026-01-08T11:25:21.496847,ok
1418808,0093494-24.2025.8.16.0000,34,1,2026-01-08T11:25:21.496847,ok
1418809,0124258-90.2025.8.16.0000,34,1,2026-01-08T11:25:21.496847,ok
1418810,0138783-77.2025.8.16.0000,34,1,2026-01-08T11:25:21.496847,ok
1418811,0015238-86.2025.8.16.0026,34,1,2026-01-08T11:25:21.496847,ok
1418812,0122497-24.2025.8.16.0000,34,1,2026-01-08T11:25:21.496847,ok
1418813,0070215-64.2025.8.16.0014,34,1,2026-01-08T11:25:21.496847,ok
1418814,0085311-64.2025.8.16.0000,34,1,2026-01-08T11:25:21.496847,ok
1418815,0117976-36.2025.8.16.0000,34,1,2026-01-08T11:25:21.496847,ok
1418816,0109494-02.2025.8.16.0000,34,1,2026-01-08T11:25:21.496847,ok
1418817,0000290-78.2025.8.16.0111,34,1,2026-01-08T11:25:21.496847,ok
1418818,0003969-91.2025.8.16.0174,30,1,2026-01-08T11:25:21.496847,ok
1418819,0012473-46.2025.8.16.0058,30,1,2026-01-08T11:25:21.496847,ok
1418820,0017816-39.2021.8.16.0001,30,1,2026-01-08T11:25:21.496847,ok
1418821,0150381-28.2025.8.16.0000,30,1,2026-01-08T11:25:21.496847,ok
1418822,0129014-45.2025.8.16.0000,30,1,2026-01-08T11:25:21.496847,ok
1418823,0008839-22.2025.8.16.0000,30,1,2026-01-08T11:25:21.496847,ok
1418824,0007365-76.2025.8.16.0174,30,1,2026-01-08T11:25:21.496847,ok
1418825,0006944-86.2025.8.16.0174,30,1,2026-01-08T11:25:21.496847,ok
1418826,0025596-34.2025.8.16.0019,30,1,2026-01-08T11:25:21.496847,ok
1418827,0004252-17.2025.8.16.0174,30,1,2026-01-08T11:25:21.496847,ok
1418828,0143246-62.2025.8.16.0000,30,1,2026-01-08T11:25:21.496847,ok
1418829,0028659-24.2025.8.16.0001,30,1,2026-01-08T11:25:21.496847,ok
1418830,0018635-71.2024.8.16.0194,30,1,2026-01-08T11:25:21.496847,ok
1418831,0002388-68.2025.8.16.0068,30,1,2026-01-08T11:25:21.496847,ok
1418832,0091684-14.2025.8.16.0000,30,1,2026-01-08T11:25:21.496847,ok
1418833,0006530-49.2025.8.16.0090,30,1,2026-01-08T11:25:21.496847,ok
1418834,0059073-63.2025.8.16.0014,30,1,2026-01-08T11:25:21.496847,ok
1418835,0070803-71.2025.8.16.0014,30,1,2026-01-08T11:25:21.496847,ok
1418836,0059072-78.2025.8.16.0014,30,1,2026-01-08T11:25:21.496847,ok
1418837,0007649-66.2025.8.16.0083,30,1,2026-01-08T11:25:21.496847,ok
1418838,0070805-41.2025.8.16.0014,30,1,2026-01-08T11:25:21.496847,ok
1418839,0114572-74.2025.8.16.0000,30,1,2026-01-08T11:25:21.496847,ok
1418840,0003030-15.2024.8.16.0185,30,1,2026-01-08T11:25:21.496847,ok
1418841,0007651-36.2025.8.16.0083,30,1,2026-01-08T11:25:21.496847,ok
1418842,0003028-45.2024.8.16.0185,30,1,2026-01-08T11:25:21.496847,ok
1418843,0015243-81.2025.8.16.0035,30,1,2026-01-08T11:25:21.496847,ok
1418844,0112279-34.2025.8.16.0000,30,1,2026-01-08T11:25:21.496847,ok
1418845,0127754-30.2025.8.16.0000,30,1,2026-01-08T11:25:21.496847,ok
1418846,0017377-89.2025.8.16.0194,30,1,2026-01-08T11:25:21.496847,ok
1418847,0110603-51.2025.8.16.0000,30,1,2026-01-08T11:25:21.496847,ok
1418848,0007105-78.2025.8.16.0083,30,1,2026-01-08T11:25:21.496847,ok
1418849,0110908-35.2025.8.16.0000,30,1,2026-01-08T11:25:21.496847,ok
1418850,0139993-66.2025.8.16.0000,30,1,2026-01-08T11:25:21.496847,ok
1418851,0147150-90.2025.8.16.0000,30,1,2026-01-08T11:25:21.496847,ok
1418852,0075577-47.2025.8.16.0014,30,1,2026-01-08T11:25:21.496847,ok
1418853,0121126-25.2025.8.16.0000,30,1,2026-01-08T11:25:21.496847,ok
1418854,0042214-94.2014.8.16.0001,30,1,2026-01-08T11:25:21.496847,ok
1418855,0036152-52.2025.8.16.0001,30,1,2026-01-08T11:25:21.496847,ok
1418856,0005970-55.2023.8.16.0033,30,1,2026-01-08T11:25:21.496847,ok
1418857,0082522-92.2025.8.16.0000,30,1,2026-01-08T11:25:21.496847,ok
1418858,0036160-29.2025.8.16.0001,30,1,2026-01-08T11:25:21.496847,ok
1418859,0001862-82.2010.8.16.0018,40,1,2026-01-08T11:25:21.496847,ok
1418860,0002201-41.2010.8.16.0018,40,1,2026-01-08T11:25:21.496847,ok
1418861,0014670-34.2010.8.16.0014,40,1,2026-01-08T11:25:21.496847,ok
1418862,0039791-25.2024.8.16.0030,40,1,2026-01-08T11:25:21.496847,ok
1418863,0004400-27.2025.8.16.0045,40,1,2026-01-08T11:25:21.496847,ok
1418864,0000543-68.2011.8.16.0075,40,1,2026-01-08T11:25:21.496847,ok
1418865,0000926-61.2010.8.16.0049,40,1,2026-01-08T11:25:21.496847,ok
1418866,0000422-08.2008.8.16.0152,40,1,2026-01-08T11:25:21.496847,ok
1418867,0001338-92.2025.8.16.0072,40,1,2026-01-08T11:25:21.496847,ok
1418868,0012463-86.2023.8.16.0182,40,1,2026-01-08T11:25:21.496847,ok
1418869,0107528-04.2025.8.16.0000,35,1,2026-01-08T11:25:21.496847,ok
1418870,0110158-33.2025.8.16.0000,35,1,2026-01-08T11:25:21.496847,ok
1418871,0149551-62.2025.8.16.0000,35,1,2026-01-08T11:25:21.496847,ok
1418872,0149385-30.2025.8.16.0000,35,1,2026-01-08T11:25:21.496847,ok
1418873,0143005-88.2025.8.16.0000,35,1,2026-01-08T11:25:21.496847,ok
1418874,0002054-98.2025.8.16.0176,35,1,2026-01-08T11:25:21.496847,ok
1418875,0002733-28.2008.8.16.0101,35,1,2026-01-08T11:25:21.496847,ok
1418876,0139281-76.2025.8.16.0000,35,1,2026-01-08T11:25:21.496847,ok
1418877,0149088-23.2025.8.16.0000,35,1,2026-01-08T11:25:21.496847,ok
1418878,0014786-57.2024.8.16.0173,35,1,2026-01-08T11:25:21.496847,ok
1418879,0035507-45.2016.8.16.0000,35,1,2026-01-08T11:25:21.496847,ok
1418880,0150610-85.2025.8.16.0000,35,1,2026-01-08T11:25:21.496847,ok
1418881,0009874-17.2024.8.16.0173,35,1,2026-01-08T11:25:21.496847,ok
1418882,0149857-31.2025.8.16.0000,35,1,2026-01-08T11:25:21.496847,ok
1418883,0137734-98.2025.8.16.0000,35,1,2026-01-08T11:25:21.496847,ok
1418884,0149343-78.2025.8.16.0000,35,1,2026-01-08T11:25:21.496847,ok
1418885,0150615-10.2025.8.16.0000,35,1,2026-01-08T11:25:21.496847,ok
1418886,0041100-80.2025.8.16.0019,35,1,2026-01-08T11:25:21.496847,ok
1418887,4001395-07.2025.8.16.0019,35,1,2026-01-08T11:25:21.496847,ok
1418888,0148961-85.2025.8.16.0000,35,1,2026-01-08T11:25:21.496847,ok
1418889,0037297-46.2025.8.16.0001,35,1,2026-01-08T11:25:21.496847,ok
1418890,0035425-33.2025.8.16.0021,35,1,2026-01-08T11:25:21.496847,ok
1418891,0031024-83.2023.8.16.0013,35,1,2026-01-08T11:25:21.496847,ok
1418892,0010124-33.2025.8.16.0038,35,1,2026-01-08T11:25:21.496847,ok
1418893,0035899-04.2025.8.16.0021,35,1,2026-01-08T11:25:21.496847,ok
1418894,0004606-91.2025.8.16.0190,35,1,2026-01-08T11:25:21.496847,ok
1418895,0009602-41.2025.8.16.0188,35,1,2026-01-08T11:25:21.496847,ok
1418896,0113399-15.2025.8.16.0000,35,1,2026-01-08T11:25:21.496847,ok
1418897,0103576-17.2025.8.16.0000,35,1,2026-01-08T11:25:21.496847,ok
1418898,0044477-46.2025.8.16.0185,35,1,2026-01-08T11:25:21.496847,ok
1418899,0018015-83.2025.8.16.0013,35,1,2026-01-08T11:25:21.496847,ok
1418900,0004093-64.2025.8.16.0048,35,1,2026-01-08T11:25:21.496847,ok
1418901,0008778-13.2024.8.16.0190,35,1,2026-01-08T11:25:21.496847,ok
1418902,0149795-88.2025.8.16.0000,35,1,2026-01-08T11:25:21.496847,ok
1418903,0149370-61.2025.8.16.0000,35,1,2026-01-08T11:25:21.496847,ok
1418904,0001704-83.2007.8.16.0001,35,1,2026-01-08T11:25:21.496847,ok
1418905,0001705-63.2025.8.16.0122,35,1,2026-01-08T11:25:21.496847,ok
1418906,0030846-34.2023.8.16.0014,35,1,2026-01-08T11:25:21.496847,ok
1418907,0010955-81.2025.8.16.0038,35,1,2026-01-08T11:25:21.496847,ok
1418908,0044480-98.2025.8.16.0185,35,1,2026-01-08T11:25:21.496847,ok
1418909,0148964-40.2025.8.16.0000,35,1,2026-01-08T11:25:21.496847,ok
1418910,0115539-22.2025.8.16.0000,35,1,2026-01-08T11:25:21.496847,ok
1418911,0023885-91.2025.8.16.0019,35,1,2026-01-08T11:25:21.496847,ok
1418912,0010956-66.2025.8.16.0038,35,1,2026-01-08T11:25:21.496847,ok
1418913,0023883-24.2025.8.16.0019,35,1,2026-01-08T11:25:21.496847,ok
1418914,0086378-64.2025.8.16.0000,35,1,2026-01-08T11:25:21.496847,ok
1418915,0000256-11.2023.8.16.0035,35,1,2026-01-08T11:25:21.496847,ok
1418916,0005965-93.2024.8.16.0131,35,1,2026-01-08T11:25:21.496847,ok
1418917,0135251-95.2025.8.16.0000,38,1,2026-01-08T11:25:21.496847,ok
1418918,0026060-18.2025.8.16.0000,38,1,2026-01-08T11:25:21.496847,ok
1418919,0112134-75.2025.8.16.0000,38,1,2026-01-08T11:25:21.496847,ok
1418920,0055563-84.2025.8.16.0000,38,1,2026-01-08T11:25:21.496847,ok
1418921,0072026-04.2025.8.16.0000,38,1,2026-01-08T11:25:21.496847,ok
1418922,0000799-91.2022.8.16.0150,38,1,2026-01-08T11:25:21.496847,ok
1418923,0042376-09.2025.8.16.0000,38,1,2026-01-08T11:25:21.496847,ok
1418924,0042742-48.2025.8.16.0000,38,1,2026-01-08T11:25:21.496847,ok
1418925,0085121-04.2025.8.16.0000,38,1,2026-01-08T11:25:21.496847,ok
1418926,0146958-60.2025.8.16.0000,38,1,2026-01-08T11:25:21.496847,ok
1418927,0141589-85.2025.8.16.0000,38,1,2026-01-08T11:25:21.496847,ok
1418928,0091585-44.2025.8.16.0000,38,1,2026-01-08T11:25:21.496847,ok
1418929,0047549-14.2025.8.16.0000,38,1,2026-01-08T11:25:21.496847,ok
1418930,0045570-14.2025.8.16.0001,38,1,2026-01-08T11:25:21.496847,ok
1418931,0117067-91.2025.8.16.0000,38,1,2026-01-08T11:25:21.496847,ok
1418932,0119726-73.2025.8.16.0000,38,1,2026-01-08T11:25:21.496847,ok
1418933,0141241-67.2025.8.16.0000,38,1,2026-01-08T11:25:21.496847,ok
1418934,0077360-19.2025.8.16.0000,38,1,2026-01-08T11:25:21.496847,ok
1418935,0002756-71.2024.8.16.0049,38,1,2026-01-08T11:25:21.496847,ok
1418936,0094352-55.2025.8.16.0000,38,1,2026-01-08T11:25:21.496847,ok
1418937,0131688-93.2025.8.16.0000,38,1,2026-01-08T11:25:21.496847,ok
1418938,0030075-30.2025.8.16.0000,38,1,2026-01-08T11:25:21.496847,ok
1418939,0149455-47.2025.8.16.0000,38,1,2026-01-08T11:25:21.496847,ok
1418940,0149757-76.2025.8.16.0000,38,1,2026-01-08T11:25:21.496847,ok
1418941,0146879-81.2025.8.16.0000,38,1,2026-01-08T11:25:21.496847,ok
1418942,0149089-08.2025.8.16.0000,38,1,2026-01-08T11:25:21.496847,ok
1418943,0005181-11.2024.8.16.0069,38,1,2026-01-08T11:25:21.496847,ok
1418944,4001436-23.2024.8.16.0014,38,1,2026-01-08T11:25:21.496847,ok
1418945,0135631-21.2025.8.16.0000,38,1,2026-01-08T11:25:21.496847,ok
1418946,0051804-15.2025.8.16.0000,32,1,2026-01-08T11:25:21.496847,ok
1418947,0059056-69.2025.8.16.0000,32,1,2026-01-08T11:25:21.496847,ok
1418948,0001483-05.2025.8.16.0055,32,1,2026-01-08T11:25:21.496847,ok
1418949,0100680-35.2024.8.16.0000,32,1,2026-01-08T11:25:21.496847,ok
1418950,0010726-41.2025.8.16.0194,32,1,2026-01-08T11:25:21.496847,ok
1418951,0001369-51.2024.8.16.0136,32,1,2026-01-08T11:25:21.496847,ok
1418952,0073624-90.2025.8.16.0000,32,1,2026-01-08T11:25:21.496847,ok
1418953,0005215-38.2020.8.16.0194,32,1,2026-01-08T11:25:21.496847,ok
1418954,0074241-50.2025.8.16.0000,32,1,2026-01-08T11:25:21.496847,ok
1418955,0002305-53.2022.8.16.0134,32,1,2026-01-08T11:25:21.496847,ok
1418956,0042287-88.2023.8.16.0021,32,1,2026-01-08T11:25:21.496847,ok
1418957,0010747-48.2024.8.16.0001,32,1,2026-01-08T11:25:21.496847,ok
1418958,0024598-38.2016.8.16.0001,32,1,2026-01-08T11:25:21.496847,ok
1418959,0002387-84.2019.8.16.0071,32,1,2026-01-08T11:25:21.496847,ok
1418960,0010747-48.2024.8.16.0001,32,1,2026-01-08T11:25:21.496847,ok
1418961,0024598-38.2016.8.16.0001,32,1,2026-01-08T11:25:21.496847,ok
1418962,0002387-84.2019.8.16.0071,32,1,2026-01-08T11:25:21.496847,ok
1418963,0030917-27.2023.8.16.0017,32,1,2026-01-08T11:25:21.496847,ok
1418964,0024401-54.2020.8.16.0030,32,1,2026-01-08T11:25:21.496847,ok
1418965,0000916-77.2025.8.16.0150,32,1,2026-01-08T11:25:21.496847,ok
1418966,0042720-87.2025.8.16.0000,32,1,2026-01-08T11:25:21.496847,ok
1418967,0046328-93.2025.8.16.0000,32,1,2026-01-08T11:25:21.496847,ok
1418968,0086626-30.2025.8.16.0000,32,1,2026-01-08T11:25:21.496847,ok
1418969,0075836-84.2025.8.16.0000,32,1,2026-01-08T11:25:21.496847,ok
1418970,0075734-62.2025.8.16.0000,32,1,2026-01-08T11:25:21.496847,ok
1418971,0096400-84.2025.8.16.0000,32,1,2026-01-08T11:25:21.496847,ok
1418972,0053065-15.2025.8.16.0000,32,1,2026-01-08T11:25:21.496847,ok
1418973,0108181-06.2025.8.16.0000,32,1,2026-01-08T11:25:21.496847,ok
1418974,0094834-03.2025.8.16.0000,32,1,2026-01-08T11:25:21.496847,ok
1418975,0136296-37.2025.8.16.0000,32,1,2026-01-08T11:25:21.496847,ok
1418976,0136296-37.2025.8.16.0000,32,1,2026-01-08T11:25:21.496847,ok
1418977,0010747-53.2021.8.16.0001,32,1,2026-01-08T11:25:21.496847,ok
1418978,0143274-30.2025.8.16.0000,32,1,2026-01-08T11:25:21.496847,ok
1418979,0143274-30.2025.8.16.0000,32,1,2026-01-08T11:25:21.496847,ok
1418980,0010747-53.2021.8.16.0001,32,1,2026-01-08T11:25:21.496847,ok
1418981,0002538-51.2024.8.16.0014,32,1,2026-01-08T11:25:21.496847,ok
1418982,0039334-56.2025.8.16.0030,32,1,2026-01-08T11:25:21.496847,ok
1418983,0139092-98.2025.8.16.0000,32,1,2026-01-08T11:25:21.496847,ok
1418984,0002538-51.2024.8.16.0014,32,1,2026-01-08T11:25:21.496847,ok
1418985,0139092-98.2025.8.16.0000,32,1,2026-01-08T11:25:21.496847,ok
1418986,0106571-03.2025.8.16.0000,32,1,2026-01-08T11:25:21.496847,ok
1418987,0039334-56.2025.8.16.0030,32,1,2026-01-08T11:25:21.496847,ok
1418988,0106571-03.2025.8.16.0000,32,1,2026-01-08T11:25:21.496847,ok
1418989,0006105-35.2024.8.16.0194,32,1,2026-01-08T11:25:21.496847,ok
1418990,0006105-35.2024.8.16.0194,32,1,2026-01-08T11:25:21.496847,ok
1418991,0114098-06.2025.8.16.0000,32,1,2026-01-08T11:25:21.496847,ok
1418992,0000004-05.2024.8.16.0057,32,1,2026-01-08T11:25:21.496847,ok
1418993,0000004-05.2024.8.16.0057,32,1,2026-01-08T11:25:21.496847,ok
1418994,0114098-06.2025.8.16.0000,32,1,2026-01-08T11:25:21.496847,ok
1418995,0003076-82.2025.8.16.0083,32,1,2026-01-08T11:25:21.496847,ok
1418996,0006020-69.2025.8.16.0079,44,1,2026-01-08T11:25:21.496847,ok
1418997,0145331-21.2025.8.16.0000,33,1,2026-01-08T11:25:21.496847,ok
1418998,0145331-21.2025.8.16.0000,33,1,2026-01-08T11:25:21.496847,ok
0,0004963-32.2024.8.16.0182,48,0,2026-01-08T11:25:21.188268,ignorado
0,0000106-16.2025.8.16.0211,48,0,2026-01-08T11:25:21.188276,ignorado
0,0000707-14.2025.8.16.0149,48,0,2026-01-08T11:25:21.188280,ignorado
0,0004519-88.2025.8.16.0044,48,0,2026-01-08T11:25:21.188284,ignorado
0,0000729-97.2025.8.16.0076,48,0,2026-01-08T11:25:21.188290,ignorado
0,0000715-88.2025.8.16.0149,48,0,2026-01-08T11:25:21.188296,ignorado
0,0004859-56.2024.8.16.0209,48,0,2026-01-08T11:25:21.188301,ignorado
0,0010237-50.2019.8.16.0182,48,0,2026-01-08T11:25:21.188314,ignorado
0,N/A,48,0,2026-01-08T11:25:21.188320,ignorado
0,0006856-51.2025.8.16.9000,48,0,2026-01-08T11:25:21.188333,ignorado
0,N/A,42,0,2026-01-08T11:25:21.440303,ignorado
0,0003105-48.2025.8.16.0014,55,0,2026-01-08T11:25:22.154376,ignorado
0,0009617-35.2025.8.16.0018,55,0,2026-01-08T11:25:22.154416,ignorado
0,0003951-82.2025.8.16.0170,55,0,2026-01-08T11:25:22.154425,ignorado
0,0027437-98.2024.8.16.0019,55,0,2026-01-08T11:25:22.154432,ignorado
0,0047902-27.2024.8.16.0182,55,0,2026-01-08T11:25:22.154439,ignorado
0,0004951-03.2024.8.16.0090,55,0,2026-01-08T11:25:22.154446,ignorado
0,0004253-61.2024.8.16.0101,55,0,2026-01-08T11:25:22.154452,ignorado
0,0001011-82.2025.8.16.0029,55,0,2026-01-08T11:25:22.154458,ignorado
0,0003348-15.2024.8.16.0050,55,0,2026-01-08T11:25:22.154466,ignorado
0,0003929-07.2024.8.16.0090,55,0,2026-01-08T11:25:22.154472,ignorado
0,0020883-53.2024.8.16.0018,55,0,2026-01-08T11:25:22.154478,ignorado
0,0015163-66.2024.8.16.0031,55,0,2026-01-08T11:25:22.154482,ignorado
0,0077367-03.2024.8.16.0014,55,0,2026-01-08T11:25:22.154486,ignorado
0,0002764-67.2024.8.16.0172,55,0,2026-01-08T11:25:22.154490,ignorado
0,0000696-80.2025.8.16.0182,55,0,2026-01-08T11:25:22.154493,ignorado
0,0014478-57.2025.8.16.0182,55,0,2026-01-08T11:25:22.154497,ignorado
0,0007251-96.2025.8.16.0026,55,0,2026-01-08T11:25:22.154501,ignorado
0,0003794-06.2025.8.16.0075,55,0,2026-01-08T11:25:22.154505,ignorado
0,N/A,55,0,2026-01-08T11:25:22.154533,ignorado
0,0054426-06.2025.8.16.0182,55,0,2026-01-08T11:25:22.154580,ignorado
0,0004031-72.2025.8.16.0129,55,0,2026-01-08T11:25:22.154602,ignorado
0,0004844-11.2025.8.16.0029,55,0,2026-01-08T11:25:22.154620,ignorado
0,0010690-58.2024.8.16.0024,55,0,2026-01-08T11:25:22.154627,ignorado
0,0078154-95.2025.8.16.0014,55,0,2026-01-08T11:25:22.154633,ignorado
0,0004048-46.2025.8.16.0182,55,0,2026-01-08T11:25:22.154639,ignorado
0,0001857-38.2024.8.16.0093,55,0,2026-01-08T11:25:22.154643,ignorado
0,0000138-84.2025.8.16.0093,55,0,2026-01-08T11:25:22.154647,ignorado
0,0006562-34.2025.8.16.0129,55,0,2026-01-08T11:25:22.154651,ignorado
0,0005764-12.2025.8.16.0117,55,0,2026-01-08T11:25:22.154655,ignorado
0,0003812-04.2025.8.16.0018,55,0,2026-01-08T11:25:22.154659,ignorado
0,0002478-15.2025.8.16.0153,55,0,2026-01-08T11:25:22.154662,ignorado
0,0040712-13.2024.8.16.0182,55,0,2026-01-08T11:25:22.154666,ignorado
0,0047990-29.2025.8.16.0021,55,0,2026-01-08T11:25:22.154670,ignorado
0,0000628-80.2021.8.16.0050,55,0,2026-01-08T11:25:22.154673,ignorado
0,0002362-59.2025.8.16.0104,55,0,2026-01-08T11:25:22.154677,ignorado
0,0012495-23.2025.8.16.0182,55,0,2026-01-08T11:25:22.154680,ignorado
0,0004480-39.2022.8.16.0160,55,0,2026-01-08T11:25:22.154684,ignorado
0,0004284-46.2025.8.16.0069,55,0,2026-01-08T11:25:22.154687,ignorado
0,0003313-86.2025.8.16.0190,57,0,2026-01-08T11:25:22.261717,ignorado
0,0028534-95.2025.8.16.0182,57,0,2026-01-08T11:25:22.261750,ignorado
0,0012999-88.2025.8.16.0130,57,0,2026-01-08T11:25:22.261755,ignorado
0,0022918-80.2024.8.16.0019,57,0,2026-01-08T11:25:22.261759,ignorado
0,0005150-25.2024.8.16.0187,57,0,2026-01-08T11:25:22.261763,ignorado
0,0014500-41.2025.8.16.0045,57,0,2026-01-08T11:25:22.261767,ignorado
0,0026034-90.2024.8.16.0182,57,0,2026-01-08T11:25:22.261770,ignorado
0,0005990-64.2025.8.16.0069,57,0,2026-01-08T11:25:22.261774,ignorado
0,0001006-02.2023.8.16.0168,57,0,2026-01-08T11:25:22.261778,ignorado
0,0005016-76.2025.8.16.0182,57,0,2026-01-08T11:25:22.261782,ignorado
0,0007419-45.2025.8.16.9000,57,0,2026-01-08T11:25:22.261786,ignorado
0,0007665-41.2025.8.16.9000,57,0,2026-01-08T11:25:22.261790,ignorado
0,0007428-07.2025.8.16.9000,57,0,2026-01-08T11:25:22.261794,ignorado
0,0004463-73.2025.8.16.0038,57,0,2026-01-08T11:25:22.261798,ignorado
0,0003844-78.2023.8.16.0147,57,0,2026-01-08T11:25:22.261802,ignorado
0,0032123-64.2023.8.16.0021,57,0,2026-01-08T11:25:22.261805,ignorado
0,0000273-51.2025.8.16.0205,57,0,2026-01-08T11:25:22.261809,ignorado
0,0037307-70.2024.8.16.0019,57,0,2026-01-08T11:25:22.261813,ignorado
0,0010045-22.2022.8.16.0018,57,0,2026-01-08T11:25:22.261817,ignorado
0,0010347-59.2024.8.16.0025,57,0,2026-01-08T11:25:22.261821,ignorado
0,0011922-55.2024.8.16.0170,57,0,2026-01-08T11:25:22.261824,ignorado
0,0001016-86.2025.8.16.0035,57,0,2026-01-08T11:25:22.261827,ignorado
0,0007449-57.2025.8.16.0019,57,0,2026-01-08T11:25:22.261831,ignorado
0,0001192-55.2022.8.16.0040,57,0,2026-01-08T11:25:22.261836,ignorado
0,0006757-73.2025.8.16.0014,57,0,2026-01-08T11:25:22.261839,ignorado
0,0001626-31.2024.8.16.0054,57,0,2026-01-08T11:25:22.261843,ignorado
0,0016704-54.2025.8.16.0014,57,0,2026-01-08T11:25:22.261849,ignorado
0,0075442-69.2024.8.16.0014,57,0,2026-01-08T11:25:22.261855,ignorado
0,0001418-36.2025.8.16.0014,57,0,2026-01-08T11:25:22.261860,ignorado
0,0007379-82.2021.8.16.0018,57,0,2026-01-08T11:25:22.261866,ignorado
0,0002045-51.2024.8.16.0054,57,0,2026-01-08T11:25:22.261872,ignorado
0,0017090-67.2024.8.16.0031,57,0,2026-01-08T11:25:22.261878,ignorado
0,0002323-05.2025.8.16.0026,57,0,2026-01-08T11:25:22.261883,ignorado
0,0006226-18.2024.8.16.0112,57,0,2026-01-08T11:25:22.261890,ignorado
0,0017177-44.2025.8.16.0045,57,0,2026-01-08T11:25:22.261896,ignorado
0,0014188-59.2024.8.16.0026,57,0,2026-01-08T11:25:22.261902,ignorado
0,0004401-58.2025.8.16.0159,57,0,2026-01-08T11:25:22.261908,ignorado
0,0087240-90.2025.8.16.0014,57,0,2026-01-08T11:25:22.261914,ignorado
0,0001644-38.2025.8.16.0112,57,0,2026-01-08T11:25:22.261919,ignorado
0,0000786-07.2025.8.16.0112,57,0,2026-01-08T11:25:22.261924,ignorado
0,0029920-63.2025.8.16.0182,57,0,2026-01-08T11:25:22.261927,ignorado
0,0005055-26.2024.8.16.0209,57,0,2026-01-08T11:25:22.261931,ignorado
0,0003300-76.2024.8.16.0108,57,0,2026-01-08T11:25:22.261934,ignorado
0,0013217-61.2025.8.16.0019,57,0,2026-01-08T11:25:22.261942,ignorado
0,0029215-84.2025.8.16.0014,57,0,2026-01-08T11:25:22.261955,ignorado
0,0032069-03.2023.8.16.0182,57,0,2026-01-08T11:25:22.261967,ignorado
0,0007964-48.2024.8.16.0045,57,0,2026-01-08T11:25:22.261970,ignorado
0,0036109-95.2024.8.16.0019,61,0,2026-01-08T11:25:23.449091,ignorado
0,0004777-02.2025.8.16.9000,61,0,2026-01-08T11:25:23.476904,ignorado
0,0001957-07.2023.8.16.0035,61,0,2026-01-08T11:25:23.509544,ignorado
0,0000312-22.2023.8.16.0204,61,0,2026-01-08T11:25:23.509588,ignorado
0,0002326-48.2023.8.16.0181,61,0,2026-01-08T11:25:23.509596,ignorado
0,0001355-39.2024.8.16.0210,61,0,2026-01-08T11:25:23.509603,ignorado
0,0026161-67.2022.8.16.0030,61,0,2026-01-08T11:25:23.509610,ignorado
0,0004283-21.2024.8.16.0029,61,0,2026-01-08T11:25:23.509626,ignorado
0,0001738-27.2025.8.16.0066,61,0,2026-01-08T11:25:23.509651,ignorado
0,0001875-90.2023.8.16.0191,61,0,2026-01-08T11:25:23.509658,ignorado
0,0001857-50.2025.8.16.0110,61,0,2026-01-08T11:25:23.509665,ignorado
0,0049785-72.2025.8.16.0182,61,0,2026-01-08T11:25:23.509672,ignorado
0,0013807-19.2024.8.16.0069,61,0,2026-01-08T11:25:23.509678,ignorado
0,0018997-82.2025.8.16.0018,61,0,2026-01-08T11:25:23.509685,ignorado
0,0002742-70.2025.8.16.0205,61,0,2026-01-08T11:25:23.509692,ignorado
0,0004058-55.2025.8.16.0129,61,0,2026-01-08T11:25:23.509698,ignorado
0,0003450-72.2025.8.16.0124,61,0,2026-01-08T11:25:23.509705,ignorado
0,0015634-07.2023.8.16.0035,61,0,2026-01-08T11:25:23.509712,ignorado
0,0000419-74.2025.8.16.0211,61,0,2026-01-08T11:25:23.509718,ignorado
0,0001352-76.2025.8.16.0072,61,0,2026-01-08T11:25:23.509724,ignorado
0,0021427-97.2025.8.16.0182,61,0,2026-01-08T11:25:23.509730,ignorado
0,0006697-13.2019.8.16.0014,61,0,2026-01-08T11:25:23.509736,ignorado
0,0001812-80.2025.8.16.0131,61,0,2026-01-08T11:25:23.509742,ignorado
0,0001587-57.2022.8.16.0166,61,0,2026-01-08T11:25:23.509749,ignorado
0,0000449-17.2025.8.16.0080,61,0,2026-01-08T11:25:23.509756,ignorado
0,0007557-87.2022.8.16.0182,61,0,2026-01-08T11:25:23.509763,ignorado
0,0002737-61.2024.8.16.0115,61,0,2026-01-08T11:25:23.509769,ignorado
0,0004956-25.2024.8.16.0187,61,0,2026-01-08T11:25:23.509776,ignorado
0,0018590-76.2025.8.16.0018,61,0,2026-01-08T11:25:23.509783,ignorado
0,0007009-83.2025.8.16.0044,61,0,2026-01-08T11:25:23.509790,ignorado
0,0007083-67.2025.8.16.0035,61,0,2026-01-08T11:25:23.509797,ignorado
0,0003184-32.2025.8.16.0174,61,0,2026-01-08T11:25:23.509804,ignorado
0,0005844-79.2025.8.16.0018,61,0,2026-01-08T11:25:23.509811,ignorado
0,0034835-63.2024.8.16.0030,61,0,2026-01-08T11:25:23.509818,ignorado
0,0000896-17.2025.8.16.9000,61,0,2026-01-08T11:25:23.509825,ignorado
0,0001849-23.2024.8.16.0041,61,0,2026-01-08T11:25:23.509831,ignorado
0,0033468-33.2024.8.16.0182,61,0,2026-01-08T11:25:23.509838,ignorado
0,0004693-63.2020.8.16.0209,61,0,2026-01-08T11:25:23.509845,ignorado
0,0003793-53.2025.8.16.0129,61,0,2026-01-08T11:25:23.509852,ignorado
0,0004003-70.2024.8.16.0184,61,0,2026-01-08T11:25:23.509858,ignorado
0,0002677-78.2025.8.16.0204,61,0,2026-01-08T11:25:23.509865,ignorado
0,0080218-78.2025.8.16.0014,61,0,2026-01-08T11:25:23.509872,ignorado
0,0015532-02.2024.8.16.0018,61,0,2026-01-08T11:25:23.509879,ignorado
0,0000238-86.2025.8.16.0045,61,0,2026-01-08T11:25:23.509886,ignorado
0,0008006-63.2025.8.16.0045,61,0,2026-01-08T11:25:23.509893,ignorado
0,0024794-32.2025.8.16.0182,61,0,2026-01-08T11:25:23.509900,ignorado
0,0010344-46.2025.8.16.0033,61,0,2026-01-08T11:25:23.509907,ignorado
0,0019010-30.2025.8.16.0035,61,0,2026-01-08T11:25:23.509914,ignorado
0,0000473-77.2024.8.16.0113,58,0,2026-01-08T11:25:24.389865,ignorado
0,0008733-14.2023.8.16.0038,58,0,2026-01-08T11:25:24.389899,ignorado
0,0000756-72.2022.8.16.0145,58,0,2026-01-08T11:25:24.389916,ignorado
0,0000580-42.2025.8.16.0128,58,0,2026-01-08T11:25:24.389920,ignorado
0,0003913-66.2025.8.16.0139,58,0,2026-01-08T11:25:24.389932,ignorado
0,0001500-14.2025.8.16.0064,58,0,2026-01-08T11:25:24.389936,ignorado
0,0002880-59.2022.8.16.0167,58,0,2026-01-08T11:25:24.389960,ignorado
0,0012897-48.2024.8.16.0018,58,0,2026-01-08T11:25:24.389966,ignorado
0,0039495-32.2024.8.16.0182,58,0,2026-01-08T11:25:24.389973,ignorado
0,0001429-46.2024.8.16.0161,58,0,2026-01-08T11:25:24.389999,ignorado
0,0048683-47.2024.8.16.0021,58,0,2026-01-08T11:25:24.390013,ignorado
0,0023283-96.2025.8.16.0182,58,0,2026-01-08T11:25:24.390020,ignorado
0,0006152-93.2025.8.16.0090,58,0,2026-01-08T11:25:24.390027,ignorado
0,0048708-62.2024.8.16.0182,58,0,2026-01-08T11:25:24.390041,ignorado
0,0033168-37.2025.8.16.0182,58,0,2026-01-08T11:25:24.390048,ignorado
0,0000083-34.2025.8.16.0029,58,0,2026-01-08T11:25:24.390054,ignorado
0,0001586-55.2024.8.16.0052,58,0,2026-01-08T11:25:24.390060,ignorado
0,0007158-72.2025.8.16.0014,58,0,2026-01-08T11:25:24.390077,ignorado
0,0003633-76.2024.8.16.0189,58,0,2026-01-08T11:25:24.390083,ignorado
0,0065898-57.2024.8.16.0014,58,0,2026-01-08T11:25:24.390089,ignorado
0,0003291-64.2025.8.16.0081,58,0,2026-01-08T11:25:24.390101,ignorado
0,0015502-59.2025.8.16.0170,58,0,2026-01-08T11:25:24.390119,ignorado
0,0001036-72.2025.8.16.0069,58,0,2026-01-08T11:25:24.390125,ignorado
0,0057166-87.2024.8.16.0014,58,0,2026-01-08T11:25:24.390138,ignorado
0,0046260-53.2023.8.16.0182,58,0,2026-01-08T11:25:24.390151,ignorado
0,0001246-46.2025.8.16.0030,58,0,2026-01-08T11:25:24.390164,ignorado
0,0001318-79.2024.8.16.0123,58,0,2026-01-08T11:25:24.390169,ignorado
0,0001449-27.2025.8.16.0056,58,0,2026-01-08T11:25:24.390173,ignorado
0,0029919-13.2024.8.16.0021,58,0,2026-01-08T11:25:24.390177,ignorado
0,0032837-89.2024.8.16.0182,58,0,2026-01-08T11:25:24.390180,ignorado
0,0004524-24.2023.8.16.0160,58,0,2026-01-08T11:25:24.390184,ignorado
0,0039104-75.2024.8.16.0021,58,0,2026-01-08T11:25:24.390189,ignorado
0,0003148-39.2025.8.16.0190,50,0,2026-01-08T11:25:24.593757,ignorado
0,0001340-38.2024.8.16.0156,50,0,2026-01-08T11:25:24.593801,ignorado
0,0001935-18.2023.8.16.0109,50,0,2026-01-08T11:25:24.593809,ignorado
0,0056034-92.2024.8.16.0014,50,0,2026-01-08T11:25:24.593816,ignorado
0,0001236-38.2025.8.16.0018,50,0,2026-01-08T11:25:24.593820,ignorado
0,0001675-45.2024.8.16.0063,50,0,2026-01-08T11:25:24.593824,ignorado
0,0000190-90.2024.8.16.0101,50,0,2026-01-08T11:25:24.593828,ignorado
0,0007184-61.2024.8.16.0190,50,0,2026-01-08T11:25:24.593832,ignorado
0,0038771-96.2024.8.16.0030,50,0,2026-01-08T11:25:24.593836,ignorado
0,0038773-66.2024.8.16.0030,50,0,2026-01-08T11:25:24.593840,ignorado
0,0006698-93.2025.8.16.9000,50,0,2026-01-08T11:25:24.593844,ignorado
0,0012276-17.2025.8.16.0018,50,0,2026-01-08T11:25:24.593847,ignorado
0,0020030-03.2025.8.16.0182,50,0,2026-01-08T11:25:24.593851,ignorado
0,0001186-66.2025.8.16.0097,50,0,2026-01-08T11:25:24.593855,ignorado
0,0027125-94.2019.8.16.0182,50,0,2026-01-08T11:25:24.593858,ignorado
0,0001022-08.2025.8.16.0031,62,0,2026-01-08T11:25:29.467972,ignorado
0,0006475-32.2025.8.16.0112,62,0,2026-01-08T11:25:29.468016,ignorado
0,0001400-18.2024.8.16.0186,62,0,2026-01-08T11:25:29.468026,ignorado
0,0020973-22.2024.8.16.0031,62,0,2026-01-08T11:25:29.468033,ignorado
0,0001136-15.2023.8.16.0128,62,0,2026-01-08T11:25:29.468039,ignorado
0,0025127-03.2025.8.16.0014,62,0,2026-01-08T11:25:29.468045,ignorado
0,0041997-11.2025.8.16.0019,62,0,2026-01-08T11:25:29.468052,ignorado
0,0025579-13.2025.8.16.0014,62,0,2026-01-08T11:25:29.468058,ignorado
0,0009311-59.2025.8.16.0182,62,0,2026-01-08T11:25:29.468063,ignorado
0,0000236-46.2010.8.16.0012,62,0,2026-01-08T11:25:29.468067,ignorado
0,0004712-10.2025.8.16.0075,62,0,2026-01-08T11:25:29.468071,ignorado
0,0011968-33.2025.8.16.0130,62,0,2026-01-08T11:25:29.468075,ignorado
0,0005192-90.2024.8.16.0117,62,0,2026-01-08T11:25:29.468080,ignorado
0,0010795-73.2024.8.16.0173,62,0,2026-01-08T11:25:29.468083,ignorado
0,0002420-87.2025.8.16.0031,62,0,2026-01-08T11:25:29.468088,ignorado
0,0005031-58.2025.8.16.0210,62,0,2026-01-08T11:25:29.468092,ignorado
0,0036883-28.2024.8.16.0019,62,0,2026-01-08T11:25:29.468095,ignorado
0,0045119-47.2025.8.16.0014,62,0,2026-01-08T11:25:29.468099,ignorado
0,0008071-54.2025.8.16.0014,62,0,2026-01-08T11:25:29.468102,ignorado
0,0055822-71.2024.8.16.0014,62,0,2026-01-08T11:25:29.468107,ignorado
0,0007541-57.2025.8.16.0044,62,0,2026-01-08T11:25:29.468113,ignorado
0,0001062-37.2010.8.16.0056,62,0,2026-01-08T11:25:29.468120,ignorado
0,0001111-18.2024.8.16.0079,62,0,2026-01-08T11:25:29.468125,ignorado
0,0000766-80.2025.8.16.0123,62,0,2026-01-08T11:25:29.468171,ignorado
0,0000173-68.2025.8.16.0182,62,0,2026-01-08T11:25:29.468450,ignorado
0,0001039-05.2021.8.16.0154,62,0,2026-01-08T11:25:29.468458,ignorado
0,0010234-75.2024.8.16.0035,62,0,2026-01-08T11:25:29.468461,ignorado
0,0002759-83.2025.8.16.0148,62,0,2026-01-08T11:25:29.468465,ignorado
0,0039028-51.2024.8.16.0021,62,0,2026-01-08T11:25:29.468469,ignorado
0,0044078-58.2024.8.16.0021,62,0,2026-01-08T11:25:29.468472,ignorado
0,0015668-55.2025.8.16.0182,59,0,2026-01-08T11:25:30.629299,ignorado
0,0001983-09.2024.8.16.0087,59,0,2026-01-08T11:25:30.629343,ignorado
0,0006724-57.2024.8.16.0131,59,0,2026-01-08T11:25:30.629362,ignorado
0,0009428-43.2024.8.16.0131,59,0,2026-01-08T11:25:30.629369,ignorado
0,0036235-48.2024.8.16.0019,59,0,2026-01-08T11:25:30.629376,ignorado
0,0004901-82.2025.8.16.9000,59,0,2026-01-08T11:25:30.629381,ignorado
0,0018429-59.2025.8.16.0182,59,0,2026-01-08T11:25:30.629386,ignorado
0,0007274-30.2025.8.16.0030,59,0,2026-01-08T11:25:30.629390,ignorado
0,0001086-28.2024.8.16.0039,59,0,2026-01-08T11:25:30.629394,ignorado
0,0001985-32.2024.8.16.0134,59,0,2026-01-08T11:25:30.629398,ignorado
0,0076246-37.2024.8.16.0014,59,0,2026-01-08T11:25:30.629402,ignorado
0,0004635-95.2025.8.16.9000,59,0,2026-01-08T11:25:30.629406,ignorado
0,0019378-73.2024.8.16.0035,59,0,2026-01-08T11:25:30.629409,ignorado
0,0012329-69.2024.8.16.0038,59,0,2026-01-08T11:25:30.629413,ignorado
0,0000195-05.2025.8.16.0093,59,0,2026-01-08T11:25:30.629417,ignorado
0,0003311-16.2020.8.16.0086,59,0,2026-01-08T11:25:30.629421,ignorado
0,0007478-67.2024.8.16.0173,59,0,2026-01-08T11:25:30.629425,ignorado
0,0049357-90.2025.8.16.0182,59,0,2026-01-08T11:25:30.629429,ignorado
0,0083081-07.2025.8.16.0014,59,0,2026-01-08T11:25:30.629435,ignorado
0,0026045-07.2025.8.16.0014,59,0,2026-01-08T11:25:30.629441,ignorado
0,0016566-68.2025.8.16.0182,59,0,2026-01-08T11:25:30.629447,ignorado
0,0001976-07.2024.8.16.0058,59,0,2026-01-08T11:25:30.629453,ignorado
0,N/A,51,0,2026-01-08T11:25:31.021079,ignorado
0,N/A,51,0,2026-01-08T11:25:31.021240,ignorado
0,0010137-44.2025.8.16.0131,60,0,2026-01-08T11:25:31.479736,ignorado
0,0031680-18.2025.8.16.0030,60,0,2026-01-08T11:25:31.479756,ignorado
0,0031681-03.2025.8.16.0030,60,0,2026-01-08T11:25:31.479764,ignorado
0,0001753-98.2025.8.16.0129,60,0,2026-01-08T11:25:31.479772,ignorado
0,0059040-44.2023.8.16.0014,60,0,2026-01-08T11:25:31.479775,ignorado
0,0010897-93.2025.8.16.0033,60,0,2026-01-08T11:25:31.479783,ignorado
0,0003722-39.2024.8.16.0112,60,0,2026-01-08T11:25:31.479791,ignorado
0,0001995-03.2024.8.16.0126,60,0,2026-01-08T11:25:31.479794,ignorado
0,0017169-51.2025.8.16.0018,60,0,2026-01-08T11:25:31.479798,ignorado
0,0037412-13.2025.8.16.0019,60,0,2026-01-08T11:25:31.479801,ignorado
0,0000528-09.2025.8.16.0205,60,0,2026-01-08T11:25:31.479805,ignorado
0,0039289-52.2023.8.16.0182,60,0,2026-01-08T11:25:31.479816,ignorado
0,0004929-82.2025.8.16.0130,60,0,2026-01-08T11:25:31.479823,ignorado
0,0005791-74.2025.8.16.0026,60,0,2026-01-08T11:25:31.479827,ignorado
0,0007347-58.2025.8.16.9000,60,0,2026-01-08T11:25:31.479834,ignorado
0,0011832-81.2025.8.16.0018,60,0,2026-01-08T11:25:31.479841,ignorado
0,N/A,53,0,2026-01-08T11:25:34.422807,ignorado
0,0145883-83.2025.8.16.0000,52,0,2026-01-08T11:25:36.192586,duplicado
0,0003260-37.2024.8.16.0030,63,0,2026-01-08T11:25:38.444607,ignorado
0,0003194-25.2025.8.16.0191,63,0,2026-01-08T11:25:38.444618,ignorado
0,0003561-72.2024.8.16.0130,63,0,2026-01-08T11:25:38.444626,ignorado
0,0008254-96.2024.8.16.0131,63,0,2026-01-08T11:25:38.444634,ignorado
0,0004295-07.2024.8.16.0200,63,0,2026-01-08T11:25:38.444657,ignorado
0,0056340-42.2024.8.16.0182,63,0,2026-01-08T11:25:38.444664,ignorado
0,0000781-14.2025.8.16.0167,63,0,2026-01-08T11:25:38.444678,ignorado
0,N/A,72,0,2026-01-08T11:25:49.879966,ignorado
1418999,0006061-94.2013.8.16.0034,33,2,2026-01-08T11:25:56.627698,ok
1419000,0003435-97.2016.8.16.0034,33,2,2026-01-08T11:25:56.627698,ok
1419001,0035712-59.2025.8.16.0000,33,2,2026-01-08T11:25:56.627698,ok
1419002,0125685-25.2025.8.16.0000,33,2,2026-01-08T11:25:56.627698,ok
1419003,0124392-20.2025.8.16.0000,33,2,2026-01-08T11:25:56.627698,ok
1419004,0123582-45.2025.8.16.0000,33,2,2026-01-08T11:25:56.627698,ok
1419005,0122697-31.2025.8.16.0000,33,2,2026-01-08T11:25:56.627698,ok
1419006,0121505-63.2025.8.16.0000,33,2,2026-01-08T11:25:56.627698,ok
1419007,0123609-28.2025.8.16.0000,33,2,2026-01-08T11:25:56.627698,ok
1419008,0001630-85.2025.8.16.0134,33,2,2026-01-08T11:25:56.627698,ok
1419009,0063870-27.2025.8.16.0000,33,2,2026-01-08T11:25:56.627698,ok
1419010,0108876-57.2025.8.16.0000,33,2,2026-01-08T11:25:56.627698,ok
1419011,0001823-64.2025.8.16.0049,33,2,2026-01-08T11:25:56.627698,ok
1419012,0001819-27.2025.8.16.0049,33,2,2026-01-08T11:25:56.627698,ok
1419013,0030070-42.2025.8.16.0021,33,2,2026-01-08T11:25:56.627698,ok
1419014,0001826-19.2025.8.16.0049,33,2,2026-01-08T11:25:56.627698,ok
1419015,0021069-93.2025.8.16.0001,33,2,2026-01-08T11:25:56.627698,ok
1419016,0084128-58.2025.8.16.0000,33,2,2026-01-08T11:25:56.627698,ok
1419017,0058181-02.2025.8.16.0000,33,2,2026-01-08T11:25:56.627698,ok
1419018,0016207-61.2015.8.16.0185,33,2,2026-01-08T11:25:56.627698,ok
1419019,0017124-94.2018.8.16.0017,33,2,2026-01-08T11:25:56.627698,ok
1419020,0099370-57.2025.8.16.0000,33,2,2026-01-08T11:25:56.627698,ok
1419021,0007418-82.2025.8.16.0004,33,2,2026-01-08T11:25:56.627698,ok
1419022,0000300-07.2022.8.16.0054,33,2,2026-01-08T11:25:56.627698,ok
1419023,0000764-54.2022.8.16.0014,33,2,2026-01-08T11:25:56.627698,ok
1419024,0043425-03.2017.8.16.0021,33,2,2026-01-08T11:25:56.627698,ok
1419025,0003358-97.2018.8.16.0170,33,2,2026-01-08T11:25:56.627698,ok
1419026,0038438-32.2023.8.16.0014,33,2,2026-01-08T11:25:56.627698,ok
1419027,0049822-63.2025.8.16.0000,33,2,2026-01-08T11:25:56.627698,ok
1419028,0049691-88.2025.8.16.0000,33,2,2026-01-08T11:25:56.627698,ok
1419029,0100540-64.2025.8.16.0000,33,2,2026-01-08T11:25:56.627698,ok
1419030,0036401-13.2025.8.16.0030,33,2,2026-01-08T11:25:56.627698,ok
1419031,0010325-33.2023.8.16.0058,33,2,2026-01-08T11:25:56.627698,ok
1419032,0135225-97.2025.8.16.0000,33,2,2026-01-08T11:25:56.627698,ok
1419033,0098464-67.2025.8.16.0000,33,2,2026-01-08T11:25:56.627698,ok
1419034,0145041-06.2025.8.16.0000,33,2,2026-01-08T11:25:56.627698,ok
1419035,0146101-14.2025.8.16.0000,33,2,2026-01-08T11:25:56.627698,ok
1419036,0016159-84.2025.8.16.0013,33,2,2026-01-08T11:25:56.627698,ok
1419037,0003667-29.2016.8.16.0190,33,2,2026-01-08T11:25:56.627698,ok
1419038,0125212-39.2025.8.16.0000,33,2,2026-01-08T11:25:56.627698,ok
1419039,0108557-89.2025.8.16.0000,33,2,2026-01-08T11:25:56.627698,ok
1419040,0011465-15.2025.8.16.0129,33,2,2026-01-08T11:25:56.627698,ok
1419041,0011211-46.2025.8.16.0160,33,2,2026-01-08T11:25:56.627698,ok
1419042,0005429-65.2025.8.16.0190,33,2,2026-01-08T11:25:56.627698,ok
1419043,0148950-56.2025.8.16.0000,33,2,2026-01-08T11:25:56.627698,ok
1419044,0149947-39.2025.8.16.0000,33,2,2026-01-08T11:25:56.627698,ok
1419045,0047627-44.2025.8.16.0182,33,2,2026-01-08T11:25:56.627698,ok
1419046,0145831-87.2025.8.16.0000,36,2,2026-01-08T11:25:56.627698,ok
1419047,0142856-92.2025.8.16.0000,36,2,2026-01-08T11:25:56.627698,ok
1419048,0141383-71.2025.8.16.0000,36,2,2026-01-08T11:25:56.627698,ok
1419049,0130695-50.2025.8.16.0000,36,2,2026-01-08T11:25:56.627698,ok
1419050,0068271-32.2022.8.16.0014,36,2,2026-01-08T11:25:56.627698,ok
1419051,0140982-72.2025.8.16.0000,36,2,2026-01-08T11:25:56.627698,ok
1419052,0143770-59.2025.8.16.0000,36,2,2026-01-08T11:25:56.627698,ok
1419053,0143089-89.2025.8.16.0000,36,2,2026-01-08T11:25:56.627698,ok
1419054,0145803-22.2025.8.16.0000,36,2,2026-01-08T11:25:56.627698,ok
1419055,0145396-16.2025.8.16.0000,36,2,2026-01-08T11:25:56.627698,ok
1419056,0000872-72.2024.8.16.0092,36,2,2026-01-08T11:25:56.627698,ok
1419057,0029525-32.2025.8.16.0001,36,2,2026-01-08T11:25:56.627698,ok
1419058,0127026-86.2025.8.16.0000,36,2,2026-01-08T11:25:56.627698,ok
1419059,0141776-93.2025.8.16.0000,36,2,2026-01-08T11:25:56.627698,ok
1419060,0144978-78.2025.8.16.0000,36,2,2026-01-08T11:25:56.627698,ok
1419061,0020398-12.2021.8.16.0001,36,2,2026-01-08T11:25:56.627698,ok
1419062,0142415-14.2025.8.16.0000,36,2,2026-01-08T11:25:56.627698,ok
1419063,0145444-72.2025.8.16.0000,36,2,2026-01-08T11:25:56.627698,ok
1419064,0004409-58.2023.8.16.0077,36,2,2026-01-08T11:25:56.627698,ok
1419065,0040406-13.2022.8.16.0021,36,2,2026-01-08T11:25:56.627698,ok
1419066,0020125-31.2024.8.16.0194,36,2,2026-01-08T11:25:56.627698,ok
1419067,0090051-65.2025.8.16.0000,36,2,2026-01-08T11:25:56.627698,ok
1419068,0012557-32.2022.8.16.0194,36,2,2026-01-08T11:25:56.627698,ok
1419069,0141852-20.2025.8.16.0000,36,2,2026-01-08T11:25:56.627698,ok
1419070,0143948-08.2025.8.16.0000,36,2,2026-01-08T11:25:56.627698,ok
1419071,0139780-60.2025.8.16.0000,36,2,2026-01-08T11:25:56.627698,ok
1419072,0042803-46.2025.8.16.0019,36,2,2026-01-08T11:25:56.627698,ok
1419073,0142463-70.2025.8.16.0000,36,2,2026-01-08T11:25:56.627698,ok
1419074,0005766-79.2025.8.16.0117,36,2,2026-01-08T11:25:56.627698,ok
1419075,0012594-42.2025.8.16.0004,36,2,2026-01-08T11:25:56.627698,ok
1419076,0144199-26.2025.8.16.0000,36,2,2026-01-08T11:25:56.627698,ok
1419077,0014332-77.2025.8.16.0000,36,2,2026-01-08T11:25:56.627698,ok
1419078,0007645-50.2025.8.16.9000,36,2,2026-01-08T11:25:56.627698,ok
1419079,0002951-91.2025.8.16.0026,36,2,2026-01-08T11:25:56.627698,ok
1419080,0005415-72.2024.8.16.0075,36,2,2026-01-08T11:25:56.627698,ok
1419081,0001243-26.2024.8.16.0063,36,2,2026-01-08T11:25:56.627698,ok
1419082,0006473-73.2025.8.16.9000,36,2,2026-01-08T11:25:56.627698,ok
1419083,0003910-43.2019.8.16.0165,36,2,2026-01-08T11:25:56.627698,ok
1419084,0007014-09.2025.8.16.9000,36,2,2026-01-08T11:25:56.627698,ok
1419085,0002601-50.2025.8.16.9000,36,2,2026-01-08T11:25:56.627698,ok
1419086,0006946-59.2025.8.16.9000,36,2,2026-01-08T11:25:56.627698,ok
1419087,0006988-11.2025.8.16.9000,36,2,2026-01-08T11:25:56.627698,ok
1419088,0002600-65.2025.8.16.9000,36,2,2026-01-08T11:25:56.627698,ok
1419089,0003006-86.2025.8.16.9000,36,2,2026-01-08T11:25:56.627698,ok
1419090,0007220-23.2025.8.16.9000,36,2,2026-01-08T11:25:56.627698,ok
1419091,0002772-07.2025.8.16.9000,36,2,2026-01-08T11:25:56.627698,ok
1419092,0089539-82.2025.8.16.0000,31,2,2026-01-08T11:25:56.627698,ok
1419093,0031679-23.2025.8.16.0001,31,2,2026-01-08T11:25:56.627698,ok
1419094,0024671-44.2025.8.16.0017,31,2,2026-01-08T11:25:56.627698,ok
1419095,0000678-23.2022.8.16.0131,31,2,2026-01-08T11:25:56.627698,ok
1419096,0006587-35.2020.8.16.0028,31,2,2026-01-08T11:25:56.627698,ok
1419097,0007239-63.2022.8.16.0131,31,2,2026-01-08T11:25:56.627698,ok
1419098,0020203-27.2021.8.16.0001,31,2,2026-01-08T11:25:56.627698,ok
1419099,0012181-21.2022.8.16.0170,31,2,2026-01-08T11:25:56.627698,ok
1419100,0085172-15.2025.8.16.0000,31,2,2026-01-08T11:25:56.627698,ok
1419101,0087229-06.2025.8.16.0000,31,2,2026-01-08T11:25:56.627698,ok
1419102,0089548-44.2025.8.16.0000,31,2,2026-01-08T11:25:56.627698,ok
1419103,0075954-60.2025.8.16.0000,31,2,2026-01-08T11:25:56.627698,ok
1419104,0074261-33.2024.8.16.0014,31,2,2026-01-08T11:25:56.627698,ok
1419105,0001433-18.2023.8.16.0000,31,2,2026-01-08T11:25:56.627698,ok
1419106,0000855-28.2024.8.16.0030,31,2,2026-01-08T11:25:56.627698,ok
1419107,0001711-34.2022.8.16.0071,31,2,2026-01-08T11:25:56.627698,ok
1419108,0002788-71.2023.8.16.0159,31,2,2026-01-08T11:25:56.627698,ok
1419109,0012040-61.2018.8.16.0131,31,2,2026-01-08T11:25:56.627698,ok
1419110,0000431-50.2020.8.16.0054,31,2,2026-01-08T11:25:56.627698,ok
1419111,0008078-35.2018.8.16.0194,31,2,2026-01-08T11:25:56.627698,ok
1419112,0083930-21.2025.8.16.0000,31,2,2026-01-08T11:25:56.627698,ok
1419113,0008644-03.2025.8.16.0173,31,2,2026-01-08T11:25:56.627698,ok
1419114,0005868-71.2025.8.16.0030,31,2,2026-01-08T11:25:56.627698,ok
1419115,0049355-84.2025.8.16.0000,31,2,2026-01-08T11:25:56.627698,ok
1419116,0068198-97.2025.8.16.0000,31,2,2026-01-08T11:25:56.627698,ok
1419117,0044423-45.2024.8.16.0014,31,2,2026-01-08T11:25:56.627698,ok
1419118,0009049-45.2023.8.16.0129,31,2,2026-01-08T11:25:56.627698,ok
1419119,0106447-20.2025.8.16.0000,31,2,2026-01-08T11:25:56.627698,ok
1419120,0008994-30.2022.8.16.0194,31,2,2026-01-08T11:25:56.627698,ok
1419121,0017905-53.2017.8.16.0017,31,2,2026-01-08T11:25:56.627698,ok
1419122,0000776-63.2016.8.16.0019,31,2,2026-01-08T11:25:56.627698,ok
1419123,0008338-73.2025.8.16.0160,31,2,2026-01-08T11:25:56.627698,ok
1419124,0014212-34.2025.8.16.0194,31,2,2026-01-08T11:25:56.627698,ok
1419125,0090361-71.2025.8.16.0000,31,2,2026-01-08T11:25:56.627698,ok
1419126,0080030-30.2025.8.16.0000,31,2,2026-01-08T11:25:56.627698,ok
1419127,0085653-75.2025.8.16.0000,31,2,2026-01-08T11:25:56.627698,ok
1419128,0076139-98.2025.8.16.0000,31,2,2026-01-08T11:25:56.627698,ok
1419129,0094784-74.2025.8.16.0000,31,2,2026-01-08T11:25:56.627698,ok
1419130,0065478-60.2025.8.16.0000,31,2,2026-01-08T11:25:56.627698,ok
1419131,0058578-61.2025.8.16.0000,31,2,2026-01-08T11:25:56.627698,ok
1419132,0075914-78.2025.8.16.0000,31,2,2026-01-08T11:25:56.627698,ok
1419133,0006019-43.2025.8.16.0028,31,2,2026-01-08T11:25:56.627698,ok
1419134,0063214-70.2025.8.16.0000,31,2,2026-01-08T11:25:56.627698,ok
1419135,0065444-85.2025.8.16.0000,31,2,2026-01-08T11:25:56.627698,ok
1419136,0077803-67.2025.8.16.0000,31,2,2026-01-08T11:25:56.627698,ok
1419137,0010184-42.2025.8.16.0026,31,2,2026-01-08T11:25:56.627698,ok
1419138,0114597-87.2025.8.16.0000,31,2,2026-01-08T11:25:56.627698,ok
1419139,0000125-76.2025.8.16.0193,31,2,2026-01-08T11:25:56.627698,ok
1419140,0009700-10.2022.8.16.0001,31,2,2026-01-08T11:25:56.627698,ok
1419141,0079812-02.2025.8.16.0000,31,2,2026-01-08T11:25:56.627698,ok
1419142,0139388-23.2025.8.16.0000,46,2,2026-01-08T11:25:56.627698,ok
1419143,0003959-54.2024.8.16.0086,46,2,2026-01-08T11:25:56.627698,ok
1419144,0146933-47.2025.8.16.0000,46,2,2026-01-08T11:25:56.627698,ok
1419145,0147596-93.2025.8.16.0000,46,2,2026-01-08T11:25:56.627698,ok
1419146,0132998-37.2025.8.16.0000,46,2,2026-01-08T11:25:56.627698,ok
1419147,0149718-79.2025.8.16.0000,46,2,2026-01-08T11:25:56.627698,ok
1419148,0149894-58.2025.8.16.0000,46,2,2026-01-08T11:25:56.627698,ok
1419149,0148757-41.2025.8.16.0000,46,2,2026-01-08T11:25:56.627698,ok
1419150,0149622-64.2025.8.16.0000,46,2,2026-01-08T11:25:56.627698,ok
1419151,0146871-07.2025.8.16.0000,46,2,2026-01-08T11:25:56.627698,ok
1419152,0150379-58.2025.8.16.0000,46,2,2026-01-08T11:25:56.627698,ok
1419153,0001943-11.2015.8.16.0162,46,2,2026-01-08T11:25:56.627698,ok
1419154,0001791-41.2022.8.16.0186,46,2,2026-01-08T11:25:56.627698,ok
1419155,0002426-21.2024.8.16.0099,46,2,2026-01-08T11:25:56.627698,ok
1419156,0009148-43.2024.8.16.0173,46,2,2026-01-08T11:25:56.627698,ok
1419157,0002368-18.2024.8.16.0099,46,2,2026-01-08T11:25:56.627698,ok
1419158,0006011-11.2024.8.16.0187,46,2,2026-01-08T11:25:56.627698,ok
1419159,0041841-87.2023.8.16.0182,46,2,2026-01-08T11:25:56.627698,ok
1419160,0008203-92.2025.8.16.0182,46,2,2026-01-08T11:25:56.627698,ok
1419161,0014718-44.2025.8.16.0021,46,2,2026-01-08T11:25:56.627698,ok
1419162,0004726-62.2025.8.16.0117,46,2,2026-01-08T11:25:56.627698,ok
1419163,0015260-71.2025.8.16.0018,46,2,2026-01-08T11:25:56.627698,ok
1419164,0002376-67.2022.8.16.0033,46,2,2026-01-08T11:25:56.627698,ok
1419165,0003968-96.2019.8.16.0019,46,2,2026-01-08T11:25:56.627698,ok
1419166,0045830-04.2023.8.16.0182,46,2,2026-01-08T11:25:56.627698,ok
1419167,0002737-47.2025.8.16.9000,46,2,2026-01-08T11:25:56.627698,ok
1419168,0007608-23.2025.8.16.9000,46,2,2026-01-08T11:25:56.627698,ok
1419169,0016242-42.2025.8.16.0194,43,2,2026-01-08T11:25:56.627698,ok
1419170,0093452-72.2025.8.16.0000,43,2,2026-01-08T11:25:56.627698,ok
1419171,0027808-34.2025.8.16.0017,43,2,2026-01-08T11:25:56.627698,ok
1419172,0149418-20.2025.8.16.0000,43,2,2026-01-08T11:25:56.627698,ok
1419173,0145913-21.2025.8.16.0000,43,2,2026-01-08T11:25:56.627698,ok
1419174,0119767-40.2025.8.16.0000,43,2,2026-01-08T11:25:56.627698,ok
1419175,0061967-54.2025.8.16.0000,43,2,2026-01-08T11:25:56.627698,ok
1419176,0016432-66.2024.8.16.0185,43,2,2026-01-08T11:25:56.627698,ok
1419177,0009424-66.2024.8.16.0014,43,2,2026-01-08T11:25:56.627698,ok
1419178,0020641-97.2024.8.16.0017,43,2,2026-01-08T11:25:56.627698,ok
1419179,0034246-37.2025.8.16.0030,43,2,2026-01-08T11:25:56.627698,ok
1419180,0004856-78.2025.8.16.9000,43,2,2026-01-08T11:25:56.627698,ok
1419181,0002165-36.2024.8.16.0041,43,2,2026-01-08T11:25:56.627698,ok
1419182,0014898-69.2025.8.16.0018,43,2,2026-01-08T11:25:56.627698,ok
1419183,0001780-46.2025.8.16.9000,43,2,2026-01-08T11:25:56.627698,ok
1419184,0001801-14.2025.8.16.0111,39,2,2026-01-08T11:25:56.627698,ok
1419185,0146066-54.2025.8.16.0000,39,2,2026-01-08T11:25:56.627698,ok
1419186,0035993-56.2024.8.16.0030,39,2,2026-01-08T11:25:56.627698,ok
1419187,0058573-73.2025.8.16.0021,39,2,2026-01-08T11:25:56.627698,ok
1419188,0085703-04.2025.8.16.0000,39,2,2026-01-08T11:25:56.627698,ok
1419189,0031546-81.2025.8.16.0000,39,2,2026-01-08T11:25:56.627698,ok
1419190,0054945-42.2025.8.16.0000,39,2,2026-01-08T11:25:56.627698,ok
1419191,0134246-38.2025.8.16.0000,39,2,2026-01-08T11:25:56.627698,ok
1419192,0122327-52.2025.8.16.0000,39,2,2026-01-08T11:25:56.627698,ok
1419193,0093472-63.2025.8.16.0000,39,2,2026-01-08T11:25:56.627698,ok
1419194,0010176-21.2025.8.16.0170,39,2,2026-01-08T11:25:56.627698,ok
1419195,0071588-75.2025.8.16.0000,39,2,2026-01-08T11:25:56.627698,ok
1419196,0087638-79.2025.8.16.0000,39,2,2026-01-08T11:25:56.627698,ok
1419197,0002751-71.2025.8.16.0095,39,2,2026-01-08T11:25:56.627698,ok
1419198,0109246-36.2025.8.16.0000,39,2,2026-01-08T11:25:56.627698,ok
1419199,0032526-68.2025.8.16.0019,39,2,2026-01-08T11:25:56.627698,ok
1419200,0000004-47.2025.8.16.0161,39,2,2026-01-08T11:25:56.627698,ok
1419201,0003065-19.2025.8.16.0159,39,2,2026-01-08T11:25:56.627698,ok
1419202,0005685-17.2025.8.16.0090,39,2,2026-01-08T11:25:56.627698,ok
1419203,0014376-57.2025.8.16.0013,39,2,2026-01-08T11:25:56.627698,ok
1419204,0035564-45.2025.8.16.0001,39,2,2026-01-08T11:25:56.627698,ok
1419205,0075402-95.2025.8.16.0000,39,2,2026-01-08T11:25:56.627698,ok
1419206,0024561-93.2025.8.16.0001,39,2,2026-01-08T11:25:56.627698,ok
1419207,0118034-39.2025.8.16.0000,39,2,2026-01-08T11:25:56.627698,ok
1419208,0129420-66.2025.8.16.0000,39,2,2026-01-08T11:25:56.627698,ok
1419209,0031865-46.2025.8.16.0001,39,2,2026-01-08T11:25:56.627698,ok
1419210,0008941-42.2025.8.16.0130,39,2,2026-01-08T11:25:56.627698,ok
1419211,0118033-54.2025.8.16.0000,39,2,2026-01-08T11:25:56.627698,ok
1419212,0001918-35.2025.8.16.0004,39,2,2026-01-08T11:25:56.627698,ok
1419213,0002065-06.2025.8.16.0087,39,2,2026-01-08T11:25:56.627698,ok
1419214,0001919-20.2025.8.16.0004,39,2,2026-01-08T11:25:56.627698,ok
1419215,0148825-88.2025.8.16.0000,39,2,2026-01-08T11:25:56.627698,ok
1419216,0007231-49.2025.8.16.0174,39,2,2026-01-08T11:25:56.627698,ok
1419217,0006591-46.2025.8.16.0174,39,2,2026-01-08T11:25:56.627698,ok
1419218,0005220-47.2025.8.16.0174,39,2,2026-01-08T11:25:56.627698,ok
1419219,0007113-73.2025.8.16.0174,39,2,2026-01-08T11:25:56.627698,ok
1419220,0005294-04.2025.8.16.0174,39,2,2026-01-08T11:25:56.627698,ok
1419221,0003880-68.2025.8.16.0174,39,2,2026-01-08T11:25:56.627698,ok
1419222,0006637-35.2025.8.16.0174,39,2,2026-01-08T11:25:56.627698,ok
1419223,0013347-33.2025.8.16.0025,39,2,2026-01-08T11:25:56.627698,ok
1419224,0119087-55.2025.8.16.0000,39,2,2026-01-08T11:25:56.627698,ok
1419225,0002308-07.2025.8.16.0068,39,2,2026-01-08T11:25:56.627698,ok
1419226,0021688-26.2025.8.16.0194,39,2,2026-01-08T11:25:56.627698,ok
1419227,0149874-67.2025.8.16.0000,39,2,2026-01-08T11:25:56.627698,ok
1419228,0002053-58.2025.8.16.0162,39,2,2026-01-08T11:25:56.627698,ok
1419229,0011261-68.2025.8.16.0129,39,2,2026-01-08T11:25:56.627698,ok
1419230,0148137-29.2025.8.16.0000,39,2,2026-01-08T11:25:56.627698,ok
1419231,0026763-51.2023.8.16.0021,39,2,2026-01-08T11:25:56.627698,ok
1419232,4001484-91.2025.8.16.0031,39,2,2026-01-08T11:25:56.627698,ok
1419233,0000487-13.2011.8.16.0050,39,2,2026-01-08T11:25:56.627698,ok
1419234,0007556-27.2025.8.16.9000,47,2,2026-01-08T11:25:56.627698,ok
1419235,0007670-63.2025.8.16.9000,47,2,2026-01-08T11:25:56.627698,ok
1419236,0007539-88.2025.8.16.9000,47,2,2026-01-08T11:25:56.627698,ok
1419237,0010915-20.2025.8.16.0129,41,2,2026-01-08T11:25:56.627698,ok
1419238,0071231-53.2025.8.16.0014,41,2,2026-01-08T11:25:56.627698,ok
1419239,0006159-31.2025.8.16.0011,41,2,2026-01-08T11:25:56.627698,ok
1419240,0104398-06.2025.8.16.0000,41,2,2026-01-08T11:25:56.627698,ok
1419241,0013056-69.2025.8.16.0013,41,2,2026-01-08T11:25:56.627698,ok
1419242,0033799-49.2025.8.16.0030,41,2,2026-01-08T11:25:56.627698,ok
1419243,0006992-49.2025.8.16.0011,41,2,2026-01-08T11:25:56.627698,ok
1419244,0116783-83.2025.8.16.0000,41,2,2026-01-08T11:25:56.627698,ok
1419245,0004812-75.2025.8.16.0103,41,2,2026-01-08T11:25:56.627698,ok
1419246,0005024-17.2025.8.16.0097,41,2,2026-01-08T11:25:56.627698,ok
1419247,0033801-19.2025.8.16.0030,41,2,2026-01-08T11:25:56.627698,ok
1419248,0003055-35.2025.8.16.0139,41,2,2026-01-08T11:25:56.627698,ok
1419249,0004074-68.2025.8.16.0077,41,2,2026-01-08T11:25:56.627698,ok
1419250,0002051-71.2025.8.16.0006,41,2,2026-01-08T11:25:56.627698,ok
1419251,0013764-23.2025.8.16.0045,41,2,2026-01-08T11:25:56.627698,ok
1419252,0003054-55.2025.8.16.0105,41,2,2026-01-08T11:25:56.627698,ok
1419253,0130373-30.2025.8.16.0000,41,2,2026-01-08T11:25:56.627698,ok
1419254,0026473-77.2025.8.16.0017,41,2,2026-01-08T11:25:56.627698,ok
1419255,0009009-86.2025.8.16.0034,41,2,2026-01-08T11:25:56.627698,ok
1419256,0018367-84.2025.8.16.0031,41,2,2026-01-08T11:25:56.627698,ok
1419257,0007931-81.2025.8.16.0026,41,2,2026-01-08T11:25:56.627698,ok
1419258,0060184-82.2025.8.16.0014,41,2,2026-01-08T11:25:56.627698,ok
1419259,0014566-20.2025.8.16.0013,41,2,2026-01-08T11:25:56.627698,ok
1419260,0012912-95.2025.8.16.0013,41,2,2026-01-08T11:25:56.627698,ok
1419261,0001118-93.2025.8.16.0040,41,2,2026-01-08T11:25:56.627698,ok
1419262,0006445-11.2025.8.16.0075,41,2,2026-01-08T11:25:56.627698,ok
1419263,0103613-44.2025.8.16.0000,41,2,2026-01-08T11:25:56.627698,ok
1419264,0012913-80.2025.8.16.0013,41,2,2026-01-08T11:25:56.627698,ok
1419265,0002350-58.2025.8.16.0132,41,2,2026-01-08T11:25:56.627698,ok
1419266,0009236-79.2025.8.16.0130,41,2,2026-01-08T11:25:56.627698,ok
1419267,0065322-30.2025.8.16.0014,41,2,2026-01-08T11:25:56.627698,ok
1419268,0117622-11.2025.8.16.0000,41,2,2026-01-08T11:25:56.627698,ok
1419269,0001794-50.2023.8.16.0092,49,2,2026-01-08T11:25:56.627698,ok
1419270,0025216-41.2024.8.16.0182,49,2,2026-01-08T11:25:56.627698,ok
1419271,0007709-60.2025.8.16.9000,49,2,2026-01-08T11:25:56.627698,ok
1419272,0000721-10.2011.8.16.0045,49,2,2026-01-08T11:25:56.627698,ok
1419273,0007697-46.2025.8.16.9000,45,2,2026-01-08T11:25:56.627698,ok
1419274,0003465-69.2024.8.16.0029,45,2,2026-01-08T11:25:56.627698,ok
1419275,0002762-95.2023.8.16.0184,45,2,2026-01-08T11:25:56.627698,ok
1419276,0004512-97.2025.8.16.9000,45,2,2026-01-08T11:25:56.627698,ok
1419277,0004927-80.2025.8.16.9000,45,2,2026-01-08T11:25:56.627698,ok
1419278,0003462-16.2025.8.16.0018,45,2,2026-01-08T11:25:56.627698,ok
1419279,0133567-38.2025.8.16.0000,45,2,2026-01-08T11:25:56.627698,ok
1419280,0136478-23.2025.8.16.0000,45,2,2026-01-08T11:25:56.627698,ok
1419281,0066692-86.2025.8.16.0000,45,2,2026-01-08T11:25:56.627698,ok
1419282,0014927-87.2023.8.16.0019,45,2,2026-01-08T11:25:56.627698,ok
1419283,0026799-32.2024.8.16.0030,45,2,2026-01-08T11:25:56.627698,ok
1419284,4000442-95.2025.8.16.0131,45,2,2026-01-08T11:25:56.627698,ok
1419285,0007096-72.2025.8.16.0130,45,2,2026-01-08T11:25:56.627698,ok
1419286,4001008-90.2024.8.16.0030,45,2,2026-01-08T11:25:56.627698,ok
1419287,0019514-27.2024.8.16.0017,45,2,2026-01-08T11:25:56.627698,ok
1419288,0006652-20.2024.8.16.0083,45,2,2026-01-08T11:25:56.627698,ok
1419289,0006955-77.2024.8.16.0004,45,2,2026-01-08T11:25:56.627698,ok
1419290,0001261-81.2025.8.16.0202,45,2,2026-01-08T11:25:56.627698,ok
1419291,0012276-59.2021.8.16.0017,45,2,2026-01-08T11:25:56.627698,ok
1419292,0000069-03.2002.8.16.0176,45,2,2026-01-08T11:25:56.627698,ok
1419293,0003495-98.2025.8.16.0149,54,2,2026-01-08T11:25:56.627698,ok
1419294,0001988-17.2025.8.16.0145,54,2,2026-01-08T11:25:56.627698,ok
1419295,0003497-68.2025.8.16.0149,54,2,2026-01-08T11:25:56.627698,ok
1419296,0003278-84.2025.8.16.0204,54,2,2026-01-08T11:25:56.627698,ok
1419297,0000109-04.2025.8.16.0200,54,2,2026-01-08T11:25:56.627698,ok
1419298,0003498-53.2025.8.16.0149,54,2,2026-01-08T11:25:56.627698,ok
1419299,0004351-39.2025.8.16.0189,54,2,2026-01-08T11:25:56.627698,ok
1419300,0002367-14.2015.8.16.0175,54,2,2026-01-08T11:25:56.627698,ok
1419301,0000094-67.2009.8.16.0112,54,2,2026-01-08T11:25:56.627698,ok
1419302,0003919-94.2025.8.16.0035,54,2,2026-01-08T11:25:56.627698,ok
1419303,0002707-12.2025.8.16.9000,54,2,2026-01-08T11:25:56.627698,ok
1419304,0002533-29.2025.8.16.0035,56,2,2026-01-08T11:25:56.627698,ok
1419305,0001157-20.2025.8.16.0128,56,2,2026-01-08T11:25:56.627698,ok
1419306,0005488-33.2025.8.16.0035,56,2,2026-01-08T11:25:56.627698,ok
1419307,0002030-89.2023.8.16.0160,56,2,2026-01-08T11:25:56.627698,ok
1419308,0002560-07.2010.8.16.0045,56,2,2026-01-08T11:25:56.627698,ok
1419309,0000749-75.2011.8.16.0045,56,2,2026-01-08T11:25:56.627698,ok
1419310,0000214-77.2010.8.16.0144,56,2,2026-01-08T11:25:56.627698,ok
1419311,0109181-41.2025.8.16.0000,48,2,2026-01-08T11:25:56.627698,ok
1419312,0147392-49.2025.8.16.0000,48,2,2026-01-08T11:25:56.627698,ok
1419313,0071572-24.2025.8.16.0000,48,2,2026-01-08T11:25:56.627698,ok
1419314,0070862-04.2025.8.16.0000,48,2,2026-01-08T11:25:56.627698,ok
1419315,0012809-34.2021.8.16.0044,48,2,2026-01-08T11:25:56.627698,ok
1419316,0149019-88.2025.8.16.0000,48,2,2026-01-08T11:25:56.627698,ok
1419317,0112293-18.2025.8.16.0000,48,2,2026-01-08T11:25:56.627698,ok
1419318,0142903-66.2025.8.16.0000,48,2,2026-01-08T11:25:56.627698,ok
1419319,0135355-87.2025.8.16.0000,48,2,2026-01-08T11:25:56.627698,ok
1419320,0144645-29.2025.8.16.0000,48,2,2026-01-08T11:25:56.627698,ok
1419321,0000829-10.2024.8.16.0069,48,2,2026-01-08T11:25:56.627698,ok
1419322,0013156-46.2025.8.16.0038,48,2,2026-01-08T11:25:56.627698,ok
1419323,0117419-49.2025.8.16.0000,48,2,2026-01-08T11:25:56.627698,ok
1419324,0006024-83.2024.8.16.0001,48,2,2026-01-08T11:25:56.627698,ok
1419325,0082338-39.2025.8.16.0000,48,2,2026-01-08T11:25:56.627698,ok
1419326,0145478-47.2025.8.16.0000,48,2,2026-01-08T11:25:56.627698,ok
1419327,0149429-49.2025.8.16.0000,48,2,2026-01-08T11:25:56.627698,ok
1419328,0001719-18.2022.8.16.0004,48,2,2026-01-08T11:25:56.627698,ok
1419329,0146456-24.2025.8.16.0000,48,2,2026-01-08T11:25:56.627698,ok
1419330,0128702-69.2025.8.16.0000,48,2,2026-01-08T11:25:56.627698,ok
1419331,0010185-64.2024.8.16.0025,48,2,2026-01-08T11:25:56.627698,ok
1419332,0007779-46.2024.8.16.0033,48,2,2026-01-08T11:25:56.627698,ok
1419333,0150061-75.2025.8.16.0000,48,2,2026-01-08T11:25:56.627698,ok
1419334,0101564-30.2025.8.16.0000,48,2,2026-01-08T11:25:56.627698,ok
1419335,0110313-36.2025.8.16.0000,48,2,2026-01-08T11:25:56.627698,ok
1419336,0005471-83.2020.8.16.0160,48,2,2026-01-08T11:25:56.627698,ok
1419337,0002938-93.2025.8.16.0058,48,2,2026-01-08T11:25:56.627698,ok
1419338,0007572-78.2025.8.16.9000,48,2,2026-01-08T11:25:56.627698,ok
1419339,0042465-68.2025.8.16.0182,48,2,2026-01-08T11:25:56.627698,ok
1419340,0002639-40.2025.8.16.0148,48,2,2026-01-08T11:25:56.627698,ok
1419341,0041522-51.2025.8.16.0182,48,2,2026-01-08T11:25:56.627698,ok
1419342,0002481-22.2025.8.16.0071,48,2,2026-01-08T11:25:56.627698,ok
1419343,0001882-68.2025.8.16.9000,48,2,2026-01-08T11:25:56.627698,ok
1419344,0010128-33.2025.8.16.0018,48,2,2026-01-08T11:25:56.627698,ok
1419345,0003057-77.2025.8.16.0018,48,2,2026-01-08T11:25:56.627698,ok
1419346,0008230-93.2024.8.16.0058,48,2,2026-01-08T11:25:56.627698,ok
1419347,0012916-35.2025.8.16.0013,42,2,2026-01-08T11:25:56.627698,ok
1419348,0115360-88.2025.8.16.0000,42,2,2026-01-08T11:25:56.627698,ok
1419349,0006990-79.2025.8.16.0011,42,2,2026-01-08T11:25:56.627698,ok
1419350,0012917-20.2025.8.16.0013,42,2,2026-01-08T11:25:56.627698,ok
1419351,0013763-38.2025.8.16.0045,42,2,2026-01-08T11:25:56.627698,ok
1419352,0120202-14.2025.8.16.0000,42,2,2026-01-08T11:25:56.627698,ok
1419353,0120203-96.2025.8.16.0000,42,2,2026-01-08T11:25:56.627698,ok
1419354,0109250-73.2025.8.16.0000,42,2,2026-01-08T11:25:56.627698,ok
1419355,0007623-97.2020.8.16.0033,42,2,2026-01-08T11:25:56.627698,ok
1419356,0149685-89.2025.8.16.0000,42,2,2026-01-08T11:25:56.627698,ok
1419357,0015191-93.2025.8.16.0194,42,2,2026-01-08T11:25:56.627698,ok
1419358,0066795-93.2025.8.16.0000,42,2,2026-01-08T11:25:56.627698,ok
1419359,0033606-34.2025.8.16.0030,42,2,2026-01-08T11:25:56.627698,ok
1419360,0016269-87.2025.8.16.0044,42,2,2026-01-08T11:25:56.627698,ok
1419361,0016268-05.2025.8.16.0044,42,2,2026-01-08T11:25:56.627698,ok
1419362,0006471-90.2019.8.16.0019,42,2,2026-01-08T11:25:56.627698,ok
1419363,0116519-66.2025.8.16.0000,42,2,2026-01-08T11:25:56.627698,ok
1419364,0145785-98.2025.8.16.0000,42,2,2026-01-08T11:25:56.627698,ok
1419365,0144459-06.2025.8.16.0000,42,2,2026-01-08T11:25:56.627698,ok
1419366,0148117-38.2025.8.16.0000,42,2,2026-01-08T11:25:56.627698,ok
1419367,0116368-03.2025.8.16.0000,42,2,2026-01-08T11:25:56.627698,ok
1419368,0135528-14.2025.8.16.0000,42,2,2026-01-08T11:25:56.627698,ok
1419369,0137741-90.2025.8.16.0000,42,2,2026-01-08T11:25:56.627698,ok
1419370,0142207-30.2025.8.16.0000,42,2,2026-01-08T11:25:56.627698,ok
1419371,0003731-56.2025.8.16.0050,42,2,2026-01-08T11:25:56.627698,ok
1419372,0145153-72.2025.8.16.0000,42,2,2026-01-08T11:25:56.627698,ok
1419373,0111371-74.2025.8.16.0000,42,2,2026-01-08T11:25:56.627698,ok
1419374,0148822-36.2025.8.16.0000,42,2,2026-01-08T11:25:56.627698,ok
1419375,0075076-38.2025.8.16.0000,42,2,2026-01-08T11:25:56.627698,ok
1419376,0148217-90.2025.8.16.0000,42,2,2026-01-08T11:25:56.627698,ok
1419377,0002240-63.2025.8.16.0163,42,2,2026-01-08T11:25:56.627698,ok
1419378,0073261-61.2025.8.16.0014,42,2,2026-01-08T11:25:56.627698,ok
1419379,0112661-27.2025.8.16.0000,42,2,2026-01-08T11:25:56.627698,ok
1419380,0015413-26.2025.8.16.0044,42,2,2026-01-08T11:25:56.627698,ok
1419381,0002577-23.2025.8.16.0108,42,2,2026-01-08T11:25:56.627698,ok
1419382,0029498-49.2025.8.16.0001,42,2,2026-01-08T11:25:56.627698,ok
1419383,0010363-74.2025.8.16.0058,42,2,2026-01-08T11:25:56.627698,ok
1419384,0043330-89.2025.8.16.0021,42,2,2026-01-08T11:25:56.627698,ok
1419385,0106057-50.2025.8.16.0000,42,2,2026-01-08T11:25:56.627698,ok
1419386,0032518-48.2025.8.16.0001,42,2,2026-01-08T11:25:56.627698,ok
1419387,0040005-69.2025.8.16.0001,42,2,2026-01-08T11:25:56.627698,ok
1419388,0072777-46.2025.8.16.0014,42,2,2026-01-08T11:25:56.627698,ok
1419389,0108440-98.2025.8.16.0000,42,2,2026-01-08T11:25:56.627698,ok
1419390,0108227-92.2025.8.16.0000,42,2,2026-01-08T11:25:56.627698,ok
1419391,0112024-76.2025.8.16.0000,42,2,2026-01-08T11:25:56.627698,ok
1419392,0149015-51.2025.8.16.0000,42,2,2026-01-08T11:25:56.627698,ok
1419393,0127995-04.2025.8.16.0000,42,2,2026-01-08T11:25:56.627698,ok
1419394,0135342-88.2025.8.16.0000,42,2,2026-01-08T11:25:56.627698,ok
1419395,0115445-74.2025.8.16.0000,42,2,2026-01-08T11:25:56.627698,ok
1419396,0006841-31.2025.8.16.0190,55,2,2026-01-08T11:25:56.627698,ok
1419397,0012552-03.2025.8.16.0130,55,2,2026-01-08T11:25:56.627698,ok
1419398,0005823-03.2025.8.16.0116,55,2,2026-01-08T11:25:56.627698,ok
1419399,0003004-25.2025.8.16.0074,55,2,2026-01-08T11:25:56.627698,ok
1419400,0078913-59.2025.8.16.0014,55,2,2026-01-08T11:25:56.627698,ok
1419401,0010813-95.2025.8.16.0129,55,2,2026-01-08T11:25:56.627698,ok
1419402,0002590-90.2025.8.16.0053,55,2,2026-01-08T11:25:56.627698,ok
1419403,0002591-75.2025.8.16.0053,55,2,2026-01-08T11:25:56.627698,ok
1419404,0005149-84.2025.8.16.0064,55,2,2026-01-08T11:25:56.627698,ok
1419405,0002636-79.2025.8.16.0053,55,2,2026-01-08T11:25:56.627698,ok
1419406,0002634-12.2025.8.16.0053,55,2,2026-01-08T11:25:56.627698,ok
1419407,0002633-27.2025.8.16.0053,55,2,2026-01-08T11:25:56.627698,ok
1419408,0006290-73.2025.8.16.0021,57,2,2026-01-08T11:25:56.627698,ok
1419409,0052144-27.2024.8.16.0021,57,2,2026-01-08T11:25:56.627698,ok
1419410,0013697-16.2024.8.16.0038,57,2,2026-01-08T11:25:56.627698,ok
1419411,0006329-02.2025.8.16.9000,61,2,2026-01-08T11:25:56.627698,ok
1419412,0002588-51.2025.8.16.9000,61,2,2026-01-08T11:25:56.627698,ok
1419413,0001675-39.2024.8.16.0162,58,2,2026-01-08T11:25:56.627698,ok
1419414,0072141-17.2024.8.16.0014,58,2,2026-01-08T11:25:56.627698,ok
1419415,0007658-49.2025.8.16.9000,58,2,2026-01-08T11:25:56.627698,ok
1419416,0001151-35.2024.8.16.0132,58,2,2026-01-08T11:25:56.627698,ok
1419417,0014637-04.2025.8.16.0019,58,2,2026-01-08T11:25:56.627698,ok
1419418,0007559-79.2025.8.16.9000,58,2,2026-01-08T11:25:56.627698,ok
1419419,0009320-24.2024.8.16.0160,58,2,2026-01-08T11:25:56.627698,ok
1419420,0004576-87.2025.8.16.0018,58,2,2026-01-08T11:25:56.627698,ok
1419421,0008612-06.2020.8.16.0033,58,2,2026-01-08T11:25:56.627698,ok
1419422,0007659-34.2025.8.16.9000,58,2,2026-01-08T11:25:56.627698,ok
1419423,0016236-75.2025.8.16.0019,58,2,2026-01-08T11:25:56.627698,ok
1419424,0000782-97.2024.8.16.0081,58,2,2026-01-08T11:25:56.627698,ok
1419425,0003706-40.2024.8.16.0030,58,2,2026-01-08T11:25:56.627698,ok
1419426,0037689-25.2025.8.16.0182,58,2,2026-01-08T11:25:56.627698,ok
1419427,0006521-63.2024.8.16.0174,58,2,2026-01-08T11:25:56.627698,ok
1419428,0000166-68.2009.8.16.0075,58,2,2026-01-08T11:25:56.627698,ok
1419429,0005201-83.2016.8.16.0165,58,2,2026-01-08T11:25:56.627698,ok
1419430,0025711-90.2023.8.16.0030,58,2,2026-01-08T11:25:56.627698,ok
1419431,0144548-29.2025.8.16.0000,50,2,2026-01-08T11:25:56.627698,ok
1419432,0149957-83.2025.8.16.0000,50,2,2026-01-08T11:25:56.627698,ok
1419433,0149949-09.2025.8.16.0000,50,2,2026-01-08T11:25:56.627698,ok
1419434,0067173-83.2024.8.16.0000,50,2,2026-01-08T11:25:56.627698,ok
1419435,0142462-85.2025.8.16.0000,50,2,2026-01-08T11:25:56.627698,ok
1419436,0102527-38.2025.8.16.0000,50,2,2026-01-08T11:25:56.627698,ok
1419437,0081735-63.2025.8.16.0000,50,2,2026-01-08T11:25:56.627698,ok
1419438,0045733-94.2025.8.16.0000,50,2,2026-01-08T11:25:56.627698,ok
1419439,0069785-57.2025.8.16.0000,50,2,2026-01-08T11:25:56.627698,ok
1419440,0102931-26.2024.8.16.0000,50,2,2026-01-08T11:25:56.627698,ok
1419441,0147155-15.2025.8.16.0000,50,2,2026-01-08T11:25:56.627698,ok
1419442,0138803-68.2025.8.16.0000,50,2,2026-01-08T11:25:56.627698,ok
1419443,0043962-81.2025.8.16.0000,50,2,2026-01-08T11:25:56.627698,ok
1419444,0010636-30.2025.8.16.0001,50,2,2026-01-08T11:25:56.627698,ok
1419445,0005538-26.2009.8.16.0001,50,2,2026-01-08T11:25:56.627698,ok
1419446,0007260-95.2009.8.16.0001,50,2,2026-01-08T11:25:56.627698,ok
1419447,0008687-20.2024.8.16.0190,50,2,2026-01-08T11:25:56.627698,ok
1419448,0005731-36.2023.8.16.0038,50,2,2026-01-08T11:25:56.627698,ok
1419449,0007007-39.2020.8.16.0190,50,2,2026-01-08T11:25:56.627698,ok
1419450,0006601-42.2025.8.16.0190,50,2,2026-01-08T11:25:56.627698,ok
1419451,0006731-80.2025.8.16.0174,50,2,2026-01-08T11:25:56.627698,ok
1419452,0003248-33.2023.8.16.0038,50,2,2026-01-08T11:25:56.627698,ok
1419453,0008249-62.2022.8.16.0190,50,2,2026-01-08T11:25:56.627698,ok
1419454,0026347-27.2025.8.16.0017,50,2,2026-01-08T11:25:56.627698,ok
1419455,0002098-92.2025.8.16.0055,50,2,2026-01-08T11:25:56.627698,ok
1419456,0071622-08.2025.8.16.0014,50,2,2026-01-08T11:25:56.627698,ok
1419457,0009815-30.2025.8.16.0129,50,2,2026-01-08T11:25:56.627698,ok
1419458,0001127-96.2025.8.16.0091,50,2,2026-01-08T11:25:56.627698,ok
1419459,0117730-40.2025.8.16.0000,50,2,2026-01-08T11:25:56.627698,ok
1419460,0069257-78.2025.8.16.0014,50,2,2026-01-08T11:25:56.627698,ok
1419461,0003510-48.2025.8.16.0123,50,2,2026-01-08T11:25:56.627698,ok
1419462,0114678-36.2025.8.16.0000,50,2,2026-01-08T11:25:56.627698,ok
1419463,0114680-06.2025.8.16.0000,50,2,2026-01-08T11:25:56.627698,ok
1419464,0010988-86.2025.8.16.0033,50,2,2026-01-08T11:25:56.627698,ok
1419465,0020001-09.2024.8.16.0013,50,2,2026-01-08T11:25:56.627698,ok
1419466,0007352-80.2025.8.16.9000,62,2,2026-01-08T11:25:56.627698,ok
1419467,0020573-32.2025.8.16.0044,62,2,2026-01-08T11:25:56.627698,ok
1419468,0007404-76.2025.8.16.9000,62,2,2026-01-08T11:25:56.627698,ok
1419469,0007278-26.2025.8.16.9000,62,2,2026-01-08T11:25:56.627698,ok
1419470,0007382-18.2025.8.16.9000,62,2,2026-01-08T11:25:56.627698,ok
1419471,0004074-51.2025.8.16.0018,62,2,2026-01-08T11:25:56.627698,ok
1419472,0003241-53.2025.8.16.9000,62,2,2026-01-08T11:25:56.627698,ok
1419473,0007330-22.2025.8.16.9000,62,2,2026-01-08T11:25:56.627698,ok
1419474,0005557-39.2025.8.16.9000,62,2,2026-01-08T11:25:56.627698,ok
1419475,0002133-10.2010.8.16.0045,62,2,2026-01-08T11:25:56.627698,ok
1419476,0007568-41.2025.8.16.9000,62,2,2026-01-08T11:25:56.627698,ok
1419477,0003616-56.2025.8.16.0140,62,2,2026-01-08T11:25:56.627698,ok
1419478,0000907-34.2021.8.16.0093,62,2,2026-01-08T11:25:56.627698,ok
1419479,0003098-74.2015.8.16.0089,62,2,2026-01-08T11:25:56.627698,ok
1419480,0012997-76.2024.8.16.0026,62,2,2026-01-08T11:25:56.627698,ok
1419481,0000766-15.2011.8.16.0174,62,2,2026-01-08T11:25:56.627698,ok
1419482,0001737-67.2025.8.16.0187,62,2,2026-01-08T11:25:56.627698,ok
1419483,0001018-67.2010.8.16.0072,62,2,2026-01-08T11:25:56.627698,ok
1419484,0025744-46.2022.8.16.0182,62,2,2026-01-08T11:25:56.627698,ok
1419485,0017842-42.2022.8.16.0182,62,2,2026-01-08T11:25:56.627698,ok
1419486,0005213-58.2025.8.16.9000,59,2,2026-01-08T11:25:56.627698,ok
1419487,0020258-75.2025.8.16.0182,59,2,2026-01-08T11:25:56.627698,ok
1419488,0014921-47.2023.8.16.0030,59,2,2026-01-08T11:25:56.627698,ok
1419489,0015175-22.2024.8.16.0018,59,2,2026-01-08T11:25:56.627698,ok
1419490,0000978-62.2025.8.16.0136,59,2,2026-01-08T11:25:56.627698,ok
1419491,0000715-34.2025.8.16.0167,59,2,2026-01-08T11:25:56.627698,ok
1419492,0002638-76.2025.8.16.0141,59,2,2026-01-08T11:25:56.627698,ok
1419493,0032018-26.2024.8.16.0030,59,2,2026-01-08T11:25:56.627698,ok
1419494,0002234-91.2024.8.16.0195,59,2,2026-01-08T11:25:56.627698,ok
1419495,0006293-95.2025.8.16.0031,59,2,2026-01-08T11:25:56.627698,ok
1419496,0002829-56.2025.8.16.0098,59,2,2026-01-08T11:25:56.627698,ok
1419497,0012526-84.2024.8.16.0018,59,2,2026-01-08T11:25:56.627698,ok
1419498,0034445-23.2024.8.16.0021,59,2,2026-01-08T11:25:56.627698,ok
1419499,0006409-29.2024.8.16.0034,59,2,2026-01-08T11:25:56.627698,ok
1419500,0015249-47.2022.8.16.0018,59,2,2026-01-08T11:25:56.627698,ok
1419501,0000950-65.2024.8.16.0060,59,2,2026-01-08T11:25:56.627698,ok
1419502,0005117-40.2024.8.16.0153,59,2,2026-01-08T11:25:56.627698,ok
1419503,0000897-21.2025.8.16.0102,59,2,2026-01-08T11:25:56.627698,ok
1419504,0001776-35.2025.8.16.0035,59,2,2026-01-08T11:25:56.627698,ok
1419505,0001197-62.2024.8.16.0184,59,2,2026-01-08T11:25:56.627698,ok
1419506,0012141-24.2025.8.16.0044,59,2,2026-01-08T11:25:56.627698,ok
1419507,0004662-59.2024.8.16.0029,59,2,2026-01-08T11:25:56.627698,ok
1419508,0066514-32.2024.8.16.0014,59,2,2026-01-08T11:25:56.627698,ok
1419509,0000634-13.2025.8.16.0191,59,2,2026-01-08T11:25:56.627698,ok
1419510,0003365-45.2023.8.16.0031,59,2,2026-01-08T11:25:56.627698,ok
1419511,0003747-62.2024.8.16.0141,59,2,2026-01-08T11:25:56.627698,ok
1419512,0007673-37.2021.8.16.0018,59,2,2026-01-08T11:25:56.627698,ok
1419513,0000363-85.2025.8.16.0164,59,2,2026-01-08T11:25:56.627698,ok
1419514,0003833-32.2025.8.16.0130,51,2,2026-01-08T11:25:56.627698,ok
1419515,0006147-52.2025.8.16.0064,51,2,2026-01-08T11:25:56.627698,ok
1419516,0002958-97.2025.8.16.0086,51,2,2026-01-08T11:25:56.627698,ok
1419517,0104802-57.2025.8.16.0000,51,2,2026-01-08T11:25:56.627698,ok
1419518,0091810-64.2025.8.16.0000,51,2,2026-01-08T11:25:56.627698,ok
1419519,0011892-49.2024.8.16.0031,51,2,2026-01-08T11:25:56.627698,ok
1419520,0011971-28.2024.8.16.0031,51,2,2026-01-08T11:25:56.627698,ok
1419521,0057225-41.2025.8.16.0014,51,2,2026-01-08T11:25:56.627698,ok
1419522,0003771-38.2025.8.16.0050,51,2,2026-01-08T11:25:56.627698,ok
1419523,0001906-65.2025.8.16.0054,51,2,2026-01-08T11:25:56.627698,ok
1419524,0003722-50.2025.8.16.0194,51,2,2026-01-08T11:25:56.627698,ok
1419525,0001199-09.2025.8.16.0051,51,2,2026-01-08T11:25:56.627698,ok
1419526,0004639-86.2022.8.16.0190,51,2,2026-01-08T11:25:56.627698,ok
1419527,0000571-88.2025.8.16.0190,51,2,2026-01-08T11:25:56.627698,ok
1419528,0006783-09.2017.8.16.0190,51,2,2026-01-08T11:25:56.627698,ok
1419529,0005469-57.2019.8.16.0190,51,2,2026-01-08T11:25:56.627698,ok
1419530,0002806-14.2025.8.16.0130,51,2,2026-01-08T11:25:56.627698,ok
1419531,0014669-27.2025.8.16.0013,51,2,2026-01-08T11:25:56.627698,ok
1419532,0014670-12.2025.8.16.0013,51,2,2026-01-08T11:25:56.627698,ok
1419533,0010472-56.2025.8.16.0004,51,2,2026-01-08T11:25:56.627698,ok
1419534,0002386-35.2024.8.16.0068,51,2,2026-01-08T11:25:56.627698,ok
1419535,0149815-79.2025.8.16.0000,51,2,2026-01-08T11:25:56.627698,ok
1419536,0149379-23.2025.8.16.0000,51,2,2026-01-08T11:25:56.627698,ok
1419537,0005476-87.2024.8.16.0056,51,2,2026-01-08T11:25:56.627698,ok
1419538,0150338-91.2025.8.16.0000,51,2,2026-01-08T11:25:56.627698,ok
1419539,0147607-25.2025.8.16.0000,51,2,2026-01-08T11:25:56.627698,ok
1419540,0014512-52.2024.8.16.0025,51,2,2026-01-08T11:25:56.627698,ok
1419541,0148920-21.2025.8.16.0000,51,2,2026-01-08T11:25:56.627698,ok
1419542,0149394-89.2025.8.16.0000,51,2,2026-01-08T11:25:56.627698,ok
1419543,0149796-73.2025.8.16.0000,51,2,2026-01-08T11:25:56.627698,ok
1419544,0012505-31.2025.8.16.0194,51,2,2026-01-08T11:25:56.627698,ok
1419545,0132381-77.2025.8.16.0000,51,2,2026-01-08T11:25:56.627698,ok
1419546,0009061-22.2024.8.16.0130,51,2,2026-01-08T11:25:56.627698,ok
1419547,0007935-02.2024.8.16.0173,51,2,2026-01-08T11:25:56.627698,ok
1419548,0040496-16.2025.8.16.0021,51,2,2026-01-08T11:25:56.627698,ok
1419549,0079361-74.2025.8.16.0000,51,2,2026-01-08T11:25:56.627698,ok
1419550,0145743-49.2025.8.16.0000,51,2,2026-01-08T11:25:56.627698,ok
1419551,0134864-80.2025.8.16.0000,51,2,2026-01-08T11:25:56.627698,ok
1419552,0140429-25.2025.8.16.0000,51,2,2026-01-08T11:25:56.627698,ok
1419553,0001359-27.2024.8.16.0194,51,2,2026-01-08T11:25:56.627698,ok
1419554,0010366-24.2016.8.16.0000,51,2,2026-01-08T11:25:56.627698,ok
1419555,0010366-24.2016.8.16.0000,51,2,2026-01-08T11:25:56.627698,ok
1419556,0017078-17.2022.8.16.0001,51,2,2026-01-08T11:25:56.627698,ok
1419557,0009006-41.2022.8.16.0001,51,2,2026-01-08T11:25:56.627698,ok
1419558,0009006-41.2022.8.16.0001,51,2,2026-01-08T11:25:56.627698,ok
1419559,0001359-27.2024.8.16.0194,51,2,2026-01-08T11:25:56.627698,ok
1419560,0145883-83.2025.8.16.0000,51,2,2026-01-08T11:25:56.627698,ok
1419561,0017078-17.2022.8.16.0001,51,2,2026-01-08T11:25:56.627698,ok
1419562,0004188-98.2024.8.16.0058,60,2,2026-01-08T11:25:56.627698,ok
1419563,0000905-09.2024.8.16.0142,60,2,2026-01-08T11:25:56.627698,ok
1419564,0003503-24.2025.8.16.0069,60,2,2026-01-08T11:25:56.627698,ok
1419565,0003534-37.2024.8.16.0018,60,2,2026-01-08T11:25:56.627698,ok
1419566,0000059-22.2025.8.16.0056,60,2,2026-01-08T11:25:56.627698,ok
1419567,0002486-06.2025.8.16.0019,60,2,2026-01-08T11:25:56.627698,ok
1419568,0045367-28.2024.8.16.0182,60,2,2026-01-08T11:25:56.627698,ok
1419569,0003006-93.2024.8.16.0182,60,2,2026-01-08T11:25:56.627698,ok
1419570,0001327-17.2024.8.16.0131,60,2,2026-01-08T11:25:56.627698,ok
1419571,0000340-96.2025.8.16.0049,60,2,2026-01-08T11:25:56.627698,ok
1419572,0026192-33.2025.8.16.0014,60,2,2026-01-08T11:25:56.627698,ok
1419573,0001417-15.2025.8.16.0026,60,2,2026-01-08T11:25:56.627698,ok
1419574,0002721-34.2023.8.16.0086,60,2,2026-01-08T11:25:56.627698,ok
1419575,0004718-91.2025.8.16.0018,60,2,2026-01-08T11:25:56.627698,ok
1419576,0000421-44.2024.8.16.0093,60,2,2026-01-08T11:25:56.627698,ok
1419577,0001199-50.2025.8.16.0102,60,2,2026-01-08T11:25:56.627698,ok
1419578,0003337-49.2024.8.16.0029,60,2,2026-01-08T11:25:56.627698,ok
1419579,0000398-30.2025.8.16.0072,60,2,2026-01-08T11:25:56.627698,ok
1419580,0011818-12.2025.8.16.0014,60,2,2026-01-08T11:25:56.627698,ok
1419581,0005367-48.2024.8.16.0129,60,2,2026-01-08T11:25:56.627698,ok
1419582,0019954-20.2024.8.16.0018,60,2,2026-01-08T11:25:56.627698,ok
1419583,0035409-22.2024.8.16.0019,60,2,2026-01-08T11:25:56.627698,ok
1419584,0016789-81.2024.8.16.0044,60,2,2026-01-08T11:25:56.627698,ok
1419585,0003980-43.2025.8.16.0038,60,2,2026-01-08T11:25:56.627698,ok
1419586,0015218-93.2024.8.16.0038,60,2,2026-01-08T11:25:56.627698,ok
1419587,0015292-50.2024.8.16.0038,60,2,2026-01-08T11:25:56.627698,ok
1419588,0000515-26.2025.8.16.0038,60,2,2026-01-08T11:25:56.627698,ok
1419589,0015293-35.2024.8.16.0038,60,2,2026-01-08T11:25:56.627698,ok
1419590,0002250-46.2024.8.16.0130,60,2,2026-01-08T11:25:56.627698,ok
1419591,0002864-63.2024.8.16.0029,60,2,2026-01-08T11:25:56.627698,ok
1419592,0037397-72.2024.8.16.0021,60,2,2026-01-08T11:25:56.627698,ok
1419593,0000603-04.2025.8.16.0058,60,2,2026-01-08T11:25:56.627698,ok
1419594,0001945-23.2007.8.16.0077,60,2,2026-01-08T11:25:56.627698,ok
1419595,0020559-63.2024.8.16.0018,60,2,2026-01-08T11:25:56.627698,ok
1419596,0134480-20.2025.8.16.0000,53,2,2026-01-08T11:25:56.627698,ok
1419597,0127332-55.2025.8.16.0000,53,2,2026-01-08T11:25:56.627698,ok
1419598,0131441-15.2025.8.16.0000,53,2,2026-01-08T11:25:56.627698,ok
1419599,0109018-61.2025.8.16.0000,53,2,2026-01-08T11:25:56.627698,ok
1419600,0127029-41.2025.8.16.0000,53,2,2026-01-08T11:25:56.627698,ok
1419601,0123349-48.2025.8.16.0000,53,2,2026-01-08T11:25:56.627698,ok
1419602,0121382-65.2025.8.16.0000,53,2,2026-01-08T11:25:56.627698,ok
1419603,0126788-67.2025.8.16.0000,53,2,2026-01-08T11:25:56.627698,ok
1419604,0004543-88.2024.8.16.0194,53,2,2026-01-08T11:25:56.627698,ok
1419605,0030546-14.2023.8.16.0001,53,2,2026-01-08T11:25:56.627698,ok
1419606,0112997-31.2025.8.16.0000,53,2,2026-01-08T11:25:56.627698,ok
1419607,0106246-28.2025.8.16.0000,53,2,2026-01-08T11:25:56.627698,ok
1419608,0138664-19.2025.8.16.0000,53,2,2026-01-08T11:25:56.627698,ok
1419609,0132897-97.2025.8.16.0000,53,2,2026-01-08T11:25:56.627698,ok
1419610,0137283-73.2025.8.16.0000,53,2,2026-01-08T11:25:56.627698,ok
1419611,0143519-41.2025.8.16.0000,53,2,2026-01-08T11:25:56.627698,ok
1419612,0138816-67.2025.8.16.0000,53,2,2026-01-08T11:25:56.627698,ok
1419613,0123324-35.2025.8.16.0000,53,2,2026-01-08T11:25:56.627698,ok
1419614,0138001-70.2025.8.16.0000,53,2,2026-01-08T11:25:56.627698,ok
1419615,0134123-40.2025.8.16.0000,53,2,2026-01-08T11:25:56.627698,ok
1419616,0124702-26.2025.8.16.0000,53,2,2026-01-08T11:25:56.627698,ok
1419617,0036109-04.2014.8.16.0001,53,2,2026-01-08T11:25:56.627698,ok
1419618,0052772-45.2025.8.16.0000,53,2,2026-01-08T11:25:56.627698,ok
1419619,0112974-85.2025.8.16.0000,53,2,2026-01-08T11:25:56.627698,ok
1419620,0109727-96.2025.8.16.0000,53,2,2026-01-08T11:25:56.627698,ok
1419621,0111027-93.2025.8.16.0000,53,2,2026-01-08T11:25:56.627698,ok
1419622,0100808-21.2025.8.16.0000,53,2,2026-01-08T11:25:56.627698,ok
1419623,0113021-59.2025.8.16.0000,53,2,2026-01-08T11:25:56.627698,ok
1419624,0000088-54.2022.8.16.0096,53,2,2026-01-08T11:25:56.627698,ok
1419625,0006859-42.2025.8.16.0064,53,2,2026-01-08T11:25:56.627698,ok
1419626,0039316-68.2025.8.16.0019,53,2,2026-01-08T11:25:56.627698,ok
1419627,0006858-57.2025.8.16.0064,53,2,2026-01-08T11:25:56.627698,ok
1419628,0002639-34.2025.8.16.0053,53,2,2026-01-08T11:25:56.627698,ok
1419629,0002641-04.2025.8.16.0053,53,2,2026-01-08T11:25:56.627698,ok
1419630,0002640-19.2025.8.16.0053,53,2,2026-01-08T11:25:56.627698,ok
1419631,0043163-78.2025.8.16.0019,53,2,2026-01-08T11:25:56.627698,ok
1419632,0011742-31.2025.8.16.0129,53,2,2026-01-08T11:25:56.627698,ok
1419633,0002638-49.2025.8.16.0053,53,2,2026-01-08T11:25:56.627698,ok
1419634,0010195-57.2025.8.16.0160,53,2,2026-01-08T11:25:56.627698,ok
1419635,0003496-83.2025.8.16.0149,53,2,2026-01-08T11:25:56.627698,ok
1419636,0020622-73.2025.8.16.0044,53,2,2026-01-08T11:25:56.627698,ok
1419637,0020635-72.2025.8.16.0044,53,2,2026-01-08T11:25:56.627698,ok
1419638,0054484-07.2025.8.16.0021,53,2,2026-01-08T11:25:56.627698,ok
1419639,0002637-64.2025.8.16.0053,53,2,2026-01-08T11:25:56.627698,ok
1419640,0024857-13.2025.8.16.0035,53,2,2026-01-08T11:25:56.627698,ok
1419641,0020634-87.2025.8.16.0044,53,2,2026-01-08T11:25:56.627698,ok
1419642,0050944-48.2025.8.16.0021,53,2,2026-01-08T11:25:56.627698,ok
1419643,0019919-45.2025.8.16.0044,53,2,2026-01-08T11:25:56.627698,ok
1419644,0019902-09.2025.8.16.0044,53,2,2026-01-08T11:25:56.627698,ok
1419645,0145457-71.2025.8.16.0000,52,2,2026-01-08T11:25:56.627698,ok
1419646,0145457-71.2025.8.16.0000,52,2,2026-01-08T11:25:56.627698,ok
1419647,0011667-61.2020.8.16.0001,52,2,2026-01-08T11:25:56.627698,ok
1419648,0011667-61.2020.8.16.0001,52,2,2026-01-08T11:25:56.627698,ok
1419649,0035240-92.2025.8.16.0021,52,2,2026-01-08T11:25:56.627698,ok
1419650,0035240-92.2025.8.16.0021,52,2,2026-01-08T11:25:56.627698,ok
1419651,0108551-82.2025.8.16.0000,52,2,2026-01-08T11:25:56.627698,ok
1419652,0108551-82.2025.8.16.0000,52,2,2026-01-08T11:25:56.627698,ok
1419653,0147789-11.2025.8.16.0000,52,2,2026-01-08T11:25:56.627698,ok
1419654,0147789-11.2025.8.16.0000,52,2,2026-01-08T11:25:56.627698,ok
1419655,0144358-66.2025.8.16.0000,52,2,2026-01-08T11:25:56.627698,ok
1419656,0073446-44.2025.8.16.0000,52,2,2026-01-08T11:25:56.627698,ok
1419657,0073446-44.2025.8.16.0000,52,2,2026-01-08T11:25:56.627698,ok
1419658,0144358-66.2025.8.16.0000,52,2,2026-01-08T11:25:56.627698,ok
1419659,0141484-11.2025.8.16.0000,52,2,2026-01-08T11:25:56.627698,ok
1419660,0141071-95.2025.8.16.0000,52,2,2026-01-08T11:25:56.627698,ok
1419661,0144024-32.2025.8.16.0000,52,2,2026-01-08T11:25:56.627698,ok
1419662,0126634-49.2025.8.16.0000,52,2,2026-01-08T11:25:56.627698,ok
1419663,0123025-58.2025.8.16.0000,52,2,2026-01-08T11:25:56.627698,ok
1419664,0098778-13.2025.8.16.0000,52,2,2026-01-08T11:25:56.627698,ok
1419665,0101890-87.2025.8.16.0000,52,2,2026-01-08T11:25:56.627698,ok
1419666,0001321-37.2019.8.16.0017,52,2,2026-01-08T11:25:56.627698,ok
1419667,0087037-73.2025.8.16.0000,52,2,2026-01-08T11:25:56.627698,ok
1419668,0012930-36.2017.8.16.0001,52,2,2026-01-08T11:25:56.627698,ok
1419669,0132273-48.2025.8.16.0000,52,2,2026-01-08T11:25:56.627698,ok
1419670,0139468-84.2025.8.16.0000,52,2,2026-01-08T11:25:56.627698,ok
1419671,0141758-72.2025.8.16.0000,52,2,2026-01-08T11:25:56.627698,ok
1419672,0134270-66.2025.8.16.0000,52,2,2026-01-08T11:25:56.627698,ok
1419673,0137593-79.2025.8.16.0000,52,2,2026-01-08T11:25:56.627698,ok
1419674,0134719-24.2025.8.16.0000,52,2,2026-01-08T11:25:56.627698,ok
1419675,0138591-47.2025.8.16.0000,52,2,2026-01-08T11:25:56.627698,ok
1419676,0135677-10.2025.8.16.0000,52,2,2026-01-08T11:25:56.627698,ok
1419677,0138733-51.2025.8.16.0000,52,2,2026-01-08T11:25:56.627698,ok
1419678,0142964-24.2025.8.16.0000,52,2,2026-01-08T11:25:56.627698,ok
1419679,0136571-83.2025.8.16.0000,52,2,2026-01-08T11:25:56.627698,ok
1419680,0002935-55.2024.8.16.0097,52,2,2026-01-08T11:25:56.627698,ok
1419681,0139782-30.2025.8.16.0000,52,2,2026-01-08T11:25:56.627698,ok
1419682,0127120-34.2025.8.16.0000,52,2,2026-01-08T11:25:56.627698,ok
1419683,0118247-45.2025.8.16.0000,52,2,2026-01-08T11:25:56.627698,ok
1419684,0119558-71.2025.8.16.0000,52,2,2026-01-08T11:25:56.627698,ok
1419685,0118528-98.2025.8.16.0000,52,2,2026-01-08T11:25:56.627698,ok
1419686,0140087-14.2025.8.16.0000,52,2,2026-01-08T11:25:56.627698,ok
1419687,0120629-11.2025.8.16.0000,52,2,2026-01-08T11:25:56.627698,ok
1419688,0119909-44.2025.8.16.0000,52,2,2026-01-08T11:25:56.627698,ok
1419689,0124938-75.2025.8.16.0000,52,2,2026-01-08T11:25:56.627698,ok
1419690,0121760-21.2025.8.16.0000,52,2,2026-01-08T11:25:56.627698,ok
1419691,0135681-47.2025.8.16.0000,52,2,2026-01-08T11:25:56.627698,ok
1419692,0121958-58.2025.8.16.0000,52,2,2026-01-08T11:25:56.627698,ok
1419693,0132892-75.2025.8.16.0000,52,2,2026-01-08T11:25:56.627698,ok
1419694,0030536-77.2021.8.16.0182,63,2,2026-01-08T11:25:56.627698,ok
1419695,0005535-78.2025.8.16.9000,63,2,2026-01-08T11:25:56.627698,ok
1419696,0007169-12.2025.8.16.9000,63,2,2026-01-08T11:25:56.627698,ok
1419697,0000620-38.2008.8.16.0122,63,2,2026-01-08T11:25:56.627698,ok
1419698,0001329-97.2025.8.16.0180,63,2,2026-01-08T11:25:56.627698,ok
1419699,0000668-92.2024.8.16.0200,63,2,2026-01-08T11:25:56.627698,ok
1419700,0006191-52.2025.8.16.0038,63,2,2026-01-08T11:25:56.627698,ok
1419701,0000201-40.2025.8.16.0019,63,2,2026-01-08T11:25:56.627698,ok
1419702,0001348-60.2025.8.16.0162,63,2,2026-01-08T11:25:56.627698,ok
1419703,0002229-76.2025.8.16.0149,63,2,2026-01-08T11:25:56.627698,ok
1419704,0026445-02.2025.8.16.0182,63,2,2026-01-08T11:25:56.627698,ok
1419705,0000936-96.2025.8.16.9000,63,2,2026-01-08T11:25:56.627698,ok
1419706,0002280-87.2025.8.16.0149,63,2,2026-01-08T11:25:56.627698,ok
1419707,0019079-43.2024.8.16.0182,63,2,2026-01-08T11:25:56.627698,ok
1419708,0001364-14.2025.8.16.0162,63,2,2026-01-08T11:25:56.627698,ok
1419709,0067784-91.2024.8.16.0014,63,2,2026-01-08T11:25:56.627698,ok
1419710,0029313-55.2024.8.16.0030,63,2,2026-01-08T11:25:56.627698,ok
1419711,0002761-07.2023.8.16.0089,63,2,2026-01-08T11:25:56.627698,ok
1419712,0001218-22.2022.8.16.0018,63,2,2026-01-08T11:25:56.627698,ok
1419713,0004123-04.2025.8.16.0209,63,2,2026-01-08T11:25:56.627698,ok
1419714,0007464-49.2023.8.16.0131,63,2,2026-01-08T11:25:56.627698,ok
1419715,0000301-73.2023.8.16.0048,63,2,2026-01-08T11:25:56.627698,ok
1419716,0014018-70.2025.8.16.0182,63,2,2026-01-08T11:25:56.627698,ok
1419717,0021512-73.2024.8.16.0035,63,2,2026-01-08T11:25:56.627698,ok
1419718,0002012-98.2024.8.16.0074,63,2,2026-01-08T11:25:56.627698,ok
1419719,0004124-86.2025.8.16.0209,63,2,2026-01-08T11:25:56.627698,ok
1419720,0001190-65.2024.8.16.0024,63,2,2026-01-08T11:25:56.627698,ok
1419721,0000639-31.2022.8.16.0097,63,2,2026-01-08T11:25:56.627698,ok
1419722,0002115-62.2023.8.16.0132,63,2,2026-01-08T11:25:56.627698,ok
1419723,0000498-53.2024.8.16.0190,63,2,2026-01-08T11:25:56.627698,ok
1419724,0053902-28.2025.8.16.0014,63,2,2026-01-08T11:25:56.627698,ok
1419725,0000499-38.2024.8.16.0093,63,2,2026-01-08T11:25:56.627698,ok
1419726,0042741-55.2024.8.16.0014,63,2,2026-01-08T11:25:56.627698,ok
1419727,0041959-92.2025.8.16.0182,63,2,2026-01-08T11:25:56.627698,ok
1419728,0001126-31.2025.8.16.0053,63,2,2026-01-08T11:25:56.627698,ok
1419729,0002660-73.2025.8.16.0129,63,2,2026-01-08T11:25:56.627698,ok
1419730,0003275-03.2025.8.16.0149,63,2,2026-01-08T11:25:56.627698,ok
1419731,0000513-51.2025.8.16.0169,63,2,2026-01-08T11:25:56.627698,ok
1419732,0005187-61.2024.8.16.0184,63,2,2026-01-08T11:25:56.627698,ok
1419733,0001654-92.2021.8.16.0154,63,2,2026-01-08T11:25:56.627698,ok
1419734,0010174-56.2024.8.16.0018,63,2,2026-01-08T11:25:56.627698,ok
1419735,0005329-22.2025.8.16.0187,63,2,2026-01-08T11:25:56.627698,ok
1419736,0004144-69.2024.8.16.0029,63,2,2026-01-08T11:25:56.627698,ok
1419737,0000976-61.2024.8.16.0093,64,2,2026-01-08T11:25:56.627698,ok
1419738,0001103-28.2025.8.16.0072,64,2,2026-01-08T11:25:56.627698,ok
1419739,0016591-88.2025.8.16.0018,64,2,2026-01-08T11:25:56.627698,ok
1419740,0005623-11.2025.8.16.0014,64,2,2026-01-08T11:25:56.627698,ok
1419741,0006387-26.2025.8.16.0069,64,2,2026-01-08T11:25:56.627698,ok
1419742,0042326-51.2024.8.16.0021,64,2,2026-01-08T11:25:56.627698,ok
1419743,0001342-32.2025.8.16.0072,64,2,2026-01-08T11:25:56.627698,ok
1419744,0017599-03.2025.8.16.0018,64,2,2026-01-08T11:25:56.627698,ok
1419745,0010480-21.2023.8.16.0160,64,2,2026-01-08T11:25:56.627698,ok
1419746,0002589-85.2023.8.16.0147,64,2,2026-01-08T11:25:56.627698,ok
1419747,0006717-39.2024.8.16.0075,64,2,2026-01-08T11:25:56.627698,ok
1419748,0000939-72.2025.8.16.0069,64,2,2026-01-08T11:25:56.627698,ok
1419749,0000887-87.2024.8.16.0109,64,2,2026-01-08T11:25:56.627698,ok
1419750,0000311-09.2025.8.16.0029,64,2,2026-01-08T11:25:56.627698,ok
1419751,0004575-95.2025.8.16.0182,64,2,2026-01-08T11:25:56.627698,ok
1419752,0006583-44.2024.8.16.0129,64,2,2026-01-08T11:25:56.627698,ok
1419753,0022138-10.2024.8.16.0030,64,2,2026-01-08T11:25:56.627698,ok
1419754,0007444-48.2024.8.16.0026,64,2,2026-01-08T11:25:56.627698,ok
1419755,0032928-23.2023.8.16.0019,64,2,2026-01-08T11:25:56.627698,ok
1419756,0019633-77.2023.8.16.0031,64,2,2026-01-08T11:25:56.627698,ok
1419757,0000497-11.2024.8.16.0209,64,2,2026-01-08T11:25:56.627698,ok
1419758,0003500-69.2025.8.16.0069,64,2,2026-01-08T11:25:56.627698,ok
1419759,0004860-14.2024.8.16.0024,64,2,2026-01-08T11:25:56.627698,ok
1419760,0001108-06.2024.8.16.0195,64,2,2026-01-08T11:25:56.627698,ok
1419761,0001415-64.2023.8.16.0204,64,2,2026-01-08T11:25:56.627698,ok
1419762,0008103-33.2024.8.16.0034,64,2,2026-01-08T11:25:56.627698,ok
1419763,0029962-54.2023.8.16.0030,64,2,2026-01-08T11:25:56.627698,ok
1419764,0000805-79.2025.8.16.0090,64,2,2026-01-08T11:25:56.627698,ok
1419765,0021091-34.2024.8.16.0019,64,2,2026-01-08T11:25:56.627698,ok
1419766,0003149-96.2024.8.16.0048,64,2,2026-01-08T11:25:56.627698,ok
1419767,0000365-92.2025.8.16.0087,64,2,2026-01-08T11:25:56.627698,ok
1419768,0020475-26.2024.8.16.0030,64,2,2026-01-08T11:25:56.627698,ok
1419769,0004187-42.2025.8.16.0038,64,2,2026-01-08T11:25:56.627698,ok
1419770,0000886-37.2022.8.16.0121,64,2,2026-01-08T11:25:56.627698,ok
1419771,0004072-04.2025.8.16.9000,64,2,2026-01-08T11:25:56.627698,ok
1419772,0003416-69.2025.8.16.0101,64,2,2026-01-08T11:25:56.627698,ok
1419773,0002711-50.2025.8.16.0205,64,2,2026-01-08T11:25:56.627698,ok
1419774,0003735-35.2024.8.16.0210,64,2,2026-01-08T11:25:56.627698,ok
1419775,0005384-62.2024.8.16.0104,64,2,2026-01-08T11:25:56.627698,ok
1419776,0000355-32.2025.8.16.0157,64,2,2026-01-08T11:25:56.627698,ok
1419777,0021856-05.2024.8.16.0019,64,2,2026-01-08T11:25:56.627698,ok
1419778,0001149-66.2024.8.16.0164,64,2,2026-01-08T11:25:56.627698,ok
1419779,0045085-72.2025.8.16.0014,64,2,2026-01-08T11:25:56.627698,ok
1419780,0011361-20.2025.8.16.0130,64,2,2026-01-08T11:25:56.627698,ok
1419781,0002306-78.2024.8.16.0195,64,2,2026-01-08T11:25:56.627698,ok
1419782,0039430-98.2025.8.16.0021,64,2,2026-01-08T11:25:56.627698,ok
1419783,0000912-80.2025.8.16.0072,64,2,2026-01-08T11:25:56.627698,ok
1419784,0005106-56.2023.8.16.0117,64,2,2026-01-08T11:25:56.627698,ok
1419785,0039782-14.2024.8.16.0014,64,2,2026-01-08T11:25:56.627698,ok
1419786,0000571-65.2024.8.16.0209,64,2,2026-01-08T11:25:56.627698,ok
1419787,0001740-51.2025.8.16.0145,65,2,2026-01-08T11:25:56.627698,ok
1419788,0033989-73.2024.8.16.0021,65,2,2026-01-08T11:25:56.627698,ok
1419789,0001753-47.2025.8.16.0146,65,2,2026-01-08T11:25:56.627698,ok
1419790,0004230-46.2025.8.16.0048,65,2,2026-01-08T11:25:56.627698,ok
1419791,0000105-57.2023.8.16.0031,65,2,2026-01-08T11:25:56.627698,ok
1419792,0004187-25.2025.8.16.9000,65,2,2026-01-08T11:25:56.627698,ok
1419793,0003203-60.2024.8.16.0081,65,2,2026-01-08T11:25:56.627698,ok
1419794,0000844-81.2025.8.16.0056,65,2,2026-01-08T11:25:56.627698,ok
1419795,0007993-65.2024.8.16.0056,65,2,2026-01-08T11:25:56.627698,ok
1419796,0015069-60.2024.8.16.0018,65,2,2026-01-08T11:25:56.627698,ok
1419797,0007298-88.2023.8.16.0075,65,2,2026-01-08T11:25:56.627698,ok
1419798,0009787-24.2024.8.16.0056,65,2,2026-01-08T11:25:56.627698,ok
1419799,0004394-17.2024.8.16.0025,65,2,2026-01-08T11:25:56.627698,ok
1419800,0002799-63.2025.8.16.0084,65,2,2026-01-08T11:25:56.627698,ok
1419801,0007007-24.2024.8.16.0182,65,2,2026-01-08T11:25:56.627698,ok
1419802,0000281-08.2025.8.16.0050,65,2,2026-01-08T11:25:56.627698,ok
1419803,0005220-08.2016.8.16.0095,65,2,2026-01-08T11:25:56.627698,ok
1419804,0019740-29.2024.8.16.0018,65,2,2026-01-08T11:25:56.627698,ok
1419805,0002494-89.2024.8.16.0189,65,2,2026-01-08T11:25:56.627698,ok
1419806,0033120-15.2024.8.16.0182,65,2,2026-01-08T11:25:56.627698,ok
1419807,0001803-06.2024.8.16.0018,65,2,2026-01-08T11:25:56.627698,ok
1419808,0003670-87.2025.8.16.0086,65,2,2026-01-08T11:25:56.627698,ok
1419809,0007027-59.2024.8.16.0038,65,2,2026-01-08T11:25:56.627698,ok
1419810,0005779-81.2025.8.16.0019,65,2,2026-01-08T11:25:56.627698,ok
1419811,0002993-62.2025.8.16.0149,65,2,2026-01-08T11:25:56.627698,ok
1419812,0019194-64.2024.8.16.0182,65,2,2026-01-08T11:25:56.627698,ok
1419813,0000062-37.2024.8.16.0209,65,2,2026-01-08T11:25:56.627698,ok
1419814,0006913-72.2025.8.16.0075,65,2,2026-01-08T11:25:56.627698,ok
1419815,0017343-60.2025.8.16.0018,65,2,2026-01-08T11:25:56.627698,ok
1419816,0000756-47.2024.8.16.0163,65,2,2026-01-08T11:25:56.627698,ok
1419817,0044265-68.2024.8.16.0182,65,2,2026-01-08T11:25:56.627698,ok
1419818,0009349-78.2025.8.16.0018,65,2,2026-01-08T11:25:56.627698,ok
1419819,0001999-71.2025.8.16.0169,65,2,2026-01-08T11:25:56.627698,ok
1419820,0001651-04.2025.8.16.0153,65,2,2026-01-08T11:25:56.627698,ok
1419821,0001833-18.2023.8.16.0037,65,2,2026-01-08T11:25:56.627698,ok
1419822,0071380-49.2025.8.16.0014,65,2,2026-01-08T11:25:56.627698,ok
1419823,0006012-59.2025.8.16.0090,65,2,2026-01-08T11:25:56.627698,ok
1419824,0002505-77.2024.8.16.0041,65,2,2026-01-08T11:25:56.627698,ok
1419825,0000649-78.2024.8.16.0138,65,2,2026-01-08T11:25:56.627698,ok
1419826,0021267-62.2024.8.16.0035,65,2,2026-01-08T11:25:56.627698,ok
1419827,0004881-20.2025.8.16.0035,65,2,2026-01-08T11:25:56.627698,ok
1419828,0017979-26.2025.8.16.0018,65,2,2026-01-08T11:25:56.627698,ok
1419829,0042666-29.2023.8.16.0021,65,2,2026-01-08T11:25:56.627698,ok
1419830,0000671-51.2023.8.16.0113,65,2,2026-01-08T11:25:56.627698,ok
1419831,0004751-85.2025.8.16.0146,65,2,2026-01-08T11:25:56.627698,ok
1419832,0036498-76.2024.8.16.0182,65,2,2026-01-08T11:25:56.627698,ok
1419833,0001995-24.2025.8.16.0043,65,2,2026-01-08T11:25:56.627698,ok
1419834,0001252-57.2024.8.16.0040,65,2,2026-01-08T11:25:56.627698,ok
1419835,0001005-73.2024.8.16.0041,65,2,2026-01-08T11:25:56.627698,ok
1419836,0000256-66.2025.8.16.0091,65,2,2026-01-08T11:25:56.627698,ok
1419837,0015044-63.2024.8.16.0045,66,2,2026-01-08T11:25:56.627698,ok
1419838,0023428-60.2024.8.16.0030,66,2,2026-01-08T11:25:56.627698,ok
1419839,0016902-16.2024.8.16.0018,66,2,2026-01-08T11:25:56.627698,ok
1419840,0086330-97.2024.8.16.0014,66,2,2026-01-08T11:25:56.627698,ok
1419841,0001925-35.2025.8.16.0066,66,2,2026-01-08T11:25:56.627698,ok
1419842,0002121-39.2025.8.16.0184,66,2,2026-01-08T11:25:56.627698,ok
1419843,0013628-44.2024.8.16.0018,66,2,2026-01-08T11:25:56.627698,ok
1419844,0055163-62.2024.8.16.0014,66,2,2026-01-08T11:25:56.627698,ok
1419845,0046368-14.2025.8.16.0182,66,2,2026-01-08T11:25:56.627698,ok
1419846,0014112-54.2025.8.16.0170,66,2,2026-01-08T11:25:56.627698,ok
1419847,0070079-67.2025.8.16.0014,66,2,2026-01-08T11:25:56.627698,ok
1419848,0000714-49.2025.8.16.0167,66,2,2026-01-08T11:25:56.627698,ok
1419849,0011743-92.2024.8.16.0018,66,2,2026-01-08T11:25:56.627698,ok
1419850,0002086-08.2025.8.16.0046,66,2,2026-01-08T11:25:56.627698,ok
1419851,0003391-15.2024.8.16.0126,66,2,2026-01-08T11:25:56.627698,ok
1419852,0002261-77.2025.8.16.0021,66,2,2026-01-08T11:25:56.627698,ok
1419853,0006042-36.2024.8.16.0056,66,2,2026-01-08T11:25:56.627698,ok
1419854,0000044-70.2025.8.16.0018,66,2,2026-01-08T11:25:56.627698,ok
1419855,0000966-61.2025.8.16.0164,66,2,2026-01-08T11:25:56.627698,ok
1419856,0003479-77.2025.8.16.0139,66,2,2026-01-08T11:25:56.627698,ok
1419857,0083249-43.2024.8.16.0014,66,2,2026-01-08T11:25:56.627698,ok
1419858,0004237-51.2025.8.16.9000,66,2,2026-01-08T11:25:56.627698,ok
1419859,0004527-19.2020.8.16.0019,66,2,2026-01-08T11:25:56.627698,ok
1419860,0045668-70.2024.8.16.0021,66,2,2026-01-08T11:25:56.627698,ok
1419861,0010098-62.2022.8.16.0160,66,2,2026-01-08T11:25:56.627698,ok
1419862,0056029-15.2025.8.16.0021,66,2,2026-01-08T11:25:56.627698,ok
1419863,0010746-19.2025.8.16.0069,66,2,2026-01-08T11:25:56.627698,ok
1419864,0000506-27.2024.8.16.0191,66,2,2026-01-08T11:25:56.627698,ok
1419865,0003011-97.2025.8.16.0209,66,2,2026-01-08T11:25:56.627698,ok
1419866,0029654-76.2025.8.16.0182,66,2,2026-01-08T11:25:56.627698,ok
1419867,0034041-08.2025.8.16.0030,66,2,2026-01-08T11:25:56.627698,ok
1419868,0024077-73.2025.8.16.0035,66,2,2026-01-08T11:25:56.627698,ok
1419869,0004523-73.2025.8.16.0029,66,2,2026-01-08T11:25:56.627698,ok
1419870,0016096-63.2025.8.16.0044,66,2,2026-01-08T11:25:56.627698,ok
1419871,0005313-68.2025.8.16.0187,66,2,2026-01-08T11:25:56.627698,ok
1419872,0002984-46.2025.8.16.0167,66,2,2026-01-08T11:25:56.627698,ok
1419873,0008123-27.2024.8.16.0130,66,2,2026-01-08T11:25:56.627698,ok
1419874,0031004-36.2024.8.16.0182,66,2,2026-01-08T11:25:56.627698,ok
1419875,0020358-30.2025.8.16.0182,66,2,2026-01-08T11:25:56.627698,ok
1419876,0014459-92.2024.8.16.0018,66,2,2026-01-08T11:25:56.627698,ok
1419877,0005564-08.2025.8.16.0019,66,2,2026-01-08T11:25:56.627698,ok
1419878,0000837-90.2023.8.16.0046,66,2,2026-01-08T11:25:56.627698,ok
1419879,0012913-51.2024.8.16.0131,66,2,2026-01-08T11:25:56.627698,ok
1419880,0000918-09.2025.8.16.0001,66,2,2026-01-08T11:25:56.627698,ok
1419881,0005944-31.2025.8.16.0019,66,2,2026-01-08T11:25:56.627698,ok
1419882,0002077-19.2024.8.16.0131,66,2,2026-01-08T11:25:56.627698,ok
1419883,0023916-97.2024.8.16.0035,66,2,2026-01-08T11:25:56.627698,ok
1419884,0007258-91.2025.8.16.0025,66,2,2026-01-08T11:25:56.627698,ok
1419885,0019836-05.2024.8.16.0031,66,2,2026-01-08T11:25:56.627698,ok
1419886,0001675-52.2024.8.16.0093,66,2,2026-01-08T11:25:56.627698,ok
1419887,0010060-41.2025.8.16.0129,68,2,2026-01-08T11:25:56.627698,ok
1419888,0005249-58.2025.8.16.0090,68,2,2026-01-08T11:25:56.627698,ok
1419889,0006686-17.2025.8.16.0129,68,2,2026-01-08T11:25:56.627698,ok
1419890,0004528-95.2022.8.16.0160,68,2,2026-01-08T11:25:56.627698,ok
1419891,0004393-16.2025.8.16.0116,68,2,2026-01-08T11:25:56.627698,ok
1419892,0001357-22.2025.8.16.0162,68,2,2026-01-08T11:25:56.627698,ok
1419893,0003836-50.2025.8.16.0109,68,2,2026-01-08T11:25:56.627698,ok
1419894,0012817-39.2024.8.16.0130,68,2,2026-01-08T11:25:56.627698,ok
1419895,0002282-57.2025.8.16.0149,68,2,2026-01-08T11:25:56.627698,ok
1419896,0003918-83.2025.8.16.9000,68,2,2026-01-08T11:25:56.627698,ok
1419897,0003201-39.2025.8.16.0119,68,2,2026-01-08T11:25:56.627698,ok
1419898,0001887-93.2024.8.16.0054,68,2,2026-01-08T11:25:56.627698,ok
1419899,0041988-45.2025.8.16.0182,68,2,2026-01-08T11:25:56.627698,ok
1419900,0003763-56.2024.8.16.0160,68,2,2026-01-08T11:25:56.627698,ok
1419901,0018341-11.2024.8.16.0035,68,2,2026-01-08T11:25:56.627698,ok
1419902,0018854-54.2025.8.16.0031,68,2,2026-01-08T11:25:56.627698,ok
1419903,0018802-58.2025.8.16.0031,68,2,2026-01-08T11:25:56.627698,ok
1419904,0004185-57.2024.8.16.0119,68,2,2026-01-08T11:25:56.627698,ok
1419905,0018800-88.2025.8.16.0031,68,2,2026-01-08T11:25:56.627698,ok
1419906,0018798-21.2025.8.16.0031,68,2,2026-01-08T11:25:56.627698,ok
1419907,0004554-73.2025.8.16.0165,68,2,2026-01-08T11:25:56.627698,ok
1419908,0019761-61.2025.8.16.0182,68,2,2026-01-08T11:25:56.627698,ok
1419909,0048026-10.2024.8.16.0182,68,2,2026-01-08T11:25:56.627698,ok
1419910,0011902-26.2024.8.16.0021,68,2,2026-01-08T11:25:56.627698,ok
1419911,0002481-05.2025.8.16.0109,68,2,2026-01-08T11:25:56.627698,ok
1419912,0007490-68.2025.8.16.0069,68,2,2026-01-08T11:25:56.627698,ok
1419913,0045576-60.2025.8.16.0182,68,2,2026-01-08T11:25:56.627698,ok
1419914,0007649-25.2025.8.16.0129,68,2,2026-01-08T11:25:56.627698,ok
1419915,0005746-27.2023.8.16.0160,68,2,2026-01-08T11:25:56.627698,ok
1419916,0018852-84.2025.8.16.0031,68,2,2026-01-08T11:25:56.627698,ok
1419917,0033842-13.2025.8.16.0021,68,2,2026-01-08T11:25:56.627698,ok
1419918,0045286-45.2025.8.16.0182,68,2,2026-01-08T11:25:56.627698,ok
1419919,0050353-10.2025.8.16.0014,68,2,2026-01-08T11:25:56.627698,ok
1419920,0015700-16.2025.8.16.0035,68,2,2026-01-08T11:25:56.627698,ok
1419921,0018855-39.2025.8.16.0031,68,2,2026-01-08T11:25:56.627698,ok
1419922,0013220-38.2025.8.16.0044,68,2,2026-01-08T11:25:56.627698,ok
1419923,0041129-29.2025.8.16.0182,68,2,2026-01-08T11:25:56.627698,ok
1419924,0003166-58.2025.8.16.0029,68,2,2026-01-08T11:25:56.627698,ok
1419925,0002260-96.2025.8.16.0149,68,2,2026-01-08T11:25:56.627698,ok
1419926,0039621-48.2025.8.16.0182,68,2,2026-01-08T11:25:56.627698,ok
1419927,0045526-34.2025.8.16.0182,68,2,2026-01-08T11:25:56.627698,ok
1419928,0018803-43.2025.8.16.0031,68,2,2026-01-08T11:25:56.627698,ok
1419929,0013392-19.2025.8.16.0031,68,2,2026-01-08T11:25:56.627698,ok
1419930,0004955-37.2025.8.16.0112,68,2,2026-01-08T11:25:56.627698,ok
1419931,0044253-20.2025.8.16.0182,68,2,2026-01-08T11:25:56.627698,ok
1419932,0005203-89.2025.8.16.0148,68,2,2026-01-08T11:25:56.627698,ok
1419933,0045498-66.2025.8.16.0182,68,2,2026-01-08T11:25:56.627698,ok
1419934,0041131-96.2025.8.16.0182,68,2,2026-01-08T11:25:56.627698,ok
1419935,0045494-29.2025.8.16.0182,68,2,2026-01-08T11:25:56.627698,ok
1419936,0005374-46.2025.8.16.0148,68,2,2026-01-08T11:25:56.627698,ok
1419937,0000189-16.2025.8.16.0087,67,2,2026-01-08T11:25:56.627698,ok
1419938,0004410-64.2025.8.16.0209,67,2,2026-01-08T11:25:56.627698,ok
1419939,0073627-03.2025.8.16.0014,67,2,2026-01-08T11:25:56.627698,ok
1419940,0029990-17.2024.8.16.0182,67,2,2026-01-08T11:25:56.627698,ok
1419941,0002063-83.2024.8.16.0115,67,2,2026-01-08T11:25:56.627698,ok
1419942,0009996-26.2024.8.16.0045,67,2,2026-01-08T11:25:56.627698,ok
1419943,0011936-47.2024.8.16.0038,67,2,2026-01-08T11:25:56.627698,ok
1419944,0000095-76.2023.8.16.0204,67,2,2026-01-08T11:25:56.627698,ok
1419945,0002487-33.2024.8.16.0081,67,2,2026-01-08T11:25:56.627698,ok
1419946,0000786-83.2025.8.16.0119,67,2,2026-01-08T11:25:56.627698,ok
1419947,0016054-92.2025.8.16.0018,67,2,2026-01-08T11:25:56.627698,ok
1419948,0001831-78.2025.8.16.0069,67,2,2026-01-08T11:25:56.627698,ok
1419949,0018222-60.2025.8.16.0182,67,2,2026-01-08T11:25:56.627698,ok
1419950,0001432-25.2021.8.16.0090,67,2,2026-01-08T11:25:56.627698,ok
1419951,0014747-18.2025.8.16.0014,67,2,2026-01-08T11:25:56.627698,ok
1419952,0001690-70.2025.8.16.0130,67,2,2026-01-08T11:25:56.627698,ok
1419953,0008472-72.2024.8.16.0019,67,2,2026-01-08T11:25:56.627698,ok
1419954,0001794-21.2021.8.16.0189,67,2,2026-01-08T11:25:56.627698,ok
1419955,0017791-98.2023.8.16.0019,67,2,2026-01-08T11:25:56.627698,ok
1419956,0000858-40.2021.8.16.0142,67,2,2026-01-08T11:25:56.627698,ok
1419957,0037512-02.2024.8.16.0019,67,2,2026-01-08T11:25:56.627698,ok
1419958,0021617-63.2022.8.16.0021,67,2,2026-01-08T11:25:56.627698,ok
1419959,0008750-72.2023.8.16.0160,67,2,2026-01-08T11:25:56.627698,ok
1419960,0000732-50.2025.8.16.0109,67,2,2026-01-08T11:25:56.627698,ok
1419961,0045896-47.2024.8.16.0182,67,2,2026-01-08T11:25:56.627698,ok
1419962,0013682-35.2023.8.16.0021,67,2,2026-01-08T11:25:56.627698,ok
1419963,0016523-60.2025.8.16.0044,67,2,2026-01-08T11:25:56.627698,ok
1419964,0031828-58.2025.8.16.0182,67,2,2026-01-08T11:25:56.627698,ok
1419965,0046489-40.2025.8.16.0021,67,2,2026-01-08T11:25:56.627698,ok
1419966,0001357-53.2025.8.16.0087,67,2,2026-01-08T11:25:56.627698,ok
1419967,0005043-24.2025.8.16.0129,67,2,2026-01-08T11:25:56.627698,ok
1419968,0010364-71.2024.8.16.0130,67,2,2026-01-08T11:25:56.627698,ok
1419969,0000500-29.2019.8.16.0180,67,2,2026-01-08T11:25:56.627698,ok
1419970,0000949-06.2025.8.16.0138,67,2,2026-01-08T11:25:56.627698,ok
1419971,0002083-70.2024.8.16.0181,67,2,2026-01-08T11:25:56.627698,ok
1419972,0035036-50.2025.8.16.0182,67,2,2026-01-08T11:25:56.627698,ok
1419973,0025947-03.2025.8.16.0182,67,2,2026-01-08T11:25:56.627698,ok
1419974,0014038-54.2024.8.16.0131,67,2,2026-01-08T11:25:56.627698,ok
1419975,0003366-34.2025.8.16.0104,67,2,2026-01-08T11:25:56.627698,ok
1419976,0003208-61.2020.8.16.0101,67,2,2026-01-08T11:25:56.627698,ok
1419977,0020647-31.2025.8.16.0030,67,2,2026-01-08T11:25:56.627698,ok
1419978,0004139-55.2025.8.16.0209,67,2,2026-01-08T11:25:56.627698,ok
1419979,0008527-29.2025.8.16.0038,67,2,2026-01-08T11:25:56.627698,ok
1419980,0001564-21.2025.8.16.0065,67,2,2026-01-08T11:25:56.627698,ok
1419981,0000530-89.2025.8.16.0039,67,2,2026-01-08T11:25:56.627698,ok
1419982,0045279-53.2025.8.16.0182,67,2,2026-01-08T11:25:56.627698,ok
1419983,0045472-05.2024.8.16.0182,67,2,2026-01-08T11:25:56.627698,ok
1419984,0018857-09.2025.8.16.0031,67,2,2026-01-08T11:25:56.627698,ok
1419985,0048698-28.2018.8.16.0182,67,2,2026-01-08T11:25:56.627698,ok
1419986,0000950-88.2025.8.16.0138,67,2,2026-01-08T11:25:56.627698,ok
1419987,0003612-09.2024.8.16.0090,71,2,2026-01-08T11:25:56.627698,ok
1419988,0000926-82.2019.8.16.0134,71,2,2026-01-08T11:25:56.627698,ok
1419989,0005377-58.2025.8.16.0129,71,2,2026-01-08T11:25:56.627698,ok
1419990,0036341-10.2024.8.16.0019,71,2,2026-01-08T11:25:56.627698,ok
1419991,0012788-58.2025.8.16.0031,71,2,2026-01-08T11:25:56.627698,ok
1419992,0001909-76.2024.8.16.0176,71,2,2026-01-08T11:25:56.627698,ok
1419993,0007397-08.2025.8.16.0069,71,2,2026-01-08T11:25:56.627698,ok
1419994,0012595-43.2025.8.16.0031,71,2,2026-01-08T11:25:56.627698,ok
1419995,0001908-67.2025.8.16.0205,71,2,2026-01-08T11:25:56.627698,ok
1419996,0001915-35.2025.8.16.0019,71,2,2026-01-08T11:25:56.627698,ok
1419997,0002794-54.2025.8.16.0209,71,2,2026-01-08T11:25:56.627698,ok
1419998,0040657-38.2019.8.16.0182,71,2,2026-01-08T11:25:56.627698,ok
0,N/A,77,0,2026-01-08T11:25:56.567211,ignorado
0,N/A,77,0,2026-01-08T11:25:56.567294,ignorado
0,N/A,76,0,2026-01-08T11:25:58.430502,ignorado
0,N/A,79,0,2026-01-08T11:26:01.960867,ignorado
0,N/A,79,0,2026-01-08T11:26:01.960881,ignorado
0,N/A,79,0,2026-01-08T11:26:01.960894,ignorado
0,N/A,75,0,2026-01-08T11:26:11.481487,ignorado
0,N/A,82,0,2026-01-08T11:26:14.354197,ignorado
0,N/A,78,0,2026-01-08T11:26:20.988152,ignorado
0,N/A,86,0,2026-01-08T11:26:28.649316,ignorado
1419999,0002042-25.2025.8.16.0131,71,3,2026-01-08T11:26:47.245187,ok
1420000,0004143-92.2025.8.16.0209,71,3,2026-01-08T11:26:47.245187,ok
1420001,0008049-36.2025.8.16.0130,71,3,2026-01-08T11:26:47.245187,ok
1420002,0000169-91.2025.8.16.0162,71,3,2026-01-08T11:26:47.245187,ok
1420003,0012592-88.2025.8.16.0031,71,3,2026-01-08T11:26:47.245187,ok
1420004,0013573-75.2025.8.16.0045,71,3,2026-01-08T11:26:47.245187,ok
1420005,0004101-51.2020.8.16.0069,71,3,2026-01-08T11:26:47.245187,ok
1420006,0001484-62.2025.8.16.0128,71,3,2026-01-08T11:26:47.245187,ok
1420007,0012582-44.2025.8.16.0031,71,3,2026-01-08T11:26:47.245187,ok
1420008,0001897-43.2025.8.16.0074,71,3,2026-01-08T11:26:47.245187,ok
1420009,0012590-21.2025.8.16.0031,71,3,2026-01-08T11:26:47.245187,ok
1420010,0025572-06.2025.8.16.0019,71,3,2026-01-08T11:26:47.245187,ok
1420011,0000318-94.2024.8.16.0171,71,3,2026-01-08T11:26:47.245187,ok
1420012,0000714-06.2025.8.16.0149,71,3,2026-01-08T11:26:47.245187,ok
1420013,0012569-45.2025.8.16.0031,71,3,2026-01-08T11:26:47.245187,ok
1420014,0002837-12.2019.8.16.0076,71,3,2026-01-08T11:26:47.245187,ok
1420015,0003577-77.2023.8.16.0092,71,3,2026-01-08T11:26:47.245187,ok
1420016,0011285-71.2023.8.16.0160,71,3,2026-01-08T11:26:47.245187,ok
1420017,0015969-70.2025.8.16.0030,71,3,2026-01-08T11:26:47.245187,ok
1420018,0000914-74.2025.8.16.0161,71,3,2026-01-08T11:26:47.245187,ok
1420019,0008472-68.2024.8.16.0182,71,3,2026-01-08T11:26:47.245187,ok
1420020,0000455-88.2019.8.16.0062,71,3,2026-01-08T11:26:47.245187,ok
1420021,0000758-06.2025.8.16.0026,71,3,2026-01-08T11:26:47.245187,ok
1420022,0001814-21.2025.8.16.9000,71,3,2026-01-08T11:26:47.245187,ok
1420023,0005108-19.2025.8.16.0129,71,3,2026-01-08T11:26:47.245187,ok
1420024,0000228-48.2019.8.16.0111,71,3,2026-01-08T11:26:47.245187,ok
1420025,0000531-15.2019.8.16.0062,71,3,2026-01-08T11:26:47.245187,ok
1420026,0003014-63.2025.8.16.9000,71,3,2026-01-08T11:26:47.245187,ok
1420027,0001214-65.2019.8.16.0090,71,3,2026-01-08T11:26:47.245187,ok
1420028,0006000-24.2022.8.16.0034,71,3,2026-01-08T11:26:47.245187,ok
1420029,0012581-59.2025.8.16.0031,71,3,2026-01-08T11:26:47.245187,ok
1420030,0005550-82.2025.8.16.0129,71,3,2026-01-08T11:26:47.245187,ok
1420031,0012593-73.2025.8.16.0031,71,3,2026-01-08T11:26:47.245187,ok
1420032,0006622-07.2025.8.16.0129,71,3,2026-01-08T11:26:47.245187,ok
1420033,0021886-02.2025.8.16.0182,71,3,2026-01-08T11:26:47.245187,ok
1420034,0016662-47.2024.8.16.0173,71,3,2026-01-08T11:26:47.245187,ok
1420035,0004890-02.2025.8.16.0190,71,3,2026-01-08T11:26:47.245187,ok
1420036,0012790-28.2025.8.16.0031,71,3,2026-01-08T11:26:47.245187,ok
1420037,0001206-58.2024.8.16.0205,72,3,2026-01-08T11:26:47.245187,ok
1420038,0007736-52.2025.8.16.0170,72,3,2026-01-08T11:26:47.245187,ok
1420039,0007452-37.2019.8.16.0014,72,3,2026-01-08T11:26:47.245187,ok
1420040,0001177-70.2025.8.16.9000,72,3,2026-01-08T11:26:47.245187,ok
1420041,0009327-75.2025.8.16.0129,72,3,2026-01-08T11:26:47.245187,ok
1420042,0011954-22.2024.8.16.0021,72,3,2026-01-08T11:26:47.245187,ok
1420043,0001968-28.2025.8.16.0209,72,3,2026-01-08T11:26:47.245187,ok
1420044,0001419-48.2025.8.16.0102,72,3,2026-01-08T11:26:47.245187,ok
1420045,0000631-15.2019.8.16.0047,72,3,2026-01-08T11:26:47.245187,ok
1420046,0027324-82.2020.8.16.0182,72,3,2026-01-08T11:26:47.245187,ok
1420047,0001888-07.2020.8.16.0123,72,3,2026-01-08T11:26:47.245187,ok
1420048,0012791-13.2025.8.16.0031,72,3,2026-01-08T11:26:47.245187,ok
1420049,0000756-68.2025.8.16.0080,72,3,2026-01-08T11:26:47.245187,ok
1420050,0024717-23.2025.8.16.0182,72,3,2026-01-08T11:26:47.245187,ok
1420051,0032213-04.2025.8.16.0021,72,3,2026-01-08T11:26:47.245187,ok
1420052,0027266-06.2025.8.16.0182,72,3,2026-01-08T11:26:47.245187,ok
1420053,0021327-16.2025.8.16.0030,72,3,2026-01-08T11:26:47.245187,ok
1420054,0000313-72.2024.8.16.0171,72,3,2026-01-08T11:26:47.245187,ok
1420055,0001210-22.2021.8.16.0037,72,3,2026-01-08T11:26:47.245187,ok
1420056,0033683-48.2020.8.16.0182,72,3,2026-01-08T11:26:47.245187,ok
1420057,0070847-90.2025.8.16.0014,72,3,2026-01-08T11:26:47.245187,ok
1420058,0032430-53.2025.8.16.0019,72,3,2026-01-08T11:26:47.245187,ok
1420059,0010519-40.2025.8.16.0033,72,3,2026-01-08T11:26:47.245187,ok
1420060,0017260-98.2025.8.16.0194,72,3,2026-01-08T11:26:47.245187,ok
1420061,0004553-96.2025.8.16.0033,72,3,2026-01-08T11:26:47.245187,ok
1420062,0142283-54.2025.8.16.0000,72,3,2026-01-08T11:26:47.245187,ok
1420063,0025977-48.2025.8.16.0017,72,3,2026-01-08T11:26:47.245187,ok
1420064,0035422-41.2025.8.16.0001,72,3,2026-01-08T11:26:47.245187,ok
1420065,0025981-85.2025.8.16.0017,72,3,2026-01-08T11:26:47.245187,ok
1420066,0147100-64.2025.8.16.0000,72,3,2026-01-08T11:26:47.245187,ok
1420067,0131009-93.2025.8.16.0000,72,3,2026-01-08T11:26:47.245187,ok
1420068,0129497-75.2025.8.16.0000,72,3,2026-01-08T11:26:47.245187,ok
1420069,0004591-93.2024.8.16.0017,72,3,2026-01-08T11:26:47.245187,ok
1420070,0148803-30.2025.8.16.0000,72,3,2026-01-08T11:26:47.245187,ok
1420071,0111600-34.2025.8.16.0000,72,3,2026-01-08T11:26:47.245187,ok
1420072,0132721-21.2025.8.16.0000,72,3,2026-01-08T11:26:47.245187,ok
1420073,0149301-29.2025.8.16.0000,72,3,2026-01-08T11:26:47.245187,ok
1420074,0142605-74.2025.8.16.0000,72,3,2026-01-08T11:26:47.245187,ok
1420075,0002360-19.2025.8.16.0095,72,3,2026-01-08T11:26:47.245187,ok
1420076,0013097-75.2025.8.16.0194,72,3,2026-01-08T11:26:47.245187,ok
1420077,0093708-49.2024.8.16.0000,72,3,2026-01-08T11:26:47.245187,ok
1420078,0001531-52.2022.8.16.0092,72,3,2026-01-08T11:26:47.245187,ok
1420079,0100236-65.2025.8.16.0000,72,3,2026-01-08T11:26:47.245187,ok
1420080,0049575-74.2024.8.16.0014,72,3,2026-01-08T11:26:47.245187,ok
1420081,0002562-75.2025.8.16.0101,72,3,2026-01-08T11:26:47.245187,ok
1420082,0008565-53.2025.8.16.0131,72,3,2026-01-08T11:26:47.245187,ok
1420083,0001166-82.2018.8.16.0077,72,3,2026-01-08T11:26:47.245187,ok
1420084,0083910-30.2025.8.16.0000,72,3,2026-01-08T11:26:47.245187,ok
1420085,0009829-66.2024.8.16.0026,72,3,2026-01-08T11:26:47.245187,ok
1420086,0018801-73.2025.8.16.0031,69,3,2026-01-08T11:26:47.245187,ok
1420087,0045288-15.2025.8.16.0182,69,3,2026-01-08T11:26:47.245187,ok
1420088,0010021-44.2025.8.16.0129,69,3,2026-01-08T11:26:47.245187,ok
1420089,0148500-16.2025.8.16.0000,69,3,2026-01-08T11:26:47.245187,ok
1420090,0148396-24.2025.8.16.0000,69,3,2026-01-08T11:26:47.245187,ok
1420091,0091751-76.2025.8.16.0000,69,3,2026-01-08T11:26:47.245187,ok
1420092,0072241-77.2025.8.16.0000,69,3,2026-01-08T11:26:47.245187,ok
1420093,0128839-51.2025.8.16.0000,69,3,2026-01-08T11:26:47.245187,ok
1420094,0000899-35.2025.8.16.0055,69,3,2026-01-08T11:26:47.245187,ok
1420095,0121718-69.2025.8.16.0000,69,3,2026-01-08T11:26:47.245187,ok
1420096,0002707-93.2025.8.16.0049,69,3,2026-01-08T11:26:47.245187,ok
1420097,0026282-13.2025.8.16.0185,69,3,2026-01-08T11:26:47.245187,ok
1420098,0035137-85.2025.8.16.0021,69,3,2026-01-08T11:26:47.245187,ok
1420099,0003340-67.2025.8.16.0126,69,3,2026-01-08T11:26:47.245187,ok
1420100,0023381-91.2025.8.16.0017,69,3,2026-01-08T11:26:47.245187,ok
1420101,0009226-57.2025.8.16.0058,69,3,2026-01-08T11:26:47.245187,ok
1420102,0108203-64.2025.8.16.0000,69,3,2026-01-08T11:26:47.245187,ok
1420103,0009238-13.2025.8.16.0045,69,3,2026-01-08T11:26:47.245187,ok
1420104,0085421-63.2025.8.16.0000,69,3,2026-01-08T11:26:47.245187,ok
1420105,0052510-53.2025.8.16.0014,69,3,2026-01-08T11:26:47.245187,ok
1420106,0107285-60.2025.8.16.0000,69,3,2026-01-08T11:26:47.245187,ok
1420107,0114985-87.2025.8.16.0000,69,3,2026-01-08T11:26:47.245187,ok
1420108,0111672-21.2025.8.16.0000,69,3,2026-01-08T11:26:47.245187,ok
1420109,0149746-47.2025.8.16.0000,69,3,2026-01-08T11:26:47.245187,ok
1420110,0001497-77.2011.8.16.0152,69,3,2026-01-08T11:26:47.245187,ok
1420111,0136431-49.2025.8.16.0000,69,3,2026-01-08T11:26:47.245187,ok
1420112,0136774-45.2025.8.16.0000,69,3,2026-01-08T11:26:47.245187,ok
1420113,0108608-03.2025.8.16.0000,69,3,2026-01-08T11:26:47.245187,ok
1420114,0015549-89.2007.8.16.0129,69,3,2026-01-08T11:26:47.245187,ok
1420115,0001196-73.2023.8.16.0035,69,3,2026-01-08T11:26:47.245187,ok
1420116,0005068-04.2022.8.16.0077,69,3,2026-01-08T11:26:47.245187,ok
1420117,0117499-13.2025.8.16.0000,69,3,2026-01-08T11:26:47.245187,ok
1420118,0000220-63.2023.8.16.0036,69,3,2026-01-08T11:26:47.245187,ok
1420119,0003588-04.2024.8.16.0050,69,3,2026-01-08T11:26:47.245187,ok
1420120,0032903-74.2023.8.16.0030,69,3,2026-01-08T11:26:47.245187,ok
1420121,0000141-06.2024.8.16.0180,69,3,2026-01-08T11:26:47.245187,ok
1420122,0074033-66.2025.8.16.0000,69,3,2026-01-08T11:26:47.245187,ok
1420123,0001376-04.2023.8.16.0031,69,3,2026-01-08T11:26:47.245187,ok
1420124,0001060-36.2018.8.16.0202,69,3,2026-01-08T11:26:47.245187,ok
1420125,0003292-55.2023.8.16.0037,69,3,2026-01-08T11:26:47.245187,ok
1420126,0086004-48.2025.8.16.0000,69,3,2026-01-08T11:26:47.245187,ok
1420127,0009001-64.2024.8.16.0028,69,3,2026-01-08T11:26:47.245187,ok
1420128,0098398-87.2025.8.16.0000,69,3,2026-01-08T11:26:47.245187,ok
1420129,0000886-58.2020.8.16.0072,69,3,2026-01-08T11:26:47.245187,ok
1420130,4001223-29.2025.8.16.0031,69,3,2026-01-08T11:26:47.245187,ok
1420131,0018460-69.2024.8.16.0035,69,3,2026-01-08T11:26:47.245187,ok
1420132,0007851-57.2020.8.16.0038,69,3,2026-01-08T11:26:47.245187,ok
1420133,0005587-71.2025.8.16.0174,69,3,2026-01-08T11:26:47.245187,ok
1420134,0082922-09.2025.8.16.0000,69,3,2026-01-08T11:26:47.245187,ok
1420135,0000733-52.2021.8.16.0181,69,3,2026-01-08T11:26:47.245187,ok
1420136,0054343-43.2024.8.16.0014,74,3,2026-01-08T11:26:47.245187,ok
1420137,0016603-97.2024.8.16.0031,74,3,2026-01-08T11:26:47.245187,ok
1420138,0000421-80.2025.8.16.0102,74,3,2026-01-08T11:26:47.245187,ok
1420139,0005843-91.2025.8.16.0019,74,3,2026-01-08T11:26:47.245187,ok
1420140,0009041-69.2024.8.16.0182,74,3,2026-01-08T11:26:47.245187,ok
1420141,0004752-33.2022.8.16.0160,74,3,2026-01-08T11:26:47.245187,ok
1420142,0023593-37.2024.8.16.0021,74,3,2026-01-08T11:26:47.245187,ok
1420143,0011349-97.2022.8.16.0069,74,3,2026-01-08T11:26:47.245187,ok
1420144,0000346-40.2025.8.16.0070,74,3,2026-01-08T11:26:47.245187,ok
1420145,0010707-71.2025.8.16.0182,74,3,2026-01-08T11:26:47.245187,ok
1420146,0009291-68.2025.8.16.0182,74,3,2026-01-08T11:26:47.245187,ok
1420147,0002213-67.2025.8.16.0038,74,3,2026-01-08T11:26:47.245187,ok
1420148,0021295-78.2024.8.16.0019,74,3,2026-01-08T11:26:47.245187,ok
1420149,0063024-02.2024.8.16.0014,74,3,2026-01-08T11:26:47.245187,ok
1420150,0020311-59.2022.8.16.0021,74,3,2026-01-08T11:26:47.245187,ok
1420151,0015581-31.2020.8.16.0035,74,3,2026-01-08T11:26:47.245187,ok
1420152,0038263-86.2024.8.16.0019,74,3,2026-01-08T11:26:47.245187,ok
1420153,0037110-18.2024.8.16.0019,74,3,2026-01-08T11:26:47.245187,ok
1420154,0003152-08.2022.8.16.0182,74,3,2026-01-08T11:26:47.245187,ok
1420155,0033802-72.2023.8.16.0030,74,3,2026-01-08T11:26:47.245187,ok
1420156,0000858-05.2025.8.16.9000,74,3,2026-01-08T11:26:47.245187,ok
1420157,0002199-43.2025.8.16.0019,74,3,2026-01-08T11:26:47.245187,ok
1420158,0001791-58.2024.8.16.0190,74,3,2026-01-08T11:26:47.245187,ok
1420159,0010979-77.2022.8.16.0018,74,3,2026-01-08T11:26:47.245187,ok
1420160,0001121-30.2023.8.16.0004,74,3,2026-01-08T11:26:47.245187,ok
1420161,0001720-15.2025.8.16.0160,74,3,2026-01-08T11:26:47.245187,ok
1420162,0000352-06.2025.8.16.0019,74,3,2026-01-08T11:26:47.245187,ok
1420163,0002795-43.2023.8.16.0101,74,3,2026-01-08T11:26:47.245187,ok
1420164,0000974-85.2025.8.16.0019,74,3,2026-01-08T11:26:47.245187,ok
1420165,0024877-53.2024.8.16.0030,74,3,2026-01-08T11:26:47.245187,ok
1420166,0023661-86.2024.8.16.0182,74,3,2026-01-08T11:26:47.245187,ok
1420167,0007868-77.2025.8.16.0019,74,3,2026-01-08T11:26:47.245187,ok
1420168,0145662-03.2025.8.16.0000,74,3,2026-01-08T11:26:47.245187,ok
1420169,0145065-34.2025.8.16.0000,74,3,2026-01-08T11:26:47.245187,ok
1420170,0148451-72.2025.8.16.0000,74,3,2026-01-08T11:26:47.245187,ok
1420171,0007271-31.2025.8.16.0174,74,3,2026-01-08T11:26:47.245187,ok
1420172,0148492-39.2025.8.16.0000,74,3,2026-01-08T11:26:47.245187,ok
1420173,0132462-26.2025.8.16.0000,74,3,2026-01-08T11:26:47.245187,ok
1420174,0005681-50.2025.8.16.0196,74,3,2026-01-08T11:26:47.245187,ok
1420175,0127338-62.2025.8.16.0000,74,3,2026-01-08T11:26:47.245187,ok
1420176,0097949-32.2025.8.16.0000,74,3,2026-01-08T11:26:47.245187,ok
1420177,0013934-30.2019.8.16.0069,74,3,2026-01-08T11:26:47.245187,ok
1420178,0130842-76.2025.8.16.0000,74,3,2026-01-08T11:26:47.245187,ok
1420179,0130027-79.2025.8.16.0000,74,3,2026-01-08T11:26:47.245187,ok
1420180,0086549-21.2025.8.16.0000,74,3,2026-01-08T11:26:47.245187,ok
1420181,0145101-76.2025.8.16.0000,74,3,2026-01-08T11:26:47.245187,ok
1420182,0148506-23.2025.8.16.0000,74,3,2026-01-08T11:26:47.245187,ok
1420183,0148997-30.2025.8.16.0000,74,3,2026-01-08T11:26:47.245187,ok
1420184,0026701-86.2010.8.16.0014,74,3,2026-01-08T11:26:47.245187,ok
1420185,0130187-07.2025.8.16.0000,74,3,2026-01-08T11:26:47.245187,ok
1420186,0006889-51.2016.8.16.0013,70,3,2026-01-08T11:26:47.245187,ok
1420187,0006847-38.2025.8.16.0190,70,3,2026-01-08T11:26:47.245187,ok
1420188,0034749-19.2023.8.16.0001,70,3,2026-01-08T11:26:47.245187,ok
1420189,0025580-86.2025.8.16.0017,70,3,2026-01-08T11:26:47.245187,ok
1420190,0010228-33.2023.8.16.0058,70,3,2026-01-08T11:26:47.245187,ok
1420191,0009280-42.2021.8.16.0194,70,3,2026-01-08T11:26:47.245187,ok
1420192,0120239-41.2025.8.16.0000,70,3,2026-01-08T11:26:47.245187,ok
1420193,0062659-11.2025.8.16.0014,70,3,2026-01-08T11:26:47.245187,ok
1420194,0071618-13.2025.8.16.0000,70,3,2026-01-08T11:26:47.245187,ok
1420195,0002212-47.2024.8.16.0061,70,3,2026-01-08T11:26:47.245187,ok
1420196,0000567-32.2022.8.16.0004,70,3,2026-01-08T11:26:47.245187,ok
1420197,0019579-22.2024.8.16.0017,70,3,2026-01-08T11:26:47.245187,ok
1420198,0001692-26.2025.8.16.0070,70,3,2026-01-08T11:26:47.245187,ok
1420199,0091394-96.2025.8.16.0000,70,3,2026-01-08T11:26:47.245187,ok
1420200,0012560-96.2022.8.16.0190,70,3,2026-01-08T11:26:47.245187,ok
1420201,0017786-57.2025.8.16.0035,70,3,2026-01-08T11:26:47.245187,ok
1420202,0003855-82.2025.8.16.0165,70,3,2026-01-08T11:26:47.245187,ok
1420203,0006757-52.2025.8.16.0021,70,3,2026-01-08T11:26:47.245187,ok
1420204,0011038-34.2023.8.16.0017,70,3,2026-01-08T11:26:47.245187,ok
1420205,0002063-64.2021.8.16.0026,70,3,2026-01-08T11:26:47.245187,ok
1420206,0007938-41.2025.8.16.0069,70,3,2026-01-08T11:26:47.245187,ok
1420207,0093330-59.2025.8.16.0000,70,3,2026-01-08T11:26:47.245187,ok
1420208,0002917-45.2025.8.16.0179,70,3,2026-01-08T11:26:47.245187,ok
1420209,0014604-33.2025.8.16.0045,70,3,2026-01-08T11:26:47.245187,ok
1420210,0004307-48.2025.8.16.0018,70,3,2026-01-08T11:26:47.245187,ok
1420211,0008006-90.2024.8.16.0112,70,3,2026-01-08T11:26:47.245187,ok
1420212,0023853-38.2025.8.16.0035,70,3,2026-01-08T11:26:47.245187,ok
1420213,0005033-39.2024.8.16.0153,70,3,2026-01-08T11:26:47.245187,ok
1420214,0032950-28.2025.8.16.0014,70,3,2026-01-08T11:26:47.245187,ok
1420215,0014628-95.2024.8.16.0045,70,3,2026-01-08T11:26:47.245187,ok
1420216,0024513-76.2025.8.16.0182,70,3,2026-01-08T11:26:47.245187,ok
1420217,0001408-49.2025.8.16.0189,70,3,2026-01-08T11:26:47.245187,ok
1420218,0004394-24.2025.8.16.9000,70,3,2026-01-08T11:26:47.245187,ok
1420219,0005702-92.2024.8.16.0056,70,3,2026-01-08T11:26:47.245187,ok
1420220,0010415-67.2024.8.16.0038,70,3,2026-01-08T11:26:47.245187,ok
1420221,0006687-37.2025.8.16.0182,70,3,2026-01-08T11:26:47.245187,ok
1420222,0001296-13.2024.8.16.0158,70,3,2026-01-08T11:26:47.245187,ok
1420223,0003733-84.2024.8.16.0139,70,3,2026-01-08T11:26:47.245187,ok
1420224,0001519-95.2025.8.16.0039,70,3,2026-01-08T11:26:47.245187,ok
1420225,0015778-61.2025.8.16.0018,70,3,2026-01-08T11:26:47.245187,ok
1420226,0002149-12.2023.8.16.0205,70,3,2026-01-08T11:26:47.245187,ok
1420227,0002204-68.2024.8.16.0191,70,3,2026-01-08T11:26:47.245187,ok
1420228,0001398-61.2025.8.16.0138,70,3,2026-01-08T11:26:47.245187,ok
1420229,0001899-47.2024.8.16.0074,70,3,2026-01-08T11:26:47.245187,ok
1420230,0012258-15.2025.8.16.0044,70,3,2026-01-08T11:26:47.245187,ok
1420231,0002481-09.2023.8.16.0195,70,3,2026-01-08T11:26:47.245187,ok
1420232,0003182-88.2024.8.16.0209,70,3,2026-01-08T11:26:47.245187,ok
1420233,0024349-14.2025.8.16.0182,70,3,2026-01-08T11:26:47.245187,ok
1420234,0009434-26.2025.8.16.0160,70,3,2026-01-08T11:26:47.245187,ok
1420235,0001552-29.2021.8.16.0200,70,3,2026-01-08T11:26:47.245187,ok
1420236,0011059-78.2025.8.16.0004,77,3,2026-01-08T11:26:47.245187,ok
1420237,0074056-12.2025.8.16.0000,77,3,2026-01-08T11:26:47.245187,ok
1420238,0034857-77.2025.8.16.0001,77,3,2026-01-08T11:26:47.245187,ok
1420239,0001990-37.2025.8.16.0193,77,3,2026-01-08T11:26:47.245187,ok
1420240,0038268-74.2025.8.16.0019,77,3,2026-01-08T11:26:47.245187,ok
1420241,0063730-48.2025.8.16.0014,77,3,2026-01-08T11:26:47.245187,ok
1420242,0002657-84.2025.8.16.0108,77,3,2026-01-08T11:26:47.245187,ok
1420243,0008970-82.2025.8.16.0004,77,3,2026-01-08T11:26:47.245187,ok
1420244,0005817-22.2025.8.16.0075,77,3,2026-01-08T11:26:47.245187,ok
1420245,0006703-93.2025.8.16.0148,77,3,2026-01-08T11:26:47.245187,ok
1420246,0095119-93.2025.8.16.0000,77,3,2026-01-08T11:26:47.245187,ok
1420247,0005911-67.2025.8.16.0075,77,3,2026-01-08T11:26:47.245187,ok
1420248,0102216-47.2025.8.16.0000,77,3,2026-01-08T11:26:47.245187,ok
1420249,0023278-84.2025.8.16.0017,77,3,2026-01-08T11:26:47.245187,ok
1420250,0107057-85.2025.8.16.0000,77,3,2026-01-08T11:26:47.245187,ok
1420251,0016053-60.2023.8.16.0024,77,3,2026-01-08T11:26:47.245187,ok
1420252,0016054-45.2023.8.16.0024,77,3,2026-01-08T11:26:47.245187,ok
1420253,0012849-75.2025.8.16.0173,77,3,2026-01-08T11:26:47.245187,ok
1420254,0011186-91.2025.8.16.0173,77,3,2026-01-08T11:26:47.245187,ok
1420255,0044073-62.2025.8.16.0001,77,3,2026-01-08T11:26:47.245187,ok
1420256,0008819-57.2025.8.16.0056,77,3,2026-01-08T11:26:47.245187,ok
1420257,0034915-80.2025.8.16.0001,77,3,2026-01-08T11:26:47.245187,ok
1420258,0106987-68.2025.8.16.0000,77,3,2026-01-08T11:26:47.245187,ok
1420259,0000591-78.2024.8.16.0040,77,3,2026-01-08T11:26:47.245187,ok
1420260,0082320-18.2025.8.16.0000,77,3,2026-01-08T11:26:47.245187,ok
1420261,0007931-44.2021.8.16.0116,77,3,2026-01-08T11:26:47.245187,ok
1420262,0022213-12.2025.8.16.0031,77,3,2026-01-08T11:26:47.245187,ok
1420263,0004532-85.2025.8.16.0174,77,3,2026-01-08T11:26:47.245187,ok
1420264,0004961-82.2008.8.16.0001,77,3,2026-01-08T11:26:47.245187,ok
1420265,0012850-60.2025.8.16.0173,77,3,2026-01-08T11:26:47.245187,ok
1420266,0142846-48.2025.8.16.0000,77,3,2026-01-08T11:26:47.245187,ok
1420267,0128044-45.2025.8.16.0000,77,3,2026-01-08T11:26:47.245187,ok
1420268,0137793-86.2025.8.16.0000,77,3,2026-01-08T11:26:47.245187,ok
1420269,0143765-37.2025.8.16.0000,77,3,2026-01-08T11:26:47.245187,ok
1420270,0123686-37.2025.8.16.0000,77,3,2026-01-08T11:26:47.245187,ok
1420271,0138980-32.2025.8.16.0000,77,3,2026-01-08T11:26:47.245187,ok
1420272,0145232-51.2025.8.16.0000,77,3,2026-01-08T11:26:47.245187,ok
1420273,0100203-75.2025.8.16.0000,77,3,2026-01-08T11:26:47.245187,ok
1420274,0005865-24.2025.8.16.0190,77,3,2026-01-08T11:26:47.245187,ok
1420275,0038241-68.2009.8.16.0014,77,3,2026-01-08T11:26:47.245187,ok
1420276,0009695-81.2025.8.16.0130,77,3,2026-01-08T11:26:47.245187,ok
1420277,0116163-71.2025.8.16.0000,77,3,2026-01-08T11:26:47.245187,ok
1420278,0131952-13.2025.8.16.0000,77,3,2026-01-08T11:26:47.245187,ok
1420279,0144705-02.2025.8.16.0000,77,3,2026-01-08T11:26:47.245187,ok
1420280,0039907-94.2025.8.16.0030,77,3,2026-01-08T11:26:47.245187,ok
1420281,0149522-12.2025.8.16.0000,77,3,2026-01-08T11:26:47.245187,ok
1420282,0082239-69.2025.8.16.0000,77,3,2026-01-08T11:26:47.245187,ok
1420283,0002280-21.2024.8.16.0150,77,3,2026-01-08T11:26:47.245187,ok
1420284,0003564-92.2025.8.16.0000,76,3,2026-01-08T11:26:47.245187,ok
1420285,0005876-82.2021.8.16.0064,76,3,2026-01-08T11:26:47.245187,ok
1420286,0027990-39.2023.8.16.0001,76,3,2026-01-08T11:26:47.245187,ok
1420287,0121079-51.2025.8.16.0000,76,3,2026-01-08T11:26:47.245187,ok
1420288,0103907-96.2025.8.16.0000,76,3,2026-01-08T11:26:47.245187,ok
1420289,0001431-49.2024.8.16.0053,76,3,2026-01-08T11:26:47.245187,ok
1420290,0001277-63.2022.8.16.0065,76,3,2026-01-08T11:26:47.245187,ok
1420291,0120363-24.2025.8.16.0000,76,3,2026-01-08T11:26:47.245187,ok
1420292,0006451-78.2024.8.16.0131,76,3,2026-01-08T11:26:47.245187,ok
1420293,0000307-42.2024.8.16.0211,76,3,2026-01-08T11:26:47.245187,ok
1420294,0001779-25.2023.8.16.0046,76,3,2026-01-08T11:26:47.245187,ok
1420295,0009037-22.2024.8.16.0056,76,3,2026-01-08T11:26:47.245187,ok
1420296,0001091-03.2024.8.16.0184,76,3,2026-01-08T11:26:47.245187,ok
1420297,0021822-94.2024.8.16.0030,76,3,2026-01-08T11:26:47.245187,ok
1420298,0000172-70.2025.8.16.0057,76,3,2026-01-08T11:26:47.245187,ok
1420299,0002196-17.2025.8.16.0075,76,3,2026-01-08T11:26:47.245187,ok
1420300,0034870-23.2024.8.16.0030,76,3,2026-01-08T11:26:47.245187,ok
1420301,0018928-84.2024.8.16.0018,76,3,2026-01-08T11:26:47.245187,ok
1420302,0002299-42.2024.8.16.0048,76,3,2026-01-08T11:26:47.245187,ok
1420303,0118421-54.2025.8.16.0000,76,3,2026-01-08T11:26:47.245187,ok
1420304,0132466-63.2025.8.16.0000,76,3,2026-01-08T11:26:47.245187,ok
1420305,0083805-53.2025.8.16.0000,76,3,2026-01-08T11:26:47.245187,ok
1420306,0100866-24.2025.8.16.0000,76,3,2026-01-08T11:26:47.245187,ok
1420307,0029526-20.2025.8.16.0000,76,3,2026-01-08T11:26:47.245187,ok
1420308,0131801-47.2025.8.16.0000,76,3,2026-01-08T11:26:47.245187,ok
1420309,0073855-20.2025.8.16.0000,76,3,2026-01-08T11:26:47.245187,ok
1420310,0120624-86.2025.8.16.0000,76,3,2026-01-08T11:26:47.245187,ok
1420311,4004464-42.2025.8.16.4321,76,3,2026-01-08T11:26:47.245187,ok
1420312,0071276-02.2025.8.16.0000,76,3,2026-01-08T11:26:47.245187,ok
1420313,4003741-23.2025.8.16.4321,76,3,2026-01-08T11:26:47.245187,ok
1420314,0032736-76.2025.8.16.0001,76,3,2026-01-08T11:26:47.245187,ok
1420315,0016058-86.2025.8.16.0194,76,3,2026-01-08T11:26:47.245187,ok
1420316,0016411-29.2025.8.16.0194,76,3,2026-01-08T11:26:47.245187,ok
1420317,0105374-13.2025.8.16.0000,76,3,2026-01-08T11:26:47.245187,ok
1420318,0009544-08.2025.8.16.0004,76,3,2026-01-08T11:26:47.245187,ok
1420319,0070672-96.2025.8.16.0014,76,3,2026-01-08T11:26:47.245187,ok
1420320,0009545-90.2025.8.16.0004,76,3,2026-01-08T11:26:47.245187,ok
1420321,0002266-34.2025.8.16.0172,76,3,2026-01-08T11:26:47.245187,ok
1420322,0023384-46.2025.8.16.0017,76,3,2026-01-08T11:26:47.245187,ok
1420323,0003571-74.2025.8.16.0165,76,3,2026-01-08T11:26:47.245187,ok
1420324,0108548-30.2025.8.16.0000,76,3,2026-01-08T11:26:47.245187,ok
1420325,0031320-73.2025.8.16.0001,76,3,2026-01-08T11:26:47.245187,ok
1420326,0018803-39.2025.8.16.0194,76,3,2026-01-08T11:26:47.245187,ok
1420327,0004211-77.2025.8.16.0165,76,3,2026-01-08T11:26:47.245187,ok
1420328,0001612-80.2025.8.16.0161,76,3,2026-01-08T11:26:47.245187,ok
1420329,0013693-59.2025.8.16.0194,76,3,2026-01-08T11:26:47.245187,ok
1420330,0055677-78.2025.8.16.0014,76,3,2026-01-08T11:26:47.245187,ok
1420331,0142195-16.2025.8.16.0000,76,3,2026-01-08T11:26:47.245187,ok
1420332,0004212-62.2025.8.16.0165,76,3,2026-01-08T11:26:47.245187,ok
1420333,0010689-62.2020.8.16.0170,79,3,2026-01-08T11:26:47.245187,ok
1420334,0025349-83.2024.8.16.0182,79,3,2026-01-08T11:26:47.245187,ok
1420335,0011518-31.2025.8.16.0182,79,3,2026-01-08T11:26:47.245187,ok
1420336,0001173-26.2018.8.16.0093,79,3,2026-01-08T11:26:47.245187,ok
1420337,0003960-38.2023.8.16.0033,79,3,2026-01-08T11:26:47.245187,ok
1420338,0002001-63.2025.8.16.0097,79,3,2026-01-08T11:26:47.245187,ok
1420339,0001717-66.2024.8.16.0137,79,3,2026-01-08T11:26:47.245187,ok
1420340,0002553-85.2024.8.16.0154,79,3,2026-01-08T11:26:47.245187,ok
1420341,0147161-22.2025.8.16.0000,79,3,2026-01-08T11:26:47.245187,ok
1420342,4004124-98.2025.8.16.4321,79,3,2026-01-08T11:26:47.245187,ok
1420343,0142380-54.2025.8.16.0000,79,3,2026-01-08T11:26:47.245187,ok
1420344,0147836-82.2025.8.16.0000,79,3,2026-01-08T11:26:47.245187,ok
1420345,0149025-95.2025.8.16.0000,79,3,2026-01-08T11:26:47.245187,ok
1420346,0148146-88.2025.8.16.0000,79,3,2026-01-08T11:26:47.245187,ok
1420347,0002557-20.2023.8.16.0070,79,3,2026-01-08T11:26:47.245187,ok
1420348,0111551-61.2023.8.16.0000,79,3,2026-01-08T11:26:47.245187,ok
1420349,0002014-93.2024.8.16.0098,79,3,2026-01-08T11:26:47.245187,ok
1420350,0149500-51.2025.8.16.0000,79,3,2026-01-08T11:26:47.245187,ok
1420351,0006221-28.2013.8.16.0129,79,3,2026-01-08T11:26:47.245187,ok
1420352,0003349-64.2025.8.16.0179,79,3,2026-01-08T11:26:47.245187,ok
1420353,0103427-21.2025.8.16.0000,79,3,2026-01-08T11:26:47.245187,ok
1420354,0113029-36.2025.8.16.0000,79,3,2026-01-08T11:26:47.245187,ok
1420355,0127012-05.2025.8.16.0000,79,3,2026-01-08T11:26:47.245187,ok
1420356,0134590-19.2025.8.16.0000,79,3,2026-01-08T11:26:47.245187,ok
1420357,0001388-89.2024.8.16.0190,79,3,2026-01-08T11:26:47.245187,ok
1420358,0145849-11.2025.8.16.0000,79,3,2026-01-08T11:26:47.245187,ok
1420359,0127244-17.2025.8.16.0000,79,3,2026-01-08T11:26:47.245187,ok
1420360,0005043-83.2025.8.16.0174,79,3,2026-01-08T11:26:47.245187,ok
1420361,0005186-72.2025.8.16.0174,79,3,2026-01-08T11:26:47.245187,ok
1420362,0006165-14.2025.8.16.0116,79,3,2026-01-08T11:26:47.245187,ok
1420363,0145793-75.2025.8.16.0000,79,3,2026-01-08T11:26:47.245187,ok
1420364,0072067-68.2025.8.16.0000,79,3,2026-01-08T11:26:47.245187,ok
1420365,0013047-83.2024.8.16.0194,79,3,2026-01-08T11:26:47.245187,ok
1420366,0148812-89.2025.8.16.0000,79,3,2026-01-08T11:26:47.245187,ok
1420367,0102031-09.2025.8.16.0000,79,3,2026-01-08T11:26:47.245187,ok
1420368,0145282-77.2025.8.16.0000,79,3,2026-01-08T11:26:47.245187,ok
1420369,0145280-10.2025.8.16.0000,79,3,2026-01-08T11:26:47.245187,ok
1420370,0145283-62.2025.8.16.0000,79,3,2026-01-08T11:26:47.245187,ok
1420371,0145284-47.2025.8.16.0000,79,3,2026-01-08T11:26:47.245187,ok
1420372,0145286-17.2025.8.16.0000,79,3,2026-01-08T11:26:47.245187,ok
1420373,0117497-43.2025.8.16.0000,79,3,2026-01-08T11:26:47.245187,ok
1420374,0008304-51.2025.8.16.0014,79,3,2026-01-08T11:26:47.245187,ok
1420375,0129403-30.2025.8.16.0000,79,3,2026-01-08T11:26:47.245187,ok
1420376,0147752-81.2025.8.16.0000,79,3,2026-01-08T11:26:47.245187,ok
1420377,0102318-69.2025.8.16.0000,79,3,2026-01-08T11:26:47.245187,ok
1420378,0130772-59.2025.8.16.0000,79,3,2026-01-08T11:26:47.245187,ok
1420379,0001161-16.2016.8.16.0179,79,3,2026-01-08T11:26:47.245187,ok
1420380,0004011-76.2007.8.16.0173,75,3,2026-01-08T11:26:47.245187,ok
1420381,0018337-04.2009.8.16.0001,75,3,2026-01-08T11:26:47.245187,ok
1420382,0066135-02.2025.8.16.0000,75,3,2026-01-08T11:26:47.245187,ok
1420383,0002283-69.2025.8.16.0140,75,3,2026-01-08T11:26:47.245187,ok
1420384,0119021-75.2025.8.16.0000,75,3,2026-01-08T11:26:47.245187,ok
1420385,0000992-42.2025.8.16.0202,75,3,2026-01-08T11:26:47.245187,ok
1420386,0000991-57.2025.8.16.0202,75,3,2026-01-08T11:26:47.245187,ok
1420387,0035135-18.2025.8.16.0021,75,3,2026-01-08T11:26:47.245187,ok
1420388,0009306-85.2025.8.16.0069,75,3,2026-01-08T11:26:47.245187,ok
1420389,4000363-62.2024.8.16.0031,75,3,2026-01-08T11:26:47.245187,ok
1420390,0123196-15.2025.8.16.0000,75,3,2026-01-08T11:26:47.245187,ok
1420391,0102245-97.2025.8.16.0000,75,3,2026-01-08T11:26:47.245187,ok
1420392,0092476-02.2024.8.16.0000,75,3,2026-01-08T11:26:47.245187,ok
1420393,0096951-64.2025.8.16.0000,75,3,2026-01-08T11:26:47.245187,ok
1420394,0002504-20.2025.8.16.0183,75,3,2026-01-08T11:26:47.245187,ok
1420395,0106313-90.2025.8.16.0000,75,3,2026-01-08T11:26:47.245187,ok
1420396,0124257-08.2025.8.16.0000,75,3,2026-01-08T11:26:47.245187,ok
1420397,0011416-81.2023.8.16.0019,75,3,2026-01-08T11:26:47.245187,ok
1420398,0148153-80.2025.8.16.0000,75,3,2026-01-08T11:26:47.245187,ok
1420399,0018058-59.2025.8.16.0000,75,3,2026-01-08T11:26:47.245187,ok
1420400,0146738-62.2025.8.16.0000,75,3,2026-01-08T11:26:47.245187,ok
1420401,0115075-95.2025.8.16.0000,75,3,2026-01-08T11:26:47.245187,ok
1420402,0149629-56.2025.8.16.0000,75,3,2026-01-08T11:26:47.245187,ok
1420403,0003720-14.2025.8.16.0119,75,3,2026-01-08T11:26:47.245187,ok
1420404,0085344-54.2025.8.16.0000,75,3,2026-01-08T11:26:47.245187,ok
1420405,0077944-78.2024.8.16.0014,75,3,2026-01-08T11:26:47.245187,ok
1420406,0002366-40.2024.8.16.0037,75,3,2026-01-08T11:26:47.245187,ok
1420407,0015182-36.2019.8.16.0035,75,3,2026-01-08T11:26:47.245187,ok
1420408,0001362-49.2025.8.16.0031,75,3,2026-01-08T11:26:47.245187,ok
1420409,0000887-05.2021.8.16.0041,75,3,2026-01-08T11:26:47.245187,ok
1420410,0002805-20.2024.8.16.0112,75,3,2026-01-08T11:26:47.245187,ok
1420411,0004176-27.2025.8.16.0098,75,3,2026-01-08T11:26:47.245187,ok
1420412,0007970-96.2021.8.16.0130,75,3,2026-01-08T11:26:47.245187,ok
1420413,0002782-37.2024.8.16.0092,75,3,2026-01-08T11:26:47.245187,ok
1420414,0001053-78.2019.8.16.0147,75,3,2026-01-08T11:26:47.245187,ok
1420415,0002368-81.2025.8.16.0196,75,3,2026-01-08T11:26:47.245187,ok
1420416,0000098-63.2018.8.16.0153,75,3,2026-01-08T11:26:47.245187,ok
1420417,0014866-13.2024.8.16.0014,75,3,2026-01-08T11:26:47.245187,ok
1420418,0044628-40.2025.8.16.0014,75,3,2026-01-08T11:26:47.245187,ok
1420419,0001209-52.2025.8.16.0019,75,3,2026-01-08T11:26:47.245187,ok
1420420,0071624-75.2025.8.16.0014,75,3,2026-01-08T11:26:47.245187,ok
1420421,0005589-64.2023.8.16.0189,75,3,2026-01-08T11:26:47.245187,ok
1420422,0014312-86.2025.8.16.0000,75,3,2026-01-08T11:26:47.245187,ok
1420423,0078194-22.2025.8.16.0000,75,3,2026-01-08T11:26:47.245187,ok
1420424,0006671-56.2022.8.16.0031,75,3,2026-01-08T11:26:47.245187,ok
1420425,0000946-80.2024.8.16.0075,75,3,2026-01-08T11:26:47.245187,ok
1420426,0054616-30.2025.8.16.0000,75,3,2026-01-08T11:26:47.245187,ok
1420427,0022187-80.2020.8.16.0001,75,3,2026-01-08T11:26:47.245187,ok
1420428,0085127-45.2024.8.16.0000,75,3,2026-01-08T11:26:47.245187,ok
1420429,0016412-14.2024.8.16.0173,73,3,2026-01-08T11:26:47.245187,ok
1420430,0002665-68.2023.8.16.0193,73,3,2026-01-08T11:26:47.245187,ok
1420431,0065489-89.2025.8.16.0000,73,3,2026-01-08T11:26:47.245187,ok
1420432,0093003-17.2025.8.16.0000,73,3,2026-01-08T11:26:47.245187,ok
1420433,0033082-07.2024.8.16.0019,73,3,2026-01-08T11:26:47.245187,ok
1420434,0110930-93.2025.8.16.0000,73,3,2026-01-08T11:26:47.245187,ok
1420435,0121702-18.2025.8.16.0000,73,3,2026-01-08T11:26:47.245187,ok
1420436,0100099-83.2025.8.16.0000,73,3,2026-01-08T11:26:47.245187,ok
1420437,0091633-03.2025.8.16.0000,73,3,2026-01-08T11:26:47.245187,ok
1420438,0089549-29.2025.8.16.0000,73,3,2026-01-08T11:26:47.245187,ok
1420439,0004861-68.2023.8.16.0077,73,3,2026-01-08T11:26:47.245187,ok
1420440,0011127-27.2025.8.16.0069,73,3,2026-01-08T11:26:47.245187,ok
1420441,0098187-51.2025.8.16.0000,73,3,2026-01-08T11:26:47.245187,ok
1420442,0015162-43.2024.8.16.0173,73,3,2026-01-08T11:26:47.245187,ok
1420443,0039796-33.2025.8.16.0185,73,3,2026-01-08T11:26:47.245187,ok
1420444,0001636-45.2024.8.16.0161,73,3,2026-01-08T11:26:47.245187,ok
1420445,0002932-69.2021.8.16.0109,73,3,2026-01-08T11:26:47.245187,ok
1420446,0000589-62.2023.8.16.0196,73,3,2026-01-08T11:26:47.245187,ok
1420447,0012183-74.2022.8.16.0013,73,3,2026-01-08T11:26:47.245187,ok
1420448,0010460-22.2023.8.16.0001,73,3,2026-01-08T11:26:47.245187,ok
1420449,0093006-69.2025.8.16.0000,73,3,2026-01-08T11:26:47.245187,ok
1420450,0123468-09.2025.8.16.0000,73,3,2026-01-08T11:26:47.245187,ok
1420451,0005455-15.2016.8.16.0017,73,3,2026-01-08T11:26:47.245187,ok
1420452,0121007-64.2025.8.16.0000,73,3,2026-01-08T11:26:47.245187,ok
1420453,0003471-60.2024.8.16.0196,73,3,2026-01-08T11:26:47.245187,ok
1420454,0009850-84.2025.8.16.0130,73,3,2026-01-08T11:26:47.245187,ok
1420455,0055782-60.2022.8.16.0014,73,3,2026-01-08T11:26:47.245187,ok
1420456,0021371-33.2023.8.16.0021,73,3,2026-01-08T11:26:47.245187,ok
1420457,0002471-26.2024.8.16.0131,73,3,2026-01-08T11:26:47.245187,ok
1420458,0004722-28.2025.8.16.0116,73,3,2026-01-08T11:26:47.245187,ok
1420459,0001989-56.2025.8.16.0030,73,3,2026-01-08T11:26:47.245187,ok
1420460,0023958-35.2022.8.16.0030,73,3,2026-01-08T11:26:47.245187,ok
1420461,0030069-20.2025.8.16.0001,73,3,2026-01-08T11:26:47.245187,ok
1420462,0024549-55.2020.8.16.0001,73,3,2026-01-08T11:26:47.245187,ok
1420463,0011428-81.2022.8.16.0035,73,3,2026-01-08T11:26:47.245187,ok
1420464,0006529-64.2013.8.16.0129,73,3,2026-01-08T11:26:47.245187,ok
1420465,0017093-28.2019.8.16.0021,73,3,2026-01-08T11:26:47.245187,ok
1420466,0005583-90.2025.8.16.0123,73,3,2026-01-08T11:26:47.245187,ok
1420467,0007376-26.2014.8.16.0034,73,3,2026-01-08T11:26:47.245187,ok
1420468,0106918-36.2025.8.16.0000,73,3,2026-01-08T11:26:47.245187,ok
1420469,0107142-71.2025.8.16.0000,73,3,2026-01-08T11:26:47.245187,ok
1420470,0094071-02.2025.8.16.0000,73,3,2026-01-08T11:26:47.245187,ok
1420471,0001513-39.2024.8.16.0196,73,3,2026-01-08T11:26:47.245187,ok
1420472,0003155-33.2024.8.16.0039,73,3,2026-01-08T11:26:47.245187,ok
1420473,0080892-90.2024.8.16.0014,73,3,2026-01-08T11:26:47.245187,ok
1420474,0049366-71.2025.8.16.0014,73,3,2026-01-08T11:26:47.245187,ok
1420475,0000742-41.2012.8.16.0177,73,3,2026-01-08T11:26:47.245187,ok
1420476,0004597-90.2024.8.16.0182,73,3,2026-01-08T11:26:47.245187,ok
1420477,0001762-60.2025.8.16.0129,73,3,2026-01-08T11:26:47.245187,ok
1420478,0003029-46.2024.8.16.0018,73,3,2026-01-08T11:26:47.245187,ok
1420479,0145313-97.2025.8.16.0000,82,3,2026-01-08T11:26:47.245187,ok
1420480,0003103-57.2019.8.16.0186,82,3,2026-01-08T11:26:47.245187,ok
1420481,0142980-75.2025.8.16.0000,82,3,2026-01-08T11:26:47.245187,ok
1420482,0101806-86.2025.8.16.0000,82,3,2026-01-08T11:26:47.245187,ok
1420483,0057311-54.2025.8.16.0000,82,3,2026-01-08T11:26:47.245187,ok
1420484,0101029-04.2025.8.16.0000,82,3,2026-01-08T11:26:47.245187,ok
1420485,0012785-22.2025.8.16.0058,82,3,2026-01-08T11:26:47.245187,ok
1420486,0132219-19.2024.8.16.0000,82,3,2026-01-08T11:26:47.245187,ok
1420487,0051971-32.2025.8.16.0000,82,3,2026-01-08T11:26:47.245187,ok
1420488,0110066-55.2025.8.16.0000,82,3,2026-01-08T11:26:47.245187,ok
1420489,0136505-06.2025.8.16.0000,82,3,2026-01-08T11:26:47.245187,ok
1420490,0131488-86.2025.8.16.0000,82,3,2026-01-08T11:26:47.245187,ok
1420491,0001068-95.2022.8.16.0194,82,3,2026-01-08T11:26:47.245187,ok
1420492,0132982-83.2025.8.16.0000,82,3,2026-01-08T11:26:47.245187,ok
1420493,0147707-77.2025.8.16.0000,82,3,2026-01-08T11:26:47.245187,ok
1420494,0145838-79.2025.8.16.0000,82,3,2026-01-08T11:26:47.245187,ok
1420495,0131845-66.2025.8.16.0000,82,3,2026-01-08T11:26:47.245187,ok
1420496,0038435-51.2025.8.16.0000,82,3,2026-01-08T11:26:47.245187,ok
1420497,0002876-89.2009.8.16.0001,82,3,2026-01-08T11:26:47.245187,ok
1420498,0129580-91.2025.8.16.0000,82,3,2026-01-08T11:26:47.245187,ok
1420499,0084941-85.2025.8.16.0000,82,3,2026-01-08T11:26:47.245187,ok
1420500,0088176-60.2025.8.16.0000,82,3,2026-01-08T11:26:47.245187,ok
1420501,0106667-18.2025.8.16.0000,82,3,2026-01-08T11:26:47.245187,ok
1420502,0140855-37.2025.8.16.0000,82,3,2026-01-08T11:26:47.245187,ok
1420503,0031996-24.2025.8.16.0000,82,3,2026-01-08T11:26:47.245187,ok
1420504,0130235-63.2025.8.16.0000,82,3,2026-01-08T11:26:47.245187,ok
1420505,0132906-59.2025.8.16.0000,82,3,2026-01-08T11:26:47.245187,ok
1420506,0041199-49.2021.8.16.0000,82,3,2026-01-08T11:26:47.245187,ok
1420507,0148425-74.2025.8.16.0000,82,3,2026-01-08T11:26:47.245187,ok
1420508,0006746-49.2025.8.16.0174,82,3,2026-01-08T11:26:47.245187,ok
1420509,0004822-03.2025.8.16.0174,82,3,2026-01-08T11:26:47.245187,ok
1420510,0003965-54.2025.8.16.0174,82,3,2026-01-08T11:26:47.245187,ok
1420511,0007117-13.2025.8.16.0174,82,3,2026-01-08T11:26:47.245187,ok
1420512,0006895-45.2025.8.16.0174,82,3,2026-01-08T11:26:47.245187,ok
1420513,0007318-05.2025.8.16.0174,82,3,2026-01-08T11:26:47.245187,ok
1420514,0006889-38.2025.8.16.0174,82,3,2026-01-08T11:26:47.245187,ok
1420515,0004369-08.2025.8.16.0174,82,3,2026-01-08T11:26:47.245187,ok
1420516,0004947-68.2025.8.16.0174,82,3,2026-01-08T11:26:47.245187,ok
1420517,0130204-43.2025.8.16.0000,82,3,2026-01-08T11:26:47.245187,ok
1420518,0133453-02.2025.8.16.0000,82,3,2026-01-08T11:26:47.245187,ok
1420519,0130424-41.2025.8.16.0000,82,3,2026-01-08T11:26:47.245187,ok
1420520,0128660-20.2025.8.16.0000,82,3,2026-01-08T11:26:47.245187,ok
1420521,0132645-94.2025.8.16.0000,82,3,2026-01-08T11:26:47.245187,ok
1420522,0125346-66.2025.8.16.0000,82,3,2026-01-08T11:26:47.245187,ok
1420523,0023555-12.2025.8.16.0014,82,3,2026-01-08T11:26:47.245187,ok
1420524,0128464-50.2025.8.16.0000,82,3,2026-01-08T11:26:47.245187,ok
1420525,0117148-40.2025.8.16.0000,82,3,2026-01-08T11:26:47.245187,ok
1420526,0141785-55.2025.8.16.0000,82,3,2026-01-08T11:26:47.245187,ok
1420527,0001089-47.2021.8.16.0181,82,3,2026-01-08T11:26:47.245187,ok
1420528,0030019-62.2023.8.16.0001,84,3,2026-01-08T11:26:47.245187,ok
1420529,0007915-38.2021.8.16.0004,84,3,2026-01-08T11:26:47.245187,ok
1420530,0036324-91.2025.8.16.0001,84,3,2026-01-08T11:26:47.245187,ok
1420531,0003353-95.2025.8.16.0084,84,3,2026-01-08T11:26:47.245187,ok
1420532,0001739-73.2025.8.16.0078,84,3,2026-01-08T11:26:47.245187,ok
1420533,0009957-53.2025.8.16.0058,84,3,2026-01-08T11:26:47.245187,ok
1420534,0095731-31.2025.8.16.0000,84,3,2026-01-08T11:26:47.245187,ok
1420535,0021047-84.2025.8.16.0017,84,3,2026-01-08T11:26:47.245187,ok
1420536,0007718-56.2024.8.16.0173,84,3,2026-01-08T11:26:47.245187,ok
1420537,0002952-10.2025.8.16.0048,84,3,2026-01-08T11:26:47.245187,ok
1420538,0064507-33.2025.8.16.0014,84,3,2026-01-08T11:26:47.245187,ok
1420539,0060836-02.2025.8.16.0014,84,3,2026-01-08T11:26:47.245187,ok
1420540,0002014-59.2025.8.16.0195,84,3,2026-01-08T11:26:47.245187,ok
1420541,0009582-19.2025.8.16.0069,84,3,2026-01-08T11:26:47.245187,ok
1420542,0004523-73.2023.8.16.0084,84,3,2026-01-08T11:26:47.245187,ok
1420543,0008454-66.2025.8.16.0035,84,3,2026-01-08T11:26:47.245187,ok
1420544,0001382-62.2025.8.16.0153,84,3,2026-01-08T11:26:47.245187,ok
1420545,0000163-45.2025.8.16.0078,84,3,2026-01-08T11:26:47.245187,ok
1420546,0001537-73.2025.8.16.0021,84,3,2026-01-08T11:26:47.245187,ok
1420547,0013352-96.2025.8.16.0173,84,3,2026-01-08T11:26:47.245187,ok
1420548,0002780-58.2024.8.16.0192,84,3,2026-01-08T11:26:47.245187,ok
1420549,0000906-02.2025.8.16.0128,84,3,2026-01-08T11:26:47.245187,ok
1420550,0002605-77.2025.8.16.0047,84,3,2026-01-08T11:26:47.245187,ok
1420551,0018498-67.2020.8.16.0182,84,3,2026-01-08T11:26:47.245187,ok
1420552,0055567-79.2025.8.16.0014,84,3,2026-01-08T11:26:47.245187,ok
1420553,0000331-70.2024.8.16.0211,84,3,2026-01-08T11:26:47.245187,ok
1420554,0004730-48.2024.8.16.0113,84,3,2026-01-08T11:26:47.245187,ok
1420555,0002976-51.2025.8.16.9000,84,3,2026-01-08T11:26:47.245187,ok
1420556,0003869-42.2025.8.16.9000,84,3,2026-01-08T11:26:47.245187,ok
1420557,0007026-92.2024.8.16.0129,84,3,2026-01-08T11:26:47.245187,ok
1420558,0002187-49.2024.8.16.0153,84,3,2026-01-08T11:26:47.245187,ok
1420559,0000038-76.2021.8.16.0156,84,3,2026-01-08T11:26:47.245187,ok
1420560,0000066-18.2024.8.16.0066,84,3,2026-01-08T11:26:47.245187,ok
1420561,0006454-04.2024.8.16.9000,84,3,2026-01-08T11:26:47.245187,ok
1420562,0002653-62.2025.8.16.0103,84,3,2026-01-08T11:26:47.245187,ok
1420563,0004241-52.2025.8.16.0088,84,3,2026-01-08T11:26:47.245187,ok
1420564,0001505-47.2022.8.16.0062,84,3,2026-01-08T11:26:47.245187,ok
1420565,0002586-37.2025.8.16.0123,84,3,2026-01-08T11:26:47.245187,ok
1420566,0008762-73.2024.8.16.0056,84,3,2026-01-08T11:26:47.245187,ok
1420567,0041802-25.2022.8.16.0021,84,3,2026-01-08T11:26:47.245187,ok
1420568,0000482-85.2025.8.16.0054,84,3,2026-01-08T11:26:47.245187,ok
1420569,0018070-78.2023.8.16.0021,84,3,2026-01-08T11:26:47.245187,ok
1420570,0009537-66.2024.8.16.0031,84,3,2026-01-08T11:26:47.245187,ok
1420571,0002241-15.2024.8.16.0153,84,3,2026-01-08T11:26:47.245187,ok
1420572,0020297-43.2025.8.16.0030,84,3,2026-01-08T11:26:47.245187,ok
1420573,0001838-89.2024.8.16.0074,84,3,2026-01-08T11:26:47.245187,ok
1420574,0003950-88.2025.8.16.9000,84,3,2026-01-08T11:26:47.245187,ok
1420575,0003663-60.2024.8.16.0109,84,3,2026-01-08T11:26:47.245187,ok
1420576,0003325-89.2025.8.16.0129,84,3,2026-01-08T11:26:47.245187,ok
1420577,0002237-15.2023.8.16.0055,84,3,2026-01-08T11:26:47.245187,ok
1420578,0114471-37.2025.8.16.0000,80,3,2026-01-08T11:26:47.245187,ok
1420579,0003482-45.2024.8.16.0146,80,3,2026-01-08T11:26:47.245187,ok
1420580,0008372-77.2024.8.16.0000,80,3,2026-01-08T11:26:47.245187,ok
1420581,0127850-45.2025.8.16.0000,80,3,2026-01-08T11:26:47.245187,ok
1420582,0074075-73.2025.8.16.0014,80,3,2026-01-08T11:26:47.245187,ok
1420583,0128469-09.2024.8.16.0000,80,3,2026-01-08T11:26:47.245187,ok
1420584,0141489-33.2025.8.16.0000,80,3,2026-01-08T11:26:47.245187,ok
1420585,0020442-92.2025.8.16.0194,80,3,2026-01-08T11:26:47.245187,ok
1420586,0083269-42.2025.8.16.0000,80,3,2026-01-08T11:26:47.245187,ok
1420587,0149482-30.2025.8.16.0000,80,3,2026-01-08T11:26:47.245187,ok
1420588,0148818-96.2025.8.16.0000,80,3,2026-01-08T11:26:47.245187,ok
1420589,0148796-38.2025.8.16.0000,80,3,2026-01-08T11:26:47.245187,ok
1420590,0128034-98.2025.8.16.0000,80,3,2026-01-08T11:26:47.245187,ok
1420591,0006694-20.2007.8.16.0001,80,3,2026-01-08T11:26:47.245187,ok
1420592,0113930-04.2025.8.16.0000,80,3,2026-01-08T11:26:47.245187,ok
1420593,0149213-88.2025.8.16.0000,80,3,2026-01-08T11:26:47.245187,ok
1420594,0102111-70.2025.8.16.0000,80,3,2026-01-08T11:26:47.245187,ok
1420595,0066484-05.2025.8.16.0000,80,3,2026-01-08T11:26:47.245187,ok
1420596,0128121-54.2025.8.16.0000,80,3,2026-01-08T11:26:47.245187,ok
1420597,0132730-80.2025.8.16.0000,80,3,2026-01-08T11:26:47.245187,ok
1420598,0084955-69.2025.8.16.0000,80,3,2026-01-08T11:26:47.245187,ok
1420599,0149452-92.2025.8.16.0000,80,3,2026-01-08T11:26:47.245187,ok
1420600,0005333-97.2020.8.16.0037,80,3,2026-01-08T11:26:47.245187,ok
1420601,0003083-61.2024.8.16.0034,80,3,2026-01-08T11:26:47.245187,ok
1420602,0002059-89.2023.8.16.0112,80,3,2026-01-08T11:26:47.245187,ok
1420603,0024188-21.2015.8.16.0031,80,3,2026-01-08T11:26:47.245187,ok
1420604,0149672-90.2025.8.16.0000,80,3,2026-01-08T11:26:47.245187,ok
1420605,0007404-87.2020.8.16.0129,80,3,2026-01-08T11:26:47.245187,ok
1420606,0090439-02.2024.8.16.0000,80,3,2026-01-08T11:26:47.245187,ok
1420607,0149038-94.2025.8.16.0000,80,3,2026-01-08T11:26:47.245187,ok
1420608,0149430-34.2025.8.16.0000,80,3,2026-01-08T11:26:47.245187,ok
1420609,0004342-25.2025.8.16.0174,80,3,2026-01-08T11:26:47.245187,ok
1420610,4000203-26.2025.8.16.0088,80,3,2026-01-08T11:26:47.245187,ok
1420611,0002759-79.2024.8.16.0193,80,3,2026-01-08T11:26:47.245187,ok
1420612,0113176-62.2025.8.16.0000,80,3,2026-01-08T11:26:47.245187,ok
1420613,0149046-71.2025.8.16.0000,80,3,2026-01-08T11:26:47.245187,ok
1420614,0009882-75.2023.8.16.0028,80,3,2026-01-08T11:26:47.245187,ok
1420615,0049398-21.2025.8.16.0000,80,3,2026-01-08T11:26:47.245187,ok
1420616,0005826-43.2024.8.16.0196,80,3,2026-01-08T11:26:47.245187,ok
1420617,0000753-07.2020.8.16.0075,80,3,2026-01-08T11:26:47.245187,ok
1420618,0004793-68.2024.8.16.0050,80,3,2026-01-08T11:26:47.245187,ok
1420619,0000454-27.2023.8.16.0042,80,3,2026-01-08T11:26:47.245187,ok
1420620,0010610-81.2014.8.16.0174,80,3,2026-01-08T11:26:47.245187,ok
1420621,0080154-13.2025.8.16.0000,80,3,2026-01-08T11:26:47.245187,ok
1420622,0006961-21.2023.8.16.0004,80,3,2026-01-08T11:26:47.245187,ok
1420623,0079171-14.2025.8.16.0000,80,3,2026-01-08T11:26:47.245187,ok
1420624,0023580-67.2025.8.16.0000,80,3,2026-01-08T11:26:47.245187,ok
1420625,0000929-48.2025.8.16.0127,80,3,2026-01-08T11:26:47.245187,ok
1420626,0070878-13.2025.8.16.0014,80,3,2026-01-08T11:26:47.245187,ok
1420627,0112519-23.2025.8.16.0000,80,3,2026-01-08T11:26:47.245187,ok
1420628,0010348-60.2025.8.16.0170,85,3,2026-01-08T11:26:47.245187,ok
1420629,0020090-78.2024.8.16.0030,85,3,2026-01-08T11:26:47.245187,ok
1420630,0013612-34.2024.8.16.0069,85,3,2026-01-08T11:26:47.245187,ok
1420631,0017063-11.2025.8.16.0044,85,3,2026-01-08T11:26:47.245187,ok
1420632,0003971-53.2025.8.16.0209,85,3,2026-01-08T11:26:47.245187,ok
1420633,0032630-90.2024.8.16.0182,85,3,2026-01-08T11:26:47.245187,ok
1420634,0000588-37.2024.8.16.0101,85,3,2026-01-08T11:26:47.245187,ok
1420635,0003612-92.2024.8.16.0030,85,3,2026-01-08T11:26:47.245187,ok
1420636,0007506-71.2025.8.16.0182,85,3,2026-01-08T11:26:47.245187,ok
1420637,0004662-12.2025.8.16.0195,85,3,2026-01-08T11:26:47.245187,ok
1420638,0017574-87.2025.8.16.0018,85,3,2026-01-08T11:26:47.245187,ok
1420639,0012144-73.2025.8.16.0045,85,3,2026-01-08T11:26:47.245187,ok
1420640,0022779-31.2024.8.16.0019,85,3,2026-01-08T11:26:47.245187,ok
1420641,0004354-16.2025.8.16.0117,85,3,2026-01-08T11:26:47.245187,ok
1420642,0051764-25.2024.8.16.0014,85,3,2026-01-08T11:26:47.245187,ok
1420643,0016717-60.2025.8.16.0044,85,3,2026-01-08T11:26:47.245187,ok
1420644,0038663-66.2025.8.16.0019,85,3,2026-01-08T11:26:47.245187,ok
1420645,0005498-58.2024.8.16.0182,85,3,2026-01-08T11:26:47.245187,ok
1420646,0001835-77.2024.8.16.0093,85,3,2026-01-08T11:26:47.245187,ok
1420647,0001195-37.2023.8.16.0052,85,3,2026-01-08T11:26:47.245187,ok
1420648,0041741-20.2024.8.16.0014,85,3,2026-01-08T11:26:47.245187,ok
1420649,0016293-96.2025.8.16.0018,85,3,2026-01-08T11:26:47.245187,ok
1420650,0000024-18.2022.8.16.0040,85,3,2026-01-08T11:26:47.245187,ok
1420651,0000083-05.2025.8.16.0168,85,3,2026-01-08T11:26:47.245187,ok
1420652,0000883-37.2025.8.16.0102,85,3,2026-01-08T11:26:47.245187,ok
1420653,0001658-65.2021.8.16.0046,85,3,2026-01-08T11:26:47.245187,ok
1420654,0002910-81.2023.8.16.0160,85,3,2026-01-08T11:26:47.245187,ok
1420655,0015786-36.2024.8.16.0030,85,3,2026-01-08T11:26:47.245187,ok
1420656,0000731-85.2025.8.16.0167,85,3,2026-01-08T11:26:47.245187,ok
1420657,0005970-24.2024.8.16.0129,85,3,2026-01-08T11:26:47.245187,ok
1420658,0029571-65.2024.8.16.0030,85,3,2026-01-08T11:26:47.245187,ok
1420659,0025711-89.2024.8.16.0019,85,3,2026-01-08T11:26:47.245187,ok
1420660,0009059-93.2023.8.16.0160,85,3,2026-01-08T11:26:47.245187,ok
1420661,0004869-16.2025.8.16.0064,85,3,2026-01-08T11:26:47.245187,ok
1420662,0003143-31.2025.8.16.0056,85,3,2026-01-08T11:26:47.245187,ok
1420663,0001958-28.2025.8.16.0162,85,3,2026-01-08T11:26:47.245187,ok
1420664,0001675-21.2024.8.16.0168,85,3,2026-01-08T11:26:47.245187,ok
1420665,0009478-40.2022.8.16.0131,85,3,2026-01-08T11:26:47.245187,ok
1420666,0002835-67.2024.8.16.0108,85,3,2026-01-08T11:26:47.245187,ok
1420667,0019529-90.2024.8.16.0018,85,3,2026-01-08T11:26:47.245187,ok
1420668,0002390-45.2024.8.16.0077,85,3,2026-01-08T11:26:47.245187,ok
1420669,0020890-30.2025.8.16.0044,85,3,2026-01-08T11:26:47.245187,ok
1420670,0001693-07.2024.8.16.0115,85,3,2026-01-08T11:26:47.245187,ok
1420671,0004764-58.2025.8.16.0187,85,3,2026-01-08T11:26:47.245187,ok
1420672,0061005-23.2024.8.16.0014,85,3,2026-01-08T11:26:47.245187,ok
1420673,0000209-09.2025.8.16.0054,85,3,2026-01-08T11:26:47.245187,ok
1420674,0019657-76.2025.8.16.0018,85,3,2026-01-08T11:26:47.245187,ok
1420675,0028401-28.2023.8.16.0019,85,3,2026-01-08T11:26:47.245187,ok
1420676,0002179-76.2024.8.16.0184,85,3,2026-01-08T11:26:47.245187,ok
1420677,0006961-05.2025.8.16.0019,85,3,2026-01-08T11:26:47.245187,ok
1420678,0074579-24.2025.8.16.0000,78,3,2026-01-08T11:26:47.245187,ok
1420679,0000542-35.2011.8.16.0091,78,3,2026-01-08T11:26:47.245187,ok
1420680,0002524-23.2025.8.16.0179,78,3,2026-01-08T11:26:47.245187,ok
1420681,0007545-93.2021.8.16.0025,78,3,2026-01-08T11:26:47.245187,ok
1420682,0000633-83.2024.8.16.0087,78,3,2026-01-08T11:26:47.245187,ok
1420683,0000657-50.2024.8.16.0075,78,3,2026-01-08T11:26:47.245187,ok
1420684,0008946-58.2024.8.16.0014,78,3,2026-01-08T11:26:47.245187,ok
1420685,0010110-78.2014.8.16.0056,78,3,2026-01-08T11:26:47.245187,ok
1420686,0000010-68.1997.8.16.0118,78,3,2026-01-08T11:26:47.245187,ok
1420687,0002126-98.2020.8.16.0196,78,3,2026-01-08T11:26:47.245187,ok
1420688,0003353-44.2021.8.16.0017,78,3,2026-01-08T11:26:47.245187,ok
1420689,0000654-16.2024.8.16.0166,78,3,2026-01-08T11:26:47.245187,ok
1420690,0002518-33.2023.8.16.0196,78,3,2026-01-08T11:26:47.245187,ok
1420691,0091199-14.2025.8.16.0000,78,3,2026-01-08T11:26:47.245187,ok
1420692,0001242-35.2021.8.16.0196,78,3,2026-01-08T11:26:47.245187,ok
1420693,0003679-81.2021.8.16.0153,78,3,2026-01-08T11:26:47.245187,ok
1420694,0001074-22.2022.8.16.0156,78,3,2026-01-08T11:26:47.245187,ok
1420695,0004801-97.2021.8.16.0196,78,3,2026-01-08T11:26:47.245187,ok
1420696,0001327-16.2024.8.16.0196,78,3,2026-01-08T11:26:47.245187,ok
1420697,0028047-57.2023.8.16.0001,78,3,2026-01-08T11:26:47.245187,ok
1420698,0000726-33.2024.8.16.0156,78,3,2026-01-08T11:26:47.245187,ok
1420699,0002741-37.2019.8.16.0192,78,3,2026-01-08T11:26:47.245187,ok
1420700,0095842-15.2025.8.16.0000,78,3,2026-01-08T11:26:47.245187,ok
1420701,0001355-85.2020.8.16.0143,78,3,2026-01-08T11:26:47.245187,ok
1420702,0002374-64.2020.8.16.0196,78,3,2026-01-08T11:26:47.245187,ok
1420703,0009444-96.2021.8.16.0035,78,3,2026-01-08T11:26:47.245187,ok
1420704,0005273-03.2024.8.16.0129,78,3,2026-01-08T11:26:47.245187,ok
1420705,0011065-30.2019.8.16.0058,78,3,2026-01-08T11:26:47.245187,ok
1420706,0027677-88.2023.8.16.0030,78,3,2026-01-08T11:26:47.245187,ok
1420707,0083996-27.2023.8.16.0014,78,3,2026-01-08T11:26:47.245187,ok
1420708,0094893-88.2025.8.16.0000,78,3,2026-01-08T11:26:47.245187,ok
1420709,0097986-59.2025.8.16.0000,78,3,2026-01-08T11:26:47.245187,ok
1420710,0110401-74.2025.8.16.0000,78,3,2026-01-08T11:26:47.245187,ok
1420711,0110211-14.2025.8.16.0000,78,3,2026-01-08T11:26:47.245187,ok
1420712,0103953-85.2025.8.16.0000,78,3,2026-01-08T11:26:47.245187,ok
1420713,0008750-24.2025.8.16.0024,78,3,2026-01-08T11:26:47.245187,ok
1420714,0107781-89.2025.8.16.0000,78,3,2026-01-08T11:26:47.245187,ok
1420715,0007197-80.2023.8.16.0130,78,3,2026-01-08T11:26:47.245187,ok
1420716,0048908-96.2025.8.16.0000,78,3,2026-01-08T11:26:47.245187,ok
1420717,0005878-08.2025.8.16.0098,78,3,2026-01-08T11:26:47.245187,ok
1420718,0109365-94.2025.8.16.0000,78,3,2026-01-08T11:26:47.245187,ok
1420719,0112393-70.2025.8.16.0000,78,3,2026-01-08T11:26:47.245187,ok
1420720,0122135-22.2025.8.16.0000,78,3,2026-01-08T11:26:47.245187,ok
1420721,0127268-45.2025.8.16.0000,78,3,2026-01-08T11:26:47.245187,ok
1420722,0104416-27.2025.8.16.0000,78,3,2026-01-08T11:26:47.245187,ok
1420723,0032478-46.2024.8.16.0019,78,3,2026-01-08T11:26:47.245187,ok
1420724,0132455-34.2025.8.16.0000,78,3,2026-01-08T11:26:47.245187,ok
1420725,0012411-22.2025.8.16.0182,78,3,2026-01-08T11:26:47.245187,ok
1420726,0045540-52.2024.8.16.0182,78,3,2026-01-08T11:26:47.245187,ok
1420727,0031741-58.2024.8.16.0014,81,3,2026-01-08T11:26:47.245187,ok
1420728,0001509-38.2022.8.16.0045,81,3,2026-01-08T11:26:47.245187,ok
1420729,0003069-93.2025.8.16.0179,81,3,2026-01-08T11:26:47.245187,ok
1420730,0014872-79.2022.8.16.0017,81,3,2026-01-08T11:26:47.245187,ok
1420731,0003666-04.2018.8.16.0116,81,3,2026-01-08T11:26:47.245187,ok
1420732,0001223-76.2011.8.16.0035,81,3,2026-01-08T11:26:47.245187,ok
1420733,4000660-73.2025.8.16.0083,81,3,2026-01-08T11:26:47.245187,ok
1420734,0003059-06.2021.8.16.0077,81,3,2026-01-08T11:26:47.245187,ok
1420735,0020847-31.2025.8.16.0000,81,3,2026-01-08T11:26:47.245187,ok
1420736,0133709-42.2025.8.16.0000,81,3,2026-01-08T11:26:47.245187,ok
1420737,0008423-93.2024.8.16.0160,81,3,2026-01-08T11:26:47.245187,ok
1420738,0006968-59.2025.8.16.0160,81,3,2026-01-08T11:26:47.245187,ok
1420739,0003838-85.2024.8.16.0131,81,3,2026-01-08T11:26:47.245187,ok
1420740,0068404-40.2023.8.16.0014,81,3,2026-01-08T11:26:47.245187,ok
1420741,0079645-82.2025.8.16.0000,81,3,2026-01-08T11:26:47.245187,ok
1420742,0000725-76.2022.8.16.0040,81,3,2026-01-08T11:26:47.245187,ok
1420743,0041652-39.2024.8.16.0000,81,3,2026-01-08T11:26:47.245187,ok
1420744,0001234-45.2023.8.16.0113,81,3,2026-01-08T11:26:47.245187,ok
1420745,0100027-96.2025.8.16.0000,81,3,2026-01-08T11:26:47.245187,ok
1420746,0110966-38.2025.8.16.0000,81,3,2026-01-08T11:26:47.245187,ok
1420747,0006545-71.2024.8.16.0019,81,3,2026-01-08T11:26:47.245187,ok
1420748,0103520-81.2025.8.16.0000,81,3,2026-01-08T11:26:47.245187,ok
1420749,0007851-94.2024.8.16.0045,81,3,2026-01-08T11:26:47.245187,ok
1420750,0001331-44.2024.8.16.0102,81,3,2026-01-08T11:26:47.245187,ok
1420751,0008894-71.2025.8.16.0129,81,3,2026-01-08T11:26:47.245187,ok
1420752,0001475-10.2024.8.16.0137,81,3,2026-01-08T11:26:47.245187,ok
1420753,0005717-75.2020.8.16.0129,81,3,2026-01-08T11:26:47.245187,ok
1420754,0010841-62.2021.8.16.0013,81,3,2026-01-08T11:26:47.245187,ok
1420755,4005171-10.2025.8.16.4321,81,3,2026-01-08T11:26:47.245187,ok
1420756,0015249-42.2025.8.16.0018,81,3,2026-01-08T11:26:47.245187,ok
1420757,0001462-71.2025.8.16.0138,81,3,2026-01-08T11:26:47.245187,ok
1420758,0000765-84.2024.8.16.0138,81,3,2026-01-08T11:26:47.245187,ok
1420759,0001463-56.2025.8.16.0138,81,3,2026-01-08T11:26:47.245187,ok
1420760,0035496-35.2025.8.16.0021,81,3,2026-01-08T11:26:47.245187,ok
1420761,0026456-36.2024.8.16.0030,81,3,2026-01-08T11:26:47.245187,ok
1420762,0027821-57.2024.8.16.0182,81,3,2026-01-08T11:26:47.245187,ok
1420763,0000113-26.2022.8.16.0142,81,3,2026-01-08T11:26:47.245187,ok
1420764,0002448-03.2021.8.16.0126,81,3,2026-01-08T11:26:47.245187,ok
1420765,0001797-52.2023.8.16.0141,81,3,2026-01-08T11:26:47.245187,ok
1420766,0106732-13.2025.8.16.0000,81,3,2026-01-08T11:26:47.245187,ok
1420767,0105824-53.2025.8.16.0000,81,3,2026-01-08T11:26:47.245187,ok
1420768,0148232-59.2025.8.16.0000,81,3,2026-01-08T11:26:47.245187,ok
1420769,0111733-76.2025.8.16.0000,81,3,2026-01-08T11:26:47.245187,ok
1420770,0113468-47.2025.8.16.0000,81,3,2026-01-08T11:26:47.245187,ok
1420771,0105415-77.2025.8.16.0000,81,3,2026-01-08T11:26:47.245187,ok
1420772,0143724-70.2025.8.16.0000,81,3,2026-01-08T11:26:47.245187,ok
1420773,0022400-04.2021.8.16.0017,81,3,2026-01-08T11:26:47.245187,ok
1420774,0003915-02.2024.8.16.0000,81,3,2026-01-08T11:26:47.245187,ok
1420775,0090592-98.2025.8.16.0000,81,3,2026-01-08T11:26:47.245187,ok
1420776,0129524-58.2025.8.16.0000,81,3,2026-01-08T11:26:47.245187,ok
1420777,0134231-69.2025.8.16.0000,83,3,2026-01-08T11:26:47.245187,ok
1420778,0133263-39.2025.8.16.0000,83,3,2026-01-08T11:26:47.245187,ok
1420779,0149729-11.2025.8.16.0000,83,3,2026-01-08T11:26:47.245187,ok
1420780,0117922-70.2025.8.16.0000,83,3,2026-01-08T11:26:47.245187,ok
1420781,0070501-84.2025.8.16.0000,83,3,2026-01-08T11:26:47.245187,ok
1420782,0130774-29.2025.8.16.0000,83,3,2026-01-08T11:26:47.245187,ok
1420783,0131256-74.2025.8.16.0000,83,3,2026-01-08T11:26:47.245187,ok
1420784,0109678-55.2025.8.16.0000,83,3,2026-01-08T11:26:47.245187,ok
1420785,0127151-54.2025.8.16.0000,83,3,2026-01-08T11:26:47.245187,ok
1420786,0102522-16.2025.8.16.0000,83,3,2026-01-08T11:26:47.245187,ok
1420787,0001093-69.2009.8.16.0128,83,3,2026-01-08T11:26:47.245187,ok
1420788,0148077-56.2025.8.16.0000,83,3,2026-01-08T11:26:47.245187,ok
1420789,0012427-03.2025.8.16.0173,83,3,2026-01-08T11:26:47.245187,ok
1420790,0011865-67.2024.8.16.0160,83,3,2026-01-08T11:26:47.245187,ok
1420791,0061774-39.2025.8.16.0000,83,3,2026-01-08T11:26:47.245187,ok
1420792,0101086-22.2025.8.16.0000,83,3,2026-01-08T11:26:47.245187,ok
1420793,0000419-69.2024.8.16.0030,83,3,2026-01-08T11:26:47.245187,ok
1420794,0075344-92.2025.8.16.0000,83,3,2026-01-08T11:26:47.245187,ok
1420795,0004129-96.2025.8.16.0116,83,3,2026-01-08T11:26:47.245187,ok
1420796,0002754-35.2020.8.16.0181,83,3,2026-01-08T11:26:47.245187,ok
1420797,0089034-91.2025.8.16.0000,83,3,2026-01-08T11:26:47.245187,ok
1420798,0109094-85.2025.8.16.0000,83,3,2026-01-08T11:26:47.245187,ok
1420799,0006301-17.2014.8.16.0077,83,3,2026-01-08T11:26:47.245187,ok
1420800,0033048-52.2025.8.16.0001,83,3,2026-01-08T11:26:47.245187,ok
1420801,0003497-76.2023.8.16.0072,83,3,2026-01-08T11:26:47.245187,ok
1420802,0002824-73.2024.8.16.0064,83,3,2026-01-08T11:26:47.245187,ok
1420803,0011310-84.2020.8.16.0194,83,3,2026-01-08T11:26:47.245187,ok
1420804,0009228-02.2025.8.16.0034,83,3,2026-01-08T11:26:47.245187,ok
1420805,0113152-34.2025.8.16.0000,83,3,2026-01-08T11:26:47.245187,ok
1420806,0011385-84.2023.8.16.0173,83,3,2026-01-08T11:26:47.245187,ok
1420807,0004391-46.2025.8.16.0019,83,3,2026-01-08T11:26:47.245187,ok
1420808,0014058-14.2011.8.16.0030,83,3,2026-01-08T11:26:47.245187,ok
1420809,0015541-90.2024.8.16.0170,83,3,2026-01-08T11:26:47.245187,ok
1420810,0021012-83.2023.8.16.0021,83,3,2026-01-08T11:26:47.245187,ok
1420811,0003377-26.2023.8.16.0139,83,3,2026-01-08T11:26:47.245187,ok
1420812,0074842-56.2025.8.16.0000,83,3,2026-01-08T11:26:47.245187,ok
1420813,0108286-80.2025.8.16.0000,83,3,2026-01-08T11:26:47.245187,ok
1420814,0108285-95.2025.8.16.0000,83,3,2026-01-08T11:26:47.245187,ok
1420815,0007850-42.2023.8.16.0014,83,3,2026-01-08T11:26:47.245187,ok
1420816,0003401-83.2025.8.16.0139,83,3,2026-01-08T11:26:47.245187,ok
1420817,0000629-87.2020.8.16.0151,83,3,2026-01-08T11:26:47.245187,ok
1420818,0005806-58.2024.8.16.0194,83,3,2026-01-08T11:26:47.245187,ok
1420819,0001771-80.2025.8.16.0045,83,3,2026-01-08T11:26:47.245187,ok
1420820,0002934-79.2025.8.16.0115,83,3,2026-01-08T11:26:47.245187,ok
1420821,0006029-77.2022.8.16.0033,83,3,2026-01-08T11:26:47.245187,ok
1420822,0100444-49.2025.8.16.0000,83,3,2026-01-08T11:26:47.245187,ok
1420823,0123167-62.2025.8.16.0000,83,3,2026-01-08T11:26:47.245187,ok
1420824,0047947-58.2025.8.16.0000,83,3,2026-01-08T11:26:47.245187,ok
1420825,0016891-27.2013.8.16.0000,83,3,2026-01-08T11:26:47.245187,ok
1420826,0106004-69.2025.8.16.0000,83,3,2026-01-08T11:26:47.245187,ok
1420827,0002120-71.2024.8.16.0125,86,3,2026-01-08T11:26:47.245187,ok
1420828,0012704-36.2025.8.16.0038,86,3,2026-01-08T11:26:47.245187,ok
1420829,0047617-97.2025.8.16.0182,86,3,2026-01-08T11:26:47.245187,ok
1420830,0024558-84.2025.8.16.0019,86,3,2026-01-08T11:26:47.245187,ok
1420831,0040324-47.2025.8.16.0030,86,3,2026-01-08T11:26:47.245187,ok
1420832,0007086-71.2024.8.16.0030,86,3,2026-01-08T11:26:47.245187,ok
1420833,0005396-63.2024.8.16.0173,86,3,2026-01-08T11:26:47.245187,ok
1420834,0000532-41.2024.8.16.0121,86,3,2026-01-08T11:26:47.245187,ok
1420835,0019526-04.2025.8.16.0018,86,3,2026-01-08T11:26:47.245187,ok
1420836,0048216-36.2025.8.16.0182,86,3,2026-01-08T11:26:47.245187,ok
1420837,0052824-77.2025.8.16.0182,86,3,2026-01-08T11:26:47.245187,ok
1420838,0083515-38.2025.8.16.0000,86,3,2026-01-08T11:26:47.245187,ok
1420839,0059680-21.2025.8.16.0000,86,3,2026-01-08T11:26:47.245187,ok
1420840,0041237-48.2023.8.16.0014,86,3,2026-01-08T11:26:47.245187,ok
1420841,0000703-96.2016.8.16.0179,86,3,2026-01-08T11:26:47.245187,ok
1420842,0005595-09.2025.8.16.0090,86,3,2026-01-08T11:26:47.245187,ok
1420843,0030767-21.2024.8.16.0014,86,3,2026-01-08T11:26:47.245187,ok
1420844,0003086-94.2024.8.16.0105,86,3,2026-01-08T11:26:47.245187,ok
1420845,0079818-09.2025.8.16.0000,86,3,2026-01-08T11:26:47.245187,ok
1420846,0001662-33.2016.8.16.0061,86,3,2026-01-08T11:26:47.245187,ok
1420847,0002841-65.2025.8.16.0035,86,3,2026-01-08T11:26:47.245187,ok
1420848,0001145-07.2022.8.16.0194,86,3,2026-01-08T11:26:47.245187,ok
1420849,0092707-92.2025.8.16.0000,86,3,2026-01-08T11:26:47.245187,ok
1420850,0060715-42.2023.8.16.0014,86,3,2026-01-08T11:26:47.245187,ok
1420851,0076670-87.2025.8.16.0000,86,3,2026-01-08T11:26:47.245187,ok
1420852,0060490-93.2025.8.16.0000,86,3,2026-01-08T11:26:47.245187,ok
1420853,0000456-37.2024.8.16.0179,86,3,2026-01-08T11:26:47.245187,ok
1420854,0026842-25.2025.8.16.0000,86,3,2026-01-08T11:26:47.245187,ok
1420855,0126675-16.2025.8.16.0000,86,3,2026-01-08T11:26:47.245187,ok
1420856,0061672-72.2025.8.16.0014,86,3,2026-01-08T11:26:47.245187,ok
1420857,0070150-14.2025.8.16.0000,86,3,2026-01-08T11:26:47.245187,ok
1420858,0013754-05.2025.8.16.0004,86,3,2026-01-08T11:26:47.245187,ok
1420859,0100947-70.2025.8.16.0000,86,3,2026-01-08T11:26:47.245187,ok
1420860,0010971-29.2024.8.16.0019,86,3,2026-01-08T11:26:47.245187,ok
1420861,4004904-38.2025.8.16.4321,86,3,2026-01-08T11:26:47.245187,ok
1420862,0071393-90.2025.8.16.0000,86,3,2026-01-08T11:26:47.245187,ok
1420863,0098162-38.2025.8.16.0000,86,3,2026-01-08T11:26:47.245187,ok
1420864,0000250-30.2022.8.16.0167,86,3,2026-01-08T11:26:47.245187,ok
1420865,0126135-65.2025.8.16.0000,86,3,2026-01-08T11:26:47.245187,ok
1420866,0110805-28.2025.8.16.0000,86,3,2026-01-08T11:26:47.245187,ok
1420867,0069108-27.2025.8.16.0000,86,3,2026-01-08T11:26:47.245187,ok
1420868,0017360-31.2023.8.16.0030,86,3,2026-01-08T11:26:47.245187,ok
1420869,0109919-29.2025.8.16.0000,86,3,2026-01-08T11:26:47.245187,ok
1420870,0049534-18.2025.8.16.0000,86,3,2026-01-08T11:26:47.245187,ok
1420871,0063801-75.2010.8.16.0014,86,3,2026-01-08T11:26:47.245187,ok
1420872,0001593-18.2019.8.16.0183,86,3,2026-01-08T11:26:47.245187,ok
1420873,0001023-66.2024.8.16.0115,86,3,2026-01-08T11:26:47.245187,ok
1420874,0055085-76.2025.8.16.0000,86,3,2026-01-08T11:26:47.245187,ok
1420875,0043457-90.2025.8.16.0000,86,3,2026-01-08T11:26:47.245187,ok
1420876,0004700-29.2025.8.16.0064,88,3,2026-01-08T11:26:47.245187,ok
1420877,0043929-91.2025.8.16.0000,88,3,2026-01-08T11:26:47.245187,ok
1420878,0001211-84.2024.8.16.0139,88,3,2026-01-08T11:26:47.245187,ok
1420879,0102610-54.2025.8.16.0000,88,3,2026-01-08T11:26:47.245187,ok
1420880,0050373-35.2024.8.16.0014,88,3,2026-01-08T11:26:47.245187,ok
1420881,0079331-39.2025.8.16.0000,88,3,2026-01-08T11:26:47.245187,ok
1420882,0000557-23.2024.8.16.0099,88,3,2026-01-08T11:26:47.245187,ok
1420883,0012188-67.2024.8.16.0194,88,3,2026-01-08T11:26:47.245187,ok
1420884,0016139-81.2025.8.16.0017,88,3,2026-01-08T11:26:47.245187,ok
1420885,0042626-42.2025.8.16.0000,88,3,2026-01-08T11:26:47.245187,ok
1420886,0037343-38.2025.8.16.0000,88,3,2026-01-08T11:26:47.245187,ok
1420887,0010998-33.2025.8.16.0130,88,3,2026-01-08T11:26:47.245187,ok
1420888,0070035-90.2025.8.16.0000,88,3,2026-01-08T11:26:47.245187,ok
1420889,0005725-13.2024.8.16.0129,88,3,2026-01-08T11:26:47.245187,ok
1420890,0023857-83.2025.8.16.0000,88,3,2026-01-08T11:26:47.245187,ok
1420891,4004917-37.2025.8.16.4321,88,3,2026-01-08T11:26:47.245187,ok
1420892,0087846-63.2025.8.16.0000,88,3,2026-01-08T11:26:47.245187,ok
1420893,0002484-11.2023.8.16.0050,88,3,2026-01-08T11:26:47.245187,ok
1420894,0011575-56.2021.8.16.0031,88,3,2026-01-08T11:26:47.245187,ok
1420895,4000169-07.2025.8.16.0038,88,3,2026-01-08T11:26:47.245187,ok
1420896,0006016-51.2020.8.16.0194,88,3,2026-01-08T11:26:47.245187,ok
1420897,0084139-87.2025.8.16.0000,88,3,2026-01-08T11:26:47.245187,ok
1420898,0017541-71.2023.8.16.0017,88,3,2026-01-08T11:26:47.245187,ok
1420899,0007717-71.2024.8.16.0173,88,3,2026-01-08T11:26:47.245187,ok
1420900,0010998-12.2024.8.16.0019,88,3,2026-01-08T11:26:47.245187,ok
1420901,0067780-62.2025.8.16.0000,88,3,2026-01-08T11:26:47.245187,ok
1420902,0103589-16.2025.8.16.0000,88,3,2026-01-08T11:26:47.245187,ok
1420903,0089563-13.2025.8.16.0000,88,3,2026-01-08T11:26:47.245187,ok
1420904,0090244-80.2025.8.16.0000,88,3,2026-01-08T11:26:47.245187,ok
1420905,0081264-47.2025.8.16.0000,88,3,2026-01-08T11:26:47.245187,ok
1420906,0000327-57.2025.8.16.0030,88,3,2026-01-08T11:26:47.245187,ok
1420907,0006615-82.2023.8.16.0194,88,3,2026-01-08T11:26:47.245187,ok
1420908,0012583-57.2024.8.16.0130,88,3,2026-01-08T11:26:47.245187,ok
1420909,0087271-55.2025.8.16.0000,88,3,2026-01-08T11:26:47.245187,ok
1420910,0076078-43.2025.8.16.0000,88,3,2026-01-08T11:26:47.245187,ok
1420911,0074616-51.2025.8.16.0000,88,3,2026-01-08T11:26:47.245187,ok
1420912,0012064-27.2024.8.16.0019,88,3,2026-01-08T11:26:47.245187,ok
1420913,0071596-52.2025.8.16.0000,88,3,2026-01-08T11:26:47.245187,ok
1420914,0047369-53.2025.8.16.0014,88,3,2026-01-08T11:26:47.245187,ok
1420915,0067580-55.2025.8.16.0000,88,3,2026-01-08T11:26:47.245187,ok
1420916,0101079-30.2025.8.16.0000,88,3,2026-01-08T11:26:47.245187,ok
1420917,0075309-35.2025.8.16.0000,88,3,2026-01-08T11:26:47.245187,ok
1420918,0006914-57.2025.8.16.0075,88,3,2026-01-08T11:26:47.245187,ok
1420919,0007982-43.2012.8.16.0028,88,3,2026-01-08T11:26:47.245187,ok
1420920,0023562-73.2025.8.16.0185,88,3,2026-01-08T11:26:47.245187,ok
1420921,0037254-15.2025.8.16.0000,88,3,2026-01-08T11:26:47.245187,ok
1420922,0117481-89.2025.8.16.0000,88,3,2026-01-08T11:26:47.245187,ok
1420923,0002486-94.2024.8.16.0098,88,3,2026-01-08T11:26:47.245187,ok
1420924,0009947-52.2025.8.16.0173,88,3,2026-01-08T11:26:47.245187,ok
1420925,0091959-60.2025.8.16.0000,88,3,2026-01-08T11:26:47.245187,ok
1420926,0003724-03.2024.8.16.0017,89,3,2026-01-08T11:26:47.245187,ok
1420927,0091293-59.2025.8.16.0000,89,3,2026-01-08T11:26:47.245187,ok
1420928,0001403-42.2024.8.16.0163,89,3,2026-01-08T11:26:47.245187,ok
1420929,0003531-55.2025.8.16.0048,89,3,2026-01-08T11:26:47.245187,ok
1420930,0018693-76.2021.8.16.0001,89,3,2026-01-08T11:26:47.245187,ok
1420931,0005484-94.2023.8.16.0025,89,3,2026-01-08T11:26:47.245187,ok
1420932,0001940-29.2020.8.16.0179,89,3,2026-01-08T11:26:47.245187,ok
1420933,0011776-10.2022.8.16.0194,89,3,2026-01-08T11:26:47.245187,ok
1420934,0009294-09.2025.8.16.0025,89,3,2026-01-08T11:26:47.245187,ok
1420935,0127114-61.2024.8.16.0000,89,3,2026-01-08T11:26:47.245187,ok
1420936,0013638-85.2020.8.16.0129,89,3,2026-01-08T11:26:47.245187,ok
1420937,0001991-23.2023.8.16.0086,89,3,2026-01-08T11:26:47.245187,ok
1420938,0090673-47.2025.8.16.0000,89,3,2026-01-08T11:26:47.245187,ok
1420939,0006933-06.2024.8.16.0170,89,3,2026-01-08T11:26:47.245187,ok
1420940,0024506-59.2023.8.16.0019,89,3,2026-01-08T11:26:47.245187,ok
1420941,0005835-51.2020.8.16.0129,89,3,2026-01-08T11:26:47.245187,ok
1420942,0005242-21.2023.8.16.0160,89,3,2026-01-08T11:26:47.245187,ok
1420943,0018191-08.2025.8.16.0031,89,3,2026-01-08T11:26:47.245187,ok
1420944,0035640-72.2025.8.16.0000,89,3,2026-01-08T11:26:47.245187,ok
1420945,0009477-55.2024.8.16.0173,89,3,2026-01-08T11:26:47.245187,ok
1420946,0077663-33.2025.8.16.0000,89,3,2026-01-08T11:26:47.245187,ok
1420947,0086428-82.2024.8.16.0014,89,3,2026-01-08T11:26:47.245187,ok
1420948,0058450-41.2025.8.16.0000,89,3,2026-01-08T11:26:47.245187,ok
1420949,0079873-57.2025.8.16.0000,89,3,2026-01-08T11:26:47.245187,ok
1420950,0081731-26.2025.8.16.0000,89,3,2026-01-08T11:26:47.245187,ok
1420951,0076259-44.2025.8.16.0000,89,3,2026-01-08T11:26:47.245187,ok
1420952,0009554-89.2025.8.16.0024,89,3,2026-01-08T11:26:47.245187,ok
1420953,0073598-92.2025.8.16.0000,89,3,2026-01-08T11:26:47.245187,ok
1420954,0000940-10.2023.8.16.0172,89,3,2026-01-08T11:26:47.245187,ok
1420955,0134967-87.2025.8.16.0000,89,3,2026-01-08T11:26:47.245187,ok
1420956,0000143-29.2024.8.16.0033,89,3,2026-01-08T11:26:47.245187,ok
1420957,0076895-10.2025.8.16.0000,89,3,2026-01-08T11:26:47.245187,ok
1420958,0076780-86.2025.8.16.0000,89,3,2026-01-08T11:26:47.245187,ok
1420959,0076304-48.2025.8.16.0000,89,3,2026-01-08T11:26:47.245187,ok
1420960,0121579-20.2025.8.16.0000,89,3,2026-01-08T11:26:47.245187,ok
1420961,0006517-43.2021.8.16.0170,89,3,2026-01-08T11:26:47.245187,ok
1420962,0018903-62.2023.8.16.0194,89,3,2026-01-08T11:26:47.245187,ok
1420963,0003908-82.2022.8.16.0031,89,3,2026-01-08T11:26:47.245187,ok
1420964,0047339-86.2023.8.16.0014,89,3,2026-01-08T11:26:47.245187,ok
1420965,0081783-22.2025.8.16.0000,89,3,2026-01-08T11:26:47.245187,ok
1420966,0000746-07.2024.8.16.0194,89,3,2026-01-08T11:26:47.245187,ok
1420967,0110419-95.2025.8.16.0000,89,3,2026-01-08T11:26:47.245187,ok
1420968,0002553-36.2025.8.16.0159,89,3,2026-01-08T11:26:47.245187,ok
1420969,0112543-51.2025.8.16.0000,89,3,2026-01-08T11:26:47.245187,ok
1420970,0002762-83.2021.8.16.0049,89,3,2026-01-08T11:26:47.245187,ok
1420971,0062880-36.2025.8.16.0000,89,3,2026-01-08T11:26:47.245187,ok
1420972,0090056-87.2025.8.16.0000,89,3,2026-01-08T11:26:47.245187,ok
1420973,0005122-31.2024.8.16.0131,89,3,2026-01-08T11:26:47.245187,ok
1420974,0115326-16.2025.8.16.0000,89,3,2026-01-08T11:26:47.245187,ok
1420975,0001208-35.2024.8.16.0041,89,3,2026-01-08T11:26:47.245187,ok
1420976,0015978-25.2024.8.16.0173,90,3,2026-01-08T11:26:47.245187,ok
1420977,0000544-43.2024.8.16.0028,90,3,2026-01-08T11:26:47.245187,ok
1420978,0096607-83.2025.8.16.0000,90,3,2026-01-08T11:26:47.245187,ok
1420979,0080456-42.2025.8.16.0000,90,3,2026-01-08T11:26:47.245187,ok
1420980,0088811-41.2025.8.16.0000,90,3,2026-01-08T11:26:47.245187,ok
1420981,0002560-44.2023.8.16.0047,90,3,2026-01-08T11:26:47.245187,ok
1420982,0107806-05.2025.8.16.0000,90,3,2026-01-08T11:26:47.245187,ok
1420983,0003579-88.2021.8.16.0101,90,3,2026-01-08T11:26:47.245187,ok
1420984,0044420-27.2023.8.16.0014,90,3,2026-01-08T11:26:47.245187,ok
1420985,0003391-44.2020.8.16.0194,90,3,2026-01-08T11:26:47.245187,ok
1420986,0008222-96.2024.8.16.0194,90,3,2026-01-08T11:26:47.245187,ok
1420987,0047612-73.2025.8.16.0021,90,3,2026-01-08T11:26:47.245187,ok
1420988,0113820-05.2025.8.16.0000,90,3,2026-01-08T11:26:47.245187,ok
1420989,0109355-50.2025.8.16.0000,90,3,2026-01-08T11:26:47.245187,ok
1420990,0117909-71.2025.8.16.0000,90,3,2026-01-08T11:26:47.245187,ok
1420991,0110440-71.2025.8.16.0000,90,3,2026-01-08T11:26:47.245187,ok
1420992,0022861-63.2017.8.16.0001,90,3,2026-01-08T11:26:47.245187,ok
1420993,0010679-43.2020.8.16.0194,90,3,2026-01-08T11:26:47.245187,ok
1420994,0014112-44.2025.8.16.0044,90,3,2026-01-08T11:26:47.245187,ok
1420995,0000740-63.2025.8.16.0097,90,3,2026-01-08T11:26:47.245187,ok
1420996,0031358-08.2023.8.16.0017,90,3,2026-01-08T11:26:47.245187,ok
1420997,0090053-35.2025.8.16.0000,90,3,2026-01-08T11:26:47.245187,ok
1420998,0064668-85.2025.8.16.0000,90,3,2026-01-08T11:26:47.245187,ok
1420999,0081558-02.2025.8.16.0000,90,4,2026-01-08T11:27:38.190563,ok
1421000,0001771-56.2023.8.16.0108,90,4,2026-01-08T11:27:38.190563,ok
1421001,0078588-29.2025.8.16.0000,90,4,2026-01-08T11:27:38.190563,ok
1421002,0008304-06.2016.8.16.0131,90,4,2026-01-08T11:27:38.190563,ok
1421003,0065687-63.2024.8.16.0000,90,4,2026-01-08T11:27:38.190563,ok
1421004,0009539-96.2025.8.16.0129,90,4,2026-01-08T11:27:38.190563,ok
1421005,0019865-85.2024.8.16.0021,90,4,2026-01-08T11:27:38.190563,ok
1421006,0033703-95.2024.8.16.0021,90,4,2026-01-08T11:27:38.190563,ok
1421007,0000738-68.2025.8.16.0170,90,4,2026-01-08T11:27:38.190563,ok
1421008,0002534-30.2025.8.16.0159,90,4,2026-01-08T11:27:38.190563,ok
1421009,0003317-64.2025.8.16.0048,90,4,2026-01-08T11:27:38.190563,ok
1421010,0000405-07.2025.8.16.0077,90,4,2026-01-08T11:27:38.190563,ok
1421011,0014569-73.2025.8.16.0045,90,4,2026-01-08T11:27:38.190563,ok
1421012,0009778-41.2021.8.16.0194,90,4,2026-01-08T11:27:38.190563,ok
1421013,0004331-98.2024.8.16.0119,90,4,2026-01-08T11:27:38.190563,ok
1421014,0001059-55.2024.8.16.0068,90,4,2026-01-08T11:27:38.190563,ok
1421015,0067241-96.2025.8.16.0000,90,4,2026-01-08T11:27:38.190563,ok
1421016,0008887-69.2011.8.16.0000,90,4,2026-01-08T11:27:38.190563,ok
1421017,0003174-33.2022.8.16.0193,90,4,2026-01-08T11:27:38.190563,ok
1421018,0032681-28.2025.8.16.0001,90,4,2026-01-08T11:27:38.190563,ok
1421019,0001051-71.2023.8.16.0017,90,4,2026-01-08T11:27:38.190563,ok
1421020,0122156-95.2025.8.16.0000,90,4,2026-01-08T11:27:38.190563,ok
1421021,0110137-57.2025.8.16.0000,90,4,2026-01-08T11:27:38.190563,ok
1421022,0071516-88.2025.8.16.0000,90,4,2026-01-08T11:27:38.190563,ok
1421023,0099167-95.2025.8.16.0000,90,4,2026-01-08T11:27:38.190563,ok
1421024,0113671-09.2025.8.16.0000,90,4,2026-01-08T11:27:38.190563,ok
1421025,0087043-80.2025.8.16.0000,90,4,2026-01-08T11:27:38.190563,ok
1421026,0000066-77.1991.8.16.0097,92,4,2026-01-08T11:27:38.190563,ok
1421027,0118375-65.2025.8.16.0000,92,4,2026-01-08T11:27:38.190563,ok
1421028,0133246-03.2025.8.16.0000,92,4,2026-01-08T11:27:38.190563,ok
1421029,4001431-64.2025.8.16.0014,92,4,2026-01-08T11:27:38.190563,ok
1421030,0147294-64.2025.8.16.0000,92,4,2026-01-08T11:27:38.190563,ok
1421031,0143697-87.2025.8.16.0000,92,4,2026-01-08T11:27:38.190563,ok
1421032,4001217-30.2025.8.16.0190,92,4,2026-01-08T11:27:38.190563,ok
1421033,0114461-90.2025.8.16.0000,92,4,2026-01-08T11:27:38.190563,ok
1421034,0132131-44.2025.8.16.0000,92,4,2026-01-08T11:27:38.190563,ok
1421035,0050367-36.2025.8.16.0000,92,4,2026-01-08T11:27:38.190563,ok
1421036,0009918-34.2025.8.16.0033,92,4,2026-01-08T11:27:38.190563,ok
1421037,0002631-48.2025.8.16.0056,92,4,2026-01-08T11:27:38.190563,ok
1421038,0000120-05.2024.8.16.0156,92,4,2026-01-08T11:27:38.190563,ok
1421039,0013561-67.2023.8.16.0001,92,4,2026-01-08T11:27:38.190563,ok
1421040,0000039-05.2025.8.16.0000,92,4,2026-01-08T11:27:38.190563,ok
1421041,0003703-64.2023.8.16.0210,92,4,2026-01-08T11:27:38.190563,ok
1421042,0032831-12.2025.8.16.0000,92,4,2026-01-08T11:27:38.190563,ok
1421043,0095381-43.2025.8.16.0000,92,4,2026-01-08T11:27:38.190563,ok
1421044,0012955-10.2018.8.16.0035,92,4,2026-01-08T11:27:38.190563,ok
1421045,0018430-34.2024.8.16.0035,92,4,2026-01-08T11:27:38.190563,ok
1421046,0103496-53.2025.8.16.0000,92,4,2026-01-08T11:27:38.190563,ok
1421047,0011163-65.2025.8.16.0038,92,4,2026-01-08T11:27:38.190563,ok
1421048,0015338-19.2022.8.16.0035,92,4,2026-01-08T11:27:38.190563,ok
1421049,0007763-02.2018.8.16.0131,92,4,2026-01-08T11:27:38.190563,ok
1421050,0023670-43.2019.8.16.0014,92,4,2026-01-08T11:27:38.190563,ok
1421051,0030335-51.2024.8.16.0030,92,4,2026-01-08T11:27:38.190563,ok
1421052,0094001-82.2025.8.16.0000,92,4,2026-01-08T11:27:38.190563,ok
1421053,0083219-08.2024.8.16.0014,92,4,2026-01-08T11:27:38.190563,ok
1421054,0078514-72.2025.8.16.0000,92,4,2026-01-08T11:27:38.190563,ok
1421055,0078342-33.2025.8.16.0000,92,4,2026-01-08T11:27:38.190563,ok
1421056,0055798-51.2025.8.16.0000,92,4,2026-01-08T11:27:38.190563,ok
1421057,0118339-23.2025.8.16.0000,92,4,2026-01-08T11:27:38.190563,ok
1421058,0010184-55.2024.8.16.0033,92,4,2026-01-08T11:27:38.190563,ok
1421059,0021565-54.2024.8.16.0035,92,4,2026-01-08T11:27:38.190563,ok
1421060,0010721-51.2024.8.16.0130,92,4,2026-01-08T11:27:38.190563,ok
1421061,0002505-27.2025.8.16.0014,92,4,2026-01-08T11:27:38.190563,ok
1421062,0011627-89.2025.8.16.0038,92,4,2026-01-08T11:27:38.190563,ok
1421063,0002460-03.2025.8.16.0150,92,4,2026-01-08T11:27:38.190563,ok
1421064,0107807-87.2025.8.16.0000,92,4,2026-01-08T11:27:38.190563,ok
1421065,0124930-98.2025.8.16.0000,92,4,2026-01-08T11:27:38.190563,ok
1421066,0006760-77.2022.8.16.0064,92,4,2026-01-08T11:27:38.190563,ok
1421067,0001916-39.2022.8.16.0176,92,4,2026-01-08T11:27:38.190563,ok
1421068,0005113-76.2024.8.16.0064,92,4,2026-01-08T11:27:38.190563,ok
1421069,0066405-26.2025.8.16.0000,92,4,2026-01-08T11:27:38.190563,ok
1421070,0002933-39.2025.8.16.0101,92,4,2026-01-08T11:27:38.190563,ok
1421071,0074864-17.2025.8.16.0000,92,4,2026-01-08T11:27:38.190563,ok
1421072,0043244-84.2025.8.16.0000,92,4,2026-01-08T11:27:38.190563,ok
1421073,0001247-92.2025.8.16.0042,92,4,2026-01-08T11:27:38.190563,ok
1421074,0064649-79.2025.8.16.0000,92,4,2026-01-08T11:27:38.190563,ok
1421075,0061928-57.2025.8.16.0000,92,4,2026-01-08T11:27:38.190563,ok
1421076,0066166-22.2025.8.16.0000,91,4,2026-01-08T11:27:38.190563,ok
1421077,0002314-18.2025.8.16.0099,91,4,2026-01-08T11:27:38.190563,ok
1421078,0049138-33.2024.8.16.0014,91,4,2026-01-08T11:27:38.190563,ok
1421079,0077326-44.2025.8.16.0000,91,4,2026-01-08T11:27:38.190563,ok
1421080,0145766-92.2025.8.16.0000,91,4,2026-01-08T11:27:38.190563,ok
1421081,0134853-51.2025.8.16.0000,91,4,2026-01-08T11:27:38.190563,ok
1421082,0145692-38.2025.8.16.0000,91,4,2026-01-08T11:27:38.190563,ok
1421083,0000438-96.2023.8.16.0196,91,4,2026-01-08T11:27:38.190563,ok
1421084,0002387-56.2021.8.16.0090,91,4,2026-01-08T11:27:38.190563,ok
1421085,0006326-81.2024.8.16.0173,91,4,2026-01-08T11:27:38.190563,ok
1421086,0000337-25.2024.8.16.0196,91,4,2026-01-08T11:27:38.190563,ok
1421087,0000221-16.2025.8.16.0024,91,4,2026-01-08T11:27:38.190563,ok
1421088,0080685-02.2025.8.16.0000,91,4,2026-01-08T11:27:38.190563,ok
1421089,0002697-34.2022.8.16.0185,91,4,2026-01-08T11:27:38.190563,ok
1421090,0101614-56.2025.8.16.0000,91,4,2026-01-08T11:27:38.190563,ok
1421091,0038648-25.2023.8.16.0001,91,4,2026-01-08T11:27:38.190563,ok
1421092,0009375-35.2022.8.16.0001,91,4,2026-01-08T11:27:38.190563,ok
1421093,0082716-92.2025.8.16.0000,91,4,2026-01-08T11:27:38.190563,ok
1421094,0002030-24.2023.8.16.0117,91,4,2026-01-08T11:27:38.190563,ok
1421095,0012328-02.2024.8.16.0130,91,4,2026-01-08T11:27:38.190563,ok
1421096,0093554-94.2025.8.16.0000,91,4,2026-01-08T11:27:38.190563,ok
1421097,0063529-27.2023.8.16.0014,91,4,2026-01-08T11:27:38.190563,ok
1421098,0045761-20.2025.8.16.0014,91,4,2026-01-08T11:27:38.190563,ok
1421099,0062266-31.2025.8.16.0000,91,4,2026-01-08T11:27:38.190563,ok
1421100,0052961-23.2025.8.16.0000,91,4,2026-01-08T11:27:38.190563,ok
1421101,0004403-74.2025.8.16.0079,91,4,2026-01-08T11:27:38.190563,ok
1421102,0067511-23.2025.8.16.0000,91,4,2026-01-08T11:27:38.190563,ok
1421103,0090976-61.2025.8.16.0000,91,4,2026-01-08T11:27:38.190563,ok
1421104,0082679-65.2025.8.16.0000,91,4,2026-01-08T11:27:38.190563,ok
1421105,0101300-13.2025.8.16.0000,91,4,2026-01-08T11:27:38.190563,ok
1421106,0068931-63.2025.8.16.0000,91,4,2026-01-08T11:27:38.190563,ok
1421107,0112501-02.2025.8.16.0000,91,4,2026-01-08T11:27:38.190563,ok
1421108,0040098-06.2024.8.16.0021,91,4,2026-01-08T11:27:38.190563,ok
1421109,0000806-77.2024.8.16.0097,91,4,2026-01-08T11:27:38.190563,ok
1421110,0007235-04.2023.8.16.0030,91,4,2026-01-08T11:27:38.190563,ok
1421111,4005277-69.2025.8.16.4321,91,4,2026-01-08T11:27:38.190563,ok
1421112,0006272-13.2025.8.16.0131,91,4,2026-01-08T11:27:38.190563,ok
1421113,0038129-50.2019.8.16.0014,91,4,2026-01-08T11:27:38.190563,ok
1421114,0011852-48.2025.8.16.0026,91,4,2026-01-08T11:27:38.190563,ok
1421115,4001189-57.2025.8.16.0030,91,4,2026-01-08T11:27:38.190563,ok
1421116,0146710-94.2025.8.16.0000,91,4,2026-01-08T11:27:38.190563,ok
1421117,0144449-59.2025.8.16.0000,91,4,2026-01-08T11:27:38.190563,ok
1421118,0116658-18.2025.8.16.0000,91,4,2026-01-08T11:27:38.190563,ok
1421119,0140820-77.2025.8.16.0000,91,4,2026-01-08T11:27:38.190563,ok
1421120,0007284-69.2025.8.16.0064,91,4,2026-01-08T11:27:38.190563,ok
1421121,0146180-90.2025.8.16.0000,91,4,2026-01-08T11:27:38.190563,ok
1421122,0118434-53.2025.8.16.0000,91,4,2026-01-08T11:27:38.190563,ok
1421123,0144970-04.2025.8.16.0000,91,4,2026-01-08T11:27:38.190563,ok
1421124,0140375-59.2025.8.16.0000,91,4,2026-01-08T11:27:38.190563,ok
1421125,0122586-47.2025.8.16.0000,91,4,2026-01-08T11:27:38.190563,ok
1421126,0007509-11.2024.8.16.0069,87,4,2026-01-08T11:27:38.190563,ok
1421127,0004967-64.2023.8.16.0001,87,4,2026-01-08T11:27:38.190563,ok
1421128,0089957-20.2025.8.16.0000,87,4,2026-01-08T11:27:38.190563,ok
1421129,0001269-48.2024.8.16.0055,87,4,2026-01-08T11:27:38.190563,ok
1421130,0070877-70.2025.8.16.0000,87,4,2026-01-08T11:27:38.190563,ok
1421131,0002624-72.2024.8.16.0062,87,4,2026-01-08T11:27:38.190563,ok
1421132,0055717-05.2025.8.16.0000,87,4,2026-01-08T11:27:38.190563,ok
1421133,0002881-02.2023.8.16.0202,87,4,2026-01-08T11:27:38.190563,ok
1421134,0105501-48.2025.8.16.0000,87,4,2026-01-08T11:27:38.190563,ok
1421135,0000443-40.2024.8.16.0146,87,4,2026-01-08T11:27:38.190563,ok
1421136,0002752-11.2023.8.16.0068,87,4,2026-01-08T11:27:38.190563,ok
1421137,0016888-29.2024.8.16.0019,87,4,2026-01-08T11:27:38.190563,ok
1421138,0007306-60.2024.8.16.0033,87,4,2026-01-08T11:27:38.190563,ok
1421139,0047100-56.2025.8.16.0000,87,4,2026-01-08T11:27:38.190563,ok
1421140,0125167-35.2025.8.16.0000,87,4,2026-01-08T11:27:38.190563,ok
1421141,0111198-50.2025.8.16.0000,87,4,2026-01-08T11:27:38.190563,ok
1421142,0117853-38.2025.8.16.0000,87,4,2026-01-08T11:27:38.190563,ok
1421143,0016634-83.2025.8.16.0031,87,4,2026-01-08T11:27:38.190563,ok
1421144,0010972-36.2024.8.16.0044,87,4,2026-01-08T11:27:38.190563,ok
1421145,0021117-55.2021.8.16.0013,87,4,2026-01-08T11:27:38.190563,ok
1421146,0008809-45.2025.8.16.0013,87,4,2026-01-08T11:27:38.190563,ok
1421147,0001232-90.2021.8.16.0066,87,4,2026-01-08T11:27:38.190563,ok
1421148,0080356-87.2025.8.16.0000,87,4,2026-01-08T11:27:38.190563,ok
1421149,0000187-21.2019.8.16.0131,87,4,2026-01-08T11:27:38.190563,ok
1421150,0107961-08.2025.8.16.0000,87,4,2026-01-08T11:27:38.190563,ok
1421151,0002066-12.2023.8.16.0038,87,4,2026-01-08T11:27:38.190563,ok
1421152,0005998-61.2025.8.16.0030,87,4,2026-01-08T11:27:38.190563,ok
1421153,0006819-42.2023.8.16.0028,87,4,2026-01-08T11:27:38.190563,ok
1421154,0037176-18.2025.8.16.0001,87,4,2026-01-08T11:27:38.190563,ok
1421155,0001361-33.2019.8.16.0077,87,4,2026-01-08T11:27:38.190563,ok
1421156,0109634-36.2025.8.16.0000,87,4,2026-01-08T11:27:38.190563,ok
1421157,0011487-09.2024.8.16.0194,87,4,2026-01-08T11:27:38.190563,ok
1421158,0002474-15.2023.8.16.0034,87,4,2026-01-08T11:27:38.190563,ok
1421159,0023643-92.2025.8.16.0000,87,4,2026-01-08T11:27:38.190563,ok
1421160,4000017-33.2025.8.16.0175,87,4,2026-01-08T11:27:38.190563,ok
1421161,0126453-48.2025.8.16.0000,87,4,2026-01-08T11:27:38.190563,ok
1421162,0000985-86.2019.8.16.0064,87,4,2026-01-08T11:27:38.190563,ok
1421163,0010192-07.2025.8.16.0030,87,4,2026-01-08T11:27:38.190563,ok
1421164,0000324-17.2023.8.16.0081,87,4,2026-01-08T11:27:38.190563,ok
1421165,0004948-29.2019.8.16.0056,87,4,2026-01-08T11:27:38.190563,ok
1421166,0008709-41.2024.8.16.0170,87,4,2026-01-08T11:27:38.190563,ok
1421167,0079421-47.2025.8.16.0000,87,4,2026-01-08T11:27:38.190563,ok
1421168,0000794-66.2022.8.16.0151,87,4,2026-01-08T11:27:38.190563,ok
1421169,0010165-63.2025.8.16.0017,87,4,2026-01-08T11:27:38.190563,ok
1421170,0007511-12.2021.8.16.0028,87,4,2026-01-08T11:27:38.190563,ok
1421171,0012238-39.2022.8.16.0170,87,4,2026-01-08T11:27:38.190563,ok
1421172,0048774-27.2025.8.16.0014,87,4,2026-01-08T11:27:38.190563,ok
1421173,0069168-97.2025.8.16.0000,87,4,2026-01-08T11:27:38.190563,ok
1421174,0096997-53.2025.8.16.0000,87,4,2026-01-08T11:27:38.190563,ok
1421175,0019061-27.2023.8.16.0030,87,4,2026-01-08T11:27:38.190563,ok
1421176,0000886-12.2025.8.16.0160,93,4,2026-01-08T11:27:38.190563,ok
1421177,0015184-09.2022.8.16.0000,93,4,2026-01-08T11:27:38.190563,ok
1421178,0004367-09.2023.8.16.0077,93,4,2026-01-08T11:27:38.190563,ok
1421179,0000012-77.2025.8.16.0014,93,4,2026-01-08T11:27:38.190563,ok
1421180,0000425-88.2024.8.16.0123,93,4,2026-01-08T11:27:38.190563,ok
1421181,0039398-30.2024.8.16.0021,93,4,2026-01-08T11:27:38.190563,ok
1421182,0100526-80.2025.8.16.0000,93,4,2026-01-08T11:27:38.190563,ok
1421183,0079478-57.2024.8.16.0014,93,4,2026-01-08T11:27:38.190563,ok
1421184,0013485-10.2024.8.16.0130,93,4,2026-01-08T11:27:38.190563,ok
1421185,0001927-88.2021.8.16.0116,93,4,2026-01-08T11:27:38.190563,ok
1421186,0096744-65.2025.8.16.0000,93,4,2026-01-08T11:27:38.190563,ok
1421187,0025611-09.2025.8.16.0017,93,4,2026-01-08T11:27:38.190563,ok
1421188,0026376-09.2023.8.16.0030,93,4,2026-01-08T11:27:38.190563,ok
1421189,0000203-62.2020.8.16.0026,93,4,2026-01-08T11:27:38.190563,ok
1421190,0000239-15.2012.8.16.0017,93,4,2026-01-08T11:27:38.190563,ok
1421191,0001665-47.2022.8.16.0038,93,4,2026-01-08T11:27:38.190563,ok
1421192,0026174-03.2025.8.16.0017,93,4,2026-01-08T11:27:38.190563,ok
1421193,0057817-30.2025.8.16.0000,93,4,2026-01-08T11:27:38.190563,ok
1421194,0012363-59.2024.8.16.0033,93,4,2026-01-08T11:27:38.190563,ok
1421195,0042628-12.2025.8.16.0000,93,4,2026-01-08T11:27:38.190563,ok
1421196,0057993-09.2025.8.16.0000,93,4,2026-01-08T11:27:38.190563,ok
1421197,0005966-76.2021.8.16.0004,93,4,2026-01-08T11:27:38.190563,ok
1421198,0005869-20.2022.8.16.0173,93,4,2026-01-08T11:27:38.190563,ok
1421199,0050678-27.2025.8.16.0000,93,4,2026-01-08T11:27:38.190563,ok
1421200,0001220-34.2025.8.16.0067,93,4,2026-01-08T11:27:38.190563,ok
1421201,0074709-14.2025.8.16.0000,93,4,2026-01-08T11:27:38.190563,ok
1421202,0077774-09.2024.8.16.0014,93,4,2026-01-08T11:27:38.190563,ok
1421203,0002316-30.2023.8.16.0140,93,4,2026-01-08T11:27:38.190563,ok
1421204,0000751-25.2023.8.16.0045,93,4,2026-01-08T11:27:38.190563,ok
1421205,0105284-05.2025.8.16.0000,93,4,2026-01-08T11:27:38.190563,ok
1421206,0100205-45.2025.8.16.0000,93,4,2026-01-08T11:27:38.190563,ok
1421207,0102761-20.2025.8.16.0000,93,4,2026-01-08T11:27:38.190563,ok
1421208,0004439-71.2024.8.16.0170,93,4,2026-01-08T11:27:38.190563,ok
1421209,0084319-86.2010.8.16.0014,93,4,2026-01-08T11:27:38.190563,ok
1421210,0102953-50.2025.8.16.0000,93,4,2026-01-08T11:27:38.190563,ok
1421211,0000080-69.2025.8.16.0194,93,4,2026-01-08T11:27:38.190563,ok
1421212,0047356-54.2025.8.16.0014,93,4,2026-01-08T11:27:38.190563,ok
1421213,0060171-28.2025.8.16.0000,93,4,2026-01-08T11:27:38.190563,ok
1421214,0002100-87.2024.8.16.0058,93,4,2026-01-08T11:27:38.190563,ok
1421215,0074848-63.2025.8.16.0000,93,4,2026-01-08T11:27:38.190563,ok
1421216,0001252-73.2022.8.16.0025,93,4,2026-01-08T11:27:38.190563,ok
1421217,0084627-42.2025.8.16.0000,93,4,2026-01-08T11:27:38.190563,ok
1421218,0011761-02.2025.8.16.0173,93,4,2026-01-08T11:27:38.190563,ok
1421219,0055974-85.2025.8.16.0014,93,4,2026-01-08T11:27:38.190563,ok
1421220,0075959-82.2025.8.16.0000,93,4,2026-01-08T11:27:38.190563,ok
1421221,0068229-20.2025.8.16.0000,93,4,2026-01-08T11:27:38.190563,ok
1421222,0003409-47.2019.8.16.0179,93,4,2026-01-08T11:27:38.190563,ok
1421223,0094010-44.2025.8.16.0000,93,4,2026-01-08T11:27:38.190563,ok
1421224,0093861-48.2025.8.16.0000,93,4,2026-01-08T11:27:38.190563,ok
1421225,0062825-85.2025.8.16.0000,93,4,2026-01-08T11:27:38.190563,ok
1421226,0002933-79.2002.8.16.0025,95,4,2026-01-08T11:27:38.190563,ok
1421227,0070165-80.2025.8.16.0000,95,4,2026-01-08T11:27:38.190563,ok
1421228,0001665-15.2024.8.16.0026,95,4,2026-01-08T11:27:38.190563,ok
1421229,0001783-07.2014.8.16.0037,95,4,2026-01-08T11:27:38.190563,ok
1421230,0000784-02.2024.8.16.0135,95,4,2026-01-08T11:27:38.190563,ok
1421231,0071307-22.2025.8.16.0000,95,4,2026-01-08T11:27:38.190563,ok
1421232,0133277-23.2025.8.16.0000,95,4,2026-01-08T11:27:38.190563,ok
1421233,0136949-39.2025.8.16.0000,95,4,2026-01-08T11:27:38.190563,ok
1421234,0001564-21.2022.8.16.0196,95,4,2026-01-08T11:27:38.190563,ok
1421235,0028337-07.2025.8.16.0000,95,4,2026-01-08T11:27:38.190563,ok
1421236,0002475-76.2025.8.16.0180,95,4,2026-01-08T11:27:38.190563,ok
1421237,0008138-95.2024.8.16.0194,95,4,2026-01-08T11:27:38.190563,ok
1421238,0000929-45.2019.8.16.0196,95,4,2026-01-08T11:27:38.190563,ok
1421239,0006498-76.2024.8.16.0026,95,4,2026-01-08T11:27:38.190563,ok
1421240,0132499-53.2025.8.16.0000,95,4,2026-01-08T11:27:38.190563,ok
1421241,0001921-15.2020.8.16.0117,95,4,2026-01-08T11:27:38.190563,ok
1421242,0099222-46.2025.8.16.0000,95,4,2026-01-08T11:27:38.190563,ok
1421243,0008802-68.2021.8.16.0021,95,4,2026-01-08T11:27:38.190563,ok
1421244,0114125-86.2025.8.16.0000,95,4,2026-01-08T11:27:38.190563,ok
1421245,0100215-89.2025.8.16.0000,95,4,2026-01-08T11:27:38.190563,ok
1421246,0006421-80.2025.8.16.0075,95,4,2026-01-08T11:27:38.190563,ok
1421247,0079864-95.2025.8.16.0000,95,4,2026-01-08T11:27:38.190563,ok
1421248,0107182-53.2025.8.16.0000,95,4,2026-01-08T11:27:38.190563,ok
1421249,0105632-23.2025.8.16.0000,95,4,2026-01-08T11:27:38.190563,ok
1421250,0011142-82.2023.8.16.0160,95,4,2026-01-08T11:27:38.190563,ok
1421251,0010024-24.2014.8.16.0116,95,4,2026-01-08T11:27:38.190563,ok
1421252,0090728-95.2025.8.16.0000,95,4,2026-01-08T11:27:38.190563,ok
1421253,0123566-91.2025.8.16.0000,95,4,2026-01-08T11:27:38.190563,ok
1421254,0108773-50.2025.8.16.0000,95,4,2026-01-08T11:27:38.190563,ok
1421255,0000127-45.2024.8.16.0043,95,4,2026-01-08T11:27:38.190563,ok
1421256,0006178-75.2023.8.16.0021,95,4,2026-01-08T11:27:38.190563,ok
1421257,0003577-09.2025.8.16.0189,95,4,2026-01-08T11:27:38.190563,ok
1421258,4001201-76.2025.8.16.0190,95,4,2026-01-08T11:27:38.190563,ok
1421259,0088854-75.2025.8.16.0000,95,4,2026-01-08T11:27:38.190563,ok
1421260,0134966-05.2025.8.16.0000,95,4,2026-01-08T11:27:38.190563,ok
1421261,4000128-19.2025.8.16.0045,95,4,2026-01-08T11:27:38.190563,ok
1421262,0000999-91.2025.8.16.0086,95,4,2026-01-08T11:27:38.190563,ok
1421263,0001025-64.2025.8.16.0159,95,4,2026-01-08T11:27:38.190563,ok
1421264,0000626-58.2021.8.16.0035,95,4,2026-01-08T11:27:38.190563,ok
1421265,0088441-62.2025.8.16.0000,95,4,2026-01-08T11:27:38.190563,ok
1421266,4001100-82.2025.8.16.0014,95,4,2026-01-08T11:27:38.190563,ok
1421267,0000556-60.2025.8.16.0145,95,4,2026-01-08T11:27:38.190563,ok
1421268,0084934-93.2025.8.16.0000,95,4,2026-01-08T11:27:38.190563,ok
1421269,4001078-70.2025.8.16.0031,95,4,2026-01-08T11:27:38.190563,ok
1421270,0035449-67.2025.8.16.0019,95,4,2026-01-08T11:27:38.190563,ok
1421271,0000374-17.2025.8.16.0164,95,4,2026-01-08T11:27:38.190563,ok
1421272,0010383-96.2021.8.16.0190,95,4,2026-01-08T11:27:38.190563,ok
1421273,4003159-23.2025.8.16.4321,95,4,2026-01-08T11:27:38.190563,ok
1421274,0028914-24.2022.8.16.0021,95,4,2026-01-08T11:27:38.190563,ok
1421275,0004432-75.2025.8.16.0160,95,4,2026-01-08T11:27:38.190563,ok
1421276,0038452-84.2025.8.16.0001,94,4,2026-01-08T11:27:38.190563,ok
1421277,0117561-53.2025.8.16.0000,94,4,2026-01-08T11:27:38.190563,ok
1421278,0121183-43.2025.8.16.0000,94,4,2026-01-08T11:27:38.190563,ok
1421279,0105141-16.2025.8.16.0000,94,4,2026-01-08T11:27:38.190563,ok
1421280,0002952-79.2020.8.16.0017,94,4,2026-01-08T11:27:38.190563,ok
1421281,0003283-14.2024.8.16.0149,94,4,2026-01-08T11:27:38.190563,ok
1421282,0066585-42.2025.8.16.0000,94,4,2026-01-08T11:27:38.190563,ok
1421283,0001834-44.2025.8.16.0033,94,4,2026-01-08T11:27:38.190563,ok
1421284,0070025-46.2025.8.16.0000,94,4,2026-01-08T11:27:38.190563,ok
1421285,0069581-13.2025.8.16.0000,94,4,2026-01-08T11:27:38.190563,ok
1421286,0114218-49.2025.8.16.0000,94,4,2026-01-08T11:27:38.190563,ok
1421287,0058462-55.2025.8.16.0000,94,4,2026-01-08T11:27:38.190563,ok
1421288,0071554-03.2025.8.16.0000,94,4,2026-01-08T11:27:38.190563,ok
1421289,0000784-13.2024.8.16.0196,94,4,2026-01-08T11:27:38.190563,ok
1421290,0001938-20.2021.8.16.0116,94,4,2026-01-08T11:27:38.190563,ok
1421291,0018390-74.2018.8.16.0031,94,4,2026-01-08T11:27:38.190563,ok
1421292,0000879-29.2024.8.16.0039,94,4,2026-01-08T11:27:38.190563,ok
1421293,0067279-08.2021.8.16.0014,94,4,2026-01-08T11:27:38.190563,ok
1421294,0001891-73.2018.8.16.0044,94,4,2026-01-08T11:27:38.190563,ok
1421295,0002379-58.2018.8.16.0131,94,4,2026-01-08T11:27:38.190563,ok
1421296,0146597-43.2025.8.16.0000,94,4,2026-01-08T11:27:38.190563,ok
1421297,0018463-02.2025.8.16.0031,94,4,2026-01-08T11:27:38.190563,ok
1421298,4005247-34.2025.8.16.4321,94,4,2026-01-08T11:27:38.190563,ok
1421299,0006526-80.2023.8.16.0090,94,4,2026-01-08T11:27:38.190563,ok
1421300,0000949-79.2025.8.16.0049,94,4,2026-01-08T11:27:38.190563,ok
1421301,0143135-78.2025.8.16.0000,94,4,2026-01-08T11:27:38.190563,ok
1421302,0080469-41.2025.8.16.0000,94,4,2026-01-08T11:27:38.190563,ok
1421303,0140312-34.2025.8.16.0000,94,4,2026-01-08T11:27:38.190563,ok
1421304,0005372-40.2025.8.16.0160,94,4,2026-01-08T11:27:38.190563,ok
1421305,0008087-40.2023.8.16.0026,94,4,2026-01-08T11:27:38.190563,ok
1421306,0004879-59.2025.8.16.0129,94,4,2026-01-08T11:27:38.190563,ok
1421307,0094485-97.2025.8.16.0000,94,4,2026-01-08T11:27:38.190563,ok
1421308,0097190-68.2025.8.16.0000,94,4,2026-01-08T11:27:38.190563,ok
1421309,0094531-86.2025.8.16.0000,94,4,2026-01-08T11:27:38.190563,ok
1421310,0022005-70.2025.8.16.0017,94,4,2026-01-08T11:27:38.190563,ok
1421311,0096950-79.2025.8.16.0000,94,4,2026-01-08T11:27:38.190563,ok
1421312,0001389-65.2017.8.16.0046,94,4,2026-01-08T11:27:38.190563,ok
1421313,0004505-81.2017.8.16.0013,94,4,2026-01-08T11:27:38.190563,ok
1421314,0074997-59.2025.8.16.0000,94,4,2026-01-08T11:27:38.190563,ok
1421315,0000216-29.2016.8.16.0179,94,4,2026-01-08T11:27:38.190563,ok
1421316,0010687-32.2025.8.16.0004,94,4,2026-01-08T11:27:38.190563,ok
1421317,0077526-51.2025.8.16.0000,94,4,2026-01-08T11:27:38.190563,ok
1421318,0064087-70.2025.8.16.0000,94,4,2026-01-08T11:27:38.190563,ok
1421319,0005764-30.2025.8.16.0014,94,4,2026-01-08T11:27:38.190563,ok
1421320,0100520-73.2025.8.16.0000,94,4,2026-01-08T11:27:38.190563,ok
1421321,0092231-54.2025.8.16.0000,94,4,2026-01-08T11:27:38.190563,ok
1421322,0003870-91.2023.8.16.0045,94,4,2026-01-08T11:27:38.190563,ok
1421323,0081663-76.2025.8.16.0000,94,4,2026-01-08T11:27:38.190563,ok
1421324,0115181-57.2025.8.16.0000,94,4,2026-01-08T11:27:38.190563,ok
1421325,0002607-72.2017.8.16.0000,94,4,2026-01-08T11:27:38.190563,ok
1421326,0079886-56.2025.8.16.0000,98,4,2026-01-08T11:27:38.190563,ok
1421327,0102582-86.2025.8.16.0000,98,4,2026-01-08T11:27:38.190563,ok
1421328,0000909-36.2014.8.16.0097,98,4,2026-01-08T11:27:38.190563,ok
1421329,0003083-55.2025.8.16.0154,98,4,2026-01-08T11:27:38.190563,ok
1421330,0076877-86.2025.8.16.0000,98,4,2026-01-08T11:27:38.190563,ok
1421331,0138448-58.2025.8.16.0000,98,4,2026-01-08T11:27:38.190563,ok
1421332,0006455-15.2014.8.16.0116,98,4,2026-01-08T11:27:38.190563,ok
1421333,0005133-27.2024.8.16.0045,98,4,2026-01-08T11:27:38.190563,ok
1421334,0104677-89.2025.8.16.0000,98,4,2026-01-08T11:27:38.190563,ok
1421335,0002462-15.2013.8.16.0078,98,4,2026-01-08T11:27:38.190563,ok
1421336,0006163-13.2024.8.16.0170,98,4,2026-01-08T11:27:38.190563,ok
1421337,0003183-71.2024.8.16.0048,98,4,2026-01-08T11:27:38.190563,ok
1421338,0004016-14.2024.8.16.0170,98,4,2026-01-08T11:27:38.190563,ok
1421339,0010645-67.2025.8.16.0170,98,4,2026-01-08T11:27:38.190563,ok
1421340,0001202-13.2025.8.16.0164,98,4,2026-01-08T11:27:38.190563,ok
1421341,0131494-93.2025.8.16.0000,98,4,2026-01-08T11:27:38.190563,ok
1421342,0138113-39.2025.8.16.0000,98,4,2026-01-08T11:27:38.190563,ok
1421343,0116280-62.2025.8.16.0000,98,4,2026-01-08T11:27:38.190563,ok
1421344,0001796-77.2022.8.16.0149,98,4,2026-01-08T11:27:38.190563,ok
1421345,0000146-39.2023.8.16.0026,98,4,2026-01-08T11:27:38.190563,ok
1421346,0012958-06.2022.8.16.0170,98,4,2026-01-08T11:27:38.190563,ok
1421347,0011005-24.2008.8.16.0129,98,4,2026-01-08T11:27:38.190563,ok
1421348,0004664-88.2022.8.16.0129,98,4,2026-01-08T11:27:38.190563,ok
1421349,0128969-41.2025.8.16.0000,98,4,2026-01-08T11:27:38.190563,ok
1421350,0001610-61.2022.8.16.0082,98,4,2026-01-08T11:27:38.190563,ok
1421351,0002020-22.2025.8.16.0145,98,4,2026-01-08T11:27:38.190563,ok
1421352,0139652-40.2025.8.16.0000,98,4,2026-01-08T11:27:38.190563,ok
1421353,0006163-73.2015.8.16.0058,98,4,2026-01-08T11:27:38.190563,ok
1421354,0137159-90.2025.8.16.0000,98,4,2026-01-08T11:27:38.190563,ok
1421355,0021488-07.2021.8.16.0017,98,4,2026-01-08T11:27:38.190563,ok
1421356,0007333-09.2025.8.16.0130,98,4,2026-01-08T11:27:38.190563,ok
1421357,0004031-52.2024.8.16.0050,98,4,2026-01-08T11:27:38.190563,ok
1421358,0001410-67.2024.8.16.0055,98,4,2026-01-08T11:27:38.190563,ok
1421359,0027042-15.2024.8.16.0017,98,4,2026-01-08T11:27:38.190563,ok
1421360,0005106-79.2021.8.16.0035,98,4,2026-01-08T11:27:38.190563,ok
1421361,0002857-64.2023.8.16.0075,98,4,2026-01-08T11:27:38.190563,ok
1421362,0001194-65.2024.8.16.0101,98,4,2026-01-08T11:27:38.190563,ok
1421363,0002488-78.2017.8.16.0011,98,4,2026-01-08T11:27:38.190563,ok
1421364,0060905-76.2025.8.16.0000,98,4,2026-01-08T11:27:38.190563,ok
1421365,0092320-77.2025.8.16.0000,98,4,2026-01-08T11:27:38.190563,ok
1421366,0001841-19.2025.8.16.0071,98,4,2026-01-08T11:27:38.190563,ok
1421367,0082087-21.2025.8.16.0000,98,4,2026-01-08T11:27:38.190563,ok
1421368,0006964-71.2024.8.16.0058,98,4,2026-01-08T11:27:38.190563,ok
1421369,0102935-63.2024.8.16.0000,98,4,2026-01-08T11:27:38.190563,ok
1421370,0033290-88.2024.8.16.0019,98,4,2026-01-08T11:27:38.190563,ok
1421371,0076762-65.2025.8.16.0000,98,4,2026-01-08T11:27:38.190563,ok
1421372,0003966-28.2025.8.16.0210,98,4,2026-01-08T11:27:38.190563,ok
1421373,0097181-09.2025.8.16.0000,98,4,2026-01-08T11:27:38.190563,ok
1421374,0102133-31.2025.8.16.0000,98,4,2026-01-08T11:27:38.190563,ok
1421375,0004466-08.2025.8.16.0077,98,4,2026-01-08T11:27:38.190563,ok
1421376,0007049-62.2025.8.16.0045,99,4,2026-01-08T11:27:38.190563,ok
1421377,0047437-71.2023.8.16.0014,99,4,2026-01-08T11:27:38.190563,ok
1421378,0097329-20.2025.8.16.0000,99,4,2026-01-08T11:27:38.190563,ok
1421379,0010092-41.2024.8.16.0045,99,4,2026-01-08T11:27:38.190563,ok
1421380,0004619-93.2016.8.16.0097,99,4,2026-01-08T11:27:38.190563,ok
1421381,0107286-45.2025.8.16.0000,99,4,2026-01-08T11:27:38.190563,ok
1421382,0001100-10.2024.8.16.0169,99,4,2026-01-08T11:27:38.190563,ok
1421383,0008148-34.2025.8.16.0056,99,4,2026-01-08T11:27:38.190563,ok
1421384,0108633-16.2025.8.16.0000,99,4,2026-01-08T11:27:38.190563,ok
1421385,0110476-16.2025.8.16.0000,99,4,2026-01-08T11:27:38.190563,ok
1421386,0004870-36.2021.8.16.0130,99,4,2026-01-08T11:27:38.190563,ok
1421387,0063760-83.2025.8.16.0014,99,4,2026-01-08T11:27:38.190563,ok
1421388,0002263-87.2025.8.16.0137,99,4,2026-01-08T11:27:38.190563,ok
1421389,0001849-85.2023.8.16.0064,99,4,2026-01-08T11:27:38.190563,ok
1421390,0000705-69.2022.8.16.0110,99,4,2026-01-08T11:27:38.190563,ok
1421391,0006012-75.2024.8.16.0193,99,4,2026-01-08T11:27:38.190563,ok
1421392,0131063-59.2025.8.16.0000,99,4,2026-01-08T11:27:38.190563,ok
1421393,0108490-27.2025.8.16.0000,99,4,2026-01-08T11:27:38.190563,ok
1421394,0014616-20.2024.8.16.0130,99,4,2026-01-08T11:27:38.190563,ok
1421395,0004945-35.2025.8.16.0098,99,4,2026-01-08T11:27:38.190563,ok
1421396,0001988-55.2025.8.16.0100,99,4,2026-01-08T11:27:38.190563,ok
1421397,0005713-30.2021.8.16.0088,99,4,2026-01-08T11:27:38.190563,ok
1421398,0000673-03.2018.8.16.0014,99,4,2026-01-08T11:27:38.190563,ok
1421399,0005332-27.2020.8.16.0033,99,4,2026-01-08T11:27:38.190563,ok
1421400,0008609-72.2025.8.16.0131,99,4,2026-01-08T11:27:38.190563,ok
1421401,0017019-27.2025.8.16.0194,99,4,2026-01-08T11:27:38.190563,ok
1421402,0002628-68.2009.8.16.0084,99,4,2026-01-08T11:27:38.190563,ok
1421403,0104822-48.2025.8.16.0000,99,4,2026-01-08T11:27:38.190563,ok
1421404,0005391-10.2025.8.16.0075,99,4,2026-01-08T11:27:38.190563,ok
1421405,0105154-15.2025.8.16.0000,99,4,2026-01-08T11:27:38.190563,ok
1421406,0020215-41.2021.8.16.0001,99,4,2026-01-08T11:27:38.190563,ok
1421407,0112465-57.2025.8.16.0000,99,4,2026-01-08T11:27:38.190563,ok
1421408,0003707-16.2024.8.16.0130,99,4,2026-01-08T11:27:38.190563,ok
1421409,0008509-94.2023.8.16.0129,99,4,2026-01-08T11:27:38.190563,ok
1421410,0094387-15.2025.8.16.0000,99,4,2026-01-08T11:27:38.190563,ok
1421411,0094252-03.2025.8.16.0000,99,4,2026-01-08T11:27:38.190563,ok
1421412,0107943-84.2025.8.16.0000,99,4,2026-01-08T11:27:38.190563,ok
1421413,0041798-04.2025.8.16.0014,99,4,2026-01-08T11:27:38.190563,ok
1421414,0102402-70.2025.8.16.0000,99,4,2026-01-08T11:27:38.190563,ok
1421415,0069484-13.2025.8.16.0000,99,4,2026-01-08T11:27:38.190563,ok
1421416,0105423-54.2025.8.16.0000,99,4,2026-01-08T11:27:38.190563,ok
1421417,0094843-62.2025.8.16.0000,99,4,2026-01-08T11:27:38.190563,ok
1421418,0008795-57.2024.8.16.0058,99,4,2026-01-08T11:27:38.190563,ok
1421419,0094992-58.2025.8.16.0000,99,4,2026-01-08T11:27:38.190563,ok
1421420,0009563-48.2025.8.16.0025,99,4,2026-01-08T11:27:38.190563,ok
1421421,0095609-18.2025.8.16.0000,99,4,2026-01-08T11:27:38.190563,ok
1421422,0073816-23.2025.8.16.0000,99,4,2026-01-08T11:27:38.190563,ok
1421423,0110814-87.2025.8.16.0000,99,4,2026-01-08T11:27:38.190563,ok
1421424,0102640-89.2025.8.16.0000,99,4,2026-01-08T11:27:38.190563,ok
1421425,0111191-58.2025.8.16.0000,99,4,2026-01-08T11:27:38.190563,ok
1421426,0101367-75.2025.8.16.0000,96,4,2026-01-08T11:27:38.190563,ok
1421427,0090298-46.2025.8.16.0000,96,4,2026-01-08T11:27:38.190563,ok
1421428,0104686-51.2025.8.16.0000,96,4,2026-01-08T11:27:38.190563,ok
1421429,0001127-40.2023.8.16.0100,96,4,2026-01-08T11:27:38.190563,ok
1421430,0004521-06.2018.8.16.0173,96,4,2026-01-08T11:27:38.190563,ok
1421431,0009664-39.2023.8.16.0160,96,4,2026-01-08T11:27:38.190563,ok
1421432,0011549-20.2021.8.16.0173,96,4,2026-01-08T11:27:38.190563,ok
1421433,0007112-59.2019.8.16.0090,96,4,2026-01-08T11:27:38.190563,ok
1421434,0095729-61.2025.8.16.0000,96,4,2026-01-08T11:27:38.190563,ok
1421435,0124949-07.2025.8.16.0000,96,4,2026-01-08T11:27:38.190563,ok
1421436,0045287-28.2024.8.16.0000,96,4,2026-01-08T11:27:38.190563,ok
1421437,0006654-84.2020.8.16.0194,96,4,2026-01-08T11:27:38.190563,ok
1421438,0009002-65.2022.8.16.0013,96,4,2026-01-08T11:27:38.190563,ok
1421439,0068796-51.2025.8.16.0000,96,4,2026-01-08T11:27:38.190563,ok
1421440,0134377-13.2025.8.16.0000,96,4,2026-01-08T11:27:38.190563,ok
1421441,4000020-79.2025.8.16.0177,96,4,2026-01-08T11:27:38.190563,ok
1421442,0002800-85.2023.8.16.0159,96,4,2026-01-08T11:27:38.190563,ok
1421443,0001367-06.2024.8.16.0161,96,4,2026-01-08T11:27:38.190563,ok
1421444,0099176-57.2025.8.16.0000,96,4,2026-01-08T11:27:38.190563,ok
1421445,0002306-19.2024.8.16.0053,96,4,2026-01-08T11:27:38.190563,ok
1421446,0089506-92.2025.8.16.0000,96,4,2026-01-08T11:27:38.190563,ok
1421447,0006485-76.2025.8.16.0112,96,4,2026-01-08T11:27:38.190563,ok
1421448,0002701-97.2023.8.16.0068,96,4,2026-01-08T11:27:38.190563,ok
1421449,0109039-37.2025.8.16.0000,96,4,2026-01-08T11:27:38.190563,ok
1421450,0139350-11.2025.8.16.0000,96,4,2026-01-08T11:27:38.190563,ok
1421451,0087149-42.2025.8.16.0000,96,4,2026-01-08T11:27:38.190563,ok
1421452,0033436-62.2025.8.16.0030,96,4,2026-01-08T11:27:38.190563,ok
1421453,0013669-19.2021.8.16.0017,96,4,2026-01-08T11:27:38.190563,ok
1421454,0063176-58.2025.8.16.0000,96,4,2026-01-08T11:27:38.190563,ok
1421455,0069196-65.2025.8.16.0000,96,4,2026-01-08T11:27:38.190563,ok
1421456,0002509-31.2024.8.16.0101,96,4,2026-01-08T11:27:38.190563,ok
1421457,0002533-93.2024.8.16.0025,96,4,2026-01-08T11:27:38.190563,ok
1421458,0015842-25.2025.8.16.0001,96,4,2026-01-08T11:27:38.190563,ok
1421459,0011034-65.2022.8.16.0038,96,4,2026-01-08T11:27:38.190563,ok
1421460,0008044-51.2024.8.16.0129,96,4,2026-01-08T11:27:38.190563,ok
1421461,0001039-11.2022.8.16.0076,96,4,2026-01-08T11:27:38.190563,ok
1421462,0002551-86.2024.8.16.0196,96,4,2026-01-08T11:27:38.190563,ok
1421463,0000228-79.2021.8.16.0175,96,4,2026-01-08T11:27:38.190563,ok
1421464,0042220-52.2024.8.16.0001,96,4,2026-01-08T11:27:38.190563,ok
1421465,0099379-19.2025.8.16.0000,96,4,2026-01-08T11:27:38.190563,ok
1421466,0002854-37.2023.8.16.0196,96,4,2026-01-08T11:27:38.190563,ok
1421467,0009308-37.2023.8.16.0130,96,4,2026-01-08T11:27:38.190563,ok
1421468,0008637-45.2024.8.16.0173,96,4,2026-01-08T11:27:38.190563,ok
1421469,0080845-19.2024.8.16.0014,96,4,2026-01-08T11:27:38.190563,ok
1421470,0014324-36.2023.8.16.0044,96,4,2026-01-08T11:27:38.190563,ok
1421471,0062065-94.2025.8.16.0014,96,4,2026-01-08T11:27:38.190563,ok
1421472,0002019-47.2020.8.16.0069,96,4,2026-01-08T11:27:38.190563,ok
1421473,0009782-65.2025.8.16.0056,96,4,2026-01-08T11:27:38.190563,ok
1421474,0084970-30.2024.8.16.0014,96,4,2026-01-08T11:27:38.190563,ok
1421475,0016878-25.2023.8.16.0017,96,4,2026-01-08T11:27:38.190563,ok
1421476,0092522-88.2024.8.16.0000,97,4,2026-01-08T11:27:38.190563,ok
1421477,0037516-59.2025.8.16.0001,97,4,2026-01-08T11:27:38.190563,ok
1421478,0106269-71.2025.8.16.0000,97,4,2026-01-08T11:27:38.190563,ok
1421479,0017395-13.2025.8.16.0000,97,4,2026-01-08T11:27:38.190563,ok
1421480,0055986-44.2025.8.16.0000,97,4,2026-01-08T11:27:38.190563,ok
1421481,0001696-14.2024.8.16.0130,97,4,2026-01-08T11:27:38.190563,ok
1421482,0083641-88.2025.8.16.0000,97,4,2026-01-08T11:27:38.190563,ok
1421483,0084667-24.2025.8.16.0000,97,4,2026-01-08T11:27:38.190563,ok
1421484,0009264-81.2024.8.16.0130,97,4,2026-01-08T11:27:38.190563,ok
1421485,0002044-96.2022.8.16.0196,97,4,2026-01-08T11:27:38.190563,ok
1421486,0002291-64.2023.8.16.0092,97,4,2026-01-08T11:27:38.190563,ok
1421487,0001351-40.2024.8.16.0165,97,4,2026-01-08T11:27:38.190563,ok
1421488,0120094-82.2025.8.16.0000,97,4,2026-01-08T11:27:38.190563,ok
1421489,0099229-38.2025.8.16.0000,97,4,2026-01-08T11:27:38.190563,ok
1421490,0006978-38.2024.8.16.0193,97,4,2026-01-08T11:27:38.190563,ok
1421491,0000876-82.2022.8.16.0156,97,4,2026-01-08T11:27:38.190563,ok
1421492,0028008-92.2025.8.16.0000,97,4,2026-01-08T11:27:38.190563,ok
1421493,0003441-22.2025.8.16.0024,97,4,2026-01-08T11:27:38.190563,ok
1421494,0020999-37.2025.8.16.0014,97,4,2026-01-08T11:27:38.190563,ok
1421495,0094332-64.2025.8.16.0000,97,4,2026-01-08T11:27:38.190563,ok
1421496,0088823-55.2025.8.16.0000,97,4,2026-01-08T11:27:38.190563,ok
1421497,0095352-90.2025.8.16.0000,97,4,2026-01-08T11:27:38.190563,ok
1421498,0007291-46.2025.8.16.0069,97,4,2026-01-08T11:27:38.190563,ok
1421499,0077956-03.2025.8.16.0000,97,4,2026-01-08T11:27:38.190563,ok
1421500,0057338-37.2025.8.16.0000,97,4,2026-01-08T11:27:38.190563,ok
1421501,0004915-29.2025.8.16.0153,97,4,2026-01-08T11:27:38.190563,ok
1421502,0017652-76.2024.8.16.0031,97,4,2026-01-08T11:27:38.190563,ok
1421503,0078855-98.2025.8.16.0000,97,4,2026-01-08T11:27:38.190563,ok
1421504,0097387-23.2025.8.16.0000,97,4,2026-01-08T11:27:38.190563,ok
1421505,0001625-63.2023.8.16.0092,97,4,2026-01-08T11:27:38.190563,ok
1421506,0001063-28.2025.8.16.0175,97,4,2026-01-08T11:27:38.190563,ok
1421507,0076367-73.2025.8.16.0000,97,4,2026-01-08T11:27:38.190563,ok
1421508,0009698-30.2024.8.16.0014,97,4,2026-01-08T11:27:38.190563,ok
1421509,0144011-33.2025.8.16.0000,97,4,2026-01-08T11:27:38.190563,ok
1421510,0000139-86.2023.8.16.0013,97,4,2026-01-08T11:27:38.190563,ok
1421511,0002210-24.2022.8.16.0069,97,4,2026-01-08T11:27:38.190563,ok
1421512,0017985-70.2024.8.16.0017,97,4,2026-01-08T11:27:38.190563,ok
1421513,0031868-45.2024.8.16.0030,97,4,2026-01-08T11:27:38.190563,ok
1421514,0075848-90.2024.8.16.0014,97,4,2026-01-08T11:27:38.190563,ok
1421515,0072912-03.2025.8.16.0000,97,4,2026-01-08T11:27:38.190563,ok
1421516,0049708-27.2025.8.16.0000,97,4,2026-01-08T11:27:38.190563,ok
1421517,0007260-22.2024.8.16.0017,97,4,2026-01-08T11:27:38.190563,ok
1421518,0127554-23.2025.8.16.0000,97,4,2026-01-08T11:27:38.190563,ok
1421519,0125690-47.2025.8.16.0000,97,4,2026-01-08T11:27:38.190563,ok
1421520,0018835-16.2023.8.16.0129,97,4,2026-01-08T11:27:38.190563,ok
1421521,0126275-02.2025.8.16.0000,97,4,2026-01-08T11:27:38.190563,ok
1421522,4005020-44.2025.8.16.4321,97,4,2026-01-08T11:27:38.190563,ok
1421523,4000391-84.2025.8.16.0131,97,4,2026-01-08T11:27:38.190563,ok
1421524,0008782-79.2024.8.16.0148,97,4,2026-01-08T11:27:38.190563,ok
1421525,0129505-52.2025.8.16.0000,97,4,2026-01-08T11:27:38.190563,ok
1421526,0024631-57.2024.8.16.0030,100,4,2026-01-08T11:27:38.190563,ok
1421527,0098384-06.2025.8.16.0000,100,4,2026-01-08T11:27:38.190563,ok
1421528,0001130-93.2024.8.16.0056,100,4,2026-01-08T11:27:38.190563,ok
1421529,0005288-55.2025.8.16.0090,100,4,2026-01-08T11:27:38.190563,ok
1421530,0011712-58.2025.8.16.0173,100,4,2026-01-08T11:27:38.190563,ok
1421531,0009731-48.2025.8.16.0058,100,4,2026-01-08T11:27:38.190563,ok
1421532,0028697-46.2025.8.16.0030,100,4,2026-01-08T11:27:38.190563,ok
1421533,0097293-75.2025.8.16.0000,100,4,2026-01-08T11:27:38.190563,ok
1421534,0107789-66.2025.8.16.0000,100,4,2026-01-08T11:27:38.190563,ok
1421535,0096994-98.2025.8.16.0000,100,4,2026-01-08T11:27:38.190563,ok
1421536,0105814-09.2025.8.16.0000,100,4,2026-01-08T11:27:38.190563,ok
1421537,0003985-34.2025.8.16.0210,100,4,2026-01-08T11:27:38.190563,ok
1421538,0022875-74.2023.8.16.0021,100,4,2026-01-08T11:27:38.190563,ok
1421539,0085899-71.2025.8.16.0000,100,4,2026-01-08T11:27:38.190563,ok
1421540,0065930-70.2025.8.16.0000,100,4,2026-01-08T11:27:38.190563,ok
1421541,0010232-77.2025.8.16.0130,100,4,2026-01-08T11:27:38.190563,ok
1421542,0004326-37.2025.8.16.0153,100,4,2026-01-08T11:27:38.190563,ok
1421543,0064055-23.2025.8.16.0014,100,4,2026-01-08T11:27:38.190563,ok
1421544,0005602-46.2025.8.16.0075,100,4,2026-01-08T11:27:38.190563,ok
1421545,0016556-29.2024.8.16.0030,100,4,2026-01-08T11:27:38.190563,ok
1421546,0029818-12.2025.8.16.0030,100,4,2026-01-08T11:27:38.190563,ok
1421547,0071721-20.2025.8.16.0000,100,4,2026-01-08T11:27:38.190563,ok
1421548,0094218-28.2025.8.16.0000,100,4,2026-01-08T11:27:38.190563,ok
1421549,0000720-58.2024.8.16.0210,100,4,2026-01-08T11:27:38.190563,ok
1421550,0002463-20.2025.8.16.0000,100,4,2026-01-08T11:27:38.190563,ok
1421551,0006279-62.2025.8.16.0112,100,4,2026-01-08T11:27:38.190563,ok
1421552,0022935-88.2025.8.16.0017,100,4,2026-01-08T11:27:38.190563,ok
1421553,0083720-67.2025.8.16.0000,100,4,2026-01-08T11:27:38.190563,ok
1421554,0008345-86.2025.8.16.0056,100,4,2026-01-08T11:27:38.190563,ok
1421555,0105288-42.2025.8.16.0000,100,4,2026-01-08T11:27:38.190563,ok
1421556,0007182-14.2023.8.16.0130,100,4,2026-01-08T11:27:38.190563,ok
1421557,0104426-71.2025.8.16.0000,100,4,2026-01-08T11:27:38.190563,ok
1421558,0001415-62.2024.8.16.0064,100,4,2026-01-08T11:27:38.190563,ok
1421559,0102937-96.2025.8.16.0000,100,4,2026-01-08T11:27:38.190563,ok
1421560,0098463-82.2025.8.16.0000,100,4,2026-01-08T11:27:38.190563,ok
1421561,0005232-22.2025.8.16.0090,100,4,2026-01-08T11:27:38.190563,ok
1421562,0010904-63.2023.8.16.0160,100,4,2026-01-08T11:27:38.190563,ok
1421563,0089052-15.2025.8.16.0000,100,4,2026-01-08T11:27:38.190563,ok
1421564,0104683-96.2025.8.16.0000,100,4,2026-01-08T11:27:38.190563,ok
1421565,0046286-36.2024.8.16.0014,100,4,2026-01-08T11:27:38.190563,ok
1421566,0077303-98.2025.8.16.0000,100,4,2026-01-08T11:27:38.190563,ok
1421567,0046239-70.2025.8.16.0000,100,4,2026-01-08T11:27:38.190563,ok
1421568,0093300-24.2025.8.16.0000,100,4,2026-01-08T11:27:38.190563,ok
1421569,0013788-98.2024.8.16.0170,100,4,2026-01-08T11:27:38.190563,ok
1421570,0108605-48.2025.8.16.0000,100,4,2026-01-08T11:27:38.190563,ok
1421571,0103529-43.2025.8.16.0000,100,4,2026-01-08T11:27:38.190563,ok
1421572,0112341-74.2025.8.16.0000,100,4,2026-01-08T11:27:38.190563,ok
1421573,0106082-63.2025.8.16.0000,100,4,2026-01-08T11:27:38.190563,ok
1421574,0090964-47.2025.8.16.0000,100,4,2026-01-08T11:27:38.190563,ok
1421575,0012677-96.2021.8.16.0069,100,4,2026-01-08T11:27:38.190563,ok
1421576,0107604-28.2025.8.16.0000,101,4,2026-01-08T11:27:38.190563,ok
1421577,0091520-49.2025.8.16.0000,101,4,2026-01-08T11:27:38.190563,ok
1421578,0008955-28.2024.8.16.0173,101,4,2026-01-08T11:27:38.190563,ok
1421579,0084402-22.2025.8.16.0000,101,4,2026-01-08T11:27:38.190563,ok
1421580,0003873-54.2024.8.16.0031,101,4,2026-01-08T11:27:38.190563,ok
1421581,0002530-90.2024.8.16.0041,101,4,2026-01-08T11:27:38.190563,ok
1421582,0009178-62.2023.8.16.0028,101,4,2026-01-08T11:27:38.190563,ok
1421583,0107032-72.2025.8.16.0000,101,4,2026-01-08T11:27:38.190563,ok
1421584,0017840-31.2025.8.16.0000,101,4,2026-01-08T11:27:38.190563,ok
1421585,0001456-97.2021.8.16.0140,101,4,2026-01-08T11:27:38.190563,ok
1421586,0029368-62.2025.8.16.0000,101,4,2026-01-08T11:27:38.190563,ok
1421587,0004267-72.2022.8.16.0050,101,4,2026-01-08T11:27:38.190563,ok
1421588,0007115-80.2024.8.16.0173,101,4,2026-01-08T11:27:38.190563,ok
1421589,0109012-54.2025.8.16.0000,101,4,2026-01-08T11:27:38.190563,ok
1421590,0064058-75.2025.8.16.0014,101,4,2026-01-08T11:27:38.190563,ok
1421591,0086942-43.2025.8.16.0000,101,4,2026-01-08T11:27:38.190563,ok
1421592,0084284-46.2025.8.16.0000,101,4,2026-01-08T11:27:38.190563,ok
1421593,0106834-35.2025.8.16.0000,101,4,2026-01-08T11:27:38.190563,ok
1421594,0112705-46.2025.8.16.0000,101,4,2026-01-08T11:27:38.190563,ok
1421595,0002649-49.2025.8.16.0192,101,4,2026-01-08T11:27:38.190563,ok
1421596,0009758-45.2024.8.16.0194,101,4,2026-01-08T11:27:38.190563,ok
1421597,0032865-84.2025.8.16.0000,101,4,2026-01-08T11:27:38.190563,ok
1421598,0005082-41.2025.8.16.0090,101,4,2026-01-08T11:27:38.190563,ok
1421599,0086047-82.2025.8.16.0000,101,4,2026-01-08T11:27:38.190563,ok
1421600,0105554-29.2025.8.16.0000,101,4,2026-01-08T11:27:38.190563,ok
1421601,0010275-45.2024.8.16.0131,101,4,2026-01-08T11:27:38.190563,ok
1421602,0070713-08.2025.8.16.0000,101,4,2026-01-08T11:27:38.190563,ok
1421603,0083833-21.2025.8.16.0000,101,4,2026-01-08T11:27:38.190563,ok
1421604,0093417-15.2025.8.16.0000,101,4,2026-01-08T11:27:38.190563,ok
1421605,0032244-84.2025.8.16.0001,101,4,2026-01-08T11:27:38.190563,ok
1421606,0013081-24.2025.8.16.0000,101,4,2026-01-08T11:27:38.190563,ok
1421607,0003623-77.2024.8.16.0174,101,4,2026-01-08T11:27:38.190563,ok
1421608,0014506-63.2024.8.16.0019,101,4,2026-01-08T11:27:38.190563,ok
1421609,0110287-38.2025.8.16.0000,101,4,2026-01-08T11:27:38.190563,ok
1421610,0103057-42.2025.8.16.0000,101,4,2026-01-08T11:27:38.190563,ok
1421611,0112869-11.2025.8.16.0000,101,4,2026-01-08T11:27:38.190563,ok
1421612,0000705-32.2024.8.16.0035,101,4,2026-01-08T11:27:38.190563,ok
1421613,0090318-37.2025.8.16.0000,101,4,2026-01-08T11:27:38.190563,ok
1421614,0112083-64.2025.8.16.0000,101,4,2026-01-08T11:27:38.190563,ok
1421615,0113189-61.2025.8.16.0000,101,4,2026-01-08T11:27:38.190563,ok
1421616,0012971-76.2023.8.16.0038,101,4,2026-01-08T11:27:38.190563,ok
1421617,0007894-66.2021.8.16.0035,101,4,2026-01-08T11:27:38.190563,ok
1421618,0090394-61.2025.8.16.0000,101,4,2026-01-08T11:27:38.190563,ok
1421619,0076639-67.2025.8.16.0000,101,4,2026-01-08T11:27:38.190563,ok
1421620,0112154-66.2025.8.16.0000,101,4,2026-01-08T11:27:38.190563,ok
1421621,0049233-71.2025.8.16.0000,101,4,2026-01-08T11:27:38.190563,ok
1421622,0016194-22.2021.8.16.0001,101,4,2026-01-08T11:27:38.190563,ok
1421623,0107534-11.2025.8.16.0000,101,4,2026-01-08T11:27:38.190563,ok
1421624,0114813-48.2025.8.16.0000,101,4,2026-01-08T11:27:38.190563,ok
1421625,0011171-06.2015.8.16.0131,101,4,2026-01-08T11:27:38.190563,ok
1421626,0114861-07.2025.8.16.0000,102,4,2026-01-08T11:27:38.190563,ok
1421627,0043003-62.2015.8.16.0000,102,4,2026-01-08T11:27:38.190563,ok
1421628,0040546-08.2025.8.16.0000,102,4,2026-01-08T11:27:38.190563,ok
1421629,0110955-09.2025.8.16.0000,102,4,2026-01-08T11:27:38.190563,ok
1421630,0105720-61.2025.8.16.0000,102,4,2026-01-08T11:27:38.190563,ok
1421631,0006505-52.2025.8.16.0117,102,4,2026-01-08T11:27:38.190563,ok
1421632,0057533-14.2024.8.16.0014,102,4,2026-01-08T11:27:38.190563,ok
1421633,0096402-54.2025.8.16.0000,102,4,2026-01-08T11:27:38.190563,ok
1421634,0091468-53.2025.8.16.0000,102,4,2026-01-08T11:27:38.190563,ok
1421635,0012324-30.2025.8.16.0194,102,4,2026-01-08T11:27:38.190563,ok
1421636,0013245-52.2025.8.16.0173,102,4,2026-01-08T11:27:38.190563,ok
1421637,0011934-48.2025.8.16.0004,102,4,2026-01-08T11:27:38.190563,ok
1421638,0008463-96.2023.8.16.0035,102,4,2026-01-08T11:27:38.190563,ok
1421639,0035165-16.2025.8.16.0001,102,4,2026-01-08T11:27:38.190563,ok
1421640,0002576-79.2025.8.16.0159,102,4,2026-01-08T11:27:38.190563,ok
1421641,4001005-31.2025.8.16.0021,102,4,2026-01-08T11:27:38.190563,ok
1421642,0089294-71.2025.8.16.0000,102,4,2026-01-08T11:27:38.190563,ok
1421643,0081624-79.2025.8.16.0000,102,4,2026-01-08T11:27:38.190563,ok
1421644,0005472-69.2021.8.16.0116,102,4,2026-01-08T11:27:38.190563,ok
1421645,0063470-13.2025.8.16.0000,102,4,2026-01-08T11:27:38.190563,ok
1421646,0073614-46.2025.8.16.0000,102,4,2026-01-08T11:27:38.190563,ok
1421647,0000525-51.2015.8.16.0190,102,4,2026-01-08T11:27:38.190563,ok
1421648,0026226-47.2025.8.16.0001,102,4,2026-01-08T11:27:38.190563,ok
1421649,0002439-60.2024.8.16.0021,102,4,2026-01-08T11:27:38.190563,ok
1421650,0020158-23.2021.8.16.0001,102,4,2026-01-08T11:27:38.190563,ok
1421651,0000022-30.1999.8.16.0145,102,4,2026-01-08T11:27:38.190563,ok
1421652,0077951-78.2025.8.16.0000,102,4,2026-01-08T11:27:38.190563,ok
1421653,0015454-59.2024.8.16.0001,102,4,2026-01-08T11:27:38.190563,ok
1421654,0126050-79.2025.8.16.0000,102,4,2026-01-08T11:27:38.190563,ok
1421655,0009483-49.2025.8.16.0069,102,4,2026-01-08T11:27:38.190563,ok
1421656,0015576-98.2007.8.16.0185,102,4,2026-01-08T11:27:38.190563,ok
1421657,0009157-81.2007.8.16.0017,102,4,2026-01-08T11:27:38.190563,ok
1421658,0009407-04.2022.8.16.0013,102,4,2026-01-08T11:27:38.190563,ok
1421659,0044620-08.2025.8.16.0000,102,4,2026-01-08T11:27:38.190563,ok
1421660,0072794-27.2025.8.16.0000,102,4,2026-01-08T11:27:38.190563,ok
1421661,0008150-94.2025.8.16.0026,102,4,2026-01-08T11:27:38.190563,ok
1421662,0008141-52.2019.8.16.0153,102,4,2026-01-08T11:27:38.190563,ok
1421663,0005018-89.2017.8.16.0129,102,4,2026-01-08T11:27:38.190563,ok
1421664,0072839-31.2025.8.16.0000,102,4,2026-01-08T11:27:38.190563,ok
1421665,0016083-71.2023.8.16.0129,102,4,2026-01-08T11:27:38.190563,ok
1421666,0006898-78.2016.8.16.0056,102,4,2026-01-08T11:27:38.190563,ok
1421667,0026614-47.2025.8.16.0001,102,4,2026-01-08T11:27:38.190563,ok
1421668,0066603-55.2024.8.16.0014,102,4,2026-01-08T11:27:38.190563,ok
1421669,0041761-19.2025.8.16.0000,102,4,2026-01-08T11:27:38.190563,ok
1421670,4000093-06.2025.8.16.0095,102,4,2026-01-08T11:27:38.190563,ok
1421671,0008976-25.2024.8.16.0069,102,4,2026-01-08T11:27:38.190563,ok
1421672,0062131-19.2025.8.16.0000,102,4,2026-01-08T11:27:38.190563,ok
1421673,0000005-97.2004.8.16.0151,102,4,2026-01-08T11:27:38.190563,ok
1421674,0070070-50.2025.8.16.0000,102,4,2026-01-08T11:27:38.190563,ok
1421675,0106209-98.2025.8.16.0000,102,4,2026-01-08T11:27:38.190563,ok
1421676,0008852-40.2025.8.16.0026,103,4,2026-01-08T11:27:38.190563,ok
1421677,0045765-57.2025.8.16.0014,103,4,2026-01-08T11:27:38.190563,ok
1421678,0034803-17.2025.8.16.0000,103,4,2026-01-08T11:27:38.190563,ok
1421679,4003734-65.2024.8.16.4321,103,4,2026-01-08T11:27:38.190563,ok
1421680,0084655-10.2025.8.16.0000,103,4,2026-01-08T11:27:38.190563,ok
1421681,0031845-47.2009.8.16.0185,103,4,2026-01-08T11:27:38.190563,ok
1421682,0083289-33.2025.8.16.0000,103,4,2026-01-08T11:27:38.190563,ok
1421683,0001086-37.2025.8.16.0057,103,4,2026-01-08T11:27:38.190563,ok
1421684,4000820-05.2024.8.16.0190,103,4,2026-01-08T11:27:38.190563,ok
1421685,0000411-16.2016.8.16.0049,103,4,2026-01-08T11:27:38.190563,ok
1421686,0006174-88.2024.8.16.0090,103,4,2026-01-08T11:27:38.190563,ok
1421687,0013211-02.2025.8.16.0004,103,4,2026-01-08T11:27:38.190563,ok
1421688,0001666-72.2023.8.16.0078,103,4,2026-01-08T11:27:38.190563,ok
1421689,0009105-75.2023.8.16.0033,103,4,2026-01-08T11:27:38.190563,ok
1421690,0130953-60.2025.8.16.0000,103,4,2026-01-08T11:27:38.190563,ok
1421691,0037120-43.2025.8.16.0014,103,4,2026-01-08T11:27:38.190563,ok
1421692,4003703-11.2025.8.16.4321,103,4,2026-01-08T11:27:38.190563,ok
1421693,0001939-85.2023.8.16.0099,103,4,2026-01-08T11:27:38.190563,ok
1421694,0001252-40.2025.8.16.0196,103,4,2026-01-08T11:27:38.190563,ok
1421695,0046050-50.2025.8.16.0014,103,4,2026-01-08T11:27:38.190563,ok
1421696,0122552-72.2025.8.16.0000,103,4,2026-01-08T11:27:38.190563,ok
1421697,0003762-34.2023.8.16.0119,103,4,2026-01-08T11:27:38.190563,ok
1421698,0008736-75.2025.8.16.0174,103,4,2026-01-08T11:27:38.190563,ok
1421699,0112566-94.2025.8.16.0000,103,4,2026-01-08T11:27:38.190563,ok
1421700,0094771-75.2025.8.16.0000,103,4,2026-01-08T11:27:38.190563,ok
1421701,0007553-19.2022.8.16.0160,103,4,2026-01-08T11:27:38.190563,ok
1421702,0127637-39.2025.8.16.0000,103,4,2026-01-08T11:27:38.190563,ok
1421703,0059909-78.2025.8.16.0000,103,4,2026-01-08T11:27:38.190563,ok
1421704,4004684-40.2025.8.16.4321,103,4,2026-01-08T11:27:38.190563,ok
1421705,0017850-46.2023.8.16.0194,103,4,2026-01-08T11:27:38.190563,ok
1421706,0007250-63.2023.8.16.0194,103,4,2026-01-08T11:27:38.190563,ok
1421707,0035104-04.2025.8.16.0019,103,4,2026-01-08T11:27:38.190563,ok
1421708,0107605-13.2025.8.16.0000,103,4,2026-01-08T11:27:38.190563,ok
1421709,0002470-76.2023.8.16.0163,103,4,2026-01-08T11:27:38.190563,ok
1421710,0105035-54.2025.8.16.0000,103,4,2026-01-08T11:27:38.190563,ok
1421711,0001407-96.2025.8.16.0049,103,4,2026-01-08T11:27:38.190563,ok
1421712,0126437-94.2025.8.16.0000,103,4,2026-01-08T11:27:38.190563,ok
1421713,0109631-81.2025.8.16.0000,103,4,2026-01-08T11:27:38.190563,ok
1421714,0112206-62.2025.8.16.0000,103,4,2026-01-08T11:27:38.190563,ok
1421715,0035635-77.2025.8.16.0185,103,4,2026-01-08T11:27:38.190563,ok
1421716,0122217-53.2025.8.16.0000,103,4,2026-01-08T11:27:38.190563,ok
1421717,0013338-37.2025.8.16.0004,103,4,2026-01-08T11:27:38.190563,ok
1421718,0083225-23.2025.8.16.0000,103,4,2026-01-08T11:27:38.190563,ok
1421719,0098976-50.2025.8.16.0000,103,4,2026-01-08T11:27:38.190563,ok
1421720,4000194-02.2025.8.16.0044,103,4,2026-01-08T11:27:38.190563,ok
1421721,0001322-61.2025.8.16.0130,103,4,2026-01-08T11:27:38.190563,ok
1421722,0074816-58.2025.8.16.0000,103,4,2026-01-08T11:27:38.190563,ok
1421723,0029952-63.2024.8.16.0001,103,4,2026-01-08T11:27:38.190563,ok
1421724,0004204-58.2025.8.16.0077,103,4,2026-01-08T11:27:38.190563,ok
1421725,0094457-32.2025.8.16.0000,103,4,2026-01-08T11:27:38.190563,ok
1421726,0091373-23.2025.8.16.0000,106,4,2026-01-08T11:27:38.190563,ok
1421727,0001265-07.2017.8.16.0071,106,4,2026-01-08T11:27:38.190563,ok
1421728,0093146-06.2025.8.16.0000,106,4,2026-01-08T11:27:38.190563,ok
1421729,0103180-40.2025.8.16.0000,106,4,2026-01-08T11:27:38.190563,ok
1421730,0080843-57.2025.8.16.0000,106,4,2026-01-08T11:27:38.190563,ok
1421731,0001214-83.2023.8.16.0071,106,4,2026-01-08T11:27:38.190563,ok
1421732,0113648-63.2025.8.16.0000,106,4,2026-01-08T11:27:38.190563,ok
1421733,0013900-20.2025.8.16.0045,106,4,2026-01-08T11:27:38.190563,ok
1421734,0112155-51.2025.8.16.0000,106,4,2026-01-08T11:27:38.190563,ok
1421735,0001535-84.2025.8.16.0092,106,4,2026-01-08T11:27:38.190563,ok
1421736,0114045-25.2025.8.16.0000,106,4,2026-01-08T11:27:38.190563,ok
1421737,0121798-33.2025.8.16.0000,106,4,2026-01-08T11:27:38.190563,ok
1421738,0001235-42.2025.8.16.0054,106,4,2026-01-08T11:27:38.190563,ok
1421739,0065214-43.2025.8.16.0000,106,4,2026-01-08T11:27:38.190563,ok
1421740,0111216-71.2025.8.16.0000,106,4,2026-01-08T11:27:38.190563,ok
1421741,0008978-43.2023.8.16.0129,106,4,2026-01-08T11:27:38.190563,ok
1421742,0122867-03.2025.8.16.0000,106,4,2026-01-08T11:27:38.190563,ok
1421743,0115429-23.2025.8.16.0000,106,4,2026-01-08T11:27:38.190563,ok
1421744,0004733-36.2025.8.16.0123,106,4,2026-01-08T11:27:38.190563,ok
1421745,0088829-62.2025.8.16.0000,106,4,2026-01-08T11:27:38.190563,ok
1421746,0118740-22.2025.8.16.0000,106,4,2026-01-08T11:27:38.190563,ok
1421747,0063748-69.2025.8.16.0014,106,4,2026-01-08T11:27:38.190563,ok
1421748,0008279-51.2023.8.16.0194,106,4,2026-01-08T11:27:38.190563,ok
1421749,0000598-90.2024.8.16.0098,106,4,2026-01-08T11:27:38.190563,ok
1421750,0142639-49.2025.8.16.0000,106,4,2026-01-08T11:27:38.190563,ok
1421751,0041612-57.2025.8.16.0021,106,4,2026-01-08T11:27:38.190563,ok
1421752,0014643-68.2025.8.16.0194,106,4,2026-01-08T11:27:38.190563,ok
1421753,0103858-55.2025.8.16.0000,106,4,2026-01-08T11:27:38.190563,ok
1421754,0101305-35.2025.8.16.0000,106,4,2026-01-08T11:27:38.190563,ok
1421755,0002815-21.2025.8.16.0115,106,4,2026-01-08T11:27:38.190563,ok
1421756,0112307-02.2025.8.16.0000,106,4,2026-01-08T11:27:38.190563,ok
1421757,0048676-84.2025.8.16.0000,106,4,2026-01-08T11:27:38.190563,ok
1421758,0006719-40.2024.8.16.0000,106,4,2026-01-08T11:27:38.190563,ok
1421759,0001971-55.2017.8.16.0017,106,4,2026-01-08T11:27:38.190563,ok
1421760,0119664-33.2025.8.16.0000,106,4,2026-01-08T11:27:38.190563,ok
1421761,0088457-16.2025.8.16.0000,106,4,2026-01-08T11:27:38.190563,ok
1421762,4004893-09.2025.8.16.4321,106,4,2026-01-08T11:27:38.190563,ok
1421763,0001337-93.2022.8.16.0143,106,4,2026-01-08T11:27:38.190563,ok
1421764,0063624-86.2025.8.16.0014,106,4,2026-01-08T11:27:38.190563,ok
1421765,0106198-69.2025.8.16.0000,106,4,2026-01-08T11:27:38.190563,ok
1421766,0016626-67.2025.8.16.0044,106,4,2026-01-08T11:27:38.190563,ok
1421767,0005207-48.2025.8.16.0077,106,4,2026-01-08T11:27:38.190563,ok
1421768,0118953-28.2025.8.16.0000,106,4,2026-01-08T11:27:38.190563,ok
1421769,0119296-24.2025.8.16.0000,106,4,2026-01-08T11:27:38.190563,ok
1421770,0002662-37.2021.8.16.0047,106,4,2026-01-08T11:27:38.190563,ok
1421771,0083278-04.2025.8.16.0000,106,4,2026-01-08T11:27:38.190563,ok
1421772,0006535-62.2025.8.16.0190,106,4,2026-01-08T11:27:38.190563,ok
1421773,0126565-17.2025.8.16.0000,106,4,2026-01-08T11:27:38.190563,ok
1421774,0065917-97.2023.8.16.0014,106,4,2026-01-08T11:27:38.190563,ok
1421775,0082529-84.2025.8.16.0000,106,4,2026-01-08T11:27:38.190563,ok
1421776,0025526-18.2024.8.16.0030,105,4,2026-01-08T11:27:38.190563,ok
1421777,4000078-49.2025.8.16.0091,105,4,2026-01-08T11:27:38.190563,ok
1421778,4004902-68.2025.8.16.4321,105,4,2026-01-08T11:27:38.190563,ok
1421779,0090939-34.2025.8.16.0000,105,4,2026-01-08T11:27:38.190563,ok
1421780,0068009-77.2025.8.16.0014,105,4,2026-01-08T11:27:38.190563,ok
1421781,0070334-67.2025.8.16.0000,105,4,2026-01-08T11:27:38.190563,ok
1421782,0006023-88.2025.8.16.0090,105,4,2026-01-08T11:27:38.190563,ok
1421783,0000081-53.2025.8.16.0162,105,4,2026-01-08T11:27:38.190563,ok
1421784,0014217-22.2025.8.16.0173,105,4,2026-01-08T11:27:38.190563,ok
1421785,0101251-69.2025.8.16.0000,105,4,2026-01-08T11:27:38.190563,ok
1421786,0088395-73.2025.8.16.0000,105,4,2026-01-08T11:27:38.190563,ok
1421787,0101192-81.2025.8.16.0000,105,4,2026-01-08T11:27:38.190563,ok
1421788,0029955-86.2022.8.16.0001,105,4,2026-01-08T11:27:38.190563,ok
1421789,0025390-07.2017.8.16.0017,105,4,2026-01-08T11:27:38.190563,ok
1421790,0033594-13.2025.8.16.0000,105,4,2026-01-08T11:27:38.190563,ok
1421791,0107765-38.2025.8.16.0000,105,4,2026-01-08T11:27:38.190563,ok
1421792,0106560-71.2025.8.16.0000,105,4,2026-01-08T11:27:38.190563,ok
1421793,0102826-15.2025.8.16.0000,105,4,2026-01-08T11:27:38.190563,ok
1421794,0095516-55.2025.8.16.0000,105,4,2026-01-08T11:27:38.190563,ok
1421795,0026149-58.2023.8.16.0017,105,4,2026-01-08T11:27:38.190563,ok
1421796,0123041-12.2025.8.16.0000,105,4,2026-01-08T11:27:38.190563,ok
1421797,0102210-40.2025.8.16.0000,105,4,2026-01-08T11:27:38.190563,ok
1421798,0112652-65.2025.8.16.0000,105,4,2026-01-08T11:27:38.190563,ok
1421799,0007645-38.2023.8.16.0038,105,4,2026-01-08T11:27:38.190563,ok
1421800,0007998-24.2025.8.16.0001,105,4,2026-01-08T11:27:38.190563,ok
1421801,0102890-25.2025.8.16.0000,105,4,2026-01-08T11:27:38.190563,ok
1421802,0058515-28.2024.8.16.0014,105,4,2026-01-08T11:27:38.190563,ok
1421803,0018155-59.2025.8.16.0194,105,4,2026-01-08T11:27:38.190563,ok
1421804,0103137-06.2025.8.16.0000,105,4,2026-01-08T11:27:38.190563,ok
1421805,0101239-55.2025.8.16.0000,105,4,2026-01-08T11:27:38.190563,ok
1421806,0003713-88.2025.8.16.0194,105,4,2026-01-08T11:27:38.190563,ok
1421807,0002041-86.2020.8.16.0043,105,4,2026-01-08T11:27:38.190563,ok
1421808,0000401-57.2020.8.16.0040,105,4,2026-01-08T11:27:38.190563,ok
1421809,0003360-87.2025.8.16.0084,105,4,2026-01-08T11:27:38.190563,ok
1421810,0131915-83.2025.8.16.0000,105,4,2026-01-08T11:27:38.190563,ok
1421811,0128716-53.2025.8.16.0000,105,4,2026-01-08T11:27:38.190563,ok
1421812,0005988-38.2024.8.16.0196,105,4,2026-01-08T11:27:38.190563,ok
1421813,0020652-92.2025.8.16.0017,105,4,2026-01-08T11:27:38.190563,ok
1421814,0051884-76.2025.8.16.0000,105,4,2026-01-08T11:27:38.190563,ok
1421815,0000905-62.2023.8.16.0071,105,4,2026-01-08T11:27:38.190563,ok
1421816,0005736-47.2025.8.16.0116,105,4,2026-01-08T11:27:38.190563,ok
1421817,0003473-43.2016.8.16.0153,105,4,2026-01-08T11:27:38.190563,ok
1421818,0081442-93.2025.8.16.0000,105,4,2026-01-08T11:27:38.190563,ok
1421819,0132419-89.2025.8.16.0000,105,4,2026-01-08T11:27:38.190563,ok
1421820,0003365-73.2024.8.16.0075,105,4,2026-01-08T11:27:38.190563,ok
1421821,0104952-38.2025.8.16.0000,105,4,2026-01-08T11:27:38.190563,ok
1421822,0134038-54.2025.8.16.0000,105,4,2026-01-08T11:27:38.190563,ok
1421823,0100549-26.2025.8.16.0000,105,4,2026-01-08T11:27:38.190563,ok
1421824,0032124-41.2025.8.16.0001,105,4,2026-01-08T11:27:38.190563,ok
1421825,0058839-81.2025.8.16.0014,105,4,2026-01-08T11:27:38.190563,ok
1421826,0003160-18.2024.8.16.0019,108,4,2026-01-08T11:27:38.190563,ok
1421827,0005014-70.2017.8.16.0123,108,4,2026-01-08T11:27:38.190563,ok
1421828,0001140-34.2023.8.16.0134,108,4,2026-01-08T11:27:38.190563,ok
1421829,0029186-76.2025.8.16.0000,108,4,2026-01-08T11:27:38.190563,ok
1421830,0002044-57.2020.8.16.0070,108,4,2026-01-08T11:27:38.190563,ok
1421831,0002016-08.2019.8.16.0173,108,4,2026-01-08T11:27:38.190563,ok
1421832,0083879-10.2025.8.16.0000,108,4,2026-01-08T11:27:38.190563,ok
1421833,0008430-28.2021.8.16.0019,108,4,2026-01-08T11:27:38.190563,ok
1421834,0022495-87.2018.8.16.0001,108,4,2026-01-08T11:27:38.190563,ok
1421835,0008802-20.2025.8.16.0024,108,4,2026-01-08T11:27:38.190563,ok
1421836,0074276-02.2024.8.16.0014,108,4,2026-01-08T11:27:38.190563,ok
1421837,0032056-37.2025.8.16.0019,108,4,2026-01-08T11:27:38.190563,ok
1421838,0021135-13.2025.8.16.0021,108,4,2026-01-08T11:27:38.190563,ok
1421839,0003604-55.2024.8.16.0050,108,4,2026-01-08T11:27:38.190563,ok
1421840,0039579-08.2022.8.16.0019,108,4,2026-01-08T11:27:38.190563,ok
1421841,0091500-58.2025.8.16.0000,108,4,2026-01-08T11:27:38.190563,ok
1421842,0011615-46.2023.8.16.0038,108,4,2026-01-08T11:27:38.190563,ok
1421843,0104116-65.2025.8.16.0000,108,4,2026-01-08T11:27:38.190563,ok
1421844,0074595-67.2024.8.16.0014,108,4,2026-01-08T11:27:38.190563,ok
1421845,0107857-16.2025.8.16.0000,108,4,2026-01-08T11:27:38.190563,ok
1421846,0001132-93.2025.8.16.0067,108,4,2026-01-08T11:27:38.190563,ok
1421847,0007540-23.2014.8.16.0185,108,4,2026-01-08T11:27:38.190563,ok
1421848,0002277-49.2022.8.16.0049,108,4,2026-01-08T11:27:38.190563,ok
1421849,0010209-19.2025.8.16.0038,108,4,2026-01-08T11:27:38.190563,ok
1421850,0000589-68.2022.8.16.0076,108,4,2026-01-08T11:27:38.190563,ok
1421851,0012301-09.2021.8.16.0038,108,4,2026-01-08T11:27:38.190563,ok
1421852,0000783-61.2013.8.16.0051,108,4,2026-01-08T11:27:38.190563,ok
1421853,0011393-30.2022.8.16.0033,108,4,2026-01-08T11:27:38.190563,ok
1421854,0015553-95.2024.8.16.0173,108,4,2026-01-08T11:27:38.190563,ok
1421855,0096440-66.2025.8.16.0000,108,4,2026-01-08T11:27:38.190563,ok
1421856,0035478-20.2025.8.16.0019,108,4,2026-01-08T11:27:38.190563,ok
1421857,0002057-44.2025.8.16.0179,108,4,2026-01-08T11:27:38.190563,ok
1421858,0106782-39.2025.8.16.0000,108,4,2026-01-08T11:27:38.190563,ok
1421859,0019370-28.2025.8.16.0014,108,4,2026-01-08T11:27:38.190563,ok
1421860,0096723-89.2025.8.16.0000,108,4,2026-01-08T11:27:38.190563,ok
1421861,0094118-73.2025.8.16.0000,108,4,2026-01-08T11:27:38.190563,ok
1421862,0080265-94.2025.8.16.0000,108,4,2026-01-08T11:27:38.190563,ok
1421863,0085933-46.2025.8.16.0000,108,4,2026-01-08T11:27:38.190563,ok
1421864,0063903-17.2025.8.16.0000,108,4,2026-01-08T11:27:38.190563,ok
1421865,0019100-04.2025.8.16.0014,108,4,2026-01-08T11:27:38.190563,ok
1421866,0054499-94.2025.8.16.0014,108,4,2026-01-08T11:27:38.190563,ok
1421867,0080911-07.2025.8.16.0000,108,4,2026-01-08T11:27:38.190563,ok
1421868,0014216-63.2024.8.16.0014,108,4,2026-01-08T11:27:38.190563,ok
1421869,0108312-78.2025.8.16.0000,108,4,2026-01-08T11:27:38.190563,ok
1421870,0092492-19.2025.8.16.0000,108,4,2026-01-08T11:27:38.190563,ok
1421871,0007300-09.2025.8.16.0004,108,4,2026-01-08T11:27:38.190563,ok
1421872,0086697-24.2024.8.16.0014,108,4,2026-01-08T11:27:38.190563,ok
1421873,0030042-81.2024.8.16.0030,108,4,2026-01-08T11:27:38.190563,ok
1421874,0047354-29.2025.8.16.0000,108,4,2026-01-08T11:27:38.190563,ok
1421875,0055324-72.2024.8.16.0014,108,4,2026-01-08T11:27:38.190563,ok
1421876,0000547-95.2016.8.16.0054,104,4,2026-01-08T11:27:38.190563,ok
1421877,0072464-56.2023.8.16.0014,104,4,2026-01-08T11:27:38.190563,ok
1421878,0007483-57.2022.8.16.0174,104,4,2026-01-08T11:27:38.190563,ok
1421879,0001963-58.2020.8.16.0119,104,4,2026-01-08T11:27:38.190563,ok
1421880,0014747-77.2023.8.16.0017,104,4,2026-01-08T11:27:38.190563,ok
1421881,0001274-60.2024.8.16.0123,104,4,2026-01-08T11:27:38.190563,ok
1421882,0001974-40.1999.8.16.0017,104,4,2026-01-08T11:27:38.190563,ok
1421883,0004200-16.2025.8.16.0014,104,4,2026-01-08T11:27:38.190563,ok
1421884,0046085-52.2025.8.16.0000,104,4,2026-01-08T11:27:38.190563,ok
1421885,0104705-57.2025.8.16.0000,104,4,2026-01-08T11:27:38.190563,ok
1421886,0103002-91.2025.8.16.0000,104,4,2026-01-08T11:27:38.190563,ok
1421887,0022147-59.2024.8.16.0001,104,4,2026-01-08T11:27:38.190563,ok
1421888,0006602-54.2024.8.16.0160,104,4,2026-01-08T11:27:38.190563,ok
1421889,0003770-56.2022.8.16.0083,104,4,2026-01-08T11:27:38.190563,ok
1421890,0102504-92.2025.8.16.0000,104,4,2026-01-08T11:27:38.190563,ok
1421891,0108379-43.2025.8.16.0000,104,4,2026-01-08T11:27:38.190563,ok
1421892,0098271-52.2025.8.16.0000,104,4,2026-01-08T11:27:38.190563,ok
1421893,0012720-81.2024.8.16.0019,104,4,2026-01-08T11:27:38.190563,ok
1421894,0004557-70.2023.8.16.0109,104,4,2026-01-08T11:27:38.190563,ok
1421895,0090678-69.2025.8.16.0000,104,4,2026-01-08T11:27:38.190563,ok
1421896,0004409-24.2025.8.16.0001,104,4,2026-01-08T11:27:38.190563,ok
1421897,0020798-55.2023.8.16.0001,104,4,2026-01-08T11:27:38.190563,ok
1421898,0099505-69.2025.8.16.0000,104,4,2026-01-08T11:27:38.190563,ok
1421899,0097919-94.2025.8.16.0000,104,4,2026-01-08T11:27:38.190563,ok
1421900,0004330-32.2017.8.16.0193,104,4,2026-01-08T11:27:38.190563,ok
1421901,0110718-72.2025.8.16.0000,104,4,2026-01-08T11:27:38.190563,ok
1421902,0035237-66.2022.8.16.0014,104,4,2026-01-08T11:27:38.190563,ok
1421903,0003435-34.2021.8.16.0160,104,4,2026-01-08T11:27:38.190563,ok
1421904,0009295-48.2024.8.16.0083,104,4,2026-01-08T11:27:38.190563,ok
1421905,0112243-89.2025.8.16.0000,104,4,2026-01-08T11:27:38.190563,ok
1421906,0002654-40.2024.8.16.0149,104,4,2026-01-08T11:27:38.190563,ok
1421907,0025574-79.2025.8.16.0017,104,4,2026-01-08T11:27:38.190563,ok
1421908,0005843-61.2018.8.16.0173,104,4,2026-01-08T11:27:38.190563,ok
1421909,0001749-95.2023.8.16.0108,104,4,2026-01-08T11:27:38.190563,ok
1421910,0001155-09.2010.8.16.0150,104,4,2026-01-08T11:27:38.190563,ok
1421911,0028455-24.2024.8.16.0030,104,4,2026-01-08T11:27:38.190563,ok
1421912,0037241-55.2022.8.16.0021,104,4,2026-01-08T11:27:38.190563,ok
1421913,0002795-68.2024.8.16.0049,104,4,2026-01-08T11:27:38.190563,ok
1421914,0103056-57.2025.8.16.0000,104,4,2026-01-08T11:27:38.190563,ok
1421915,0100149-12.2025.8.16.0000,104,4,2026-01-08T11:27:38.190563,ok
1421916,0110287-72.2024.8.16.0000,104,4,2026-01-08T11:27:38.190563,ok
1421917,0015241-29.2025.8.16.0030,104,4,2026-01-08T11:27:38.190563,ok
1421918,0085916-10.2025.8.16.0000,104,4,2026-01-08T11:27:38.190563,ok
1421919,0035537-65.2025.8.16.0000,104,4,2026-01-08T11:27:38.190563,ok
1421920,0098863-96.2025.8.16.0000,104,4,2026-01-08T11:27:38.190563,ok
1421921,0024447-86.2024.8.16.0035,104,4,2026-01-08T11:27:38.190563,ok
1421922,0021227-12.2025.8.16.0014,104,4,2026-01-08T11:27:38.190563,ok
1421923,0103308-60.2025.8.16.0000,104,4,2026-01-08T11:27:38.190563,ok
1421924,0102729-15.2025.8.16.0000,104,4,2026-01-08T11:27:38.190563,ok
1421925,0007336-42.2024.8.16.0083,104,4,2026-01-08T11:27:38.190563,ok
1421926,0010720-86.2019.8.16.0083,109,4,2026-01-08T11:27:38.190563,ok
1421927,0025061-65.2025.8.16.0000,109,4,2026-01-08T11:27:38.190563,ok
1421928,0121205-04.2025.8.16.0000,109,4,2026-01-08T11:27:38.190563,ok
1421929,0098005-65.2025.8.16.0000,109,4,2026-01-08T11:27:38.190563,ok
1421930,0091918-93.2025.8.16.0000,109,4,2026-01-08T11:27:38.190563,ok
1421931,0091904-12.2025.8.16.0000,109,4,2026-01-08T11:27:38.190563,ok
1421932,0031684-94.2025.8.16.0017,109,4,2026-01-08T11:27:38.190563,ok
1421933,0004722-06.2023.8.16.0146,109,4,2026-01-08T11:27:38.190563,ok
1421934,0045150-43.2024.8.16.0001,109,4,2026-01-08T11:27:38.190563,ok
1421935,0010200-51.2024.8.16.0019,109,4,2026-01-08T11:27:38.190563,ok
1421936,0004000-19.2023.8.16.0001,109,4,2026-01-08T11:27:38.190563,ok
1421937,0079209-26.2025.8.16.0000,109,4,2026-01-08T11:27:38.190563,ok
1421938,0095676-80.2025.8.16.0000,109,4,2026-01-08T11:27:38.190563,ok
1421939,0002805-27.2024.8.16.0045,109,4,2026-01-08T11:27:38.190563,ok
1421940,0100917-35.2025.8.16.0000,109,4,2026-01-08T11:27:38.190563,ok
1421941,0103928-72.2025.8.16.0000,109,4,2026-01-08T11:27:38.190563,ok
1421942,0013054-07.2025.8.16.0173,109,4,2026-01-08T11:27:38.190563,ok
1421943,0006967-31.2024.8.16.0024,109,4,2026-01-08T11:27:38.190563,ok
1421944,0015237-94.2022.8.16.0030,109,4,2026-01-08T11:27:38.190563,ok
1421945,0009239-05.2023.8.16.0033,109,4,2026-01-08T11:27:38.190563,ok
1421946,0001100-71.2025.8.16.0202,109,4,2026-01-08T11:27:38.190563,ok
1421947,0000291-91.2024.8.16.0113,109,4,2026-01-08T11:27:38.190563,ok
1421948,0013174-13.2024.8.16.0035,109,4,2026-01-08T11:27:38.190563,ok
1421949,0004914-64.2024.8.16.0190,109,4,2026-01-08T11:27:38.190563,ok
1421950,0006719-71.2023.8.16.0098,109,4,2026-01-08T11:27:38.190563,ok
1421951,0007079-50.2022.8.16.0030,109,4,2026-01-08T11:27:38.190563,ok
1421952,0101157-24.2025.8.16.0000,109,4,2026-01-08T11:27:38.190563,ok
1421953,0076799-92.2025.8.16.0000,109,4,2026-01-08T11:27:38.190563,ok
1421954,0107579-15.2025.8.16.0000,109,4,2026-01-08T11:27:38.190563,ok
1421955,0091822-78.2025.8.16.0000,109,4,2026-01-08T11:27:38.190563,ok
1421956,4001453-71.2025.8.16.0031,109,4,2026-01-08T11:27:38.190563,ok
1421957,0056568-36.2024.8.16.0014,109,4,2026-01-08T11:27:38.190563,ok
1421958,0037465-96.2022.8.16.0019,109,4,2026-01-08T11:27:38.190563,ok
1421959,4000203-61.2025.8.16.0044,109,4,2026-01-08T11:27:38.190563,ok
1421960,0028951-19.2025.8.16.0030,109,4,2026-01-08T11:27:38.190563,ok
1421961,0013556-88.2023.8.16.0019,109,4,2026-01-08T11:27:38.190563,ok
1421962,4004652-35.2025.8.16.4321,109,4,2026-01-08T11:27:38.190563,ok
1421963,0105413-10.2025.8.16.0000,109,4,2026-01-08T11:27:38.190563,ok
1421964,0002328-48.2024.8.16.0095,109,4,2026-01-08T11:27:38.190563,ok
1421965,0019133-28.2025.8.16.0035,109,4,2026-01-08T11:27:38.190563,ok
1421966,0000862-78.2024.8.16.0043,109,4,2026-01-08T11:27:38.190563,ok
1421967,0006572-78.2016.8.16.0037,109,4,2026-01-08T11:27:38.190563,ok
1421968,0001304-67.2018.8.16.0168,109,4,2026-01-08T11:27:38.190563,ok
1421969,0031777-08.2025.8.16.0001,109,4,2026-01-08T11:27:38.190563,ok
1421970,0099097-78.2025.8.16.0000,109,4,2026-01-08T11:27:38.190563,ok
1421971,0002262-10.2024.8.16.0179,109,4,2026-01-08T11:27:38.190563,ok
1421972,0000828-32.2024.8.16.0196,109,4,2026-01-08T11:27:38.190563,ok
1421973,0016958-30.2025.8.16.0013,109,4,2026-01-08T11:27:38.190563,ok
1421974,0138800-16.2025.8.16.0000,109,4,2026-01-08T11:27:38.190563,ok
1421975,0065112-21.2025.8.16.0000,109,4,2026-01-08T11:27:38.190563,ok
1421976,0077853-93.2025.8.16.0000,107,4,2026-01-08T11:27:38.190563,ok
1421977,0010319-57.2025.8.16.0025,107,4,2026-01-08T11:27:38.190563,ok
1421978,0026236-43.2025.8.16.0017,107,4,2026-01-08T11:27:38.190563,ok
1421979,0091121-20.2025.8.16.0000,107,4,2026-01-08T11:27:38.190563,ok
1421980,0104440-55.2025.8.16.0000,107,4,2026-01-08T11:27:38.190563,ok
1421981,0065654-39.2025.8.16.0000,107,4,2026-01-08T11:27:38.190563,ok
1421982,0093883-09.2025.8.16.0000,107,4,2026-01-08T11:27:38.190563,ok
1421983,0095783-27.2025.8.16.0000,107,4,2026-01-08T11:27:38.190563,ok
1421984,0002631-08.2025.8.16.0134,107,4,2026-01-08T11:27:38.190563,ok
1421985,0004767-91.2021.8.16.0077,107,4,2026-01-08T11:27:38.190563,ok
1421986,0015324-96.2025.8.16.0013,107,4,2026-01-08T11:27:38.190563,ok
1421987,0009235-96.2024.8.16.0173,107,4,2026-01-08T11:27:38.190563,ok
1421988,4001487-46.2025.8.16.0031,107,4,2026-01-08T11:27:38.190563,ok
1421989,0085515-11.2025.8.16.0000,107,4,2026-01-08T11:27:38.190563,ok
1421990,0114719-03.2025.8.16.0000,107,4,2026-01-08T11:27:38.190563,ok
1421991,0136553-62.2025.8.16.0000,107,4,2026-01-08T11:27:38.190563,ok
1421992,0009552-95.2025.8.16.0129,107,4,2026-01-08T11:27:38.190563,ok
1421993,0000474-08.2024.8.16.0131,107,4,2026-01-08T11:27:38.190563,ok
1421994,0076893-40.2025.8.16.0000,107,4,2026-01-08T11:27:38.190563,ok
1421995,0020724-64.2024.8.16.0001,107,4,2026-01-08T11:27:38.190563,ok
1421996,0023009-10.2023.8.16.0019,107,4,2026-01-08T11:27:38.190563,ok
1421997,0010778-77.2025.8.16.0019,107,4,2026-01-08T11:27:38.190563,ok
1421998,0073002-03.2024.8.16.0014,107,4,2026-01-08T11:27:38.190563,ok
