hash,id_processo
a0a092a48f7097de974bbbd30359a9a31aee43a4ab1e912e24b586d325eef014,1
abbbe042b48ab9138fea30057fd1c090c99c7337740ab5fe2e30713673e23313,2
a06b6477b35083139fff5a07766253ee2c91192f819f70788af2f0eef648fb2e,3
117085164bcf75cf948c9e47a9dc644a7a227e3a249187b0bffdd901842c106f,4
807ef0807d283a0ca2819e380e09b540fab21ac459f2f6929890aa6e4d880f43,5
0f0b0a45a88f70b7097908147cadf2582d0f172fa07d188b856a569b52cd1ddc,6
bd19a472d4afec1ef802a883e52749169f3e4cf6e298700dd891d5417d7f6ef0,7
cf29890cd5d01c046241aeb5645f9e69bb2102899d144ff4ae11007549385dfa,8
8921be54925d59e086f582e9291d30281112f560069ca215604c9f8bedb7950d,9
ad7cb63ee472e03250214c8d221fa4b4c20f69937c8666ad8f050742bb64a912,10
07a08ccbb23f534fdcd33d68295b35d980d94b00a3fe56aea4f4a51e84a66f7d,11
2453505b90f9d9e81d79e27898f07c4d0254e0ccf05e4601d1b2d805ac725488,12
79277a5ff933397a8338eac74f4cca265775158d11784bf2e22037bd43af0263,13
b79359aa9401655560ef234cf4244105cbdc484d5f3c0dc849c32f3c9d4fd8d2,14
0b25c3e7cd3bcdeb78f85a499694ea8d71d540b9a0d5f56eb5a81e1ffabad38b,15
8c06ffbf94194c71f7d76a970c943a7fdd27493424838433738e924993075494,16
9d262221d50341aab7028050a66f453030ab76747899dea615301a94a6f94413,17
5385c82a3fa489681dde5ae67bf24025fb04743e3f4c44ddc1f29a1856ccf586,18
64001ebb5b7aa2c96142e8f4ffa876659ddecb694af1729abba8403a4dacb12c,19
bb3e8199bdb80dc1649ca20d673e0952033daad4ccba5e90f2551b52907720f2,20
b82708b7944058f133bea1bb5622218d89c20289f6d212f07bc03854882c5b72,21
ddbbdfd53d4ca8b443892f7f9a8c87e8b8c884f5bd5cf7339b3edffd5748cfcc,22
7f577bbe739077ca14aa09b8b603153fab8735aec2f6a91673755ac2282ce385,23
46d0ebd8182b1cf31ea407f1d134ba79eb2fec7cb8d4bd7cac9d899d820f65b9,24
70efdce52b34be76a740fe5e452de876601091e876a76d1a11f9ace2dfa8bc18,25
6b3820579ed01e3b093fd7044912df8d2de54793e42af250bd3d537a4b96e111,26
ad9c353932c3e6e0df70f17e46f11de0dfebdf2bb1567afedc10f9b089f07cc5,27
9461d179977e4b743c8a774e93fc3d63670739c284ba119944d08b0f33477c6b,28
3d9422b5868f9cc26adac7606d862752184a910419856e5e3f18a881d8978156,29
0ee2d9bc6960bf3a285dea062be124b76674d648931f76e28538712189cc1c4e,30
daf64c0ee18d828645d8b094e3f24292b64480a02dcb520893acb47067ffabb7,31
93881d3c25b5f453ba3fc51a5996b221196c940c7af65ad0598408f17a4b5f75,32
7d3635f3c36c791297b75882467c2630f3ca31120df75c52cc2af4a16effe7ba,33
727b30253965fb3ae8816c0787f1a55328339f9a69c26a795bbe1598f0c784a9,34
3b80239eae7425be123c2cba8a8f9c4801767317233b933fc7c9adb6ea80e754,35
064db6a2b50e07d39046916862ced60dbca077a41a38efed4494fb7a21697a9d,36
dce01bd18c242dbc99298a0e1fa9afcf506a976637a244d276a03b259e822998,37
6f78e84b4d79f5b73c7e58e2db7e8aea322007f25fb3bd0fbabd947d6690ee5f,38
bd24d9c548d7f7ef56664f282c3c5700fcc0ce289e869deb75b15e36b89fb71c,39
e662e70f11d2da6392ad587ec3070e3dba06beb05c4526b20358f3717eb90c5b,40
fd8135277c5965c360a7b47f018df1917c4085b44a1eabe037124aa6b3228934,41
71272da6e8b0c3c9cd2d911f655b0b7dcec68ae48e0983ca9128fd64056e01ba,42
b2d293d7a639d7ed2c20c5b1a7d2fbc44d8f2123e7e4e6310a0472fd9e1fd010,43
8f19b426b9b25e86479d597393e79db49a3e2eeee45056c05cb3dab1ad0b83fa,44
ec2f9d9266b72fb30a0fae8b8fd1500435a97226b02528f71cf194fb149b80da,45
8c73336b6d7659f1922b46505a4ab15722e1f3b042ad54684b6ed7f06b35e062,46
b0d3abddb049fac079e0d96d187b0559be757c320cb80671180a004a7c5698fc,47
298b16b0a45db1dd18b594f6d5419fa81f3e7604cf835d1a39a25b0614838678,48
e1f38c65b1ad1430141beb139c00aeefcb33b14687f7010ad023870880851c9b,49
51e3edb82e1eedaa14204c1e8061dc5c1f322b8d39cc6c307c6cb33180ffc99f,50
8e55cdfff1f0fe9523a00c8ccace4c0b94c9fcdd9f7c43def3a3f08c4300951a,51
6ff619f1bab3fbceb6191a341b05e7bf62ac75c05cdc7229f0e7630c82618cc9,52
ba3e7d9f222161fd0a15d6c849bd6c9109d8cc0f9a9bfd00514c1fabaeee0f4c,53
c08a902e9466ded413ab7fc689ce372505cc6bfce7b5385a75476a8ade1e29b6,54
2561a59361442c0af335051092ea281a303508d099469d542af91bbc31be2cfd,55
f7d29029551fa09e70beb06f5e0cf536a181347d7e16726b3c16b85efdfca5f8,56
47e34ccc11e540683db2ae9803e03531227c700123c436cfa35d593bdf65a163,57
1391f21f47d4ae5bbede06e0b6862fb52709fac34bb776b5759925b52a9dca08,58
91a548edca4f45986be916ea5e5304c42653daf5db7642b2535f38be4d4e74a5,59
14a4870b9fa08d972135383c93f0c3f41eadcd030a05d7fe4573e408333a61b7,60
b689d436b4e9e0fd56cc430dc44d595fedb3eefa934fce8ce9e641ab8d11fcfe,61
e6b752564f0abaddddd9f8c03e2d0835140c70d00495e53b146b38436ed175ab,62
bab0bb02ac6ab847e22e05cfe1830349f3fd5d8a14ec1f3ce52b40e7f57476f4,63
35183b103818ea3e90a009fd876a22461cf55da96f96ccbcd12f4a7d87399b61,64
8195f89c7c874d824a92d89baa8c021ae606b65ed94ceaea77f00cf656584ff0,65
8633314200fba768610407ae4a37dd6103143c7e791565a76c574281b2c009cb,66
4013c16d8c4c04519b698e61b0ddcb8a730847929e9d04e2bbcf019f6f5a5cbb,67
e7fb3ab00716781d25c2343347e9b0c6becda1b2d3b8982fba26182be55bb637,68
a6c03d96989304ff9280ec2a8746b82698bc9860783ef7ae4f87aa9a8d04201b,69
0d0c9aa6823ce6d01a769d1a2450a680cbc7b668c431d98fc74cb8206bdfdee9,70
75b0463f1f4edc4be43d1bb5dbc55ebceceace97e31069af5836e6ceebae4160,71
6698d887d7ccc78b7366c309925d9c047be8ff6eb57669e8380cc2ca4ba7e1dc,72
53683cb267f4a479d6b5c7ecd82e53202f3a3f2b4a43c4c003e4c3755a3a0d5e,73
d99953c3ce54c925ad2ddddc09504f3a10d7ce8ad1436eee033deef44ff00621,74
6c12540fa14e887f52cb83c0242bc7b22eb7425da3b23c5f3394c324b3651d1f,75
8b582202be836f43e52fc696a4982419ca201fc4a958add76c457362196150d9,76
f92024876cd6f4b9ecbb7e572b85e6f2b1a155b276c15cf288235c8a16c57569,77
d13dfc68f02f650febbb27d43f604ce80f0dc8bb3dfd2cb8b0fd4e7fc44b89fa,78
9bc3f959a951a4bb2b564518034ff5e13fa69a507fa7a844464a060ad36240a3,79
f20a60dfcd17436e833fc8044e13262e503985ecf641bc863f26a1ded90ac78a,80
be81522a5444006969c1a1a47f65d879e908d269d3a2021d9d21e57c9d9193ca,81
edc03131dff761d1d12cd2e5fc9261ce2cc8463e6b60cf31a1441158e6e74ca6,82
ec1ea16e40a0f8bf7e994a0b435b8ffe87fffc114c33c75d5a25c4bce06ccbfe,83
99cc3ec0077b350ea0ee16ff277f362524dea1001e422a388b529e0fda7fead6,84
e455ef302f053307d480fb51b391a7662a91634eb56f4f7d32ad5c46bf9bb804,85
7d418c478e83c58f00e375058a0089ceaf7d2b5e5566f54d14dc1253a5c501c4,86
35862867c9556177b1bfd60a820098f8e10cdaadb3791f8ad1f77e556401de7e,87
f737ba4e3debebb943ae21e4e906ab1885de5e617d082ef54e427d3c994bbcc1,88
f1bfbcf3fbe0f16a626453b6b11e1efbee2ced5e415fcaa0451fb84bd5f605e6,89
d8bc2672692c9aa5ec11b914df09054eba059d4bfa63ee652632095e68243bba,90
37a5036ff2b1bc0012903609900db416e9d7d47c5ea4f4e4d5b119936d6c558f,91
d6c6d43f0ce09ee65037947a25588650d270879d96967d7a0c0739f37f7fc5f2,92
9533c19ce86eec42ebe853ec340b07b37f907dded93badf7279c5d4b65e20d89,93
bd41950761a1f6e9066b4b4ac881f6f5cffef3dfdf9578d564179262f9d61f68,94
9ef95d90aabcd054621479f0f9439fd7305829b5b2d5c5ca72ae90a440167353,95
00653ca0deb99ab5fed2119251b8c192d1133f1503d68bbec417dbcae3f04276,96
4b5d4236dd740efa1ff1e5111682b7d2f21b90d32af1da49323ecdb807cbf1db,97
98ed10f01b242290b7d5119211df6c32db9084e46f1f4dd81fc72aab27efc39a,98
661fff82d50db8e79d54fd126719bada58cd29229906ce8c3ed847712544d505,99
3a8bbc09adb0ff9850904f23fa59dabe79d63dc5c04404b0473196828c871c91,100
38c4dad40acf66b96135bca83ea2c0e4064dc640713feb15528218919011042a,101
06c2a30cb7fd803a156414722e4217d8f27f36a6a5b671b6038b41617c28fc39,102
454582502fd96ed8d757a939371a3dc915a128f0873c94cb939efc1b9956b777,103
7fafb17b1ad20479f01a330ff442aedac902d3fb837a43ef6f638cbf5af101d5,104
d0b00406785677ae4dedeb47c5b9aca56adde12c75c8526ba91595493f8c03ec,105
cdd2b56350ce910a53f5c5461fb4931ae27dbec59d16efa626c3d759b079de73,106
0336255f4dd7fa5e69821f371f40fa20c38b698792712f85f8f2dbcb1df0dac6,107
db23e092b73cb7ee13a249de67cb44964bd336e15df0dca9ba901fa60cfafa04,108
0534a8162a4a12ae74cb5310edca7b159324f42302dcc393bcec375299e71e35,109
6e212220be1cbac373170f4e0f80e91a173437406919aa80cb26b3bc1cb88d83,110
570e9e3f124a07e0c07d84f4a1a2439cde07710bc932f5cfd82a5f9068358887,111
f01062a7238ae8965dae343a9ec5a5246e79784fc63461b1bc0e0cd889345b31,112
37fe093f285074707cd7b000682d6558db15f5a9e639c5d507379f7b75dd7380,113
681c98ec32b2c328a548e7d85bb1a7c8ff0a19d3af0ea102549d6232dc9e2c74,114
4367a0751d8f406c317af71dcd42a8e98d4cc0a13c8e4fa5781e4b444b590e1c,115
19a205a7b7ebc7e7fdc3db5cd1b515463b05581a261da6a8f54bb8b4fee8ceac,116
2b9c6e27a900ec22b5d18380abe0efd43bc4f090cda3ac99d45dc6bcee3fafaf,117
bd46a1138ca82aa52b7d7a130398ba3881a07b00965f6baf8b4e726104649d52,118
8bd09a51fc8d26162480206348c8daa8777f333d6c8eb176c9a5a2fb02dec362,119
f8f17961a33fc081dbef73a0f6198c7908a6183f02006629e712cd8d6ccf5101,120
4bc8657ebf652b505b1acbdf98b68b06353b302519acb2a9771d52a654c2785f,121
1eab416d73199f80f0d92905be76bae7c822c3b5a4795159451e6f2fe3074b5c,122
88724bc09aa84558dd5b6cfff117d83ccdf3c4c78ceae5892850c2b0632fdc16,123
67208a1166b4a9e1538713b7bdd90570ed65d8a5ee243ec0b570b59d06455aac,124
88ff86f92e13db26eb2a2122b257ae2ca9710e4fa0f7eeb2aeda0edc2ce29496,125
8d2f9e1253a12e8882a42c21b28c4099a56e5d325172367c66d862de19f283f5,126
829e142335feba5dc90c70bdf95f53f582c60cff4137af8fd97467df149bc628,127
5ffb1a00aef946d987f6c269027f9fe253bfb1b440b80e9bb9f3d786620212fb,128
c9a67e62bd6a3cf5fc71e4e04d550b217928360b8fe08161e123429802d73815,129
7ad9df90bf47e131a7b004b5b1168427ed449ac17db655ec1679801267cde979,130
efc6a05a8ec75bca457be96cde46bafb19a51efc9ae378667361f5f691f4946d,131
2d143519197c7fd76acd1d6fe2dfd064b926f8cb197cb9e43e0737886dc5708f,132
f96e4d9bdd41297d41a4de1c57235e75063f68c8a2d26580ee399ddca9f29e6f,133
a25abad595eff3c374bb8eba6496a3266a131464d9d48834657d4ef5d27c1fa1,134
44d08be99625d0aeff997c43cf84e83046fb38e628e749f4c136a6140c908ac3,135
311e3c59747783d082d90dbc80f5ad52722cf423179ac0f378fb1c3202a25a27,136
be791520d6d35e42edaaef7bb0dd663d501649eb6f6ff89ee7d0c818476c748a,137
efada9831b15826f40055fa45865341b67e5b027e3a4619c62d976756d77fff8,138
6113b12325d3e60048c803e263071f8b47683082937b924397f758437ea44281,139
fec0cc374de4a80c8073e01d931ac93facb575ee13759cfb6dc8ca145130f63d,140
98b913bed3e893a97174afa97c802fee635964e98bfbb9965fc1e046876310d7,141
84e833522a664e21c2b90d7996c4a06c4794f9cba40cf09054eb6ec18a939d51,142
1dacae8efdecbd159fc64e108145555521dbbf8e17ed9398b9eadd070f47ae77,143
d0f1d3576d9d02f7bb15a97ee1c18b31a698de3a02d4e38fe4854ccd52fcf42c,144
5f6b2b46b3ce30b516291f4655a67edf67c934ffe7d6a9b91a74873a5b1b98aa,145
8e72a29497beabdc7f0fb415f00cfdbd74bd9422a6f9d58b92425e26dcb08750,146
93eeb973ff92ef7236cdabc8c238d632cf7043b66ac08e609735ff3a60255a4c,147
a2763a94dc7beaeeaf07becc094d4b0837060b4aed85d11a2d72a73ed4183782,148
74dad0967c389dc965c17ab5a2d78a76808f49fb680d6e2e707b313337d5bb83,149
c5cf4b1dd212cb74d87685a8ee6cfa98e59092f58e5d8f2c8304ca43b5c8f347,150
868d91af71b984584ed91cb82696d9811e63f5632495bb146ab707fc22a89d97,151
1c625e481e96c62f72a5d440ccdacf3fc0c7d82e479aa270c3b6e6dc3d9895df,152
20c6ccb92dd8af024723b8b21fa893cba6cffdda7ac04ab8f512dc108404e6bf,153
3fef111cd9d2e3fdacc1bfb09d8afdaadee6a3c7969067448237f92a476ed471,154
44dc2667949ec18ac1f562bda1d853d27bc6de30d0af082ae6db1fbda1b21524,155
5199ec7c637c51f148b7784aa116f7cb415958f794ae3e94dc84b437d01b277c,156
05e21cf11b1c16152b928d27f6dc6c05cadd7a9b31eb94a4677fac49f842f41c,157
a5fc83b33f80b89d52f2e12facfe9a37a19eb126f766051ef1391c3ebbd761f2,158
c042e633aae0168fbc18cb429f8eba5ca95d1476ce50debf6ebae10fffb04d96,159
b83574f6469781805f128cf5034be63f516393f8cf71db5b41398d69d7e92259,160
7ba626b1e9f90a85f2b3b8bb8ac8e87b7d1b3a1086e872d0a480027dd3c8da3f,161
6d7f0ed85d2d12ef1dc913885e40d88c1f95dcee295159f1643b624411511384,162
afdf198290bd77fbc8d54ed804ba9b272ee205729da6a8b4dd78e2cf1c811b2a,163
d481ac2c7b8ba53060395659d5a8cae59bf13285f9430c1f9f3a92a29baf901c,164
5f7317ee9cf9db1bbe333d22ee7c2597de4c77de31dcacbf9065c245b43db4f3,165
901b6b1e6673ab5d6ac31649a92cdab81ced9566cc5de8df07364fda96e611e7,166
2b3668f9e2fda67da1bf755cacd97a612c5e63264338a0eaafaa07fa5ab83d63,167
6d9419afe9af33d68f8012bb374f142a450cdf2f948f495051568e3164fc323d,168
2aa77bf4c77b60f55cbc2e5bd0eb69c398223f3578e4bfcbdd4c349d95efe671,169
816f8bc0905b452a6ec7c3cc925a3248b5a406c4d911e2704ce364e866f53136,170
5c4bf9735d47cb9b6ac41e87a6ecbe2588230aed384df0e836b93cd734c3f1df,171
800721e53631d2d324ca1da0bbec0fbeef160ceb6c7fd48e4a2947f9e5ef189a,172
955d493db56910244e8f8f2ff517f74a82a702b9fbf7f7e5ae78505e54fe07ab,173
3329efda0744f961c3c2cd9150570729bb0b2478d683427061a735bc359c17f3,174
37ea5473700e895724d7b5e7183f77f4cdd7d4e600632610c3582b0d8fcd28f4,175
a49fb57b1ccd75481cff4a3b4a52e78c479bb4db0e20c70143ac6f1a2c864a09,176
532405a0697c2e74c31c1b65a47d5c66aa30cf757be0baca79266360a0c19526,177
e98d60cbc4b222a3082565d6db20c712ad60d7188d92d10800adb41fbf57569e,178
d58d472e018c18a0dc108d438f109684319bfe2c6b992a46e30f44d24baf9b83,179
710c73da9bf3c9b9dc0c15cd819bc4f5567a3cdef7bf869f9d2ee61e0049a894,180
191b44e3c9e593ed7ecc05b759c611b159ce9bcedecad3a29df57cedd28b28f9,181
80739de1c59eba92d243780bf899bc0348c8652f56a47dc94437267291901839,182
399b2788ba7b9bf2b7db3b1add7810e80c0f194b83e33fac605c2881eff72101,183
d19ed51719be81eda472753b97f55cb2f7c81458410bc78a44a7806a4641256c,184
16aeef9343124c0c585d4f98b469b53365bc6d9379c4f5c894fcd3af05365219,185
5063f85d279a18d4f52eec178c488693ec481b2c69c9cf40639f599127624c2e,186
f10f50e9811eb603337f05d9bef844cea29efd3f5a41773ca6433d074aea75a5,187
e8f30aaef5695742269da8be195775cdfb5d2e7765f8d07fa0e41ecf042b100f,188
377e14105368595efab4d872f0df0662fce658c06cfe6e3aad9cb41e4caa24c3,189
7ecf47d2f2e3d2b04a6b39c991a94fc1b2a38fd07a49352d9449da4f3ed8b5e9,190
90abf3ad4d683e0b068fd2860cb7b687ac2d1b45ddd64b3249fb9d4ed6792c25,191
50f227ade6bc4574c9862523017d447ab211787c9abd076be50b2c9bd8bb718f,192
6f4e7337fb94d7242aa08e164a516932efe18e70cff28eb8e9ddfa97cf6a7a60,193
44ba5553635691d54aad60ac92a95173dcac06b5b243a4beb3ac0fdb2e1db38c,194
8f4397596c69263fb4eaf0d1bb0bd14076e9e6eb723932d859c16dc8cee6696f,195
84394a211da360540b30291a06e1cbfefeb37850f50b78ea614c1e0dfba51c1f,196
afd991e794846e0f7f43b91ea04ee988551bb3271de5ab6a2ca2bb1b341fc7f8,197
158a6f74442609669e7016650bff9f747f01873a45e8cdf8de9b98f94bcaf604,198
e9ac0007c2368c0fa2b9cdd34c92dd407589872d210cc3d2b7a0505420c6da45,199
23df237b390718397ef99a4e15307001e784758a0491a032220bf030b2adefc1,200
15fe8c425d8b6558f702d31d35667faa2b102cc6732f91cd93b474b75500af50,201
ab7986b63e13f06bb7176c51a5e83d0444833a175d163ddc24ecd255ff84afd9,202
e7e59712c8596e7f4966c2ccfee9f3d2b39734ce03ded960bf71d3d17dd4fff2,203
45ba0451b4446a838cc83c419ab5f6b50057204f274419c082fef9b9f273bcce,204
495fdf6532f95d36360edeb344d8d80a8c2f2b8a748bf168ef4a5c7221b343db,205
58729c147877cbdb2bd055ebbf3618f12f35a83320456ad44b2c6dd10836366b,206
06183c9a3758e140a4c9920fb65822368275c3787358a40e9d2a45010fa78642,207
ca6e39f2ffaca99e729eebc42ce6e88835539abb21f01b91efbebeb40ac5f898,208
eb886ca67df3818e87770264a530e758620f8b68d6644471e1794c85f92fb90c,209
67e41d392367a1289c995ca8273c87b5d853d27600bc3d03fbc5b946758baa2d,210
f13778a8e3d94102105f60fbdf20d6e6c0395b7c7294f56c138d82353689dbf8,211
2256ae19d91dcbd80137a1364bf537cb97f505af1855a52ccbd077a8360b20fe,212
8954ee35d451475c321430abb5a5590729a6817974f75e4fb9d2c216f5b1d8b9,213
9a2c4d4e50c186f48e645118467004e9fdf5e019980663f68af500181ebf0dfb,214
c9ba6357df9e4756248c11b72809062770c22fede46378c04518bab3b71fcaf8,215
745ad5f8d4f02238ecbde37b6de7eb406f90ca4406fc727125b5cd7213ef6f53,216
cffd2847f9af738bbfa33e214bb51e4fb51de9b58cdf85f0d04b68f5e3d6231b,217
ee825ca7ce35135a3ce785219d141d000bcb8691100e909945b0962178541770,218
103a0586ee4fea4f1c46b20e851fbb6f1195c89a268f11a0d545888046d3e7c9,219
08debd5e7dcfcc63dbd50539d610e08cc21064b523b8ac8daf96397d67a3a64f,220
3614d6099297b8770dc0c0347c89d1dcdff3885156a5674a683813fbe8f7b92c,221
edc6385fd91a95e4a495ca09685cf7b693450294b6afed64f7e9d45281329e72,222
ab52ebe0b8c8251c12f36d8a79bf481bf706ff8f856ff1b1037e3f38def81558,223
2a58f86c1a2d7950bf5fb6f6a012baab92cb15ae63278a0b43e4bbf91ba8e5d3,224
1d5a691e0ea30c0c313f2ced9c0c35d6c57b0471dbb44dca8631d45af1a0aa23,225
e821361181bb3fa688869602570603b98decf823200dba3711600f3677668866,226
5ab3bc675405b19654b71a3ccb022eed7d0dad5a9459c25a9d14bbb538acb5ef,227
a9bfd7a7a49ec4eb35c5e55e4fdc7ce849218f4c266dceb770c0bebbf41ba282,228
49dbbe0cd880789f271ed5f33c7e2f94baca4006c53f278d3b2d5bfd7542201f,229
38b5296a109074bc49c3c47ae00c2c9d61e06340dd8882c04e449228a79a8c7f,230
18434c5a487045a86a891d018151ba60e24dfbb0f10434d8f6ad99e99e70efd4,231
1de136eca5e132fdab424e2f144db0070d5bf0a0b83ba427537de17fd60c685f,232
fe00483324b02c218796625c48050c0bb03b2317acb63a77c60dc00b7927d1c8,233
b386956334595a3395ec0b0478c7cf610a15ab4a595eaf539161c34755e292e5,234
d7b4d876ddeeb6c441c78d7f46a095946b717a3f32358eddbc876e59f808126b,235
e32dd899da04beba4ecbe1f24d32f85a88e6c36847fd94f29ac96d1a6d526872,236
88dd4e896c5f213e53675fc992d2c0dbb327b9798d69d91a9b95cc4aacb5f5d8,237
962427135cecdecc3f466bd370491ff8eb6d9725d1de36308b23d08a0805fc18,238
dc94aab9c5fc77032e718b460cbef9b9994ab50cd8e55431e0e7b4a2cd3de485,239
2839336ab5cc5737226f0d7d8c6d5f17830bbc6e7ed8b714bf7104df3cb5653a,240
653baf32f6c1785164a4754a2a5a17c7f2074be575cd75d12dc20f7298a01fa5,241
d1d748f835a864b4e94382dffabe5401e53c4dcf87b757600be2266513160e62,242
0daa5a268c90eb316a1fc03e6ca08afefa9a5606785b8c3c09c29b0550a1848d,243
166e09d8a8cd472a75a992309b3f4b918efa5e2140ef21de0f6b63d7b6b24f78,244
55494e46163893da4ff5068310b22ee96a131e02cda3dae3f5c2e5536d0fe63d,245
d2e9e7d17676297f9f06d11a4cd683e6b9056068155580051cc37d505536fb6d,246
ebbdae77b2301a93c431a975a370ddbe5c8ce56119ee4acfe4735feae6c3158d,247
4234424f23afd27ce15af2f59f573fbf098e032b72d404476c7da296e73cb61d,248
ee9525fcccf57504c9ef4dca9c63c90d347ca75164a4fdc34018eda6bdc6e66d,249
9edfb30cd33ada83174904587a5c10e38b6b6e6088f0fc2d12e60fa47aa52056,250
8affc3193febaea72fea9108dc9647cec6f44c2a4193423ce0be6e3fbb942dde,251
ae9f5b5e42a13aa0313cb22792178fc4926bcc3e1017fc0b8c72ae435bdf1c6c,252
b9eb8d910870b987204e65c4c684f58df6c78b97f84194a939976fb429f0ec5f,253
20f27eaef8a34189f3b0b8e2dcb8529690e7ad4ed4943028125e979525e27ab5,254
00c8f2e59defefc0bd0feade18f5b758e1493bd380054024b069aba050c1f3c5,255
9f35cf5afb545adef7a5ffa7bf3b319a4f05978ff1638732058d7761c0595cce,256
255265498d41b029b28e8636bcbde381fe8d779921e97ff4dbe88491ebdc7eda,257
368ae8523c5ed827e55ab95d29696343cb59203d370e9b52a4e4418bdb66a577,258
a6780c99eb4c08f4239c92e2da4bfe8ef0c26267553bf34d01f456373004d555,259
86469d099c1fb653658639bd232ca258fe84895cabf8cf29065b64824390456d,260
729c552c4276e7b889844645b4c8db98da50547638db6a409210bea8f3348f00,261
16ee88a07b43e6ebac80b170b785409f13f3e61856a59fc202f9875355fc3bec,262
a7f32baf01182d94a089b437dd5f4373840bad31ef050b34a8266a829197271f,263
df0d23399c9018a946a5ef9675651e5582a508d90b5dce24fb418f264327f92c,264
b85c94f75c58e9002bd6dc54510dff26cb350f8e319d602ce73d6d3e366f94c2,265
eaf44a8c03c9b97e348be724b8dd04de70b9284a28ad7c2facc2ed6bb2d903c6,266
604ab56e517a1efb2eda50adf887bce9e9926a87cad8d7d73b930a2854fa8b2d,267
757ee8cc31ec6614c4d6a97455d4306e9a71f6ad72fad4f88af7bdea02974b88,268
2642bc8b40e11504753b10906ed5b01c05646fecff74b098ed93c634c2e280a9,269
dd148ecdafb268cc3b5a47bb069ef60bd354ae24056e5009f7e03170294f0a01,270
d855c6b596e5c368315a44dfd4dcd2b9fba62b63ce60c58e52bc03ba15568b73,271
81866214640213432549c143c7ef3947e493b49eda4a61652defc91ca0111876,272
3c8f3a240c840eaec811e6870a6b55fbdef043145cb8f0240088669dfdd41b82,273
3384e953b013375b6865e1c2258d8db96d32ea944decc05ca3046f2dee77afbf,274
38553425259035846e51e26dd98bd061bfb8364d4ee89729ec9743ad9115517a,275
733848efa2c0fadce9e8d2947769231170b34212f51382f0394ba55b3749566a,276
9f77c2800f7e097132d86e6f94a06945aab2a6a46aab596fa6964cb926d1bc82,277
e23b50d6be7d7c945e3d6b6d3f023b800e34907fd5c9487ff42cb55e6654391b,278
4b4db594d985db2c45f900bc82f88c42da9761d424c5a0ba97904b77a1f4edc6,279
6926ae64d6ce0da2927cfbea8305fc946de566ad625f93872d1db5204e6665cb,280
61bce0ec916ad6ab334774fbbda4c0ed0e28ec531cc1d91a682fa5211c46133b,281
7fc98c80965ca40a3e9343022887ff9c5380b07a6d7dcc41a1c422bce66798d5,282
9c700e074d4be0d0cbe46ecd642cbc794097d010f126922a2ef345b0feefe7ae,283
565a5d97e87e85e7f8f374189626c4bf02c151b603824b5ccd2a72272495ea94,284
7ea4af6a9044418884c6f993b951eade811b29b817d1eb11652aa91aa6e37fec,285
a59770100786a7a390f9252e0fb788a141810c7fe04d1fbe6307166dd914ca78,286
2c63e85bc3a9c482f8f2be909853a65dcd9e66561b49a94800963c0ccd221e49,287
9829bb2778d6c31ba2b8de96730a5f30043838769121ebe459fa04e43e38c6ae,288
c0e844fcdc3af26fa2ba7b9652df010aab6e9d9e17fb2c68ec3b9878e51e5f74,289
d7c1083e7c09d2c6596148904e442d50ff749debc18968e318d62c3ab8b890f0,290
fd301046fd23f96bb9b24a2f2f530763664d57f9edeb127081a2c2d81739263c,291
3f1e043e2726a2655324c5b10a3e0fd0cbed56ff0febf57f5f0e3e795b96d564,292
c3c59826266ed2ff274356f3b1b592e34bdf1a4a10aaef57beb041e9b8a72c7b,293
0b1758a77c04b6e9e2ce88f31311a0ecf863fda16c7996762f24843a9fe508c0,294
d2f8f024135e2e218fa19e63a32dc1380317156fd1f9a6204f9ef1582e876d0f,295
a1dc4c69bad8972cb85dc60cb75b3b6a7bf26b17cec4c57e565e0cb12413783c,296
59e04e49c3fc2c66aa344375bbcce9bd47d62d1e145e83cd67757d637bc1251c,297
4ee7a44c5a873813b5a48e62a8d820f941688927363004d075b414570a8aaad3,298
7cb06839c14167fa169ebf9b000845e6d02741a5ebf36053b336a89ec72b3376,299
8d64b1bf76475569434edb7bb919fa795240f37de695af46ce5b0b3336b6c4ac,300
4e40f18e95078576d8838b5d76105ef86e89c43cb65936db118de104902e01a9,301
153465c941faf68a1e22518ca975b2352dccc16cd1c2297b745ac67ba8f4c66d,302
22ddb6bc89db64aa3a302bc5817d51910886c1ae4327e3c9118221d02efad34c,303
b6925d02df7e4debc9ef041fab1b9f0eef2beeb0a059c32a4d45280984afd5ae,304
103f8563775ca6e8edf9bbadf4e746a33748c88b1e8ebdea4c47deb959313275,305
8eb5b0eb98e9256de4e86112ff6718fe39b604eacb014de887a8c781d8277fd3,306
da06656cbe990240037ea5120fa833cf4051184c7eb783c06654bfd57046775a,307
1b84b856e9cff1dbb35543d31bbaea9ac002fe8d19dd803205f75027cdb83da4,308
5a99ff9fc7be2d59e1cf12c19b865f9fae47998b359c3f1035923b4949de36c0,309
cd28756f829275eaae4682f0fd272524ee736d34b7b5c3a9db58b927968c8b4d,310
6a36d1841a26f732154b037698887ef56e990052928c37639c4a11cb3fcc2b14,311
82dd42010528ee3865d328a3542f0cb0ddbbbb26495a69a0315f583d278d6795,312
a603140c1d36ddc7f1394537f2699374aa808003182e1dd0714261475e63103d,313
b8788a949d9764d5b4fa0bdfa9af29c1fb6668e3433e9c1c14e523200b08ba1e,314
367bc18c070b59cf9545a421fdafc49c8b0acc6b035b2ed883142baf4e57edb7,315
5088376fb5a76df89feefd139d5c89537bf506b07c6b6d71f3ac5e04a106dc6e,316
c9f9c2ebcd4c9ac7c3b0e77c40221bccbf3b675e394f6299888f9ead070d7ebc,317
0cd6decdbbdee17f4d9ead8fa7ff1def6280f6ef07acade5ba5bf5ab6c0ed62c,318
9e68ef5495a7c168317a36a121ccc769bb9ddd88b18474e585edc14efcd9f534,319
fc5e30c827719fda5ac2be9d9e2f4d72bbbf53d3f9c66ff2b8a7c1f17b1110bf,320
15bc0117a62833ea76e28740b03aa41428bccf9c7e2ba30af140f96f348c5144,321
4ca8847d972f6f1f0b3f5e85b101acdb1a7a1bf257ce430178956926610a32bb,322
62cb252df998db309983b1b22f8995a4b111d694b34273c4fe0420f2b6966e66,323
591fbbb7851a13b86321fe00a5079c2fe41aed798e52259a137ffe0009b65842,324
adabbd88faac4da95aa97aaa243a381360dec387de3f7331b94268bd104d7f92,325
75fb4a45a380e66a5398f541e60ecb05ebb41151a101a452b5cd4152c5813c5e,326
3c8194bc747a27624d4a7bd3c59e200c8d8cb0ec77406bbaedc4495f63725c04,327
61d1dfa43008027445fd6fc5d213395cc56558ac674ea7dc84e9208e55dc1b2b,328
f3e4ce70e2c9f5dc72c94df33861a31cf1eca9f7c9c96b67c98145041d08c4de,329
92e648d3140e1f70d2f931c5b0bae0a0e855355b351f7088e8be8d04a3a98565,330
a8034f8639329fe744433db35c2c3c1f0ad10130a8efac2af68f68f77e3a478d,331
75adda3e1c6c3ba0cabfe65fb55f0f923c39b8d9e3c8d9277b807309589a97d6,332
5ae40219354b2fb848c8fd9e5aa34cf3b613635020e0e6165ee53ba233be64e0,333
41e7a061f88c9e771d95cfcfe7711b62a28a9982b0de1052659c67a78b41c3ff,334
036d3f9d50cb7cdc490f25f0a894901c48eed5d177082338620c2f8e38c080ca,335
d41558339e1916aebf5d79f47daf7539871ab1ae94d99488fa1e2b0221e4509d,336
9e2355d0733df6b6b5ae41f745e02d6e0d807ed2a02c3ec3ce48a245674cbb74,337
e4b991d1c82912a360df0c5913a6f1290e585b3e5de79cfd5bf6d1f1a343eb3b,338
ac46afd9b1badb1985792cce7b1cdcbdd34d04715c56962a82e9116fb54a3391,339
a61a38bd110f2bf8ad6864bdb65a60639c19bdeaa93e34b7f1896540c545980d,340
8b481757c06d2cb17754ea749723bc41838cc7c55df0a19492d5f78a49d5bc15,341
fbb3b3b47af3f7344dedc9950e7ef42dc5fc7350a0603b14545cdf1b4b6713a6,342
074b6099ca6179e7e6dd1fe93074c1496ae766cafa720fae3b05c86064424293,343
c03e463cf979219a19cc54874a223595a807006a3f89b31aae8f408e6b9af5be,344
771e62b38102a837b2b7b12c8516b5755b55c2a40229252f81154491b1aef8d2,345
32dc255d67f849972f192bcb18a80f956bbd209f7a9afdb2a0cf80251ff1e45f,346
59b48fbdb991dd5225b90e6ac612e60fb2f152b1180703f65187db577c30667b,347
36b18741a89b72942784d1676c3aa196fc64f377625747e009b03e0a0b9e04ca,348
6e575752f5a658c5309e8b98068a2730e3e8bd1b2c0a73112f37b1c0c60c6475,349
cbd426e7ee7a3f6f11237d07416a1059f0cb1e4a9fefb03fdc4c6e462ab2cfe8,350
f9043b60a3c2638b392a88c33f4bf43096e6bd524c8f34d1e853172636e4561f,351
e764fa60437748245f688e4b650b3f401c47b23109bcb311b453644cdacc9093,352
3454e4936948ddd1620f7264be3e577f8ca8c3aa92886367cdbe942a7c7533fb,353
d6a0638917ca328b922af698dc427f99cc9f52ccde8875ac95492ff6c0d25402,354
a10876939b88f8c9613a2bd4aa3c635cc41f10361e4ca807c01e19fec75c6802,355
39d4a1d9b440f27e1f414cdd71bf2788467d1721407029cd464587a539742309,356
7eb26c9c748303681e2fb3cbfbeb36e5ec855425265ed6efed9b2a8c3501fe8b,357
60bfebbcf0eac64a77a7037a57f08e4e20e9d8db7fe52ff5c73e6ebcdc2ac530,358
35ce91beded19b84e3255a58fbeb8c9e255ac0c9b948849f7fa895fec9985278,359
128e32a49417daffec8e9ca680ca2bd7081961a2f078023d987806886ca09ae1,360
f2365cf8cafddb8d9260aafb85417e4b2f3df8d30d3350c5ad2ec6e12db1147d,361
389333470e302a8de2f8c5b7205eea0bf4c678e8ed243fbe4b8b8ab8141ea588,362
f7819df01a3f19cf04cc0fb2a46ba1ae0cc3920a9472a9fe853682eafb4c5227,363
47e6da17dfbc67f6b80c04e9c51e3e0493b49f942a8662ec4d57bbd87465b0e2,364
128b34aa40e1a278f1ca6530b0f7be5d9d8f702b55f8ebd07e01c7b812675b7b,365
c92601160704766824b9114e6d593fe8764a6bea89c9dce9ba4b762394d4cc41,366
3e712d559ae7845e35cee5a5a2e2aad3bb55a281f6f5e1c9e5c42d4eb3e465f8,367
c453245d83cef8ed1e0820e3e7207ef25192dbdbabd02e871620a6a226f2e790,368
fb3a5a07b7e345b0d60bc9d44d6aa755fc0c2d044ed5f83e5bd5ed0ed9debd2d,369
c2706739abc3b56b74eb226638ddf8d50cbd174befedd3d296c5b5fdd073d271,370
daa21f458b232263196737e7c5b4b7d0cde4ee013e372070a88fbb57fa61229d,371
2a8f006c9db423a76bec82e9cb2ff59d2bcfa1f66097e4c02b530cd86db8fc95,372
777192a6acb5725d89dbe639d550c683973be6c3a98b8c8c7af073c8c5a79b56,373
9dc5251b9ee9269979a64ba6f1a140417f8ebf4f07b143ea902c824da14ca83a,374
957f42a063dd13ea960c6a19cbd405cc5b49606efc5186310d032c23c17999ee,375
eb95e2da7a9f5da8ae98d6f33c3dd0a6801a5bd38c940887a8036a070f74f558,376
e4bc6f48acbfd75c060b4da582ef49589fd33747ee7d5c30b0f68c3c731e3ff9,377
1465262e87f68852d92493ee3bc954d2925939e5cb57570dd84ad1efb8b2a4ac,378
1e718037ce3d80c9f2403674acd35dd8b1f1df08165dca2c2c46647a973e7ab5,379
dab0381ea15898209079685325aedcca709551c4e9158dea5b7ffce9b09242c6,380
6afafc0c2269ef93c6e17b0198f7512121c78d193d31b1b517625df25d2af4f6,381
f01d36a9fb6e618034c5f8a8bccdde7ce2244720752c16d0e03a0b231d12130a,382
90a4216f6fe0c8e7cdb531408aed94b24bd17155df2e5abd6950e1667521a01f,383
c34293459807b7bbb816bf9de18f4cee0a11d370fb3f8aec10cf99d167158806,384
19e3c4df9ceec7fc7492232e0be892ea7c5936c60b2495fe8b6e863540dcab13,385
fc7924f40ecf596336de5ee2b96051a164c8ba2d9b4e638b43ff10a256c57150,386
c17eb765523d4f97506b3b77663045f4831062077745f53e5b0ed33c4c6fb039,387
a99f28b6165b983bea084d6eaa1837f7c197936c480d2033d563bc4b2cce537a,388
de2151497bee3da3c5692e24f77e24073261b7c678e86c940143ae8e4b5b197d,389
08ee4f304d77f5695d6a4a23ede0639b651f508a2369265098be45be57428e20,390
0cd39301224f5163f1ad749bd46efeae3083b00091800fcb07530ed2ef84ee3e,391
7ea4362b5eb6d6fb37ac767898b0c018064295ba971c98e6d2082a12d925613f,392
3379a452ba431d74042428aea6e66082b6c14b5e1f43ba8a8f7f8b98d8c1c43a,393
06115caf0012f39b4398c758f6ffae1dd56b7458ade7e5a0e709b8f43d9bddf6,394
81024cb4aafd523d61839ea5e53e0d65d2e42411cd0235faf622c9da0ee04763,395
956cfb196c70dfb5684290a632f9c4f38fac2db72080d5f793950e8aa986bb8c,396
abf3ed923a8949278d5a32b5257a6b63ecb23fbacc000a5a275e2ad5dffdf424,397
87196faf00076aa26002f45722fa3f8d01afd179901d8c7189c59b7975c3a02c,398
4f3fb29cc451d9be6a043fbc283e0f1a60869ea3d155dcb9cce93dc195644b8d,399
88cde6f06b4d63022d89cb631c07393be8833a0e7a779f9b6bed6cf7cda9b6d8,400
fda19d222e23fe27a920ff591ebaec68a7c7eba433f82af47c7513579287c4c3,401
53817987fb9c8ddfc1d8e2947b9e47b509a05e7dbaab66feb194abfeb0a219f6,402
f433a745f39656baa192a2ead6ebcfb283b73f13fc8cf7c7a762348d6e816311,403
50220c706e7ca464cc1655599a4c365780a52da72ec36ae9221d532d25266ca7,404
2b55e82866f084d4f4acd17ae0cb9f03ec6677b6bf3320bb3862979c28589fff,405
6607294f6c7e93bcdf92c4eaa0867ca2818a10a6b03893ce573085c82cd3dc97,406
e9185d83b0b00ac8fbfd52e2ad4b52b2c601a0e5acb1f0034b6d12ef656d3a13,407
cf040befc8b0d1da33be50d0a587df5d8348880d9694c43e479d08a31d10bf14,408
2d194fb1407c0a80d8d0b2e145d293df75fbd349d20f36238c4547a6214dc010,409
a0bf94a027a1731cdea38629ba965391e46c1028eb447d406f4d807bb7ac14b0,410
c3da57df67ebb2ffc2b22b0427c7aebbffd2a1ed4629a6ac06570a6b3650812d,411
64423e14e78cdee77ab7a05ce804a35360ce403e212b2dd80ded1186f9279d7a,412
a171ac66d8243889b7889db9541258c047cebc1f27f261ff8d1cc911542e004f,413
8c612ccf4cf16d2666d551e975924c3674b74c974f481737b1e87dc51016a585,414
8a40c320f3e9c1bef489daefb7b3f1620dfb759b2cc738baccf766b7e77005fa,415
d4b32a77281e049bd657d266e69f6c4e02e0c4aa44f75f43da7b7f7df75e5b1f,416
c83e07064b37f043c7ae8ef39b7bf4f062b7fba53b5e090369b2d8abc049dd0a,417
b501f0496b755ec8aa2a0a791bd025c608a78d872cc33afc2469ffd0406dae71,418
d29e35639c78f3316d1d9743c3bedb7f6053ae6c9c0c7ba33e8ac65f54ed433b,419
3fd4968a4806e9a22f0964549360b6368ec8fab91c4d7ebdb78480ad8f57742f,420
f3e1961f0a8c2c1756a60f99db7a243343b5d3b6389549e03a35e2fb68f06509,421
88cc228708e3c625442b715caef4f7820ce8722d65288e48c77c3af241d087fa,422
d449ad5cea6f28ae940cceb72c88579c3c3c2122e01b035f8c12ece6644e78bb,423
d8cd4a7e6abd417060208390498dd41ed258ec30f4b69895d7b27595d93d7c8c,424
c88d58d0598a638c224dd9281b60c06249ff4c41372cf68cb3be1e5040e93471,425
f24731c21f4947e5d2081f195d7f8f7567ae14a0f7dd8c0ac0d28861450142ce,426
8b28b18ce9c06fecbd516b287d2edf8423f1afeb8b1a9d002a3e2835cc3c28a6,427
d00bf9f2214655486ea79e745c0dfa2c3042fa5bf445aa2d8740027982a4a967,428
5476665ba570e1179a42b1f9eb970e24f22e8b40fe91ad22100982969bfc3009,429
56128c5e8135b8e06c75fbf5698b8652df9fb9b5a41095ebff32a5115aa2f441,430
aeb0bf54ff9973e89bf02c8867b0c932a2b427d7897cdca6027766bbed06d6e3,431
2aa1ac35570df701d8cb36a2a5419d7511dde06bcb682c39598cefa398372ef0,432
c67264a70f6a9b6f4295c67b3a85d680327d5264a22df3748de86ada9538549b,433
4521b66aeaba699aee301e75312c8defdf046a90df9e0743d62969df96e15211,434
5dd3c0d3214792064b130b67d8a3f574c3eba9cbfa8f02ff1f243d2749be8371,435
b7f49c132fb21e7e708984ff2c8641f4473ed01e3d0c5312c0d7ce84b53adbc2,436
0515fe40cfa64bd4dc32c03986c5ab1cb4f5a914812b17bf8301e0c82f232c73,437
d2e3873697ced25886ed2877763254ef6a24de3bb6c4e803fd0afde51f2dc4a5,438
4aae543aa024945309f83756dc2d9e299fa8d8f22202154b2e2f490e1b54584f,439
0b6bd34b78bd1fed341bd9e258b82abe187a05472c54ed0ea3ddbc57c441f46e,440
271854dbc60582086b98258afad07c912e16112a1ee9cfcde6a9a08eb6a97897,441
3e951478764df560a41ce5ac01d5fff26c49647e04a3f25c014315a3125a8a1d,442
7d06057cf4eaabb32b16979c7acffbf25706acf3cb6c180c4077691735d0a86f,443
62054bcdc31b9ac785522c3ef15685941432452aeda95c3d22ccf61f7a393782,444
f23b534ee1a00ef35c5c7ee624a6f9a72204b1fb58029ce09c58b867c8dc564f,445
c3ca61875e3962e27a11caa222597770a975d662965dc6ea242309079fc1cad2,446
aab61f9cc19720ae962142978918fae06c23ee1091f648ce1c9de37bfc29cb1e,447
dd09e1b7050a9029f42981892281c416b9ad9b433ed6b232fb014571e2f117d2,448
cb3d6d64a1cfb4d8696629450abce948ee15cb480ec64bb6789779da8323a519,449
294bd5b511c20c1a9b6e2ccdb4e50e65015c8710c670518618860eb9161bbb1a,450
87e188932f05454566f2e2fc2173ab3a283913a61b1099358db80546c7516e58,451
fe09894003c1d7e425bf53f02adffb1e2a649590bf51ad20d072afdae02e1555,452
4245ed20c9d5cce1a5208759e15ee3f2c74af1bc86bf66aa9db9037c552b4cfd,453
db5b51cf243f2882b438d43f44ddd1a25b31b5980083b5338d908be51a41d826,454
a44f49b58b8ddced450cebba28c248e5435cd2e7dd4f4384e4b5086f3e3f8a4f,455
2073ecca02e427cd1e3965d56a92a3bc58fb6ffe3f780b4e0c721640419881a2,456
ebdf9223f1cf080f975cb35e19e992ad852d0d77ab5c5159f62f8c27b4e664b4,457
13cc41338bde698ed93a6823dbb360a3131918bbaccc87799a9e41bbec2a79f7,458
a762661c08846f662519d0805dd39a34f3aef16c08425c113a1beff07738d599,459
5b3842860fc8e0bbea68b07b64ff125e9a7a8b7749448250b87b6b2091d1d3fa,460
033b7c8d34a510c2d5b5ed88f8899bdfc9c37879e9647b1f873d7a58167a38ea,461
9d30278b68c9a843bcd9a429d9c83272142c11d950cca52b17e54b55dad6027c,462
0be4d9cb9fb939e5f31e69aa03c9daa33babd73f49e723c62e72d32d0899aa75,463
73fa2bf0da9d357a326d9aa28339a937314be16bc3395445456f0dcd43668807,464
1f9baa1ec683a3947855fbf84d7a2d78e394b63f5f997926a49a76e90a918fbd,465
c10d57e00653b95913dfc6e8606354bd7635122fd64ba7fd4c0b4b460734ea3e,466
0e302a0519d9c0a7166627da383ee094933837fb6600178afb5f0101460eb96e,467
928277adaab2731bded25951fd318110cf35c1b36b8c5b5975cd6f4bec95f8c2,468
78e12119786380a6f07cacddfd4a4c2861384483766c52fc67edd0b65a8ba8ec,469
a565ae2c9da838af32377692521e0dd5116d1856874b2bde5fc1897ad8190777,470
1249d723d2a7dd919056d090e5c3ca9486b9e5accfe920262f5b7087badcb77f,471
f8f1f6e734404416a25a9c91e4a4e51604820d01bb3cce7d8bb203780ed23b13,472
08cfe105f4da21b29fc3f9456df16be4ffa13f05a3a74c73a420fb356242abbd,473
ca8df637d5e084a85f5abde7f3da6849b804599370d4826ef556948ad5ce1fe4,474
db21921ca6cd479c6669c592c44a24850cd1f2211d3d4da894682c4fb3d51421,475
3fb761e76ad59516a2a60fd0b91e1421018ce633cca6159e8a7f5a6f03fbdb2a,476
1ac576da1342c5a20eb6f97c7f50f41da472c8dc50fcd522c75a6d44a6a45171,477
f500499385f7a40b7d3f246da1a87eab034d0f15c369504c1ac8c207c1c6e103,478
8d45a2a5685116b9a75e745fb73eabb69e1b2af078163dfefc3492c167b191de,479
7ea175fb14c789d91ed0a89a1ff99c992a9a50bafbd189fd3d32e083a18f357f,480
d307ccd647bf5021715e49750bcea6459b15437d272212aca832d648f9291aae,481
36777efe9d86365876a66ac46217189a79d1cf3733cb170a1d0c98c3372f1ed5,482
d3016f0798001e1fe9f9e3e73cfa6e145fa6efbd11faeef38eb501b9da13b26e,483
4e3ac4ba52a34805066cd41649a2466eb80c34cb758e1456dc48fd5b92db3883,484
2df57a8468edc3e36d0278bfed28ee43ea63fd9aeac9f0c7036268d8a32676a6,485
0dd050c78145923aad8bc513976dd108d6aebc8fc381adbf911f67e496ed9195,486
6e5e55ed7a262009f9e71b1439fa4f22096d008a6923e854ccf0b6e76bbf2b06,487
242f65028d1196f07cd1c2b3a3bfcedc075da9b760bf452508f277654db8c69d,488
ec051a58098fdac8c04f20429f5d5bedb8f67109c3f31dcb414309461aeebbe8,489
a8edb597b319c3fa4393eb33728a873eefc4f3b735800d1155c9a5424c8386f7,490
021c0f5a1eab4aac14833df495f5e02551df03b12c8fcb41d4d3fed218185b1d,491
b2b16ae4e9be1ff2598bbfd7aa70db14d9c63a2f3b460faa1a344632331e7f3a,492
719ac5081d58f772854f4b914b8abfa2bbc857bd8f6dd902406a3602e242acc6,493
ea1cf7227fda175c0db3510e4a4a30c60b298a31482686812fa7a5ff273a9cb5,494
ab775ca74a584d0386d5d0faf10e23d8a8da516c3c0ffb00f90dfa684e880567,495
e3e241b278d789c418110a81efbc3cabb712bf866e709434e3121ac3a6259555,496
aef9553377fdfeede2b9b740365cdaeb63db4cdc81c6ecfb34536cc06f05fe76,497
3eef3237dacc33dce67b0ed37ec438aecf8f3f1162324dc1f45e9cf57e1e19b6,498
a9c2b39d543d81fc286e71947574cc91974276ede6df2c764d422c026355f800,499
799915fbf2ef8476310badb881e2b8a624a75b651beca6fd1cccfadcc6f322a0,500
62eac21062bf58ddbd3f2e1abd1dad87f17715f6d9846e7971ae543a53b0392b,501
d611fd183556ee0ec3ec01094cdd555769a48464c01794a54cd43bb666338f3e,502
33a8f860e13bc5cf2e069a5a3f9ef6658b2a0a96bf9c774293ff755941045ccf,503
03a8c9978a49a1b5318ed1fcda3b79a18de1194eac7276b3aba92bc486523970,504
20a4be25920039fbd1180f3e71c2bf06e4aa2d0d5e450db6d47219ea5cfabe2e,505
d444fed1e5d7dfb76e122f1422094dd0f8401d77ebb4ecd2a21e92cced99e6b1,506
ad8dde5b2ef0d815275c3cdc5391186a3e4175c05c01f04f56ce04d6290df9ba,507
aca4a846b0a6bfad4ab4576af8d9381e09b89252020e93536e77f0ec3bc0243e,508
cfefb3764a489556923c67b4ffc9299d8faa210928ec4368d3db8605bc75d4f4,509
873ecd12db61713a20c35070e12a35a29ddec64661078a946de997531391732a,510
a497578b0d75927854a104e292d0b2880ec3511e1c3cc2562002c9c93214e7c2,511
7808b7b69f2ee51a567c8c300f3e54fa929c47a206293f5af8008fa1ad2c6bca,512
2ccf0032b4bfd6d78fcbddce9439af02ee19323e6a17df577803734fc1496dbd,513
4092f23d3d6e1b91ed6e851c91a7b22815e29f72cf6c7316a0b9487865f78634,514
100e65b90c10b22ab4e6657db72c0f4b4e9422420018398ddbca4a57648e63f8,515
0513805cf05c860c7238d9a2ecf9ffd1b98791b877f3f4c998d98c93ab9142c9,516
7281d55781c27e962744d755ea72150c0fbc5e2f59bb5eb2fdf0d694eb3943bc,517
d89c6966518efdd7365fd245931d54211a10d5567532f218bbf3526fc17912bd,518
cd082c8eaf196df00869442e47825fecf92b200633d8ebc3fe96eec7397b25fd,519
aa4c0de34f33a9f9f2b21c16f7a70d067ba60ef42284508e61d8a8d27ca0f2ba,520
c5bfc1fa2326af578d5790620fb8ea849a22e7f339d0eee17832f74a0f4ef68d,521
898edea08798d33cba66b4085df593f21b21cae66dd721a7dc60ac5a8d10878e,522
7ffc2273db1b572b6d1150d953a366ea36c0da5a51e22849bb4a731cc8a0fcac,523
30f3b8310c05caa3ae9880ac01de15194650987c45d687f4fadb5af6963b44e7,524
92276d590dc931d4d5931e45e1e3bba73434098b75d168f54ef85a86b92ddb64,525
d1ed5500a6b134aeffe481f1a9c0129521aca25b30945c9e642ac2e544641c75,526
2d1d9551b2bbfab31e72e20617ae6edda7eeb7f7e012e361000c61b18bbc2455,527
b530ab5ccc3084cf905814cdd5d7987a4a3c581da79b0cec7db48cc1105b5fb7,528
423efbb0b4d0eb0b494fd1ecccf823b0297718bb78c826aaf40d97fc9cde5335,529
900bb042762a7741341dc8567e75293e3b1d1e304924cd23ee84bdd82a7bafba,530
d30b3205fbea496f4ad2ea579f7fb7e590f4ed3a2494bd3b9662f71895550168,531
a701935283f829560afc2413258794bde434b4a404f62ba527df1c1838bf0001,532
cf1f01a770b85c43bb04eeab546688c7020868852b6e31129b971d52ea96aee0,533
8e3f0813180c03e3e4c4503486fca47506050efd05a7176de29196270dd2a67d,534
716837a1b3d58d645f10b24b67a1b0ec89da915fa50ef78642c1390d2e8e5c72,535
1ad7ae42e7f328526a5dc2bf490b046aed6b33674264e559c245cb77d169d7d4,536
cf6016c5e97c327f92380496d2de841408cdac5bb31027f43566345575806564,537
9b87e7237ed1a09ae8025acc9559cb4e3a9182b919985a55657d69ccc1eee5e1,538
5edebe9de37e03a5c677586ff3d349f1e890c8e8ab0ba1b50dbdfa67cadc6eb3,539
393774a837bf2a8ac6b2c2df0f5e6799d2e12d50fba501f75f264f938f17da6d,540
960ceabb9a5bcd3b3668abf8141b8239213a5bf1ddfaf6677e5416c794a272c6,541
26c437d4d642207d75712dd3acf40d2dde081197989a35284112f59dab84137b,542
02459620f9b63741ee0cc858f404dfd925fa72515df8e73d9860fe94d92f1abc,543
2c0051e398daeaf42edcbebdc635ea9110fe7823e083168576fc36efe72535c5,544
46af31a938a1b0c1b3f44e940e9361c24201b98df867314513f071611e88e96d,545
a506095e6dca35b4c4023105b427d95ff8b77540caf7c112478fc4e3d73f75b5,546
6d835d0e8725e693542d3d59d91463090cd8f00c3a7d88c60a48b11446073082,547
5ce8137b22606017b61218d41fef666c16e37cccc851134da26d4cd0bbdf694c,548
7fdf77481c1c8fcf2d022789025c70fa7af2f410490d4168c842f48c3bd88494,549
532152a44357fe7a8c49c0b2861b645562f3b4ca70dc2155f6eb32da52bd306f,550
c147faaed3629fcf3fcef058c564a01539f2cfb0e163a219dc390b58e776a1f0,551
a096c62453894512643e75b82f7667425ffefe23700bf8c2b4b47254ce8b4ed4,552
faa0ddde9184aeac3db686a996a2dec8619b6bf07243c61a3e8392178d83b426,553
78cbd3ada41c4c56f6a84b453355cce375b7cc9c7d6ed9a0b5a78c0ecc253402,554
73fc24abe03d8744bc74a2ddbec179b52ab3deb02c252bf4fad82158fb06fb0f,555
d1c95edc44b9ff1a307ec8b43504115c64eb869d1a803a01387428ee141c3e39,556
a4e0c6f52e49c27ae35ae5fc22459dc2b83153eae8ad29dc1622475bea1ef8ed,557
1018492f1f44f271d864929f327474798f4ef99b5d641521cd40cf05a9624f7a,558
58e58066886f46239e367e3c71bcf69fc29c4dd313ef59c2430d20303a408375,559
6a763a26f94af7c62c1bcc1ea7e81d572ca1d76782b40738dc54ee2610653e42,560
c2a7debbec00aa1b4619712cba3f612783520c07e63d23d4ad00a2cabf0f1e3b,561
14a8ff06a57272e3811c28e7682aa7eafa519fa89edafdfb9dc3a23c7ea5b89e,562
b2e431943f7cf84031df6ceee5797e0d159d9e81b5a234c1f2b51fd5aab56a01,563
c3596614df6dbad46343bbd08b3e8f0402cd6fc8ff7532195a5442241a3f6ef4,564
b1e668203b976a448820d8ac1f0c36e1c10ac1f83f9cd65b1fd1ec897a27946d,565
d1d1b78e98f2645f063701f785ff9ea3814e8de78c319cedf1e33bfd359e7805,566
59f864994a170766280d82fcbe772d54e3f6fa9a388ff82d1b240b57837949b3,567
e30791a9d112434ff5248bbad4d401d47b543f94194a59db555bb5fad5342bfc,568
d1aa9451e863602c4d044b27408bb86b3f2c52f400ae7dcef48a0ce4d508e2ce,569
b99231f2f48006f5340e5c010ba2ddbe7cff418ae5f9149f038e404d78baf9e0,570
9478c05231ec7fa491d86e63584ce43e3fa66c9092f93d8cf7bcfe18cb563dce,571
252feb9c44a3c9d674e923169a87f151b27904cd9963ec9b5226b03d63d2b996,572
701cf780967dd1238b0dc9d73975eb2a0e9b9439d1d7edce6991eaca4b857d9e,573
c4b27f39cfe39a886b0dfe3c0b4897f14f6f77e06d08eb1d860a14c8cd4d39e3,574
f9f609dca926dc236d79f263b049fc579d40e974801ff1ad1716c5edff93b690,575
121e506d9f00e313a6356f45aad62e9de986f77022b9fba40ffd183a867c035a,576
d2edb236c9d1df4ca37147145a6e9f3af822bbe8084a923e076a6d351457f0af,577
ce54ac86b8a45edd4b69277c9d9182cbfc00f7d44439295c94e9ed725de17fd1,578
f70a525b7b4b6acd9ab5c58037c8b67ecea0c76df69c3668782d889c6eea6afe,579
324cd345a875e410f7bba5fa17bab83a2e9182afd580ef77ff82faea1846d896,580
260b68448713fd7bdca8b8eac0eb15b88aedbe3f362389400a58e90330a3ed00,581
1f4d92163fb5dde62f689e3650f1bd4ed47f976fdfeff6c6c250ca75515f121b,582
0a2fd927190335cb9f09432337f85fa7f9a0cb72356e17bafe741c8f8a2ce859,583
579bc8c4fb824d2b3d3314d5c0774bcadb719ff05afc9d5c5354b00c71ec16d2,584
98c7b8f0921a4d89123df5606f216024941eb9a5b41dcbff12186506691352fc,585
a93394e4200e03b0f371011c362139317c4d0056ed531e0b0bcf335adc92ec87,586
23bdcb3ac4596bdb4e05eee9c7334c031bdd3cdab66d6d5b94c8bf23687a4eb7,587
1561cb99c258c5576a5a18e7efd2efafbebb3df98c5de9661a424b66086c91ca,588
aace6cd1203e91c8b1b6ad997f1449f15507a71d95170865b7a142503e5f3856,589
5edd9146db3231f859ea163c3bf797892ec28adddd89ce318b5ffe0e46566ba8,590
ca00be2c680f567075f92c1170df9b8b9d3d2ca5b610bf05973a9179e68c09ae,591
c57915af10be43c6db4bedb66e2d126e013aa13a5d5ca5729028dd98bab2ee1b,592
cfde22254df0d23320a112dada3cae498f1f409578ed8047876781a727f09f9b,593
e6b1b152395dee0f89c26fdfe9766e00e544aa77a69bb5d325d9273a375f5a8b,594
5e740d8a775ff514baf388d25a02598ad841424201b8122fb4405c54e6ba8a85,595
cc7c8963c61a72a72792d4a0aa3aaea0295160c3f52d9a7611a5afc581faaa2e,596
e6c35b8db6dc4b021dee764badfc628c9e5bbca0ceb36b9879f817859c5721d5,597
f4bdab5e4b6100e96cb63d465b28f08c7f87016074a6949b0b917757b871b368,598
657f4d3fddbe33b8795783fbbd21a41657db3eb7b16f05111e967964276a46d2,599
bcbea0787b4f79ec6768be7bf667ae9c1ed28be1f8a54a558f85f00d8a06b869,600
de19b206db45ff3f2f70b0e0ae03c47959d401a3f4d03ed3d17a4530916734c5,601
539be55c523c45340c90a686905f7407ae9eb5b79f107d09d0f187076b0d19fc,602
f158d3516c405897b5b188e2d2e6419a6eb0a4a7c60d063980e5beb2204befa4,603
d59b1ccf0b4051bda76821e82b5ff5ebb6e72fe864bb7e52e840ec282c4c2517,604
e5fdab67547e7e1e127e5284fbd3f14f5df738c87c44c6a22e79f1fe240bfc75,605
12f3444c66a3d592c9385e91d14cba4098b6833b055a203224cbee462ae4b9dd,606
5129676507153520033b921e54311c1c1ed60c3e34124043a040c4423dff340e,607
6f74d7332b506348c27747ac46a89f6168db0b16ae380a14437df0596eadbca9,608
f1b8e9cfeb2ba11507decab0d2bb193b246bef0f927a643905af002194f0fa93,609
480552e92093c200627f486af49187df000a70e02d75d445ad46be839f9a5085,610
4cd61856f9e46127733f18d3cd16f78aa09d633aa68ee55e44d3eb1e6332a084,611
43570af490794ca68277087140c783933e19ba984ce3f2550e40b9b7f1727e07,612
6e82a7d709c171efba95d4c5e51aa8f0d5bcde8cd4ea7ed16e12f5431fb90bc4,613
632d3da5d4584193d753f874ca91e2861e6b6f433c3207eaf3bfe218645ec3b6,614
9ada8d9e2d01747f972143a35a94423d110718bca8f5817cb9d08ea1c2b3ef09,615
2f6e2dc9e4084a2f909f77f82e6b78086b85d3c3c6f833e6f69ab91938f1de1e,616
0b1a63ac1206610d4adea552ac4e6a82ff5990c05edd3d5e27d7a116b48f88f5,617
0e2360ba7a741655b1192bdea0674385300d0cafeae29fa49a7daaf059bc6817,618
83f3bf5710cd0dcde39feb405edb7d853ec0a5909c7b95dedd1600270ac78813,619
c27f9b7a294cc02b61a75732a16ff92cd735adf1694b5fca8b0249bbfc8f8bf8,620
e5e9a5ca67394767359c9425ad6401813ae8b49242b01ccc1e1364753e2a4369,621
52ab851e9a7919578933a6f59d40718883ca3d02cf38ca63d84ff4d48863c79d,622
b9fe1648fcaf831615103db959d106488a5a453f94f3fb9591270c9d75e8f889,623
32bd008bb5df5e7cb93f33bdf0adf17ec59e0f3990a34cd883b4d24fc2ec75e7,624
5fdc40092376b34ded9609711306ba46e729e8007bd8ddf98b5be9cac80fead4,625
3a1dabacee02b521c870af1af959a25a4c6cedb53533c137848f3664d87edbc1,626
bb776ee844e5e7c55c1a963151a36bb31aed61c93e7dc14ccf8df88fc0ad6e39,627
fe0694e78a449a999958333d533dfcff2f76841376e8de91b0cd6e402dfefa68,628
13870cfd3e7678d89ed3971fd9b64ed7132d05ab5a4778a3a3f51468ed40b776,629
cf814fc2de1b8bbcd11cb89f02c6d69a86eabbe1805f23c8ed36e73e445b8930,630
16a00a70276237ecdb2745a4b82b7bd3dd2eaa968883631c41419b2f631a7f23,631
30b4daeb32f3a85fc16bc9b5197331320dac7c0a848c1ff94f7cdb26ba58ff82,632
9d7b51b93f184916f92d09bda7935eca25df569d5446b93e4616528936be7f87,633
cb0e89ba3d311b28a272529ac90a7405bbacd3961ca1ba7ec9b4f98cb0f0ed55,634
4bce6d7a02ad931a39a12213d8aa03a4767c4f3f56c6c472d3de6b1275b96689,635
949bdfd59cb8c30fb4326b3fd81db5dc7d6a67cae297b363f83fdd1353fa8b44,636
e2d2a40dd4eb55fcf7a4e72fdef1b54efbaf553f8acd320bbbf170e4c1b03652,637
fae31924516ee8ae61dbc40ca43e87a5aa999348e43b7fddd89795296d738dcd,638
39a9fab24b6093945df6cec82d15ed5f5caa04a47dab853271a65857779f26b1,639
a5dcdafbca3d36596b5edeca1cba32c1b78223bc92c0160ebc8a997eee78ef3c,640
9e483bf52241c7f068b7c164b5aef1fcdf5046356a4b91c235f748e6f4427f19,641
c606e189e4968b3657d300e573c9c39e4455ec66d16a36537c8c134f393f068b,642
2d02cfc3190c11d137d200fa175fb595fa7955a3a28ba543ee2b8e44ffdbc210,643
54227efe6b3f2841e3077c17886fb8a0bab9e2be6aca3a050da88077a51ba776,644
df7261d346384aa2a4f5f01f25dc51fd76891de31930bf42247be309a9879605,645
50cd2f91e5101bfcf919aee90d73f9d202ee55a62835717cf84e5d1fb83bbf56,646
61daecc32cb70d2d5741282f64da93e3131152af2caecb94e222074d985f1055,647
d3dc5958050f629da77dda98d6f7ebedf1a907e5f38c2626ddf874812b26690c,648
0a9a8e8ea5d9e3bf21182fe191202380b22a839c2602eabe48b7623075771ea9,649
c2b38f5f5f9fd658860c04c691ce2c2327c1fe8da4b9828fcbf83a50b284f1ca,650
39411683061c4f52a06a0b43467ff2917efde6b8bb07a529e17ffc97bec4f3b9,651
d123f1c9af4707666d4c736df859c63f08137a15c15e8e654fe3721128481146,652
46882c6922a8ad0bd2f11b20923c9917869b02f22f31b8d357673aba358070bc,653
d9acc2985115e14673383d0587280063f83047d37da549ae9e8e02af15ecd496,654
584e5a7966de1392e79c74f3a3e26243f7bc43dd5e49b923c091ecc3c31b8f98,655
8e597d91261e1a587e2431cc6a04e48e58e80108bae0f3cd4fcbe9827c736d7b,656
fbde56123c3b396e1a4720adaecda3ab387e6956b790c4a4fe11f970d21b4507,657
579b8cf783923c3eaff88093b7838e8a1751f5bc124464ff7e2480dc5f965104,658
4ce81cb58860c9fee6961bdc4234bc0294885fdb653f4638248da1e5de16cd66,659
6ef3d6a5deb4e25ecc8d636c5d1851eecb564b2bb9257f7f632f1e3cb8f8f147,660
b787db7708349fc6234077994559a3aa74f99554fee04ad660ce4efb94cadaac,661
e81fedaafee2a20dd03bace769cc658f25bf16ea47ebc2a5da4417cc86f07a48,662
e6729310b39fcb09dc31fea93df04d30e2515df9290f284cbcaea5a921a0807c,663
042468d03f57a3b4055836cb5beeb73f65d706139af34e880e5861d86014eba5,664
077637d1b476ed9ab9822c64c04490b139cf070266fce3648963297b231657e0,665
eaedb4e95311b6527ba28a9a769c821fd8eca1b5f340f73dfda695159bb79807,666
2fef98919acd5d5d0419f0a1ecc34bc72bb28de0162762c2c19e2152d76e6330,667
5c671f2d716ef9f1b4d89b8cf4ec6779bbc18e784e2c363d92190992a8073be7,668
bf580331bedb82c645f5deef678451f11744a336fc3b0ea74fe224a5ea187b12,669
6a20c0e6e9f7ed3f2a0feb972ff4f39f23bc37d648adcae5f442731fda332af6,670
98cf8b428510c21921dcf8445ad5db967da1b50f84530fbe6c8e2a187c6ffb44,671
ce8f6dce580c368b3fd11678f51d2d5448ccfbaf2531c7021f7f768101636f39,672
f0c84ecd15525794bc251f6f49ce4cc22190b0b6312d4a9dec728cc6e44ebba2,673
84dae615c281410d0c4b5e1d464d52b059d708bf00e15050390a197c3d86fac1,674
12384fed3ab0ecd4e3638cd50c64b61c2512afbe77739f0005d5b29702ad926c,675
e3ac5b452aef0107e4491374e75bd2f9f27b2cc17cb68d7d65b3a09848faa860,676
cb56dc0a08c5b12f9f26f4c6d4e8dff0904b1982874af63c9105483d778637c6,677
f30ea22cdf1b0c58a5f4f42bd869a0ae9a10ffb49bc16b32d65962e02da5878e,678
167515a1570b862993251c5514bc7b570b221562cc8ef8570f64e0046b91bb3a,679
c3b0c5410c3fd820dc47154ada8e71f0d4a37f396272b3e4e5fe79aae28c1d58,680
4a491db00831c6f77267a58b15994a486362c15efa16c710f251d990c6dfc214,681
e7b8e86801e4a08f6e2f5f42aee974c344471912a13a3694f7fcbbafaeb8a1bc,682
5e3e6e63a507bafd973f00713c042c1c1336f519ab2f82ea1620b296f358dc3a,683
32577ab40793d68333046b73e4005eabbc81f07839e046dee8fddeb6caf220be,684
a0ba9dfe7213e28e5f53998ee3d17627b3989ed6e4593571bdba4a11fbf7f609,685
76d87c47aa513a7541f57e1b0328f4cae55ac6014bf2a0cc9c2b69568ebe3e2e,686
42e36c909cb448757442f7a8ba15475239970004d3b175f5e38db1d520d9b592,687
0bc7e6b7a478b970f60bb07f6d732f2b238328d9c5e637a5bd2d916fbdb56097,688
0d53718b928658d0712d55e603117958490557c60b63f49b0dd456ecd071e15a,689
c2354a38ac58d38c0651f658be4cf4eb4c49db5456265d255fd0549a3f257122,690
a8918743593e608d5ddfa6e46c73d9a44f4305dd8dc9e74b258094218b033326,691
3782945eed23062ea8e244355ee4d326aa4bcbb38a964d84fb01d3a9917d45fa,692
003f8aeb67e8a746e0b56fdab4b2cee2623f4ccff3f541d926e06aa28f5ced94,693
233670643081cb5e1a564b40f90c46a4773686be5f7c8b9db143c2a9bff0fd28,694
3d839269b9cc9a7c1e2c550fcb0fe71281591d85ace52411d8490ee5e1e5f232,695
5e45fb56e5225878cafb4efd4e52365dd5094834cb3452c6bcfb9c192eb509fc,696
49959d95a199ab2aeea9046823a8a31f4c6461f6b6ae8af29b64e3de8761a5c8,697
5fe53fa716f05e04818780b0e8392dd2663d361fd3819555b07661a94945cb8b,698
7ae779d0e55f32f931d7a9b883f5d756e9bccc8d4b8fe1e0e356dfa99188197d,699
ef1273f2259a760bf385a8e69efa38dcb4d6965bba702da17f377c8a359fd91e,700
c20561989b8472862a4c5bff827b1851aac4af4a6d755ba99baa09cf3fa0d371,701
aaceeb1f247ba75a4dfec44a46540044c0e1ba8e9fb2d81cb2d7aafc45702cac,702
f4b4fd8c963f248aeb82680f72bc1875bbef76a8602a904f957a9f92b764ff03,703
7bb27990891f548fd2d280fe124e23e8944677f356ecb6062be150bcc313af47,704
e6947d6edb8bd99a7620d4c1a4c2fc6982f069974724e796666993c9e090f413,705
d96bd0ca92b59c96e4300ae44cddf742f7925bb10410d01ac2138ab37de82477,706
636b6a651d0e00932981cdae7b0a37397fee5eff64464b4a47633d7800deb508,707
403fab0693dc32788479864a46ba9bcf18381f8aa7318b0102afbfe2b3ca1358,708
8033d537ddbd55d2468cea36be3b9190ef82f8b4cb4a8976f8150c89502c9f16,709
a3a69565f1bb389337f781535af6c9546917b0a7b41f911d3fb7c98453e64ea9,710
67a741a554f0099930de4678ad9e0f3c2deb81ad1afb271fd9bf310b108cfc6b,711
277955aec0b20f1687aba8b05d0d56ba03fde003253a9ed02cf5e67f0ef923cb,712
e75096e35c2ac6a74bdef78a190783d52b0510123690ac965fe2a77def001f7e,713
aab3ac54f1d05a6df354212790cd308ddbfb75a65213b2cbc662452f2ae5a903,714
7f0275fd71e17148f8da4e80814ca61555d9dab8611a445bcfd7c34c1e4a7454,715
8c3151455c138e270ed29e407ed5202681cf31d6f165b1411c850e4b98744d6d,716
e751647e54ff31ebf6146a60ef1978895a7fb15d59d0d38569838c2b5848bcb3,717
2d33a428e784886247222a9e2c54eb434d2cac8d3a5e5e5a55cd1bff05a9582a,718
b7174e367aed273317348241d407c53c47471a22c14fe327308e57b5284f54b7,719
032b4b4b4df258a8ee889b6b46899859dda4f4dce6f9807071d02ba1bf24933e,720
91b78f749efada4f16b3264e7ec9ba36dc6ffd956f2b3c8d3a581ca63d06ca57,721
803b8a1f8307012f72ef5c6b4c7f9cbd0ef2ec8a5ab9423d02d05e08610ce42f,722
cb8d87f322790a2bf61331901247477e3bf5133e6a2152c338242ab9313b0aea,723
68bf292d0ef4e161b71432a178d2e4232a928c05b5f71e5b4de2b567eb0eab7d,724
77ccb056533dedaef5e646f69061d634eaa7c74f643d583ec3cceded2ecd2c6f,725
c20ade0d15a80c95e18d980f7ab65ba4250c65ea448e5f934981e8eefcb3a001,726
6a88dfa035b9381a2494364f360ccf41f1076649c90c91164e6af0fdc7e72550,727
015a309393ef27300390fb391df3810370e678542b526f5005e6b0d50338c01d,728
93383086dd68489cd973359dfca7718228b848dde516f2067f56ab8a0ddb3873,729
172e99b47a4a45fd180e52de67d3067b41bce9f9457f0ca29b62f372db0b53b7,730
4a92d07bd2e860db62765b5fbb307a5cbedb7669c0337da1847d71a42c8577ca,731
414aa64da4b07ef16e2c1428c5de04c72e5e45e9c93562b9afb793c461358bf3,732
6ffce83884ecb862ac694097cd4a68320f98317710f8ff3dc537c83ac8566bed,733
d8bf2fb9f6e255dae6c4b493ad56762af2ce283fd1777221af41f70f40628ea9,734
ad8f59bb53e326b726f12ce27f8e4bbe9cdffcd65aeea007e3c8bf784c62783d,735
8aca9ef5e7ead010f04fd3121b4f978d9f8e92aad229e16c17af07a493a818c1,736
1fb3d3a7ee93ab9d81747e4bcfdd4a1371fb8998764f4a4d00ccfaeb5a77385b,737
501498061c125575a045efe530ae6c930938ab44ad7a42cffc17ef3add0a2dd5,738
a1bdac882b52e69e017c9026ef5fadb494b6ebfcc6f696723d704c03085a7547,739
4260674b14eddb3847e2e1e9a0c05854b44f21c5ce5f708c1f5d20342e81d1fb,740
a05b7b08bd5f6e4fff6e436d43ac2d39cfe2052fef2ab6880e9e5d4de19b3422,741
e8c9b97892e6478ee1d0be03485721292ea4ae66619d5b7a6100d5722751975d,742
c63261d540e83fe958d20584a2a6b4cb3a58d48115782a16a3c21096dba67071,743
3e22a0246170051f2c887ddb48168a4fff281ff74a56645c7d40a4d8a3bd6337,744
18243d2730c49a9ff6353722e3dca4d629928f3e27bc490cdbfda2ebf309c07d,745
cae95290c5f7ceeac201e2123d4d300ba114abfdc8ec9552a46df186f63a39d6,746
a6c00bbf93eb66dc05086b026304a3ac0c6e00854ea017376545096b91535d6a,747
cfa733a1415027c909a465080a28e4b2d32506e22cbc4cbf00ec2987b74b7c12,748
4a2c1eabc7133db9c6504bb638d2e60e225d306768b80a1f59ed8041c0a26eba,749
5a3f7a6c60b2c4d2456b494dd7dbbc122d6e66cd93aa69195b359e6c64a7c540,750
7e7c1927171bb908b86f8cd240da6d1e701d0c7e29bfffab5005c0e4a4c1f9cc,751
c03b0532a576e5476b271f0994fa9049a66d8e298c4f3de519be3a3ad8e846c3,752
5de1a0bd967f64bddf8685685af1eacc009b1acb601c7afa8686df57ede5cd73,753
56f93d92a7773cacf92e872b7200c93dc482c988814437aa104b78dc37c6b9b1,754
a5a1fd400293879375995e2a595b71616a0f7b6a36014c9dafc9189f24cd514a,755
f6b77c0e610f9d29648aa236fd91ab0ee641c3b12cf6c3dd278d9b073e603e13,756
a2f59f5a33657fe8b1b3728b15b4e8b1704489f24e64b5d7c92c87cdb6e7f388,757
86a47974e1a378f90df3275501fa6ba7a19951d422181401cb50f3d0b02a1b61,758
532adf9026921003d795a4790265ba58f8fef16571f59aff38805c330b3051b7,759
3a84af92a75300d1823fcc575393338425afbfc54f754c1bda720aae479748ad,760
6f4edf4e71f06d17a58f18bd0c31825aa6d2cbd9434bf80301386df4b69c1f90,761
04630cc9ac54db52c3f4638d0c03c6576bcf0d2eb6e713341cb2895228372282,762
cbb31ceed50f9639a056683a646ace865d95c5e55c6d6d3c5ad142b27ce30ce3,763
c0276e52c6ffccd66b4eb1d1ca4b0c2ed6fdbdf7b4b1a9bef6dc71fee77d2bb9,764
eb859282619dcd28ac16415075fbe7635efdca798381b3bce37861082d5cfc8a,765
32de6fac06fe737dc28c484db797c3f45153315aef82a36296c93f962e930141,766
dfab28ac3b7cd2cb5acbbe8171e5f19775cb13034cb33c8aad20934727cd31c5,767
11424e6d12b165724c4d941204028a8ae9eab0c98438cddef100f1bff4513218,768
aa4a6d080e460e376515c5372e6beeab658a87c0a43cc20a6bc4308ab16f34f7,769
d3af9b6155e8d7e667f636ac957443dbd91c3037d9a067d640a546e98ce81c49,770
54964cf77bc7ebab7732c77711efb4d44c9e9a802ff005f337c9b17a0dab29ba,771
ed06dda036aa8d89816b4aebcedae8a3cefe95f65afe9666a1e2cfe5a7483939,772
9be69bab4622fb295000a724e6ba6c6dab34d6fba8946e13021c49460f9fd60b,773
12178a7aa60cbe3862e2d7f9ab4877e0c48ff51cf4fc380d019be5b875eb02c3,774
785335e40ebf445862906825a6e8cf7063590dae5acd2369132ce4b052f15918,775
78582ce14912eac00ebe5dc412e9acc702be851861e89c0bf293e9091cb944c8,776
9d4cd37421a6d173d6a8a308be559d57a72bf32a3eb48206dba97e7926df75f9,777
0ff5c8e10f444cdb13177334c1efa86e8de4d7fddc0f374050f82498b1e22535,778
7e29ee5b9f20846fdaf83203007b57913c37e1c189a02875323a0336afdfecf4,779
808aa4c848354960d812cdca85f9e2cc9094df36e717011d045bba7ec89f32c6,780
e035805a51edc0e000a842ac18ff73079a1fabec4c7236448d7dd148f8353456,781
5b4376d544b55641a7b8487059407ec1f89d03454bbec8553229faa8d4559b5c,782
65a74d242d9d596d73afb19b07c8cc055517a09edd65f28877586d3186c645ae,783
79db4738f41a2cb998796386a35c731564f691653cbc27483476f3675dc51803,784
ec81a28c38bbadaaf71f240ca942423c21092da70600e1adffd319dd2e35c2d6,785
f2890ad2644c526b931667192706461616c299f35992b50b456fd2074f8feb3a,786
b75bd1e9d327a5c71d8bfa9d07c59a8d2b02a9e1bc3aa8b1fc551cea7239394d,787
5de4d74fca6f2cc54831bc10beaa85a95badab9e6271e5b88b615c1b4cf8ce7e,788
9497d2b6b1ef081e417581f33e983fbbc3152fd879202f6905ba1fa8a07e4e71,789
67f592bb166a6fc5c54f55c6f9a25e54410e5bf71f99a8020b098ff9c3bd5fe1,790
f9e545de7c799d0326c84e5893570af25911bca325adabfe9cf6e880ab3110d9,791
13640978992302f4201ea31abb1bd49cfd9b6f04fe5d2415259de1e9d5fc1a83,792
3c56f575ba8d3dcacea78ed8f96c7de3e4a2188f41b7d163112fbce2357b7916,793
8c4ab05ccdaf26ce5a84a4e85f7582a12a19be6d4e388a044b0b6812fcd8cdc2,794
e58b6659233a38b1f474801a9a58e963792113217a10786c1c084d8c14806966,795
7ee9a2e9d8c6892910fb9c32da96b306c264be7e4e1ba1d40014104e7331b141,796
7c47db4a262479cb7d86a95624e48af676fe1ad4f512ce4a7c1d0d29dbe59ad2,797
6388f2a6d3a9633c18703e36b184443a01fa8c6e66655544eaf31504e50cc511,798
3e842241beec39dca5925c765620f7a510263101b9fe374ba8edd4fce9c5ae3a,799
a05944721e866caf7db34520f3f386523ec22dc8a743c97f9c341cd7c1015214,800
b1e14ed2fbb2d34699163a335e916a09a04658493625d7006e33f98c013e00c2,801
9e230282d0bc9bd918a048001aff8312b76b981af7ab9411bbbb421236524532,802
254159201fd8764e4b1965d3b827e250abafc9120ab7d96eb253226a294a1ddf,803
6a5a71d4e03a4a03fae9bfe9c94af4bbe98a0b505db0a9076e8990f5a34be155,804
2dd922ebf1eb2ba84216045beb83cd5f67b5169834e1eb2db27cc07f608f4eb7,805
52312933dbfbbed52070c2a57499ef86b89d7a46e46390f625e7b82ab0bd2118,806
e27f16177047ebde524dfed72f51a65383c2ce47be28a1c065a567748c19888c,807
b803a93d641ae28c0b9d9b62e6f171a06e1bbe0a2740166b426c92fa73b72a92,808
b93025ab4ade23f1d12d27dec571f610467413b6ea0446d9aa05722b1d5bbbc5,809
c0655d9a0b35505b6994d32c0463a85a4442519515fd76db204b354568c88c35,810
c98e8360cebaa89505dd03ebf547f87920fb640714d9e300e33455ac020e13ff,811
1b140548d619fa03bb37e6c962791175adf8d97d05c3531b672e5f24070a109a,812
70390f39d0c56b94b303b6b7db8124183846285a7eb3ad7b3672436b431bc44e,813
06ed216ea43997633d016f5f0196ae544392464479adf473417965b115dd1f99,814
e6990d3fdbcc84a203a5433808598142fe8159c6b9f4245c633d9c69b8d0565f,815
adcc8f50245dad7fb8ecca0fa418b292878a3d92d9c9c8817ecde097122e8879,816
5ae0744586fc6371a995961ce653b52c31b7e301562456ae088aacd21518749a,817
86f171fa736fdeb5b30e708e4c1e3bae6474f1afd0b0fb7e4b8a7c375b69613f,818
315a4582c6f4cc6c5fa919332df56eaf6fc2738d6c4aee213721d9f04b9c6b12,819
71fa0b2c509d164d1e8bdb3ecb3f0e922279f8b29ed2f333cabd6f732d891fac,820
0ca8338d8f87151982a6bddaf320cc1fdd08205ba6f89797cf64e2c0797e8a85,821
c67d0e8121979ec79570dc002a0267ae3962148166959e552114b675c52b0bbc,822
3756f4772c73473ca69da36be822ac6a6a425c923b2fe12a792b1b459c5c9997,823
7eef7feb1dc0bf36e2978483fb9962796bd0d24cf76b4351768d4e46ef05d851,824
0364640c12b89ea674b2d098688138704d70d0362d8179c67fa58766ad103f2d,825
1e4a100bacc07458295f7cb2ec7712eea2c5b14000991fb4deb29f87ad1fd67b,826
e8cb695a1ad0fcf0a7c3b1e02c5dcee2ff909b52a7ae679aed830bfbba579db2,827
0d2de9b18314eae810aff5f19e35d0c672735d96c9fcd22e0e5b5139d153267c,828
9adcce396f50c86d3ee7f265e5023aed79b283e410881e1efb608c48a83b777b,829
5f736a419ee915dd3b6fef1c5c10efdfc48b4768fe5602fc0721a1fa57128f69,830
066575e22efb8e86dda00e2b27cdfcd5ac95e5a130c8860d82667582868731a0,831
767372a1315432eca89f548e757dc9d78735d9fdab692f99e0d1e912fde7e50f,832
d3c13e4bcad9adc538cd8ee1b21c71999d67c01f01ed55bfeb211aac65a730be,833
38e44e88529f7d07ba255f3589f7a6dc760163c1ef4e1ffeb76ac69816c50cdd,834
7e93228d4bca8719fd5e358110fc9aa2224151449e4bd58fe7478d37954f6c95,835
96cfdcee3be6ed0ee89950cb2df3bbc698f60b46d222058ccaefc807327bbda3,836
96be16cf3b25cc5d92cb1b51ba2cb12bf9d0df978736e70a30daa4716ed35674,837
d94370068aab243d6e13c4025c21ee8f7628001a99146e655b03dda81908d680,838
c1707d18f6d185840bfdc1957c9a58deea096e2fc6d274f4180d980d216fbff5,839
a0d9a639a39fd78dbee7de5b9c6117ce32c79107276fbd553ba51e3815a9c7bb,840
d5892a9ecdb110bf2ae75f0cd83101a613b4acd518ccbf59ba2d648484e91fb0,841
b4e85656b0893e274d46f114acb3e051e734b8a4d7a7085cb38324ec2f884117,842
2b80fabe648c8924d2d624af42eedc08c86e7339dac6f9929be587c7f4becb7f,843
d24eb9fed1f7476debee951f67ed479e33f47bfae1841e1cabe6591d4a172402,844
9aa7b165176d16c74b7b531cadb4650bbed746f616fff8d1430822e4186b27cd,845
21e1110039fe9075adbeeab53df6262d9ec6558bfe1362367465262abdf96016,846
301b274e0114b7d107662a9cea43fcbe6d18b652676cb0a77187a4bf7a448366,847
6e4edf51b8bc185c720415eb5c34193931667c20db15ae49127b3db162064d68,848
9313dc7a3bd182b48c75b57e2a24f88b075529bfc484b6e739bfa1bf99fa87d7,849
91de29330de63e24ab6ed254023b8c3b9fd0b54918bb1b7fccdc0867195b00bc,850
53a6f8ff7a3c76db0dd4fa410b2d8d3b97022e43c311b4e18a19e3f7fb14cde7,851
f308666af614f6117354143806b06f70dade60b003abc2b4c963ad805e3f45e5,852
80bdfddfaeedf117a544283afe4047dcc75dd1ff633de2c14c82578b9a3545a8,853
263fa81c9ae9fdaea3e095f7e09c107d166a540c74de201cb947accff100efc1,854
67387c365a5f1ac1ec1768736b2946381758904dd8cec1942870afcf25664be0,855
7b51a2447579ff07111d6c730ee4d4fac8aa7f50479813ad3861132ad5ba9457,856
34f85210e14c12ff571623ce0618a46b33ab7d64d8350e6649ddafc811c009b2,857
ed859090ee8f32ee19bdafda4a811fb15f619e0b969fcf622b49354b4c129416,858
59c16a2f2fd8d7a47f8a5dfe2fd306adaf55976c8b833175c8c93b3cb2f1555a,859
f2838c97c5b4a573f93fb243fb3f4aaba273b1413cb6105887160cf648e56cbd,860
81e10c3bad4f3fb72b8c0c1928b200779b1d8e00a839c9f0216d8e33a7517266,861
21397ed8ff0f36143c5eb672517f01eaf502b2b30bf7192526af19726253a5ad,862
ae028798e2547a1ae5cc9a3146f55712c1edc12992fc827e10baa2c04a809af0,863
0ae017f63241b94b59c346fa5a7c1afd7ea22f5ae58ef78050afcfa7035312bb,864
ada53eb5ba823b85dc88cb6a78a1473e4a3fdd19f79582eb90399a6fe84f8a2b,865
c91bd6aac3d5f1acd3d4f710dd1860e0855459111e9073098774cbf324a84596,866
c521c0b3444017dee667b12f8728dac88de1367e3ea133b6c5880585707ca26a,867
8eb2333de23a7762e504958c47d9b00ddffce94cdfbe24168fe9e161ac831631,868
4083362cf2e8323818545d6f2fab0ffecf400c9dee3eb473c3628db541420205,869
d36d9c00e0864a3ce1ab4827fa652f3e2a33b71551f9f9e17e79b35f7580dede,870
a53af7315354232f69de37ee909f4e34f4d9918ace0f4dc7e712cd0fa5c9ffc3,871
d9063a71a4aec4d085671399bfddf36a7d91f078e57fd0a11517fde2530a3857,872
3e90759d2986c0523cad07d4a2af541392c2bf99cb676cabe535f06fc7f37f3d,873
5c14d507474e388fc86442625da002a0f37d145f90d47994ec52fec7fae5c933,874
6acb918dd6d7ad94af02268071dc7ab959dd68377de7eea43c31ac890be6f411,875
bbf559d9907da3d6586fb5bbd9dcbd4d8cba56683da8876d542b6a3b8e79c4e3,876
b77586fdaf1794472c6210f25e62196d5ee89c34b2da5cd522ac5183ea7583a2,877
ccf3289b7e3761f4f97f63d37bf267f68fb91a721bd1cdd5b11c391d94a8c86e,878
be5a1cc8be45ed351ac5ebdb75587e30cd6aaa210db8b610d23070311a0a87f3,879
a005a53fd95773068b7bf5c5578de66f3cbd586f9d05b7f6adb4c0cfbe474663,880
5e6057b677547a81e57bd1a93fac0c9cf83eddbd7b9e40031f90c9d35007c1c1,881
a81ec1ede5d3caa51e4f153966727bbfe48af1fd0d8cfb66efcf41c8ca6d1a9c,882
444609ab284c528ca07e78745f5b2e6c86e643aa76d0196b3b15d1400fd0b466,883
1cc8d3e5d9253a46f8d89ecf064353020f9528f43c793840a529d93306731298,884
6ce2ac46cff4d436bac3fe445347b5d22ff2d623a021a8319e2ad642cbeff762,885
753bc550c0167e6899c6b958b1247765a953baa02d0bde616bb1d7491464fb39,886
885d5d3c51173f4a331fd7dde49f332b54ed829b9620e9b4a5c1cb3a3a867763,887
30b215f6555b124d47dd36497ede8df4dfe51e7421a34b52c0d03ca3e62e3169,888
3f0d35f0c1cdd34fff15e23e60827ff705d935013e7d8ab36d25561021d4acc3,889
a8044f31cc127e76727e6700ac06b9dc09d71f4adab4bdc771c0d7eb4ec76b4c,890
f246a3594cd7341c0799f809674e4d3b0644917b040afaa26448411a98e88648,891
32d2d66f00e79eff348595783e6cacbfc1fa9cbec7da397c736adb56dbc29239,892
697a2b25a64039ceaf45d696e7b64a1e6fb9e76f0163573663060d8be427c190,893
93c69cca2b8738b2a041664ef44695d7d657b6ea30bddefd7ad8b65f5ba33715,894
47f69e320911140ed5bca1edf84aaf41c5c699bc3c1eb59b11ddcb80d4999482,895
d945c693cc60807e332995c4001503ab675f5adee969eb8a6958590daae5e827,896
78e7867d6983cf4a4a0fead003a50cf1cfbf605754fba2e6cb74192318955658,897
bb248651f9acef1eb796d8d5bc1b62faeb9a2f4f26ae2af4a24dc55633bff06c,898
f861f9b3806f9d413fa7627237a5e6591c2244212a001b7688108e3d32aaf26b,899
3929f46f910d2cc1a83353ab4daa96c3ae17479179bf3866fe56570180deb4d4,900
1842a3904973a7c9f72e42e0fb54c8e836f383e55f3510725645a8ed58788ad6,901
958b58bf57a7cdfc86ae0653dd814f66b9b62fa163bebb84c7af1a4c6f306aaa,902
e8fe0269f490c4ec4ad18b437d77a509bbe00cf5bc8c34240dc50a17a9e8e740,903
fa54d44623cd5439816a69f5153189dc4f7054df55b1345415e6f9a9688ae1ed,904
3414ff934a35ce3eb43d69c60d6846757476c1b628c55101844eefe061439f1e,905
abe473f9d04f9a0d0ae1d7131a22c15ef57ddd723e33f4022cbb7e857e2dc872,906
af8fde292f1c6aaf6752fb1ef3f522bdbf2e409e435cc55b9a477496f5b55cb3,907
7251eb8170191235156b58027c7d81069e16e3d75be6bf938537645816c0eae8,908
4738e02c76d7eb93c63ecca8cc44abc43d82174ab3b0cf437591f8b525d9b29e,909
9a93464b0f97abf523b5450dd43a9fdd14d4a303f749ec15efc8e80d17cef261,910
5489392877de705691767cb20b8d3911e25af808c7648499ae24a0196cacbc11,911
630a0a413f9dcd3e29a7cee185fae67ca27c813340a58403a22d0a81535aa048,912
bd9522ccd65ed42e7c93c65accc74e9b6700e70965287edbc80fb511284de789,913
ad002633639c30dc39d4f92e8df306702ab65aee5212f93aaf361a3c308c902e,914
d1f7dfcb808c57b2e613e1a65a42238d5887912a5b208dfeb2dac9a692bee246,915
ec5526aca9df4b0393a4f1994157e779bfcdec0196dba1ddfcd811eb14c4cecb,916
7b170b5fbce0b824843727d01f1953c2b1fc88db80b928678eaa7ba5cd9a85de,917
a2aa901c001ceec698ad0615307d71051a40cb1a12a5d2a00a87d16b5ba1ab9f,918
3ce3cd82f4dc95490ab2712c4eb5aaa5c796b4edc3d7a351892dc13314924f48,919
0d737594a0db9042742ed4eb504bab167f3167469ea7c34b5f1f2ae682e15d9e,920
855f2aa5ebfc560dcba9615ed7788487e62b3eab633e7dc62ba6522f3151bafb,921
78d258370da6244bda62bd1e74403e0e14af78260bfc657c8afcde969c8df36d,922
43e7aec7f96dcff4d3c829627af8d4652ae67af766548d396523c1f3883774bc,923
58618fb2bee680bef46ef8f81300482e27499ac4d5f97afb91b08b7ead4088c7,924
74db4cb052714e5830bbee960de8b8ef61d362ef975b4c8f93b1b57e6c32e731,925
fdd49089c6b180e3d0b7287a239265b16e07ff88c011f2fce240712293e54513,926
78ae023aebf6a0d99ede3cab06223820f0e5d9443cf5d5b59fa8243dec5c6b7a,927
418e6e6b8ada54c662409be5cdbf2c550c5a7ae837a523bd1fc987a2e46fe1bb,928
8afc5ffe8d7e9bf6bf1807d43c35964c012188a4796f9e4bd9872e46c193b867,929
bc7f5ec9ffbee88df25e4e8319cd927e73f0316f966af68d100533d13f4abc19,930
71d47c58e967a99fc1f10184c99aa08c7de7d93d6b3813249539844b8cc5e49b,931
cd41fcae9b3130fd111cafff925c118cd5d2500bf988a927ac552d87ea31df03,932
24663baab15823e49df9d250c7a303ca5ef79d268bd3f024698190637eaf0445,933
618530499daad7132bc320d2a51d6cd5f6d6af77aa44ae0006ef291440bcefe2,934
5264adaa160f0ef51fca257678dd2f9cd04d8c1013c8ec5477a1fb1f4f77b8c8,935
08adbe177bdb2c004c698be6bf21f43e515edeed23a48f72cd4f01cc743238fc,936
1b4815a5a2ac4d95866fba564364df41ecd9d10137285cd621f8f836a5e796b2,937
c3112496e79e56a2a67ddd26736ea8831f0c145e43f496412c43a620d3279c79,938
255989dc935fc92178cd526f6d7d87f06156a20ee66d94abe6a3514c5b8fabab,939
b23a6da31e54a4129fc66d008711618e33fe14c383fa6c999dfc0e3d0495b457,940
90748512de75ff3c8771f2bc662032710fcedd78c1b876af8bfab783546d7792,941
98c64f33b1e3ef395e68f467cc80fd38a00a23653175c475bdbcc31ccc6cc759,942
3632d892cd1144b67852f67e27984d5751c7cb5f8c234f8c9d231fd8cb244832,943
9a088431fae400ce6effc670a1b25d04ba9c0a3a3e05bda0f3ad9702792ac5e4,944
5700f187907b42e2b1f49127dd9aa2d05208de3d3bd413e32a9158c43aeb44f6,945
07ac98017b2a63702205a49879fe8d4112dc1200de5eba66f9787f0efe18a37a,946
b8982e199ee137be33ec6e245edc45e753d0da1b5289a61dbf80977fadea5503,947
04e28990a19235dc0b8d73f3145f990121bb9b3b17bb5618fc609177de6d1276,948
462579fad2d854d04034acf3325c10af39891cc99ca2cda5f90db9ba684c9c30,949
4f973b4fb7a377629dd6e0d3cdb301ef717b391b4696c71beaf25eab2c062af2,950
1555af449b54394ada089484b4b7181330aeab695e47337c719787c81d45ce92,951
87064672735715149cc889425c47bee344d7006d7f445a17016e5363f882dd41,952
c6bbcb3980a944ed00994de7d2f260e77928edc98d196e1870ad4dfd02d9f319,953
9c87c52a9ddabc4e32c17a34a89e43ebafc7fa67f485f5c61c038dd88acc5f7e,954
86ec88d14db0111db502cf58218a393e035fe400ed27785c1bd736d69bb69321,955
2ea5b4c9931e7cfa79397f563d8316d52bfc4a3bd7d649f56853be05b72633c1,956
86e3a9d2908e23bceac4279a3d6450c1891e36503ff30731549cc06720ba73db,957
4ccdc049719a5570dcfa43713036f1b0209532dfb8583f9b2d9f79ee29b66df4,958
4db42519ba77916539dc4f121c249e4a307d104f3c0585708ab56af72a863f42,959
a2702616edbfa1e929f29d701425d05c282c1c75c6175431ea2965a3e1e5c1a8,960
2df4f51e43ab3f9ae3d87f8a75dfc50bcc84453b17a5b7a0ba83955cd0798d49,961
4b6ba3f79c5767baed5cb695aedd6521c12af2eca76b97a145bb961ff39c1fea,962
7e289860c0ae5d93275fb56da882b3886eb82f18f9ae0d75958c44f8154059d0,963
aed4727f2005ac320788f28a11e4b646b43555f6c5b31c7834fb103cdc3a0016,964
5c431c043d0bfcf87f4fb709380b941e217e79adfa85a17532abea0f4c182faf,965
8f46fa73653762f669e562814b038ec7f1f58cd6c46ceb0fb2d43a939d9f130c,966
a2bb3acf95e595aed4e41eb719fd6b4b2d2edfbb9b6ed51008bed87922955ed3,967
1430db641addd410229c512690f42a579e48104a20e889a6a5dd2c83d9fcea26,968
3ca7af1c20ffea3f85003dc654b2af6b5063210bccbdff0241960292d0691611,969
32a5f8852eaaa1c44e3d01d9e50f0b5a2cb07febacf01ba6232be15fd5d692e2,970
a6ddceac8e3c2859966db5789f0444ec43f0e3d67965d632002904402fad408e,971
69a1640738fd5ac608972ba26c5970e3cf3e137b8103191e97029e9f6aca6cd6,972
cbf8663b15276f497aafa064e16aa5465f019bca739abfc1b2e8d347f02fac60,973
a0cc274045a2817e8d318218ad1309e56d8ad33df7a679f8fd03489cd8802cd0,974
326b7764b722b9df597945072b8c2742a046ce3df32af0413cef3ff67f8864b2,975
f94230233f0c835dd90f725be6d399c965994c9987d1b99a410e35ebb587c383,976
206a822b18b519125eae9bd6b3cb4d9f822202984e0cfdc4b0504bcd75d7c2b6,977
837ccf560480fe52da73762c55254e9309bb91141f60bded215d8aa80343604d,978
85ad759e39cbdcc298c5e6959b0c9be35c566cef3fd71f538b60fdcb10aa70a5,979
bb1d992fb7625a300d5d342d8d0ca035bf761dc43aba1ebf5618eefdd93c7915,980
22e98ebd79d1f0ed213d0be823f95412ddc5257bb4974df76c54f938d0a24613,981
a0981e821373b524e7c3069c44cbb2a72ed4c845c1a3be93b5e2c48e0f93d0f1,982
075facff7728f629cecb96bc824baf7ab27cd24253fe06dd36a04ef8cff4f835,983
c42b612231940efb11345c1401ccb07085e6d0291bbcec8d063fc09666a29bbd,984
b3bc5856b1a9eb36582abaf204bdb342e104c2d291c7ee2e1bdbbfa5b46df4b7,985
6f3ef22eea188869ac93797061b2ced9751c568d95305d8b76bab691ee387dde,986
51850cbebc40ec03007227684d2836eb76f0157fbcb5313a369b3831129a3b1b,987
9e19c411032114f85f8f5582dff2d5f21f7b6cc773447fee0eadb5d3b8ba5878,988
7a5db1e9298e4ded18d471dc1f5f0b0824e94558ccbf8cf0e6be146c83cc41fe,989
3de80f8623f19331e58fc141d4e6e2c20daa8c0fb1b60da024449502527626c3,990
daac6e784ec627d1b715d099b251f8e1e79457100c9693430bc39c1e03e703cb,991
e79230cdf28445edc627ab1c81ff540a664a6cb92ca715a6c70d5bb7f7224644,992
518fb631c7b91b2d8f441f1d7d8d9f5bdc95fe2f005ec70cf8e8b9030ce5c8ba,993
e4ec298affced1fb31a469a6bf0266e477e168732b36ffe055ad04df5d5300b9,994
5a3590a2aaec38e246a0c1613ef27c8191940af3a738375abe895663365c969d,995
10659da479281451d6af67b0863410ae4f2b59a1cb6f8bf307e39f010f0b8c8f,996
f75c8bc7b882d2c5458f627ee07f661e925c6970feccbc77a105746c117f2c5f,997
338c0a4ed3d474f7893662f0569ed808c923e4f58929260edd6f60f03cdd4e78,998
5bb5b991b12ff82a9525beda287e0a4d5f3221099842520de62a6212d735d77a,999
ddef4f70f90a076d796a5750e1e658d7362cc6c371387e06df43e532caa201a3,1000
5a3487f1b64203f40aff8685f6e1ca767af6c5e3f80417d7408763f322fc159b,1001
853727f8b15cc4b9886097d07c35854bd72f042c1bdb89ab06d07daa41bfb9fa,1002
53e4e9035d5fd384467e36d07796f4fe85c78193404b24f64fb52845ac42dd48,1003
4fdb163ed5ce66401958afc3d0b3276a30d3c5ed512e6a95f16edd221c5ebf35,1004
d46b8cddbbc1033bc28db7d594a96ad4fd0499af0a5915ea3d2f5e479b964101,1005
59b886c1c88c43bbee621e71e771ea7b6f6ee3f1017360866403ab9991964241,1006
70d81000214452e2654ef47ca60e00d3e945ad55806f81ca93022bdb1bfae852,1007
e3cbe6090652f8232eff790270bbcd2a270836ebed269a3ef8196da7f640e0fb,1008
7836d942f18c465a7de0bf308557c91624fd2e9e89aac581f848e2f198f5a8b3,1009
c70d74e84578578abe69ab8c245f985eb749881462b0f6c475f576c86297c5d5,1010
5ef5f96abe16d15fb17a2c861880b8b5af0543807c390f97a4541dc4a7e52cb8,1011
18ffc60f6bc5bbd33f21af7311319f71b2c9cd1dfd861881d29447c579e6e808,1012
bf6df13ec1013b73eb445fa4beda18b4f644ced0981d487bb0d1dae24f2b6101,1013
030d38b8a62a81070023e43759b9687436e6d25d3f8468b5ea2d658e18aecc8b,1014
06284efca0b1557c72f6fa756f52ed06bdb488d77d90a78966a84c59b535954e,1015
041ac29e69e040ef1c110e640e2203439e5dcefbafddc06c781767719c5e8aa1,1016
fdae71d7937aca037bdb61b63c000a5b8f10f5df56067111d379da22c51f7ee8,1017
834029d77df3f1c6decca4b42fe53dad90090d6e875bbf15ae1fe139ea501671,1018
b8fe7884d9e80cffa4d476a2e91702012abc1eb6c9a3f3be3ab15abf6a36fc1a,1019
f2dad08830b13b34c215e34949557e61d12f82d92ab33f8b111ab8dd2a6ee06a,1020
8e2c4770c03ba674d918014602404d8b7a22dcef9e050aafe4e372bc516956a6,1021
d8bf04a69c3a8c344f9f8baa72e9cd62b2600604de63da251c9112cfafa2164e,1022
a00d1fc922863bcf26abbd06ea82a7a1bb9a33e09e3c565bd853f9c05e1ef5b4,1023
087b601a51047d3b5f73b41028baf6b4d3bac4bd67804161b245a432998cddf7,1024
6045cc952f34eff512ba444066a08dbad6fcfcde7a0a2721fcc83544888c3c0c,1025
68d20e9756cf7de52d9684f82242ae9f87774273ac4bbff2f14b5427e889ef5e,1026
f4438846faec75776340066ee14fb8c6f65dc668e425e3905b7e58cb0b98f892,1027
4b4741cce2b6a27b552dbce872051a2e3ecbb0d005f3c06f500a6eec38d57c80,1028
83e13ce37ca95709ef42ca0e5755bc685d7c1ca0a4afe73934ab2f2ad0e394fb,1029
c25fdc101f6c4d417eb3e07ca14e9166cadef7c1437013b1a6cb1d006a02081f,1030
5fe8a9a35ac1f9fa0b7918aedf0b454b668d6ec2e658dc8c95c2055d46d7fdd3,1031
24804a239a345130ee403da1f747b61675cbbf6e2336b3ab5694e50a5f98ac2f,1032
e1a6269bcd14f06927f2353eb7809e3acbb99a937e366f80ef84d5e5294206f0,1033
d8d83d4c88851706320a99cbe509d7f335ef653cfa8af9b36dacbcdade3d4ecf,1034
bc76abcd679affca51567a6a367f0c029e544d69fd67a3eb3233747775aa3b11,1035
acbf099bcfd02a99364898dbf7abeb5490fce095a197d7cbb04d0c6381d66028,1036
6e2a6c6c4012d8cb27341ec293a1573a04e60e6a3a14ed759db1e84bda4b361a,1037
dfcc4c2014882b87933844ba79606d89c1747b54878a2ee72913781c63a7e83e,1038
c3055367b348b1b3e30be75c2b7d39d174d6f3ea0c32832edc2532361fdd7a0c,1039
05d084693e581554834ea15f79064cfb3dbba2dba51379f4ff416113ac0ded29,1040
51c5dfe4d71495c03ba799fac074350dc401a2e4c53222cd8c211694bcc39ca1,1041
0e37c39cacbc727caa5e09fb887a2fc010e859d7de1a57866a35be85155295bb,1042
fc23de63235afb6eb67f54da99b81ec32607b2cfb383acb12b2ee12a319bc665,1043
199aa1f3879dfcb2e2cf56d1343d5f065d51c36af02d42b4ef28e31380158387,1044
1f8109165a8473eda1b29cb0359edb75307d1c9681b86992a950b3e65188655e,1045
11941fe797c4d0e1939489be926147bdf6648d2bcd88011feb473c0a0b2f36b7,1046
8747f88fa4a25e707d0fd2e17357f4ba48c0226b17b1843dff5fa32055fa7fb6,1047
cefe446e851d5027584345c332b8f3dca2d4a0d603bb9a27f3c9ee80bb86b489,1048
e9bc2928667f882fd4b7922e50b8f8901160c2efd6fabb14602a0725d732f7ce,1049
0252fcfca4d24e0acd0a59e4892ae07b166ece9640f1a14def66ce2202ff6ff4,1050
74bbda13afec30c9681c0f484983f65d9c0a96889f7d2bd402bfad172e4de6e5,1051
59349d240ee39141438bfceef2f5a08655cd50c1cfa309cc18659e0a390b8b81,1052
5112819aca9b2668e5c2d9b39aafd2a74375ea921a824a4bba692651d8bfae31,1053
4c95999e7d18bd90dd0f78bd025e1f671d07266d6d45537cc0e920c9938edbad,1054
6ca8b4df51691b8f715c88cacecee3745375d28329ead014ae29db605b0bc9ab,1055
1bdf3df37ed95a22a8bad096ff0406906d71603eea632b610cd11a11b6aa79d2,1056
39d21dc11e08f6cd54c8bb2b6bfbfb94ad3c76b448603bb41d8b6a5097757ffe,1057
adb0964cc17d2a17952271bfa21d62b541b7ed02e71466b7366d451dc4401520,1058
6e09342811df6041f70795c6736f0946624d7e80a651703f4daa2fc9ad1e7d5f,1059
734cbb82b9a162aeddde17fc6b2f0ab256a348a7eb861278e21efc0176aa09cc,1060
c000477d66caf4886e0343346f919135f604b82770ca4b8b72cf635ed59d3b7f,1061
541e62276b857080cd91001baef1f19b99e10a331f49369feb5de52893f034ea,1062
1d795710a5d268baddbf41759fa7f42060d7e24480e327ad60cd8a511f71cb21,1063
6c2e47afbd78aad2ebc820893ac0dbaa71eca3231b7d7197c56ca60c1e34eaa0,1064
50ef9a3047b778a4bac59f9840dee8628254030429c1e3f68214e4fb0cc7d8ef,1065
4d64433ec92f27fdd01260010113b1b60c7c75256423949342635a63f686ee9f,1066
3f2e9b3e3afd06d86f3e1e57e1f4447216483bd45b6da3cf7ad3f1f71364e5c0,1067
3d8e06d597fcf90f82592ee6612440864f0cea2b5e513576d71cedce76c21446,1068
bb7a5a31f073f5d76c145f4ce7ae6f4b591037e98a848b5debaf9358e2e157bc,1069
3a5d66bf9f1cab53619830ed97f7e1f1773bd42c2b0fc81aba7b19d12173679e,1070
05c61bba05b921ded26d143984c57d66989d7f3bf3692863045164537f7844dd,1071
2dbc366b710c4c483f555550d02af4b7e4e38a32ddf2789e99ddad90ab2164bd,1072
fde293dee964f0826cb765812d23022bcc09a06556b7baa3cda12ee15c06fbba,1073
d822e0c4854109670f4400c3f48c7b9c781fb0bb85daad985c32f53b4d0cef1c,1074
b0a09dcb06a8252dc5d508d717ac8379baa13aef670254dd772f0e701b847e17,1075
fc9cf34b8cdcd4d832a9f519c4e12ac9c98e1a2bee3bc647f0d1b29d9533093f,1076
8e2e85d6be5ce70006509a80b650f5212df27e61431911223afb90c7e7a81d7f,1077
ea8070df6cd0fae68acfe5a3ed16ee2206f4481b39b7f5ef20f742c6b36aafc2,1078
e2bd2ec74c088ffab48df2999e3a1b72879d70fb0605a5386c4cf998ddecb376,1079
f5ba5da6013303888198e7f071de889c80156a79e17f27833bc6dd96894d7d92,1080
02c367714c39059e611b72a8c06422c76740884a81c61f0c0740a058f98dcc06,1081
e654461b607ee6b9c577f0a8f26857218cd198b88e287fb2ad1741f18d637b36,1082
0c6caef1bf215fc4ad411f61cf75922fe806344425d302cb520b4a622096a903,1083
233689238e746531ed5535a39898ab8418b76847328f705f4f9e434af8bfb1ae,1084
c0c86f3a702fd0bd00adc594b6fee40f1644d236f818e22831fab8c86cd09247,1085
4ec8807dc6efb79aa30a0a03b60d37233ec9aa2bab706a040fbca1a18787359c,1086
548eeb70fb5a5c4b5c2d3154ddba4bb0359849a9c2e8b7916c38134db09acd91,1087
3da6bcc842f33f699334686cade66790edae5ccad41d1edcd6563947dd994943,1088
d3687d502f392cf5d4f4f0f6050f73b1f47f820fa5ed96f00224ef28ee0db5d3,1089
f8c0302b853000ab5ed8437cdeca1630d29ef4c424edbba44e2b2d2339fb3164,1090
e3eb5e34c294701362cdd09ddf2fbce18166df58019ced00b84f3e85f1c0f3f7,1091
f9f040843207b7260619a05f27a4f1fc9e83f48c95e9287b9a7dd65ed61d2685,1092
148788357a5e3bf61363912c92d5a65bff82ca0d4f3fb220717f51f50eeb3cca,1093
d8de23cc2f4d56a5239f1a17ce2016345ca84f84ac64c4ff5dc795c270766b52,1094
ba8a34f6f1772fb4590720a61576abc0e400c7a3dd9f95e01ca9670d6ebf9b37,1095
e0338eef5eb59484b7448617fc7d4a28973a59458b56a02370a531665fa059ae,1096
743683ac87dffcc4558542fa20be05533ff89222a41f31ce727ff33c9e6f4475,1097
392e548c7e528a4fb3ccdcc31cd2236a60f5e931a7a1c948afd797e1ff115abd,1098
5e4e013d0afdbd95315fb421a5d8b8df927ad227007e3cafd1c97d77cd184604,1099
8890433cd25b2d3f4d6c1157df30b251978fbe487dfcb7709b5565fd2452a297,1100
c1f8135780f0900b5c59d038b5ae4c11cda45a855bd903348f855945c682eecb,1101
e55ecbddab5aa66e8c36b26cd31cfcc8d8fa21e185f20abc8c80c64d0d51d137,1102
7b391c9eff64144f7239019ceb15961a663d3e8c953c2fa5c777438532446cf5,1103
1698afeac51cad5aaf6271c7f8af8f352b4e9a3bdf9ec8382e66df26de1bcc2b,1104
e535b6d74d62f60bd0a92b7f4f2e585208185dff612fe652dc8eef197127bf6a,1105
961036e9fae6b965ab21e5615949e7c2ff5094ab50553bfcd6bdf975f8f76be9,1106
07aab8cbc644a15ddbb6517f29c968885eccd9b6629497bd7ccd371a067256f1,1107
006f8c43b412da8f15bf59eadf10a63b0020d05251b86ff9913deb76f0c6800d,1108
03b7d02479d919ff8b3810f0b1d512abc30cb8ecfb2eaf7ebeaee2e13978e275,1109
a30dc6cc822e68b6a92efb54fd7ad6d32df5a1f6c4723c4b8354b6e08088286e,1110
69d9f7f76e8d7b847d6eb2afe456d9d25fdec734dae41be30a4a6e5119332386,1111
e8cf85b234291e658d487f8d6b3c7d83c79f3aa1f63ce5412957ad47f7ab8074,1112
53dab2f5a0c18c2bf6f83f275f2b7f0fb0545dbae6a8f02a42b1c17bf305d159,1113
ee5763adf96528ca955931751598354d4adfc9752a936c1336963d711167f83d,1114
be6dffab680d69b1051b022932c4c511342faa20ff04374b0032e1d37acc6301,1115
e6a1a6344ed86c78959ed9d69c6d2bc1e7ead23f9bf15fca8f44b3cfb0bbb153,1116
e570d500701d7bde16ff4739f729f9eb2a44c1325635fb1ca9c2b1021e13fd1e,1117
a647d0aa251cff3c8d37496e3579096e1a4959401e08cda92d53369ad55d9462,1118
f7c526d006858f110e10b20c203a4720dc4f3ed634afea41197a7e15afe9f118,1119
918710c977b5326860be2dd6a5fe9e08c793a32609623abef40ba47aab6593ca,1120
672efa404129f23bc4fea6e7a14e32d5e6584a1adb6b959f468b3dee06c1d0e8,1121
86c9041db755d6569c6f6e5f8e10356fba1eb43e6360b076cb0309f8e2226121,1122
bc45b9c57d116afab5f42f93ad611060183eabc3bd35b2216ca1139d84422227,1123
cab324a4957a27ab98a1d642809a0cfaa4660d27608dbb3bdac140e9216902db,1124
2efba1018f2222c120af8ada908f87da900c42980db3efb202bf25bb1077b355,1125
5f09485bccb2b3eb0af5c9cde30ae5b0bed7e234779febb6222ce6a7dae19ff8,1126
a138c53a8e7a6c6ac5c967945692a5502ed5c43ed37ef22648d9eba242643da5,1127
ae83cd737b06f5853c9ced7e9abfb5844ac1ab6a7c607ce0e0a19e85fa592cae,1128
fdd7dd935473d7ee47f5deb2fe47d818afecda2d18e4ba84047f199ae632581e,1129
0921a11c440759408a062198e47c00d4092b0f3e80ca33295e7cbce3774410c5,1130
70650f32b158ab608508a530d3b7de24048d325b8e3b8f981ecb2e844d747639,1131
24546fc5354200c9cdcfa69f523f5db8efaf45c712402ae29c1e2618c1d31822,1132
49f1453ddae5d25bb33b179c4d1d01ffe3183d7e5b8bfaa37a851aac37835158,1133
1121bc12a3c6e2ae85bbd9ed7689f321e13b8053ec0646440fbd1a0e718a2ce9,1134
176ce9cb0ed33fb6b49be99436fd1120a8734ac8903ee503d837b47534827cbc,1135
54c611414347ed859bc672d32f4d254850ae2b547fd8212aa0d357c9f111b58e,1136
9cc64bb82eb74c34c722bf91ad4d4660f946be244896353d7af6f33c0f5921b7,1137
221e6bc87e3ffb662779a1388af06e3d055b28c84e8edeb2ffef9162e6d1ab8d,1138
fa6b736e77ad2688257e47c105f097acaa4d25d03e99ad206e9a1392fc6c4e1f,1139
2ace26e9f5f7f5965d17ca27d79c975d6248f7481818766b3930fc076e847070,1140
f509c3a9da56d917654e4fa9fa58f1e8db0b7551eeda292d4fc684b1472f56cf,1141
813c4bf9b710f4799518ec8a34eacdb4d82a26513e20c9d039ad83c251c78331,1142
304ba5c63e4069216d276af86952825aab41102a2b52b4845d1ab02e765b3910,1143
fcc474366794913728b2d612276b5e40aa9780d838190352a4a241a01495fb0d,1144
76bf11a8e15313f7a9baf20c930abdda0039fa7ad235053d87f6ebb0a85366ae,1145
d6951ced5adeb207e9c962e03d7c8a8a25f655ef16eb96f33a14cd80fed2b76f,1146
929d1bc93ba0bcc9065a73bcf69d7cde098560419cb90fde5925884754b6eb11,1147
36c04d8357ea1d9c01340080d9309848010115000e9f90ddb999d9a3fa6425c3,1148
41851211ba31ff1732358b67d741c221e75aee7f24c9f03a3a8f0b8fe0535473,1149
355830b3529ad1609941f58ee8f454c123d6eda04a185c30927d3c8f735a4573,1150
7c94a67dbfbe441a1c6bd9755bbed53fb4c4094ace59e643d8940d79ccd3c867,1151
286e8f5d8c283888c3eaef10d46b096c282265c83eeead7893feedd3daa6f261,1152
8afd987c9307c4cf26bb986c7edbb81a29b6a275049c4fb029baa20d7b089815,1153
b87f134a499df7bb1b23184c575ae8a9b8601604581a6f23a0da9ba60d420964,1154
f2963ff5ac4a4f9a18af29f5301d962b86844fb282d843bb7f4b0b09dfdddd0d,1155
598c2dbe453d6d9dd0746fe79b4ed3b1a38abed9a6cbd193a5c25632bd61044f,1156
ae293057e80dc5292e40d9bf075bff28f998e39e47e78609f7514d39165da5c6,1157
d729712309fd5bb4355672b9df7b297e7a9efba36d032beacff31f44908bcfdc,1158
f26534d9dff3f0ae9d5525dc5d858e19767060faa3f77991c0dc6af730c8ad68,1159
9170c6a3ddcab9f925e703c325b60a64fa00e5b29355af5c92541e7cac8a85fa,1160
bbf2f3518683fb5a1455dea8caa0439e689763bafed861533a8885512e5f2386,1161
8af867f7f2983bba5cd916014e405148376d6a33b75fcc9793fe9810ab3ba52c,1162
dea967230fa0a7a673a5376b51eb641318e7f1bce7c87108a297a3d6a2aba60d,1163
f7aa14e79f517740e218dd36a175c93c67dfabc7a4b3a3ad4cbab65803323ee2,1164
88cab2a051d7d445190ead7bc2cf0fb18a5de837e298846c5d7612ed86f4f6b4,1165
58a36f306e128839680eef35102988c8ca84e8defbfa6985c603eefe7ccfd5e6,1166
e3c35e89f74cb03031a75e8ece4208302050c3634266db6d42bf2e3b3218dbf2,1167
495347a60cf309e2559282c4e5a777ac083c74ec8cfeb56246166ec6161a388a,1168
f407cab007d40b83b70b20d1863db9bb5929a76b59bb9bd3289bfe443282e630,1169
a2cbaa21e4205b69137fedd7d29f5614b275c1bd24730bd505c1a976261a9268,1170
930f5cbb6924cea46df589371fb88aab95d04fb274834406c2b9777a0325489f,1171
182b7f7c983aad69f93c58e57005dbcfaf7f54eb1d005287c371a5d06ba10e0c,1172
3c0a194219b31d395105d1be9fc47ad13f70158cd56ff2ac8820cf242ed88a50,1173
4c3aa722e6caf741894a01672705ca68eb621167c46e08a8417444ea1f6364c1,1174
0d15b2603fdb25bb4d87149792aef48a13bff7587a562f6e88a06c5f865ff2ae,1175
1b3ca806023c937d07ed79977a7e0da608e9dd353ea342e1c3ba61a278e2c3f7,1176
16677104ae6328fa27970e2bc18d1ec48722456675b4ce7da85d53a2bb45f067,1177
14c5344e8639809bb9a8adf325c9a8f8daf5ac29c49c2a286a909c5345870452,1178
6dd7bd259a9e7bd51d1c6b7aa0da5736b53a8680b4720f736692731c60761b74,1179
325e84390adce6d738526e19e5288679a5ed9bc9acad992f29e3a090092fb3b0,1180
08d6045028d9da9abfdf25ca343bfcd0336e932888f25b635fc919c2c4f00c4b,1181
b2f7e71f174fbd4803285e3282e0dada9d42da7cfc02b47283d8cd1e88456ffd,1182
e410d16651c6fd3a19c764c079b63d5358899743a5814d4db9ed43ff51d65c27,1183
4ce9af980538756bf4de4e0651b11c8e3b7e8ed4ce17fc04c0790ddd3b470016,1184
4b8f622b221f5899047b55539cac4b96f63e12fecf72b117e78480fdf3bafeb8,1185
4ddb6637f621aa8a7a0297a074d712ae5a1a711987ad33675606e3982ac2d9c1,1186
b9ccea9c719f23293e6608a147540d077c28af698865bae4497ad2b77c8e55da,1187
cb563ab11b078a377eac798acc28a49d9fdc3ef6ce6e78b845bb81a58d7e3e87,1188
8df610f3131af13de8cd2976fa546ff9b3caebd9515974062b8446f49818ed7e,1189
26cd9743c65c15a6dba1f1b49b3b5ca6f536b4b1344cda325f6f1ef3f5fad9c1,1190
32e340cee0587f53426e1fa0f009ccbd24aa6479448e007453c7fad299a47926,1191
4951ae2829100f15a44a4acd6909222b9a271a9c8e77d9248a197f0d056fcdc6,1192
1058590e34481df9cd24b417396fe50d9fcb48f62669253f5f7d444bb8f533a3,1193
d3f5f56410154e96e9179b2a7ceb75de2d6bcab941f52f4ec039399f6d46e464,1194
22cc937569ce9f2f4e4c08f5da72b067dcdc31719e91062ed1656328589fed4d,1195
a17becd0695cbe9e7b80eb2cfd95437539e2fe97a4402d14e13260756434fd1c,1196
42aa2f1eea2cb667cbac8de82870b4fa01681eafaa59d8bddc9faa58df014d0b,1197
cd13792e67ba5cbcb318aa1f2859d1e5442fc56a385f8ac357f6aa536596b243,1198
d333676195005af0c0507070367f797be75a6f3078287094038858ee9a710a0a,1199
a67996aec232eb69f36ac6c7534cad8fec3eb2a0e7233b8f7fdfb9281954d57b,1200
ea61d417f53b580e13e5215494a3a87352a74c80c289f57f6632d9de999391e4,1201
4e4bfd73370671a455a8a78d57dbcf4d67c56f0d0e0edadcc0e94a3e98830fa5,1202
dca36bf92be03eb736737f1031e38020e884d9a339bd69ab170d6ecd43b368e7,1203
1811f4394055ea0f57f11ea10206601bcb3a00b13fa5fa150c2599fd9eedacff,1204
ffe54b24a35b45ef19428ee23037e042789fff4738635a462430303156a079ab,1205
44a7e6a13e01d0a596950d5f8270debbd3d6d52653b088af49d2edff9db27de8,1206
c51b0ac88347d90c6f9c804ce87c5c85802e44a47489031ff0a274f27c63884c,1207
3e9ffcbbf2ec9939b5b4d6ab634b34f72c7a589eadac5f5634c5e619e11155ce,1208
442ea391b448fc1ff43427094e582dbf1baea053f401fecf629f820f55490917,1209
0b15fb4c97d1424143f8466a4b7a97bd747c29e369139da2e3ed62ef11b319aa,1210
d745193d4d6194a04f50e4debf2d3cfc8e0b2b5b262c0985acb0e82590055ca7,1211
6c7c5655a43a77c8a536092aed06d79ed8b53d362e3fa69d40a4f48dd84c7f42,1212
e3b58f958a51cae465c70568a9af4f25b15b7089a928d6451814434f27bb85cc,1213
ea2ecd4a4410f291fca257bf8c8fe5eda4126205ee5232008a70d003cd745b11,1214
a51d719c80c60f7d60b21d901b22c01489fe499e2fc24958bfd946da044f01fc,1215
b4e0f1986dc11cd9522bdf6f101d3faf341716361c523e8e8fff64a078ea3499,1216
5b91d16e79eab535aa027c9a78c9bb65edeea7d73baacc1787be0c7e16de2966,1217
6ccc91d5c8369b6b6ba92635f044bb1fae4391d0cb0f1c438e914019ab6fa47f,1218
ac78cf02a0f8e62d0e648619ca22d95540380b174648596c7eda69762a4c4978,1219
8b956497d0d6315510576daa99551d5281a9de890c3f076c50befbf6e85f5a25,1220
12b09aea6ef85632b7105929af6469b1f6e770a637f6ef8c544090b4e45fa05e,1221
4a162933928bca7bf15c072fd222f143ddf7d51470aacbc34b73f8e8b0bf5461,1222
2d83bd83088b535a4e5569597c57e0d2d438479294a85a7e49a4d3cf35853b89,1223
5778cac7a90f284a4665826a201c287520f06418859ee2127d2757ee0cf7ad25,1224
bfaef559c0c0466a82f7cc8758aecf923779ce0c189ee7c1fa6cebb92cc3b376,1225
865b9403e11427dcdd50a6f618200aaf0aec6fa65cfebb8574f6170cb6d5eb38,1226
cb49e4848a04f0ecb3e699d5617d5013bab29a7b31b20c5ee9917b06a76ce0fa,1227
c12f04eb88a8f85cc84c4237a461e55892aa9a81340c2aa8ecfbcf774eea7939,1228
95863c6ff1b38e8706e610e26b842852bc391ffb021f4a22020ff5964a121f0e,1229
2a89b4012b75c05158f899ac7e5a31bd71d5535632f37e901396460cba665eb5,1230
16bfd02ba43ad4cdead62223ddc8a0aa180919c3326498e80b35d32455828aaa,1231
d698537b7f04418f4162f07e6155410e1877f54236d3724929202a3d07b60bb6,1232
4cdaaffd0f3b4ca10353c77d00b5e81f79bd3b467352c662f1d475b99320a742,1233
2119a78c09be62c7a1601a4f939c32d1b1b50316a83c7ab730287f2401a6abe9,1234
90f962510654b0a8285e060e85af17170cc1084f0cce4e0bc3ef98facf142777,1235
e06f0adcf3a9922e3599f93b0edc0e602f386d5a550a6442a4b2e7b6502db930,1236
96efc9c67e0dca3e6d2879dc4f0ce7b35bd767861cd524cf2cdfe311b7c2b42d,1237
96f35647e2d6bed1a12f89f33e9f31af6cad2cd36c9fbd00673df18ad42eb371,1238
6d80274a0c0df6ff7e31e48253ebe94cd60b12b7323848eefe63b987473a020e,1239
c1ff5f151819d7c1f407d386025a0f2a4d6df01563c926a1016bb3d362cb9d83,1240
9f41ddc976377b256bc132c8bcdd8d2e65efca09d1d82a32a198598ead188cf1,1241
dba2df1301c4f42c45f5db3813099585f8f4f011a47374823a5f4d5ecdcf376c,1242
87701d5436a7aed686a7bc1bcd0cd92c1ccc792981526546c8a704a9b8f851f4,1243
2e34a5f8f8d36f3233cbbce479a5f147d27fb5c5dd7032d5aa19d7c9bd9b520e,1244
7b449f84c7fc178f1a56f7be3ab0145d62b6495dae90b339115a3c7b5fa377e5,1245
2508cc33883b20f4863b19455ba61cff82d640944473b9006be30543830238d3,1246
41be62a34dcdb592f8e18c3f8fb0f5ea6bfe278b34106cd8c19378186272995d,1247
aa63e26b87159f55831299a4f924788e4b86ee851a92ed4beb67cd8c51c8ab91,1248
7daa74344f6c79425ed46e4439b5e0171f17f000c84d0336b0965fd15d7c9fd3,1249
aba73d1e33d49d14b070b72a983fd640725378db76d2057bb395e2acf64c91ff,1250
ab9408b9a16a8814c205b0bbdab286a59fa3a06ebe195481c6ffac7c3637839d,1251
c7c54c7f6fca03705c0b72eb4e54f549f865e615af1ab0c6685f27b07d3d8418,1252
8a889985af208d46246a512d4b0a2d9eb92e7b7a5f4c789fe359d0cb2a35e42d,1253
d480da9333c895d2c0bc6c7c50a0a8f1545fe73e2883f2e23adb0ca91023ab0f,1254
b00eb18b21dfcdc7dc80d8cfd0c5e60676a8cc1fc95a58f0dbef79b6a339572e,1255
b06384e43e295248bb1f5bffa0243f20ffa3ba8be0deefa4594ac972be39e9f0,1256
62fa9cd510c9983bdfda96ecd1f7db4d52ff91f66859d3c1296dca0e5fb8de6f,1257
a2839d124c3af621c7bffeb3c00d26d096023288e5ead56afa5e9d54f06e15f0,1258
82bc317209b47d42819c9f8f4501cbacc1df121419834ed9aad053630310094e,1259
e2e980d620ef51273a67f082e9e14d32e2cb0da39935c43bffd7e4643183176e,1260
bbb1e1a0a44ab137d4cd3c8edfc53638eec20c645e3883558ce835d6aafca4fe,1261
51f2c8b94342a2a3bc140a78a7adb3bec36b9f58d4a38a20915420525021bf22,1262
561a03a6ef2ce146cf39c268c398b6448373b69e04d60a1706750dcb8d320be2,1263
fea00baeb39a89d192a3c07d8a64afb363f3d3b8b53ea3dfe7d57b1cdf97aeb7,1264
617643cd2bd485c7e50164f0e32b4ef9cafc6a6003abf4f7d60cd42beb22ced2,1265
6ddaa44c931d79287b7166395a206d914bf5436cef9a27593770e1d6e372b4f5,1266
e7151719fc170b3506a40bce88659519b3b844d0675ac2e5996505a886196dad,1267
2bb155104a341d9828b5551a31383b72a5a56e1aac812008d55d746103b9b87d,1268
03298b8b4e271d32c66de009264b58b10dddfeb9bac7ecbdf653f83336ee427b,1269
e6bdfa8deebd11d1ceaf67b788946f75415a8c0865498d29fb270ce6e3d027a1,1270
02c12897470086452f8ac63b86aee999dd4abaca6a32f4037985245f5cb6e2c9,1271
7dce6633559447b86aeb856042970a7c679470b418adc0d6ba7928890b5e3468,1272
270fdb323a2910ab424a00adcecff3e3088b11e037588c55243f3880d313ebac,1273
710fca40528ae3916c4435bf895a2de8e0a1af75774a37e60e7337074fa6c24f,1274
430f4235f11a016bdac4338edb12d8528bddedcd4b62637e7b5623ac92afd3a2,1275
ed7f1c64a3af38ea537777b678f79321268d00a159e6360999ae481515c24ac0,1276
9a5dca07c58aecf18d96bbaeaead0da71292a64c2045f3814585bf20647fbaa1,1277
d17ced4d930978ecd6ed9eb66514cbfe3cc0c6e94574426c86bc320c96f1d832,1278
cc0994aacd914d3ce7cd6f687f936899670bc66694fc35f199e0dc879c7c6030,1279
608561b1b9abf92b9a6108d05e9c530593ad8200b07aedc1fa524da7c9707be7,1280
084beaec26aee7df66eb97d013a37ee2c712fe82ca7336cdec1f86e6246d6e63,1281
bacdfbf7c6e7574ff2f7521bc25313d766674c2c696287571ca496ca405861fb,1282
47e7031867623bd859751edce55f8ba1ffa002cc7bbc2c5d641d52b8c23f1549,1283
638cfbdd92c2354c388746ca4c2a5120681f1d5860b3d06defb5a0e1b786d364,1284
e9842c5832f7e2e8f6fd43216cff941e59ea98ad982011c96f109e453701fdc6,1285
fabd250d98dab870b502d42f07dfce440b2fa66e873f7c123fe0f33ade0503f1,1286
01d975d60ee73040024ea793ecc45ce54bd3dc761e9378c1f4aff0371a86e4f1,1287
a3afe5d1e5a1c8d3b652380532c8c90a660d9a7b34fd6560ba536dd60ba68c9c,1288
d3870e17fcf22fa053610d84847661ec6234c9ae03a026a4274a0dad95bded68,1289
89ffe01e180e057ee5c35fd2082ae51449a68b2adfb3360046320d89afe1034c,1290
0277c47bc2fb108fe3d7b1bc0070e8c873735f9786cd4cc7051777680934faef,1291
0b602a8e87a286aae58b903f74fe11df27d1e616377d9a9d9090d75b2e498625,1292
0dc63620cf01892c543525913eada407d39eea6313669b650bffb6bcc915051c,1293
83835f23f97ee8fd0053d99f40c7c3bae8911b542cc752d8d811618f719df2f8,1294
195e860bd34e3dccdcd1783bfafe2d1cd524e758c0f22ae43ea5ed5f74f1ba6c,1295
ecdab133e68977bdbe14c94c703c778115be26e7a9be970be8351660d81d0370,1296
4b197c0b97731f6850135763390b83148a361ae3c28a244ba83cefe70459a695,1297
6b575fbae075852a57324f78b020c99a0220b923c8b52d0040690109406dfc93,1298
e6e4eb8458b87696034779e7649ee7441747039cb47522b6f4cea042aa3bf12f,1299
240b848798612364294d61fced9e663e3d7eed044a506d63a581483f278c3387,1300
9253373d797beb377ba605a92557507005adb5ae1574e0e34c3676b9d1cf83b6,1301
1273001715d340b408848f099db940e77fa06a9f4ca439fa30aaaa4d685bd016,1302
2b2dd4a9bfecb54074da4251722610ea31bcf444180d2b445eaed45ac65d2fa8,1303
f6be08c4c9ea7ceff37def1491b977ce931d57525d669c045f36a4f8ca062b19,1304
d3d7a1df5c8435ecbe803058c342705e6cea68701b5c8e3afc8f1f5f869dc036,1305
45edc59dced946ce4bb60ea2059d159dddf9afca7a322b70824ba285a6d7e690,1306
ba8830477b3254991b3e49f93b6856fdb68850ba8556b4e4998f192051405214,1307
e519ac589364204e846eef33ae730d1fdf62c3ea1a9442292dbbb4c3db97f27f,1308
337c28a510c2d253c75b5808d39f961c6d4d86789d2e10527545ed876dc0b3f8,1309
64dc49794c483819cf9516104abf16415e2671f95edd5db01ac18d0c0062188c,1310
2b2e14f23c767a74129f54b55a73bde188c0171c73ff636dc93c7026649021d9,1311
c8c218dc0520c192978d32d2fc7b66d62fad7b772b31487f46f777bbee40ebc4,1312
c71fe562e6cfda6318c35da33f672ef4cd037ce0ce549a5b131b77e3051fd7ac,1313
e05ad0be3e0b8e76a5c402b65495d7cb147b7eda0f4705735361fdaa7030aaec,1314
ee8dfb66f417a762e002ed38aa4a53508f466f2302c3b89705b8eb8731b2b6ed,1315
b7fd9d45dc33b6b6b46f5a74469dc71aba4d0042c5967b3920ec3816b3f21ded,1316
9ae5c0b69923e249373197bd26620b6929914e5f1028856639c25512e7470964,1317
d151b75bc3c452209a2af0089cb849ef22d2cc73271fc1c224f36cb104fbfade,1318
68dc6bf7c897f566602fcba20bf274ac31afb3924b79b78213ac7260bf58b59f,1319
322b02ca4452deef62d4a8cdbc64521661c2f8e748af39365c0308b9d291e925,1320
a4e83835dc6b82e27debc6ac207aebd93ca56fe3d4f63c1a47ae4e6eac3f9690,1321
1855b1b7ad0d21a8f4d21785affaba4477baf788f8048c8b097506ce9c9738e9,1322
2884cad7c0e6738cdb84add8358522e0d8d85ceefdbe9c3ae7b28b198ebd380f,1323
99e8c2454ee6a60d6f512cb188a67b9c2edb613d47af1eb3771c5354f7c51622,1324
9e0725ea2ca3403b18933b8adadd64d73b73d6910d8db6285d6eb1510cf175e9,1325
aefa52b6f9e4eb50b94503268b1acd271b8b9fbb81e974ac537ff25f618adcd5,1326
eaff5b97ed0e78c7a82ecec3e3abc8b12472d297e2acad17f9a0e9c14e8d88a9,1327
0772d1b6870e0f786f9c0baff7be5ccee4756f500003c1bba587e80e9633e468,1328
48273b484bdbea4a7e2f2a6c8bd64062fe496d2dcdba914de2359ca4360990a3,1329
71f25422549de1be97371ba689404b8c25599028cf366f93782c477992ba0ea6,1330
775b24f7683895dbcae113cf19aae1090ab24dd56ab7f9319c8f4c3819430e96,1331
aa2b6224d4ed9073532f44dd648616d6c23016272cf7fbcd50d281f6ba66def0,1332
5cbe30d20c0cd2489473f403d1dc2b8ba7abb1e3d73c47589a5e3a319765630b,1333
e52ea82f578756fa17639eff0ae0d735830ec19a533624c3e98135457c452c80,1334
9de7d97dd123c8a4bb0617e93977b746ad30b59073a31cd303cdcad12715f57e,1335
06c6705fe4a6a23c36dcc5620137d03c78fb8062e68b4545b1acb730f2e41f69,1336
e1872797074e647e47aa57f43f1f39cdf41634a3a24dea827919ac2510cc937f,1337
237a82d6dc5e17552481669c55e39477d5af1d28dadc2f5a4ce9e48befb490d2,1338
ba1050eaa2a1f4291092eeef54ebbee8ab6daab2d37ef7a2586ca3a9c2b94bc2,1339
98f12fc2b90d2bca9f6abc57887633e1a698b82533164e4900c0914f21ef51c0,1340
fc7520f2e9736fdbcecb2551ae5afe0df5e073f40d6bac2ec6677a4a2ebda9db,1341
d9d425960c5ea87bc450d7d7573b8073b890f350632cd2eb58fc894952b5af4c,1342
1a10d26d5eb977d32d5a00320edb6eb0b42392ad3610da309e5cf67638f42e80,1343
993c01bb7d73d1b7bf223d460720c0d5fa85603e022cf5552591309980efd41e,1344
c24a4a757f6c8ee22c6febd58cd2f38f42725484d1acd1bca95ebd63bb7c4538,1345
74d719f844d2cb7913360c243e026b2a44cbd09fb8e2c731338fd0498061ac50,1346
8f7463b480b6c99444e76a9c0762321bd000cd6c5f0af5a64e5db0b0c627987e,1347
14826f4fec24bdf644709d8be66bd24d923a51ce7f60c8997a64f61afc2dc194,1348
52e8b525e67cecb4846f029a1d3d45590210ac575eb35fabe63d9dcf2ada6649,1349
06c673201cabf77331c8f4d09f71569588d72f95a34dc29d1bd4d8209612c4c1,1350
2dc967acc8308c3a31d5d2ad552682bd01a0ea866465b04804b9f40da15cb480,1351
0a21e4bc60e1beb24bfdd1d4ed37e2514d2401a0688f7399867f11574930267b,1352
d6747608c6b1e1026f6572457f5828fd86d6f38f71fc443d3e28d23a8383d382,1353
e3820a14646711aad20d28a8d64573ce6535badad603538ff737379f88e0fb00,1354
6caa2ed40f10803c5805adbc9989a513bae84a328769d5c3b10c4a6f0d6c6edf,1355
e13491f2c558109897305e61b9a9869a5316fb60e23790768b4722e805275fb0,1356
4dc6d2aefe4ce18c57d265fa5371df1d05c790593969b2dfe8caa3e1c2b33faf,1357
1b404092fce637db5ef2c660df678d5fd091d6ba532029844e8ef8b8c73a4a2d,1358
983600359094af6c32ca6a4fdc8aaa7df55077e462626c0477788c92ef542f50,1359
843b7a2a78cc807abe2216033ebbca554982e50ac93ddd270767fc9da622c8c7,1360
93582e2b2952f04c66e8d8c8db2f66503fbf3e7f9cb3f119fd9c470e0a8aa011,1361
20421a33fd68737a403bf65830d71fab47b9a47e6e86bc66742da11f51659533,1362
7a022563f48384ddd8d1c9996a4dcb01a408c3d3633b4d08f610faa3af1b35d9,1363
cde8e2c435718ae2eb028d7920f4ef06252b35e34660143d62d3cd5d9e3909cf,1364
8f7aceb77429ae3742a062bba39730c5c856ecf2d4e2f1c63d64c5aded91d02e,1365
ae4b99f0929153a53bfa4fac9df5deef2ecb1eaadd03927afb28a9fed18e0bb7,1366
df79dee1c185be4ef555509231eff28c4aac19ad3464f146f5b27ab9ed92bea3,1367
ac1e048bde7bb6bc481dca06d404e16229002096367762c8377b117c077cf03c,1368
783a8e89111806b8a29f0fda1d96409c28606401962b274f83723d8c209b6ac2,1369
1dcec7288e445e7aafe982b24c9e33424e19c84bf35a150664a17b8948aefb96,1370
df334165cd8acd9b9fb44139e31c89747dad13a2c6de8c7c816047faf0ffec57,1371
b18a17e7febd29ba4ff233b2c36fa91b2be4709b2ccf4747c2aebce6425e63fe,1372
7e2f64d9358dfe817170f3ff763907c4908fba211c28b35a81f48be291d72b4f,1373
8f51d2c3f5fcfa933efc0a906cd0356b2feccdf3f9cabb188346195e92425a25,1374
762178f773dc968b2628fdad767794aa4ba528dfb06b3fa34c59fa994ccf16dc,1375
c8ace9fd8e9bf8a52a2af2553e2584a7a660ec3dc83bc328ad74a14cb8f1db57,1376
a7ac138b5a0056a17b5771d0f8c10c3fe526b86eac7ed6f3c8bbea4686527199,1377
48ce8f4801f83f13464d237254e18e41dca05c98648825e95c9a6c22e3eaf03e,1378
7c2da4277a545d4df37a0c49f8f16e59ec4f4b3884c997e1c47bf8beabb86075,1379
5da2e764fa9e3c9e57477dbe06db1258ef2e29e7c221146e2f1556e6ae07558e,1380
b0b8c54041438b3dc957d27998190168185ae9c080862deda489e613a3729b01,1381
924cb57466a2411a40150fdac2b7203156aa3f6447c5723f0c90230b7a38d62f,1382
6530784e51e0ba5156915b90613df9d93f3000caf6d6c056d3f5c45738b02dfe,1383
82ade88b863cb026fc4c737a6e07f7a1f89bea4468fcad9f7eac2108e6a0c924,1384
1416854e6dda9a08f048d72eb5c6a697a64a5cead9839ac7160fa3c0b4bf139d,1385
0b94fae5d0e4607abc0b3060ecd0eda2e880a1fe215ef430c5688e3fabe54c40,1386
2cd25c8d08ff144d265ecc2ad1d6898ea5dcf4c51c9c910010c2d41e770cc4f7,1387
9ddf0671758d1c0af1e5c2ea25143321e58367f04e368f62901823b75f55d023,1388
b20ab71c0f0a541c3ce86907d22e61f1aa90333a077fe22e12a2c0a5739f5604,1389
8a5974b611c52ab26baaf0042c9139f17f84e6ee7548b2a672c29116d752cac1,1390
0629817ae227d9d02e02cba49e75041716ff3cbbebf0079934f280eed79eb61f,1391
73c5b0df7859ca6b00206cde948c027521355d3cd8416e6cdedb6582e565cfa9,1392
224e53dc926e8fc3ef3a3171240b1373993840bde1bd575030c8642b963f702f,1393
6e77b37bac53e2aabeb24c8be7e9cf73845126813423c7a2764e5dc6a4ef98a8,1394
7ee89e61dedc20dc5011d654bcf4b136deedcd06c589d500b8dadcc9efa9a03a,1395
25cdcd173de999d504319e6db52e9002aad0715d61aaa67a8f98100e5dfda066,1396
4385d8baa357fb1b77e729fa90588900257d84525fef3d2b1518503051cfd358,1397
b41ef45bf88dcd8cfe1b08d7f2b3a0a16a1ff7419ea64bc2a859a28fedd38dca,1398
dcd8d0f2b72f71d2c04668546c2234a948e124d3c648238015997cc4d1c9efa1,1399
19a656f942499b8f8d7d4fae909073c00bc97fd7385be167a2776e162a6c92d4,1400
3cb4c53c22316f80efd255f6f8ff553482232d4dc04271ef0ebcedf5e31ba20b,1401
5b0abd3dee9d461ee857a18ad4240f677972d1c7662a4be0c5dd9ed3f695c428,1402
ce02218628b94148fc5d1922455925253df376bcfe34b12b342ea574c87fdd17,1403
489f6522a46b1cc933ace675f072ccc6559612c3df6f9fe4fa992c941f6ac31c,1404
536feac26626a30665cd0f7449a07681c4b4c6fb94558aaf64b1396c2aec8a54,1405
e3fe8fa397a87183026078cda6e91fd3f0fa5d99d7bd8fb7b6670efeed570d7b,1406
ba9c3f887a5d181fe35fccde405907664e093484382ef25065f898ca0cdc1516,1407
4a27fc1acb795cabb71f7e65065a2ffa8da006148909902fda17f177319fcf94,1408
2dc3904ac417456738fee704e4427cf592928ae60f229c28968dc8361929a562,1409
e241b6a767e0a862fcfbe82b2edebe34806faea9f51f090ae041093432366c8c,1410
10416134702687f9442ccc83eec28c94121af05393b77f560e92dac3594ebb3b,1411
23b4d5b1cb47f30fafdd40448ebef477ae6b5fd8ca7a97e8bec803c2b7573df9,1412
8a8e0210cbf52745d7fc65a50f262256a333032ab89e1f2d8a29839c47fb94dc,1413
97b15695e924ccb0f2ab4aaa3d302cde59a5b153b57935f9f3276da76ca11c42,1414
3f14ac1d7b31abdb96bdf387960dde0b9f8de571d6f162f71a5663a0c0521d33,1415
7affcc08a6975ceab632f9e6c739b4f2a5343c4efd57ad6df5ca9841ec9fe40b,1416
027a424e9df8bb268bb8b973c320f2aec658f24436bf2822fc36aaa5c5b0b628,1417
937b8d318263b72a853f78a366aaba74daf857350bf8eff2ae673bbb2a2b412f,1418
4dbdc8e60d5fbe0055321b0a9e4e756ab3dfb2292a584e67ffb90816ff2cbbf8,1419
17739488afb94156d2b2204950aa937a8eec763628a5f9e2844ee0361c1e9162,1420
ef498b1f1cb98d966e50ec7dcfb0d4781d8cd29226a2c787b14512ff9d2cd22b,1421
cd2f5b5fb64fa0dc927b30804b8a46cfe53246d7351ea68b06787c83e0a121f7,1422
2ac7b27d6a8a4928f27881916f76feafe7375377eacb1d69fe80194b3cf8ac8e,1423
da9db8b688a68be793291900e2b104aff1ecccdb7f639d8375e419757f37adcd,1424
e593b3cf1b846220f692877d09703b8e1c09d93daf72e825597c89f88e4f1b99,1425
9b7e0ad43c7e27f29be54061b48afb06983a34fba4fc89d5fba8137c28484be1,1426
c81487927c9d71f553482d3b7fa72f5560278dacd23dfae170cd4724cfe2cce5,1427
11204b66d6b4276f14567c18c676baccd9739c4e8b1d62a7092e4fbc81486a3c,1428
4cd4f29feab3af9f0fbbed05eefd23261642035ec2c666896575bbd8c34e8c34,1429
6c80bfd381559da015483589ecf9b8f6ab01ca5d98d81bd9ffcdb83ca4af5ca0,1430
4dde2680bade0ac08790edeaeed9adaf5009e7b30ee607e994b358ee66b66937,1431
7d4f23ae522316a53c1cb89d24dfa25c138b569c0d6a2a85252772af18a08cf5,1432
d7fdcdcea3dccce5cb499a8c75209f4cbe1ee3cec28027a154d1b9d64185207e,1433
1a10dbc3db9689cc3a82846359b10cc65d10e5e891013b04ac17e7a4eeb0070e,1434
abf846f32bd600727a30cd03ee8aa88f6a226fd8e7553587b68f3954b86ca52f,1435
f842df2227bf475a6f7fe3e542f0c4147cbbfb93068d9e14148f95ffd14b7a0c,1436
5ef49ff7322cef0fcf11e4f844cc48053b69e2c51d1d509ea78f4304d0d8d112,1437
515c5a09c5b778517983be230c49bf185dd401791f70f35b800323fee88a871d,1438
66340606d172d7450385fd1156d5b6bab5ca3090faa4c0f4d193035919ae0bf7,1439
fa4bd68b58a3dfa6d6e82da4bf1dc6e29bcbb8e0454759e1083f083bd763ba0a,1440
0a4790af587159ce1ff27c4602295e67cf21c8e528b8fd6100dce44006a1cd22,1441
2985a67b6514d6c90c51e8ab82be54734f832c19d5a32870b8f2c1aed4c3289b,1442
1c74bc3b7f61281cde96a67b3e6becd177af70dd625e61f03902a36254094e2f,1443
378626823e7e00914d6e4a2dcbe766fc22fcf3c1c3ce628193de61eff5d3f765,1444
06550fc9e0a994976819c2c8dd45197df0e96a7f1a76087bc35ff07c44c20303,1445
d5452868495a5dcfad64b1b1ce003549b4b2f8bf76f36644b04008587cf41be2,1446
3767ac7c1322310511e7431f6406fb8485fe100bb96374be728313db6674268c,1447
5d6f3095d0d83ef46b8316ec2b1748b47b9b1d8e4aa62418a4a74a98b3aa7024,1448
c8e5fd2ef2be17149f8c289e554d335026d7fd21e869392e680dd8de5377921c,1449
19f30f81177e76a9ae41f5626960968e00a06575299d43ddb67285c1a8e3f7f0,1450
64d8aece6706074a165e1d60f18ce855e0a2c3991b3a90937251106b8e79597d,1451
0c43584a9d934b39b6eeb944e347fe3e3fc9bb93545c094d2d5a6c5746e9939e,1452
09cd60d64ee52887fc088e5c6fbcea891157d4b786aa76226083da12a6d1ad87,1453
119df2846c8163d96579534c218ccf1a5a6820c93c7005324febc38bbf75dc9b,1454
52d2ac46243ddaec03e2c83f6453d504bdfd8104f48a62d0950f4d42a31a9003,1455
42fa73b8eaa332fd6648b958bb58a9c586ec733d03de17a5ed85c8461d7bbea1,1456
18d575175627a7b40c6359ecc6fb6c518c28f750fe6e5b2ea188e49e097d6ef2,1457
cacad3521f96f0545d8d937f5ff034dce912ded1fc7e84fce057eb72a5e2de49,1458
f2668fd7d774595985b5be8e3565a6362263a93a595afaf99b3796b72db1f196,1459
7621054ad2c6c567ec27dd17a18d913aca41a39e079e7ec45cfa6fd57b3fcf2d,1460
445cb258d8231c175a395729a3a504cb3c5cec63ab4987139526cb2fa652c316,1461
a1cf9a13c6529e58610b5dfef3d9c014e4ca7e577aeffdc3514656aa61565351,1462
b023fd4e71d39381fec06fea4688988b68ea68b3d44bb117b175ed78ac6a50b3,1463
60c88ca879be0ff4446ce1ab82737564043ac9545e878ce7ee687a849cdec3c5,1464
2d220b4b241881d5f36eed1ac25d46010a8e9dfbe06834fea3c1a6116209c5b7,1465
3690232155ad02b508a7aa78f38cc1e0e920bfe368d9eca7c8c27e9882622547,1466
90d941b657a73fd3e3c9ea7f2eb31c189d3a5eba1aa813e05a6efefb3e17ca42,1467
2537460cad41459962bddeb45c24191898471a82371170392bfa25a281fb5a5c,1468
41b0d00c0b9cee1a9207e02cbfa5bfad66ffdb9c5cac7ab94b9a4d8bb87a8d64,1469
9da532e7e1d519acdb0ab59627dff8926dee90f1e76ab01637eb6519597eacee,1470
1a0f131b0b120a9ab64fc6e5ac04a09a53d611946907490e7dff6ab995d72570,1471
de06c9b68b4e9fd2decfe6bf1e3b9aca6f383cc53bd76915e71d0e33300e9c8c,1472
524b3c8909757eb06c34a59c767c3f5a7b7540391870f9219c752cd5eac3c93b,1473
0f928d530a8b732271af1617f8c2ae82bdcd595e73a8704c5c92137c4a400a24,1474
b94802d77eef9686002dad498295edd3c4dbe5919898b49958db1de500662c8e,1475
2d9090e81cfbacd2dba992064368c2ef3882463d40c10ac3a232d362627fcd5c,1476
cb05606da467293da178a982cf9514e0e181f28fb4d56d045a138616af55e5b2,1477
53f86b5cf02a1f0d7e0dea7d6ff7a4a666a00738095c8160a31dd45ad3d1de0c,1478
eee14da6fababdea999c4f4a09393409fcdf85669d421c8c2c751f4fa1917979,1479
f1d665d84aa0af91d03a02914d79c9abd13f229fed6d1468c34fde1241395400,1480
b5d6ec59cbaba23e21d3b03f9b11eb199e53ee7498f6c294e1a56c35ccc79a4d,1481
9240088da1072de3c10288630fe8d092253239fe48c4dbaca8278dc6c59f882a,1482
f8b66a022abefb9387b9b947374b3de93558e6497f61ed774ad287cebb9f6bbb,1483
138ee2bb8799e7059f6f1671ad8402015e01e16e623a7a404b0e8254c7c890ad,1484
225d4e8acd07afcca75cdac5b6756e5e6ad7f725d3b06b829a1746b07610cd6d,1485
75456e54b71e3c7cdfed5280569a2beab3c8760857609356e77516a452e91bfb,1486
27c8850a65780cf0f8aee8dcc7ce6a8b74e3e5172c4354a8db6110ca60c91f45,1487
05b1734c02a692e49b9b470e29d4da927a30952948a0f220eb5f78c6b088c8f7,1488
0f9ee94c77bb6261d34ef63196b009b5eac2382a66bd27146b14453ce16571da,1489
5bf2f1fd82b0c9a66e4f92b4d8b4bf195caff486b4147952cf66af8598b9df26,1490
5e40dcf63815543e33b6939b547cce547d76708cfccf5aa96500e5e4ae4e11c5,1491
f18e36ad965e8e348f8c9187797dd65dc897ab4cc62cbefadd14849d4d31e552,1492
6c5e88d642c249a3dc65549870213a8af5a62ae977e8e0f594202ee95445a11e,1493
24ad3feb1e089cc5f0ed10757770f1e2d4a315240f564e57d0c30ab8b3421f86,1494
a30a9044b486031c50f34b4acceabc2fa4af2f01df6d869603108b082ea41b58,1495
084bf97dab3e1f002e142d7c77899d16ca932468852fce9f46118386da83fa84,1496
f3e5bf2dbf73c17586554e2577d540272e8ac45c7a32956ba96e9a314627e8e9,1497
ff8bf6179060db876b1878e7a22ef8b65be4ce43229a312fec49bf382038717f,1498
1d89eb6a58e2a38c7039f2c2f1dc6a0e9980dde0cd046886f2d04366097e4f6d,1499
d23348c5dbe573ddd6a6c3c118cc5b669912f27ee39c1ddd15247c6f16d46bd9,1500
24d409bf973b0079a4a5e0ae3099ca122fdedc55fcfcd03d2691e1d1f128ba02,1501
4d64b5d43dd5e24bbf1c77669b8a410c6b600d40d7be873dfcb28d560c822b70,1502
bd85515fa317234b5a38b4995b56848e0e03d886e4096366c63d3079743dfeea,1503
f7229584af2d143193fea4b44251e1bfe61c26be63939cb0cee1de9468088606,1504
c1d10ab4336684946a73f179ecf15dffc56524984608e25e308be38e0cb49259,1505
dc05b7356e0259fb4503826ccf5c85995b734605e997e7d8e76384bb6afa8b14,1506
89519ab4c7192d680485e58ccc0091a77e2b7895200618e946a7f885fa41f1a8,1507
9274c4d56f755c2410d247dae2d677efaf833ab0d979e4022f8777a5a191b13d,1508
50521ea718efa942cd52feb8ff2050380fca02d79ddb49339c88d3864dbce115,1509
effed11e90ac72db8558376ab04236edc8d0d0a0496cfbb29e4e50d69e6f9d8e,1510
cd1edcb50a95d38dc70985aa71ea50cbe39769acff1f42b704c1d8c4bb0678b5,1511
0f60626ab51d4a9a0cb5a7dd54bdcb908fe80986ca35599627fa26a31c9e6c9c,1512
21f62071785c2c6b3df4c021862f90e345d94c744e9db446f5c86264fcf5d4a1,1513
d8690ed67de37cd58462af56df3f7de1ee749944e6d3c7c207b1251e6985138d,1514
7181f2dc0ea92a35248a64c5dd09e062c8bee144352e7a02f9b50c9d81b6c0e8,1515
1fbd2c00cf59cc93a17fa22f907fc528f940f3d80f34e3a7295a1648be2db3d1,1516
4bb1d2666946b2681eafa2a15be16c2eb91464722496bfc9ec56f77f9ae65948,1517
26e4d112ee7a293da98f63d03394acf8ca504d9655090f077dd6f5ea4c289483,1518
8842f928184d4f8b5fd602899da34094a1413140f0d2fffff1be83c8aa3a4fc4,1519
eabe7cda70eefbfc6e293c87aa4b337d4a3ea901f6c2162a11b98a87865b345b,1520
3f399944060f22125a393fcb7a5a9bea7fa0a1b4bd0668b1f4753a8f9626250d,1521
ffa2caf91082332e8ed1e306e593d46319d9f194da8cfdafa08020f0bf240f3b,1522
412a6d8e8fc18140f0422b741a244009191ce2c3875e210caa1359e610e36654,1523
8b22e0c6554f1724c456b9994e04cd52f660864575087a112f8ff5a6a7bd5cc8,1524
d42b977437b4d1121f22343a70fa27d9be365078a18dd1a4849bb34de7213634,1525
a790af58e9e7ccfaf3b89c66cc2f94a9d1307720ea51239c5a364179ac293082,1526
22494bd7173eb3ab0e1f351499e236f41f9c9945b695acd934fa70cbaa761f1f,1527
14e3e082fbaf961e39848efdad8281d7cfab5e58933daefaf119a3080a00a442,1528
99ac745dc5a546aca959d88c95377457c75844b48493d08feca03d161c3e8191,1529
b673da8ad87e19a99bc49da25920b13a92c38adcb3da7f2338336b618b1ced8c,1530
ae69b40eec88c62256ada3a7ae8bde5448be604258ac261e7cf5aea9451e295a,1531
1230b80d47acdcd271e9932ae100709ef51d56f659c9bfffec3fb78315714a15,1532
57c17aeda0d736bcae0e8588d250d724b7d321def3b966d018ac8169e1d9e676,1533
0f34adc1cb899a4844449f90d58dc0cdd4d45bd28fffd735d565069d16aa8e76,1534
232c6a8b8ac6e1a4180f97169922927070b4859d6790e0ee7ce4b14268f1554b,1535
e125cfd354cb8b14a7c36c77baa1d00e80d695d615c24961e28111129f4917cc,1536
5c9411e7df32c35871e270426f0cbae10a46fd64388f475a6b217fd23dcccf00,1537
5d0f7a701aab34ef3a9f1d4159a1536b8449213938ffd13b9326014f7f91197e,1538
de9202f3e52a3673ed1257099c4d1924c15dafc93488e7c98106abc9811d46a4,1539
f59a4304f9a445a8a5dfc23463c8c6f6424efbace4620c6beb333f4cb520daab,1540
52ef8bb3190eede9f4bc21e8646bd551994061c23468a8861ea8668e98b740c8,1541
1c52d12ceba93ab201b9791f6933b136039a42dbb1d5a3d392920726375fcf4d,1542
4296e59c37aa2803b1bed050506b480bc9ec7bd8add77c54762ed972e2baf5f2,1543
e3e9e2622d3a95766744c4bbef7f69707c024cf7ad64419f6a87e3d962f49268,1544
8f0c8b1a2eaab11c332f31a5c2ee400233b76609a40b5449aeea70a99fe17eb2,1545
a4468a8a56b4222db66b0105ee94b7f2d2a2398fea7887bfd7baad006eed5bc5,1546
28af3ae67020fba6a4e372a2e65f35358c3f122da0e4e574067aec0cddebabc2,1547
10db087811e247dc07d61b219497c671260264faab27753dcc1d11fd7d98b093,1548
b0d4c0e3a64bb25156ae1f8cb697bd1a3def0f3b3b4b73d72310af6e74c097ca,1549
598aead82554683fc04da5175c4777f246a8bdb49b6da6db1a2358f948c2e548,1550
4fa4b8c69ad87cc91d8e17b5539eeffd82d515c2874bbaae0272a7725ea75ac3,1551
22832937ade8d96d2f79744dbe6a635f32d3c4b310b307453a16816b2f9e5064,1552
8d15cb7aee368225e1db2961197c67712c86f301ea895a2352cd062626f7d9a0,1553
276850ffa5bad6c567ad27526e52b10c53cf4bce09ca8c5bed504f3af6f6cf31,1554
9a7814b108cbc8a5f8487a93ba890cdd53f1ffc675c720d1691c33d2ffd53393,1555
206a2da7db410558f1ed32f7aec81129a0714b8f8f94a373f1e4cae1c1c8a09c,1556
b1a9c05c079741c8759d36e107a3c3bf29ef8fcd21ae4b507bc874b854cf69b0,1557
6e394e35846ac2914469a69b6936be8f34319d8ddf1e0b1f417214c1aa27d91b,1558
3b308e1f95286f828d19652b0ca806b8ca6350b665fba317e978da35e300b6e4,1559
c23ad45b8d960b34cd72e55d68da7a2ce405cd52706a67bf34e37bf14fb6c5c3,1560
fbd6fe047710edbd6ddc378512c9cef98fff63b90ee71f1537654e1973caa764,1561
dfbf8305a34798ab6bbee667934f9379cc9e2da7a6fabbc69abf45259896882c,1562
4509213220e7d745912a3dbdab2196350ea038759921e3a644d3181edb8ffaed,1563
b225fc50e85401a95781eadbb257a2228a124bb4ac860146eaeba12e12d6059f,1564
ba2fa6bda8fd4b137b865f262a8db6e9c8053485a7093c180f47d2a15dbdbb2b,1565
39ad6199eb87fdf1471caeffd45e55a99bca2cc831ce3e7335c92c6045e2c46a,1566
49de43437db7997f2d12b29b3860fff1d55c2ab968ec3fc1ca2e4d2d42695a14,1567
b27846b4c4b91727fbce1586ea7019a514658903a40008a4bc96931beb116e14,1568
f02e9a10fec74ae1200ea901b60265eb49f73b029fc9a2e6ff27202815740721,1569
2f6c4be237763b3583090a5444ad5ee48da9268ff4fa90b00915bfe6bd19ae67,1570
236b59ba175e8908e250b3c540ae674bce65e0ee4ec1ef26c515860d8c69a2f5,1571
33d35fa4ebace657ce46098135a4929756f4755ddc77dbae9b49ce7b715d697c,1572
7c733a269868ec1bcd83d45525ff53eb34f990b5c0372b24fd46bf3809fe540b,1573
e368864a6c7cf0286fdd8749ee83f88fe00bf93a67632bca30b8dadf2652b690,1574
17ca2a1f7e42481093832041d61c2777a0ec419711dbbcd9dc855ed15d02c8ee,1575
ac5d033771d30f7777cd96472a22ef3f36d0e85d3eabbbb1bdf69168bb61edc0,1576
e7e01be04acfadec6c20800bb9cf54c48f702bd8996bc6c5ed2cf92652dc26fe,1577
7c9022e46f32239f7cbcb1652ff38190bafca3545b35bb4fa8c14cf16c6e3d58,1578
ae1a3e8fcabf3e202a8cae1e584aaecd944a6b5e6780bc8101e83ed382de0274,1579
48b6b0bdaaf641fccaaedbbe27c14e658da6f0f07ee5a5d9c4d7611f1571b8a1,1580
af4f35a96be838a9986a6f4e78142ac8e0cef799b17eb6006d7d1aeb88bf3878,1581
f732031dab385c54d7257f8a5d4f7f05050f686de55d22f0e61f8f5ebe157733,1582
863091e9a7a65e7557f47481495ba4ee6a303478febad133d02f9c5277ec1845,1583
b8067a3a38897c8caff035b8d94fa775792a7824c9a60f8470274c4d3e94d33d,1584
b3afb88ff92812a5a36884b4dfce24a91397a561b3bdd90dd96c7544895beb11,1585
bc638378b0f04f0f219e0cc986ebcb55197494fddb29615610425b36ccefe92c,1586
1eeee55f766396e27f524b019bbf6ee293e08370c70747092d07d01cf0304c8b,1587
82cea31dc3bb8a37218410bc3759db03e35ef371a208641f2f16ea60a4144990,1588
b1d3e99d73ba54b3efa810b926e82b85f25b97f114d5e4b7fa6ad6469a1935e5,1589
b6b4e77ee17ca6bd1ab6e1d34956331e4c9724627aa2aab2886a9557cd06f9e0,1590
fbac64e192c7da1b3c3d372d2878ef54483da36965566fd8f297b62167e74755,1591
add8b334ca18afc3ca35a4589881170fa455caac5bee8fae8aa3cb6186e447c2,1592
f325d80b2742d294006bb13ac3cefca7092ff3e477250f98d297bcd23ad51aa6,1593
a3cf4965e9eabf65365ace78411ff9a95fc4746881ce89a19dd9b16c9c8b2b06,1594
abc630994a363a32c9a84ec2084ed12fb66c9e64b12da7a45137057d1e0dd4e0,1595
09557004947ddae62d99906351638c98e22103f211edf7ba6523cf528b85d95c,1596
ac6c0361154de7639b6004c6168c7d6f1a35ff73eec3d0a63ae9e2482399d3b2,1597
3efcebaa6b261b21238bb07291592ea8ea129aa74496d9074233ecce6bd3c412,1598
b83f2a94833cee86d5f286b0615d71e91ca1889188ae37ba59e138740ccf5da1,1599
619be4429b06e5bb1f710e33cf10914b198b66116f3a5fd9c635624887ac623d,1600
ba637da48b7672430ec657e62bde1d626d3ded2af90681f84e311dac925c0e64,1601
67ec21995e8c6cc2cd7ccefa594be171cf3f9cd9e4d6269c6dab3b01c4470354,1602
1886dd3339acead201eb16cfeef94f4dd4aa3a6a07e20366ab6f436e7bc9a278,1603
8c225e87a35ce81b2571dca595d34388817c84cb3f4c52d9e54d13778e51b274,1604
943732af839e89caa27d2e301bb58c6efb034a09df07d439bb91dc1aa55827c1,1605
c86ac6ac237b3ef8c6d582be98758ba160ba9bd10088c4ab0d401836d7b1b696,1606
8c8a51e6c77eeb1266d645246845d75ae3846d396d266e85c1e8801125e99cbf,1607
81a5ffdc8324535c660a6cb3a99673f57bd7d3625ed3c535ae9bf6228d05fbc6,1608
c6a05414b2957784c5c45a8760132369f8f5e251f565c774ef5a621f287f9ccd,1609
53122a75c46beb7e1c0763bed03201b629a6cf9e25affb2d40bd7fb5b6d8c2fe,1610
4f32c7d0ce21d71102d825ace332e5a5f9bfae37697894e602e5f14f54c69daf,1611
c1994d67822b026b70c60056f3abb2eff60da6536060082f6d3d0e620e374091,1612
c347cb13efdf60825cc7e2c60cf169ee76798b49134d2ab86be001c3dd952395,1613
8b57d88412a0d6a72539cbaefbdf3b28317d67088f2f7fccf254df9b6f8bdcdf,1614
6978bf64e20508ad1f0b9962117ae786e0b436db5a472852facf3346ab9d26b6,1615
e8d4f1211393d40f9845b0be2cc668a616cc341ae4b8384dbfa47a080346a392,1616
5ad4ed99f99e068d7029360dfe17a718aa664ae2cc467dc73565e054f72827ab,1617
1f31c85baab7f0c9f498953e695451f05c1a4c577b7142afb5bf35ce03b50108,1618
2afc30232277b3845a66ab2f366d680fc45e01ffa0da8ad0bb11f1c822c7b75d,1619
328400e46d42e3e142ad31d922e36b5a2bdfef0d38e8c72c3627f74ea97f8398,1620
b13acc855f68c2c0dae1cadf8082c0f272116e8e8b8e4cf54ce2fca1eccd6029,1621
75722f9eb88ca6e81bfb6f50a6ebf44c78838274110b9b5549b92b2302b3fcae,1622
bc6050799622e7728129ad1034f29543e2dfddc3739d22ec42d415e273ea2044,1623
e7b3efa4aa8900b4560602aa2fb3343b42ed53ee18d1a6a392dbe400a7a05fca,1624
88f0f3c0f22e24beb49d1d360da1ee9f1d051e934ea0c8433bd2cb98e6b89998,1625
3b19e1337e9aac15734c826c6ba98d601d184e74f20f7f639ada97bd71f9801c,1626
292577d34c41b7682adfb8d8ef038bad930b4072a67cfba575cc9aab5004bbee,1627
dcb3822f0c26474a91cd557642ee2d9b9061bc3d90e664eb021cf751ab10c5d4,1628
a704bac4a8f7af8205c620653916be8b0ac796481e8f22132cbde8a79553c2c8,1629
6b46d835fdf5b08f012ec9730508186248236ea038d34b24f31fd44dba0bd51b,1630
f1b3de47befaddcc76d369e9a6eeaabd4b7a332eac7c678235a60cacafa4a07c,1631
8e062168998e22f0b13b116cb0340035c1d5534c317a7a7dec0c90712c83d285,1632
9eeaa8321a128967ce8d3190410c2b3ac0ac9d48bab6f68f024a086b365b8744,1633
9b739d1eb120e849f33b367b22ccfd23e0a8ab6cfa9afc6294e762766c8f7370,1634
addc30c306bc160020dc08044df5b98951540a653d26134fe6e64deb851a95ca,1635
4423bba963d31c25c43dff05fa3f2c26ae9ab330a0dd1d5a24e0650c2eea7d44,1636
0d8592dac7bbd6c43253cbd5db3d42db8bff23bf4f540d0f4b3377d1f71eb1e0,1637
c60509c6a5f04505065e6801f4e6f9046937a72c6342dca2e28c0dc4dadeacc4,1638
38d3a5996735df3526fba23ba75a6c5e08a5a31319eb65a09ab7b0130f02d594,1639
c4d24e31d68c047bb08703c717a36a677d1325e675694c5836fa7a2182e41343,1640
713c282e53598f474fefb78adaa227543e8fd261d472d197048f977135a6613e,1641
fd462b9f742feec629d559c8faf029c9c2567354c312200f43bfba58bfce7077,1642
78f1b9de13863454730ec9beb9ea04a3f803124941ebad6dfb0e4c9f8e0516ff,1643
1d499a2354c0db1f863721336fb72de1712e60f034c8985916da316f77dd31a5,1644
293d8536721189fe1ef4e37c975ddc2bd7c308533127872b9ec5f99e00d0e245,1645
6153ff7f8f979029f194dcb8bf5736b19a659cae1519919bf4cd3ebd214e5ee0,1646
71c251a21f6fa423f782196bd5ad8cf9423e3856ded7202f2a28c5819ebc42cb,1647
844ac91c5a8f23d185e7404b5521615e5ef8a1254c14cf562edaa2c9472bf838,1648
5ea67cab8b8ce626346c9802f1b53ef4721c62f318c93819c54d9c1f78ee143e,1649
d25fd7117c4f8e08a680ba9ce754bca322dd38f69b264a8ce685945d10f414f7,1650
108da8de1e04f7f4bd6fa4e8ad014cac266b4bbfeea4f4a562ca8fdecf54f925,1651
660985f3300ab2edfc74c62368dfc5fc249cb14d3feee79727e68d2656d302f9,1652
bdfc9f98773e6cbe2cb88144d566f61d2dfa335ecf72e220341bf83ff9daa61c,1653
bd69e918bb50a6e022de95bc1e037ff7fd06e2510c8e32172695ed3b081bd461,1654
0c4e547c0b1f5236eeed1cd1a9b3e9b9d0ec07befd5851cd490cb6452ce994a6,1655
9bdeb093243d81c8aa89aed02228ef5a789a0db8567ca180c17a2987d59c962d,1656
7a6a48fed5a1044ccf6f2bdd162502e36c5f8c8101ffcd3d32765cddd294f05a,1657
dd9bc6726c5921121b0e1fb61cd51068e3661b49a863730ed710d77397059892,1658
8b32eb1749d111f96e3c6e8d44e04cbdf7b5afa238e837624367c6878f9926ac,1659
4057e3cd07cfde150aeeb4a0e36e4f9c78c48fbe234e1142e6f6abc2367030b0,1660
6368dd484683c4bc389e752bbd6399ccb2d52dcdc9f367f07fc0e6a78fa040ed,1661
8da4d64e3fe3d346694233c2360070f3a96acb46255a9333a09aa33e9858a4e7,1662
600a503c805252df94959e64593548f6f72de9998f30c00856a9316e35467f6d,1663
e60331fe7a59bf0a605d64f5440fb1e119d4751afea2a4953039159100df1b77,1664
262eec8e457b8540ba15d5b9425763329e7c917538533da3da5211d7277441af,1665
b2114c6045ecd21e152f7696663f2630f9f7911f1e57a76bcdd364609cffd095,1666
93f3e3530baae757dc5626c5a248c08673eb0ba1e3cefa13f9c3f9014537e474,1667
48642abe686c97e99ddd5a0efb42db95806cc5d5000ddc3ed5ff5b2490e2f6fe,1668
64d2a2687d53bfc4ab718e8cd46173b59afa530229ede34dfe14ac7df13779b1,1669
41c202dd63bfa8f44d18a7a1c4812b831db0c28dd512f0223adeb6dbc0983243,1670
5e6e7156dbc7709411d2ce9dc919f13ffa05a85e98d2bfb19fe7a4f29ace0a20,1671
649f3aef3b9cd050506be8b5b5f1f0936c4e663b13f348681363f27416a24e2c,1672
ccbc791348b1c7daff06ab3e669cd2cf1590c33015e7ab21aed7d4c830c622c8,1673
ed73a3ad0a3d837ca35ca724499325c8a133564109dd1ca318a4234efbc6cc81,1674
ea8f6d5c99b5c16431671070589b605a0f8caf7f6b52b3cd8aa50f4c8208a92b,1675
61303a0ecf3df5dc46d8c0c27911111c42386adb225e9c2c130c55fd7ace7a3c,1676
0c91a12a11de4a894ddae242c7ce7d608a3bdf4eb31e2ef6730ee35b42ad4d18,1677
612fc69a06a29a7e40a2b905d5f84dfed95cb1ab53e190a70782522b42e972e7,1678
0844c90224155cd949219fef8346e07859bc1b40f7922af491cf84395260e277,1679
40e92d7eaf96ec1afd64ff55b2405b7f3f0d4c40c4650edd4a4b9b8dc849b583,1680
6c7b672a6dda6035998774f6b4cf8208d13d0183784a94ef8b115204c5289f4a,1681
a89ae730203696b7bff7f5b0d6a8b99ccef671426ef766df981ab7da4148cd84,1682
cf59e9ec7dee8d842fd9fdf7ead9d44de1910466a805664c688b335d1adfdfd2,1683
85cc5d95803b7910796205dba0f3d3c08648d9a55230c0b1177f8c758c38104a,1684
e940b13ab271e24e6a733c10ec6535f408e1ea36550d5c2d070ea50034d9fc36,1685
bce9b528ca28011d8c7af02e964a808c2684dbc794686fb96d3c28212f3b0694,1686
b0cb9352a342a49c8ce03557cd40314c3edeafcfbe97c9fe48ba01f9efad161c,1687
0935b088b944f1be52d61e2ce234070cd78b203abccfa6e7ba8b1884394ef692,1688
e29bf86e95da430d168ded283edb27dc4a3a50b83a15bf876ff26697b56e6a3e,1689
6c6eb2c149fafaf872f044161b1b0f5f9dc9f485c8b4f5c382ea47958d559ee0,1690
40372e5392c377c4108571d62ca87ae8ee3d1650ec0e5895a7daaca077744852,1691
25b3baa615a05b2a3e27e28c2ada58d9afcbe57c54da953bf8b41dc11e929dc9,1692
c2160a003a57aa1ddd4ba8d171dcc7b445e071a1c7fed13766e3766aa31f9b7c,1693
a49a1e03ebcb9c8588421153c87b2739b43baa8b06caedc6e45f4ccf2db3e63b,1694
115372beeb35c2bcce4ba9e140c18101918afddedcda4012860a760ec6925c6f,1695
79981199204775c3682c079538e40fb626196218d857c5ca086b6b9c195807bd,1696
705264c91b03384a3f3023448357c30bff7b6562494ca2900469fe472a81385e,1697
060491c0914bc260c415b9217a487e20f5606c3b5a439792f240ab39e10c1a6c,1698
124cbee48bfa0e884f472e7c14696755052b475a09bffd21f73325fb77a4dd23,1699
31bb168b05640617e3f85020e2a10d86dc094d9d71db71c4e8271cd7908d63f0,1700
2582f9b10ac9fe49bf26f6a85aa5894a9a531aac31696a802f78684def24b971,1701
cf6487ba9c0f3560a795e0e86d06d48c51d30051f1ff77ba7b811d2b0e9c61a8,1702
7f9c853a3bd3088b72794e6dec0aba01a26631e454477e983f1e5698ad148691,1703
890be9a59fb00a98b3b70bc04c6e85286b41b3d95eaa2cf4875291470867941b,1704
f3a47abf7bad142b37f76e606c3e90161aaf3a3c49b2ebb3595fe2c47cf2495b,1705
2c17843614ffc88c4c25c0d07964df17eb10eac7c3a4cfd644cc97369565564f,1706
b348c5039dc2b8b396cfe09b7ad551f93e55e998a2149d794e2f12a0b94b6932,1707
86dd361f8af20c691a5042fbcec349b3f2ecda60891e7e7be007b5f50825de70,1708
72b1405308f3205a070fdd74496cce503897b431e75324bded9db1ca912fa050,1709
9d9659bb1be30f010bd0f719d6087435d122263b82fc8332e418fa481f811c9e,1710
1d77d8c1c061a5258bf0d09e0aef9b8b253caafefe24519d022c34884d6d6136,1711
8997ae0d7623e4d3ccb7de935f408ad535885e41cd8cfc6b75a603f9c67d52ff,1712
f242fd642ceb87337a61fedd1e16b7f413883e4ab4664ed57b0ccbd971ceb2be,1713
cf45cb448cba5c1da72045b2273cb1d51929997952fd40defa556c86773b2a29,1714
71817bebec74d849ffa3f85f788260160ee6b84f10c04fa6e8fec2b4e5583e0d,1715
cdb6e7e0743e233ee656fc718e0b4390b0b71631116bba174d1fb3415b2c630d,1716
e986e8c93f7f857ca7edd2593370ca79b4097f2ddd845054ed4b33ac6e075350,1717
c5829c7f7ff781e3e298d54ea549ea3e09d85abad46497f0a69e83d902c3aa46,1718
3fb1fa03eac5363cbe0d7b7b57605af1bf9da6297886459bb8727aeccec27120,1719
c4f6abbe4a3e0adbe9c29a9142f64a53753bf1019ad566ff39b43f02f368e906,1720
15b55813e8f52363ab0ce002f8e74c164b1c6a78e5811faded3a09a20095310c,1721
2a141ed1639d562615d3a3a57ae29200a78d2fb42a42009a6c33648bd0549a44,1722
0f773c490faa7e1af89fbdae6765c4a658cd2233b1f831f0eac483bcf2bc2be0,1723
2a1b9a15dad8b8c9c0f896acb12454fb449e109fde01d3c01e525af91a253b67,1724
8310a8133deae4851d065f691c56f9db621b0cba62c72a4fbdf0cc0de699aed9,1725
6d3dd0f02cb8165153cac30a9ac8671149d3c2b33112369a43eec1f8735c771b,1726
c7459827fbf35c8a52bf3991e920d6aed859b9cf8bfe2f58824aaa304faf3cf1,1727
861a4fdd4209f170efee9f01f98775fba650e8edbfa038aac5233f3900df52da,1728
16a7f3372becab64f9fb2307492547aac24cdb3361677071cd2d80d336d7553e,1729
b2e23e02393a666024bba8f8298e7bc0056c18fa6751dd66cbb621d2a3a3b376,1730
ba68e89904c0e09c82b4a4253ab294079889bb8d690faa8a48a53add5b2f5a19,1731
ddb5f6634a43ab62b105dccef197ce3aa8e4bb7f4196de8950a156f382c5cb42,1732
0082931e2754ab7497ac0de67d111eec0729dde3980440b0a76f9d46f0105c8d,1733
ab571245cfadf69ea2da24a112ac914c3123ef265c0b4903f82adfe1d88f3d6e,1734
2cba35e7081b154f94d186ea616be30f7b7f691da559689c3d3059e9d5ee769a,1735
872678855f6a00f92399eec4da46429ac0aac83b2b168b957167942ccc06c20f,1736
bb4fca48be7d063f9ff188b7ef11bd0cac664b171d44e226f6a98c424249a306,1737
a39ebf2b054a9e591c4d82b16a9e836801f6ac90bb4aac5dc11afab1d2a4d12c,1738
c8a1508411b3edf07e5eef9ac38d16ee186e9b724e72de8bbdf2d31ce05b5a40,1739
38059a93a8eaea950fed69c349a0d2c529b30bf9451871dd2fde35779ebee485,1740
c93ff4d900a46d910dfbd6b44f69b4b04c3dd83f55cdc537abaf7249b65df90d,1741
59d6dac8df8133e3969dce3a9a0e49ede2838daf90716f8c0061ae3d8e56f311,1742
6ab127ff6f0d5dfc1d7cf66491757bc6e7c6e55e64297fbb04db727922127179,1743
cebc7b2c792cc7496e15228e453ebd49f089fdadf4c20a38d8fcb0dc83a5bd34,1744
86385a1d7a74c6d0bbe70f40ce369071c94bdd37014031b8fdd527ff1c39b5a8,1745
15d7be7cf56b9b652a941135ffbd5f4a0b9be32b04bf630ce28f100efab493b4,1746
691c6fa77a075ad05804536f03ad33fb60fa47cd395eece0dce26e305e89c8f5,1747
75e004c9544494ebf9ec73a09cd967056251f6178aa93bf7d464bd5db2506234,1748
9cde01bac8a1db140a5d6abe9e096aa852792a7a064256542c63e4f6cc32655e,1749
31cf3f747d2ef69fb603d1ad2f392218b0d371dae04c65244d3babaa4fae7fbf,1750
9b53890db9387e2cbf3c49d7dbaf0e3aa4c218b9fe9378edb29d39bcd5f22ab6,1751
9e4413b0a1dbdb4b0a7ec95ab982e484e2919d266349e951df2dfc0491a49129,1752
fb477a15fc051f55175e1420cd49215f55bf7deab0fca47f838361825221043e,1753
7f3dafb4b88ac24416af87d13ee5f0c49e154418a5c74ed9179c6b39c5322df3,1754
0b3775a3277bbea736d8163d6726450cd0d106d67f8f38def7e5b5c8b5111e9e,1755
81fe2ce1c84dd986f051564b3a7bdb828a1b8f2444aeee93799c9c32ae010252,1756
dfde95bae6f915cdcc26678b729bdeb4d32b1d0a0bbd44f335bd00c779c63c1e,1757
7ec524df9f2a1e071b4f94ced4d9b993100aa8e5ee63b924051c83a4ded66a0e,1758
ad6d97ca940b42d4d28f2cdf047173eb8c6e100b03a2dbbca725aef44645f713,1759
9d5a8e6f1b465b83c22137c73e47168d6e1194875ea23db141f8f7cb9d20c16c,1760
d7671329e28e9d96ff263de7b2827fdd0e4b7d016270692187b31cddcfc9850e,1761
b7e88f7dbce70e8f01d7b5d5d0cb8a036a8d708a970ea914f2ef69fe08b8da0f,1762
c1ac36b4e7e8ab4556782dddb3313e33b4c4441ba13546b8d142da931e42845a,1763
1aa461d3379b734774cde94ca7999e0b7ef7a064abddedf5f826e7642c519afa,1764
f10ef30127dac7d519b6310c10e87f30414ca5e2f7764506ce2f2904947da902,1765
b539f39ca0250177aac4c6f85db8d28679ac36fb5a5b035264d8063d1ead5a08,1766
669201ca4eb0bcfa349f455db69b1da661bfce2e8bb6bb21b0d3b4e64720e23a,1767
d22cbb554842b272c6dbc539a18d5b29fc3977ea6c3cf5e939fc00f086192c88,1768
6324e911e350f69e2407748d4a18be4b04efb6a8311c6dceb1bb716e3617de25,1769
6e513ab15c92bdbefe8a32d11c803ae52e62e6ebcedd34491e773b44b3702eb6,1770
e79e23e6041012ab842f2e298432a4d798277d6e21d1883187ea642a1dd2c867,1771
ebd3140b90b9f223d5086a17f060eba446a011c80d9d24bb00672fe2e2a3309e,1772
cad9c7d6b7667b2f5ac5e09c4b8ff78926d084d4f019846439b7d48754bdc0ce,1773
ac71cfb8f0227f19cf99a477647138255768d4a13cc39d1b5af20ca2c1bcaefb,1774
6920775aada8841bde12e4d57c75323fc2992ad56e31b45171f28642bb72e09c,1775
4c45f2de1ab83f5a48128ebc40a791d1d26d9ac851e12b54b5bfb90ccc7be18d,1776
ddd5d79f0103901ca876f0cbe545652b4a9a77f9002009e12607f6286e04f189,1777
ac0d75bda417b9ba276f1b246a56bee1a4d8ec4b3f7707a4162be40766dbd554,1778
759042e9968b701e435271108cab7d24dc3f0b44bc444ba90c038038f087bdec,1779
bab1ba41e03fdcc03488b577307794d54ce9035d4e540d69791b7c30a767ee9e,1780
62f8123f7b664d55edf3455445dcf64489cdeb6d20415c5929f9df542ce249f3,1781
aea319922cc2da2f17772bf22fd2bfe51d3ce830aaa440910b82bc209bf597eb,1782
97a2ef16f9c59a7734be8c3e731cb6522c5a48508d73403389b36e27644bc78a,1783
a0b5ccb0bcb41115a6f2817e8f3a72782f184dfc9de6a0e58972bf72ba4f168b,1784
17d86e0b19a0feba95224be5904e7e741a2599aff8a5003d7248be0e62726703,1785
dbc167329ad113ecf001300c5a1c07e13460e3928cf623146476484853aff397,1786
55a6889f0e23590aa51a3f2f55bb4cff6f126e19bf1aef7f67286ced03a37d9f,1787
365de3cc724f1d23bf77518c42d79f20f472ee2505eb0d15df71a16d8f30768d,1788
8d86f5d1972da8139c0f51fe73e9068678d916eb96e03e90c708b37e3de1103c,1789
f66a4e42d054ec88678b88fb2abb52e130bdad1230461c528f0546245cb7fb2b,1790
cf9263ba12f6bfd4667da504652f91433928cd279f962ea674f44f304089b1b4,1791
baec2c962ed305f27d2298cc16281141294be691fb9fa0ee4e172ff45b774cfb,1792
3c003e4a3725d3c24620385c5851f25fe5fbdbdd1c77b53350ee8b20268c75b2,1793
5207c45302f1dd447da22574cb8a8a9b08dee6977152c12e546fecd8053f0c13,1794
6e3c4e785f1c339a3d6abe857cba1c7aa5dc5d52fe2e8ead8419c26f24d70597,1795
9a68528387498533d289c230e94858b76c0cfc7bb2c6ffd1ecae1095ebc1d933,1796
d138eff18b1f1f257ee7ae8ca3bd1e684e3af896f9cd3edc56d93f75c10ba105,1797
7287c54a6779101e08d40f79ed9c255aa8a9ed24a0455c23482ba8680897e20a,1798
a88056ca17d64e639c054afd10ef9e28eb4d550dec8a721867f59e39796c7359,1799
f569f0a0202e62d79971d80c0bd393bd94d4d49c19fa6b3006a6e552e27dbd08,1800
c1ee07531e198b8f8f6151c3f00c8bfdcb640533f571882e29a4d652890fe137,1801
519fc692e61b990039351b2660be7e11f66d64c22e7490a8128087a8840919be,1802
ce9dd94a5f6795b2dee74b7b19dc53d5d5844717b8e0e63040b921fbb15f8559,1803
6e1b112e2b111c62d2b8d1713a40f468c78b18d1622c2fdeec685bdce9ffa74d,1804
1617b643c838f4813a9f4460b32db2848aa9ec81c84076ffe292bc819a99d171,1805
ca8d5eb8748e32fe258ce95d9cfc9cbce6f72167445f4921be4a443bb48b8114,1806
05592b3a052015713ddd4a88a4065c713e98147d44902f3aabd67658e9c184e6,1807
57996633358923527e79c8aa7808f83be34abac8c902a5b24bb9a1d34d72b348,1808
3edd6ab5049005355942d588a9bcedf51d43b6d9b011ee46d9a6223670ec5ae8,1809
8516378dc436d6e0689505aceb6e5a2c5d568f82fde0d6e401527e1d0fb5ab54,1810
dfdef93fe78b312ea2f761cf839f10b0f614db8f97880740b83d49a1a411c0fa,1811
8b5a405b5cc689bafead6e1dca81fc5a06db321a3a8718d96a5c5c77915239dc,1812
91455097ca15906cbf9e7071c1c73dd78543a103676bc1b864a56cef348a8368,1813
81b789a6bb28893560efb592ed6c1b11360aa74c412141be4b2868aaca97f5d3,1814
2c8d9cda329252fa480e26248301d1b5d62566ce141219f03bc8bef08b312354,1815
03ddcc6fb613036a5738b77ad5d084b89642eb47ffaf653acacec7ab8fbd2481,1816
fe2b275ad813a83c24110776e34694156ff14f2724988b85d30b9f0b07533be4,1817
b4590e96871e15b2c3b9097f2e6c522339f5b9546cf45f4fb0d5b281c6cd52b0,1818
ec2e0451f4fcee59171f7f997f5b9e8514c8821c9f113597eb18a0cfdfd1cc2b,1819
6f425746df8a04f47af000d13d5baf33af82162150b7ed43b715e1a496fd948f,1820
6f73cb73a3b2e61ae2698a0de76902308b86835851fb5645088b6e4e9d740a64,1821
551854160f0625b3392bac9eb03c22746ff2779bdfd4d07ed2ebd742f5e87abc,1822
6d07c31041ce01d1bda6ffea56d8f40f3a51eafef4ebb788f6f445ca1b66ed67,1823
8739b55e02a7af0b48e800bdb9db1a54f972becef75dc38469f566744b0eadb2,1824
24a375ab2ec62f8ab6bc8bd2cc8656f463b4ffab10c895733750a24c6dfd9d5d,1825
71a552a6858c32d6a41073a956b10ad6bb74fafd44934e925a8c9fe5bce25732,1826
c56d086cf977ff8bfff5fe184c1f3637cce5119084ab51ccc409e397682cf14b,1827
7edf6e71862718f1d3a5a9e169a451939cb26af2dc41e440156899acea9f33fb,1828
d52f43f2a43567bbb12176a1d0f91d566c1c9d4d145d418347bb470a79a2e5ee,1829
e278ee070d85e8313ae42e980810a0b6dd577b0b1bd53ac08ec13d4d30a610ab,1830
6a020f38f26dc66c4a05a929f7010cc21c45632d0c94f5d1352316cf0737f885,1831
b71facce7761a6b884f67f175ff253e6dff00828e9e02fe64a231d22e3023efc,1832
45864d8ed2f9320a9c99fe37b1d62e0a1b6a1e003a88172460ebb7ffe79f65b2,1833
fa468b6480bdb806dcf3612cb0fc9be33fbff5f8b5fa8e1a391b6e2fad43fd6e,1834
ce340a48f738e6b5ca2de95ce821afbb5612071a95fd24327ce15f8b5edd80ce,1835
6ea0c9e8d782851860232b307cf5b7132e6fd2b61e63a890f3a24fa2f7192390,1836
b0342bfbee4d64928efe2bec054d53eae764aaa1dbdc36e6c305b64912193566,1837
70e1d381c478ff76d3cd1639eda86a1d8b3e5c51f88e98a0b8730812cbc7da50,1838
c476aa9d7bfc4b3b9eaeaabc532be6d5280236212071a18198cae32ea3d7cce9,1839
69bcd13b41b89d435524da2f0e0e190dc7030ce4ec22595ce3b202e139b7b326,1840
f147cdd879af40db2dedadcffde7b7fe335586ca7af390cd91c5ca4508ffa9a7,1841
d2791f478ca60ddbd20a64fdca8da0a75cd177045df0babdfb5905ff3d53b7e9,1842
5b9db839043ed5e3488dfbd9b9692b1280451b85b2df50d2398a2458a242e3e1,1843
c8f9cbe8562e5d07a98e7e402e1db12c67aa45c6b5df336008fe74296fa6bf98,1844
7e590674673169d338882234e5577b8a30dfd0217731199c4d201e8eb0417b85,1845
08d18fcef690a2c00ee97012ab043b6b5700ed5c0ccae9879f09fc03a449ff44,1846
1d0bc5be3aae4ef136a23207402c8cf6f48fe461becd0165c6b5e7a4779554bc,1847
3e8a73addeaee0b510a676722f77e6556fd81336b4e7d23debcc2367cc0a5e75,1848
3b28dbfbc3c95053e2e1252f98abe5b031f6e4f339d88541869d8e72360934cd,1849
f67206be81ff51a2dfb63b1fc27a689ac6a14c96b12813386370e9b274ef89a3,1850
9db33c54ce503b8898d5dd6e5c32852151af0616def8697b2a87e93dada467dc,1851
2f30368d1b472d93a87f88ca1dd1dd486775aa34d7f5f33d2f9d258d12cdebd9,1852
c939ffbcca03f13860b5f0f8b07065a68754af0ae914fe1b43693b2192dd1729,1853
f7330da60e32626991e2631f8924266ea2eb75d3321d0b946777fc2dd7ab73f1,1854
1ca2b5d2a97f5089b2f25da5f4e15c40d7e3222d2decd8cb2ebc6e9ee07a8679,1855
e545f114e33b693b3c5766821252e8a22212d9083cfbaa308694fff3e989d450,1856
8287202e07a3a82728e98ef1bf7b3c03f19168e981db6b520413f486dd0affc3,1857
3ba9a54a464e04b8f72006519bbd44bf593cb3456514a4850a31c78990cd9ac2,1858
2a5bc513a10888fc128f308729a4f814f7a9c11d94cc5e4c3e0a8efd01d33b15,1859
556c87c91ded6324534a5eccb0639d7c239467d8f4f7753b1f4adb59de63dc26,1860
ddceb9c99d29eb2ec2874b961aa686aa0ee373b46f0e42ad43133bd5f8aaef28,1861
c5f78386a90927bc895844b64b8e0ae4246fdb2d105ab6e655d334d468813486,1862
9bad6846f6af8ee3217a9f4f61f9028805b6115c087775e28e0e71917b5f1262,1863
c895043f36487d027b98be29954a108294b84f229a936715d6ef70e019914da5,1864
ed2fb522d0ada0ec7aec305f19efe4e0c98db315319a6f279fcfa32d51fc29a1,1865
8b7753686840ff2eadc548dc1c07a941ea7a9f49444ed9a6b36fd6f42943615b,1866
5a3776e6af32d6cde1c98a4311360a2722d1d145c48e838c16ec039b83bb88cf,1867
899cf13cf864f3c6b7df5fbc641c20234b6ac9d1dfec0a4b73e371ed942a472b,1868
c717997c629f21ac2a7a47ff1c11fe02a851cbdbe7abee5bec76a6d0d2f52338,1869
b2782e308d06988be8a0b587cc8f00018c315a95d1a017a5c38efb3df28c6ca5,1870
29e2d0ce01140ba116bd812d7961d32bf5b076a092f71d160f13bc9c344d35a8,1871
d82185d15205898106ed37ee1fc0ce23a16430105437965598feda02de619336,1872
02b2f0692ce898cc6f88b15a55fd2d38f78af2f9d13d08c8aeae5eac92e008d7,1873
b740d1c89b3a8049fd5523a2f8701d2d9aec49e3c5948d58b8fa6f94438fb898,1874
bb6b3523e4a703143689da9cf182ab9a4aa8c61d5fccf7132c1e3cd610ef6733,1875
cc7d1311b5ea46e8b232e9f174c98a1ea2bc343fd9f02bd31a00d9d16eb8952d,1876
59a5dacc0efdfc720614ea577f2f176c7690cbd32db10c8dfc83dc61ab5d7bb4,1877
2911fba7ad35a03db6cedce2b04899f18ab7c24cfd7cf767a60473eb351eb014,1878
3419e94d116ea86f5d772961a129134a6c5cc70115df962fce577621ea718508,1879
8b9676821fcf88ba778c0f1ef24a8f602a20d7ba0360898244c36777f174a1da,1880
8a0414eeac18d8cbbcc11a621ca7497023e904d514bacd287f0148687cb8b3f5,1881
47de4d670f77cd3e2c80e565c6f92ecc102c179aa78d5a2c4b4488b2cbb1f43b,1882
57a04641eeb588768e807f3412507e7aa046855d3bc0fab81a722241ad4363b3,1883
a62fb384635cc9d3351623b45b0dffb394af772a6660bd2520c55e1fda0026d3,1884
d88bc12f8e06b12c29f6a5bf3655e0b50b1d89a14fff132a0dc347877254b9d5,1885
32dc89ac7268b428c6a825d2d3fb50bc8209bb4a7ea5dfb9f92070a95302ebac,1886
0478de6ad70703da081e92ce3bedfe15ab284da53a818d1b84674de7d66aee13,1887
db83fa1b76e91ca3c6125ade3eadee71e3dd6cef251e7421f1d211aff163e981,1888
9afc7ae8ee7ece4965c5a2a863412328e854b46c2cf683c25b81708549418fdf,1889
df52b9bd8163bacdfb7965ac1bb1fe823ecf641c0ae746ce17e8e626b7b2a306,1890
10c73898fb5225d2e62533112c425b4d89e7945be20b3a4238b3fa943265af8d,1891
599535e83f9f0c0791cc94ea3bb208f654a120d05a2c56b3b84c0be08525dbcf,1892
8acfbcbbbb1632dbd21b0977d69fca7d86df16995de9eb8b94557bbddf29e30a,1893
74c54ce71311b88abd6bfe6a0f827cbb6e2d16e2a7ecebbbcce2ae6eee10f75c,1894
2251d7948e49c9a2ac44dfcef9a756ed68c85f58c6edc0d9a6183ff6293c34d1,1895
b43c66892336d9d0f6411c3dbfe40616e8fae98ed1e4a601c5b20f531aeba5e0,1896
42c44bc81ecae59ff2ac179faa639519c19bf1f40b8903fb600edc1cec0def1b,1897
c6ac047ab6af2c6bd499bc1eff6c0b182293245239428a642bec3360f8161237,1898
a0be1a1de0411eddd25f8a633d848527ee787b469df9991d2c206d90ad9766cc,1899
bd6f729993144a0067e93a006b91b20fcaad81c430016f9831dd4553d07e7882,1900
561a32405d8d2b5e5955297d11f6b80340414b2c268be723999f97277fe7582e,1901
c32316ae6a6ff1e4178fc3ffd9767dfed7f584726353aa2bba92163c80aecef4,1902
7ff37ebfe71a3deabcdc3a48a3eafc65c1579e8f6081e94f491ddad95ecfd23c,1903
8ee29f8fa49c5c6185e3afd0b982ddd4d62a0b85300e15cf523262d19091d669,1904
2fc146c6e2d15f8387d90100a4aca0a77d9e0b966531822a6f5909fcfdee0d04,1905
5da0e832608f8f4844f16a012ec106305a333c6d98ae8fdab1dda04a68a012ce,1906
3e3134e64ccf38a3c6f3aeeb6c810da55b878d25ddb28a0e6e498479734a7ced,1907
1eaadca48594f41a6c2a69ccb7dbb316fe44d98f1c7103424d99992dc5e56e38,1908
fa026cc1b4b5bf189562b61055b694945eaae4cb3feddbbfd55800a6bb157e73,1909
21d84c17a524d80d021cf3765e9f5beafaccfec2aa4b6cfc2432751ba84c6db9,1910
5e18f8fec90a4c6e95c5b2dcfa02f0516fb8b9273a0276d03a801cd4ea6e00dc,1911
f9dff27f3b224f0c19c42ba1e88e4d327d04efb7ac4b7f86ff30fc5535860347,1912
c770caf7ca4d1327740b0c2200774aade1296a41e581e4b0b23541d97b1366d8,1913
8caf49114da1e59cef9e974873bc98c98b3d45ed785eefd35c83882beec0436d,1914
6052db790809a5cad0ae9b098247c27b94024f831a79b3e0ea4684696c0cd9e2,1915
a59690ddcf2fe4c0c5848e320806b5ed376e040424ec1adf270a8060ddb9e070,1916
94b9239ec363df8e538b5cb3e5e0e224158087ddf21c43f7f8c31c6741c80bd8,1917
e7877c7e616181c3f6f2ca844ff5b2b30574e5422ad1f9c42ab5a3904b50a278,1918
7cd99bb5757a46d38cc29603ee0d7e954fc08011692d8a6a7ed1e575ed630c84,1919
704996d2d316913150d6529ee023fc3aa7a935cc15177384c19a7b0d76018b12,1920
ff53c8e3659e0303026efa8dc3e5efccd27cf9b2d760c2dcd6eda6cdedbb7ee7,1921
9069a695f6bbd1039b15db7561c7925dfc18218155ef53cdde7f323afcdaf121,1922
09935d39e3f8463f94f6f6cd837bf09656fa367543510d6ff270a8bd32a47127,1923
f66183a44765fe8c20df3594eaa70cf51bec663a6500c1889ba264891fd08b0a,1924
53a7e48afac6f9d324d7e032766d2341be990bb53f85484812d5b724fdaa861f,1925
45e55f0390c655b04828959f9c9a2c025e63264f84744ed2fb20cea0b16555ea,1926
0484e4445a0ab39105090fba849397f64fffde000f4994bd253fa26c806e0ae7,1927
eb9170d81e80ff32a2532572636e1c00eca6de052f0ddda42d3f439193ad09e7,1928
86fed525c3471a98cc4bfe69fcbaa15bf375852ed024f5e5d735f0436843ee6a,1929
b6c413b4f2f65343239cfd375518d4c37556aa47836480d3ecdcae1aa7303b62,1930
ec420640a2640e9eba22e1a6c3e59ebf4116318d4cd5614632f101f2c724457d,1931
761ecdfe259b6528a5ae746190ccb00c2ac44645289749632433e2e36cf00b8c,1932
678efef1e5eaf03c2114040ccaad466f7d428b81785b8fa5eebee5b54d259393,1933
1af8e8e84da1815dbfa379cd76b1536b4383dc5a4abff846af978927f50079b3,1934
d05d7356d2e6b299538b46f795a00fbf90d435c8da1e8bed0a0668c5d0584041,1935
03d1044c130dd8afbbbeacd19eab7126c15492643bd736b80e15c6f4c1061e64,1936
775d7893650935f8ae22f3ad5b35751196e7b31000a2ceba8bfec289f8535aa5,1937
5be335f51c50169233a2f974356e0a79b49c7b9241d14027a105d4a7e9a0e981,1938
3dd7e79901f87c496decf8092ad62362b5350194eacd581fb40aeefde8e042ff,1939
2c20630904c30bcee924f859d47bbd2fa6c7b2adb95b04cb3546c9d6cf7dc2aa,1940
163999331c8749243546abb3871590356426e77c5624d8fac95e58dd30efad5b,1941
0c5fa16e7dc83789ac745c035ddedc5e3d0099ea4f6ee6d3d3a02d5129a659f3,1942
ea8154c2739ce3b719fc0fa45a20d15c666b539ec2f8c02efa1836bda80282e2,1943
5cb407cbd97b14e23597bc53cfa77d91e8de1a5c73ecc553b635d76590bee042,1944
aa6025408e8a9ef15ba69b18ae314fc20f076eb9aff6301f3ba17aa82d9aa307,1945
5af37ebcad98d46235a7a13be923dbd2051a262764f9b85dd23e79f7486a5a5f,1946
7b901dbcbcc46df2ad28d0e95e82ecaad3540ce4538739c62905cf5a68328d04,1947
40a15de4ae7c28d4e52db94ac36443d9f57e00607565e9dba4608cbef6436c0b,1948
f53a24509af127791ea19d21b743998e1a2b3211e6f51c99bb319edb3fa9fa70,1949
bf07a6a970e3f80293ae223c9cb7ca0072a60b95f9ba890946a540eb01ea8366,1950
cab8a695a4f462d717f2f31672d98b5228d075a3ddbaa0e96534008f66b0cefb,1951
67b55ed7ac7ccd32e1e40bcb2c05465cb6b7ba081e2314a57e3dae54860e0aa7,1952
e820f240095879d592d338fae4f167527af90f63486b412ada22449137feef9e,1953
d3ee2112332e245056d6495c7755ad0f40acf6075326d4b1cc31c7fcb8c15119,1954
5cfe6bf25764563d9df827acc2c8419683d3a601433fd6f46ed3bcb80b0c4901,1955
2893930e6eb1ad88fe56341454ca87a4fd56421078af8c51e04a6084c1ea6199,1956
d64d9c61f1420800e2bec6023bf2ce94a3a0a18b42ba5081a6e9037769294592,1957
56ced28d1cff83d68e08ba58195680b19eba21386e840649b6fbc6d3e0a53b06,1958
8f6a79bdc419ac08ad921ff992360388c879ded174bcb03c7f3cd5f41db06699,1959
7aba141590d20b8e1649c85889940c1f8c148131f8fb4927048dde97cca3b1be,1960
83369b2e83fa06a537d725949bbcc11185e8c34efa843c625e611b666b3dc4ef,1961
b424aa97287c43f50c0265fe677d0ec14c97f0ce27db7f69c202faf2d7c03efc,1962
e9333214a0b5253b0a103347b432c790600db5e27219748cb003b78cc27d0923,1963
5c243da6373f9b93942245c2ab9af8327e70a623da7a43c8ea3a52313795fdf7,1964
0f33dc9064781ea71306c075b978d546272899c88777c68fc9c9d32f7db9d31b,1965
53ddcc44dc036ba055fe0888c733006f6fe2520aa7910b0283fd0e2e12dfc270,1966
5003d0c436f6aa7eb249e5f7d4734d12f8c7c5744659427db6f0e936c7a556c6,1967
dc43235c473861398c1c5c9f5102693ef229987bae22c93a2f7902dc7fd69ba2,1968
20e1d7232c2c8d9024dbd5885e56c9d0c569c691e4652893f5856eb5400e17a2,1969
dbe842b9fc288219c89dba266f4a12f2f3969ccb3d3a7e04363efc6f50216b09,1970
56c1d189326d50aa115cb7a876bdf8e2c9ee1f5e68b364bdc11a6b00ae327e34,1971
7aeef824717dc1051efdeed9c4e8b9eb5f92a77d85983123d2ae94f601f8ae92,1972
ffd77199ea2e152d74b6c21a5798733da22c6e801ae579fb4c4fd7b72352ac4a,1973
356f938eb941879b4216e36c1303ef238a91efa2dbf7c3d9983d33019c07c3f5,1974
1d4431c2f538ec84e773896387719a97bf429fcecb485120ef9f1ff055a8257a,1975
1efee64cc3f3062be17635770a9946b896b1591d38772a72703c3da9eb99f94e,1976
925917e9187639b8f80606488ea562092886223694c55d39e37880e374e86235,1977
5d80a89272d9ea7045f6898589161be5151e8cde0df63806d91f8b098dace656,1978
48db85d5ed1e39507756f115e862d9a75407d0bbedf9e6e681e3fd92cb6c4c65,1979
ba693dc4c3f699ecfe2dfefbd8444a3ca83a3a843b42cf5fd40356b0999ebc80,1980
15f0b903fcadee947fff4adceaf875502a957bef96ab069c5d086f185c8798ad,1981
8df235e5e5b07f849fb060f146a467ae284e8eedb4108211daab79c238f6f1c3,1982
03862c5a3227c64a890d228c7ef775e926970535525381a34bad953c0cd53427,1983
f5202294b3b968d40a613fd236b6fdc8ca9eda4a38c9b862aca37e71b2ffe78e,1984
b9eae8ed4dfde5b0fcdc4fc8c7889de1e37abee4a64bae0ce3c0a20beeef52cd,1985
829565f525a3d678f4b9fec99ca6b532d20c6b582cefe282f5e455cebde796b0,1986
98bf16296ad797c8788d8d74d5149a0dc4d4a25a3a6241372a51b58b84cccdf8,1987
a1499e9dfae3ccd8347aed14596d039076f53161ef6c5e66dc8f3143934d3f8c,1988
d7f4a884797b42c172a31bc032a63401c93ec7753138e4dba5d72660e34ed92f,1989
33ff2119b89b9ee7aa7c939996c1b8782f5ee2568d9aa4a0807298b048bd10e1,1990
f2d65418749fb5129644bedff843a60561ff127db068187802001c414010c6dd,1991
49996cef20f27ae407ed460905f3f3e1869d7fd4626084ee7487254e28f5724d,1992
523a76c33bc0f2860f196a40266111b9213fcc5ae438279c323a86a8bd7a2e79,1993
466989bab8f1dfc8d40c2dea78dd37c941828c2cade5b81e0a041d3b02b034d5,1994
0f2044af48a72f2225405e5125959769a1e1fa83f3f8a41ee7b42d68455ee82f,1995
11131f24f94010b38ea50f87702f6694e5ecd015a5d5189803e821ac26a541db,1996
b388c974d96bc88b0a54d5160d903461581902e20b2536b2121f4b641f91a33e,1997
628b591aa8f903a3d0d2a197f6491133429d57e31e23c82c91712b0d065cb332,1998
855a5a917661729ca57ca47e6c5ff86118a224c084df36558cb7ce77cc3916ff,1999
cdf88db2a66cb1463ae973f091fc17539108e749b1bb3a505dd82c863fcb8925,2000
